t,Fx_hat,Fy_hat,Fz_hat,tau_yaw_hat,tau_yaw_ema,force_mag,force_mag_ema,wz_obs,vx_cmd,vy_cmd,wz_cmd,compliance_mode
0.0,15.09910774230957,-7.375390529632568,-2.54140567779541,1.2254372835159302,1.1897780895233154,16.9952392578125,17.188142776489258,-0.0,-0.0,-0.0,-0.0,off
0.02,15.108510971069336,-7.363863468170166,-2.541731834411621,1.2133780717849731,1.1921380758285522,16.998645782470703,17.16918182373047,-0.0,-0.0,-0.0,-0.0,off
0.04,15.11710262298584,-7.3632941246032715,-2.541902542114258,1.2047044038772583,1.193394660949707,17.00606346130371,17.15285873413086,-0.0,-0.0,-0.0,-0.0,off
0.06,15.158819198608398,-7.394794940948486,-2.601034164428711,1.228230595588684,1.19687819480896,17.06570053100586,17.144140243530273,-0.0,-0.0,-0.0,-0.0,off
0.08,15.097545623779297,-7.3523759841918945,-2.5508527755737305,1.223225712776184,1.1995129585266113,16.985292434692383,17.12824821472168,-0.0,-0.0,-0.0,-0.0,off
0.1,15.108981132507324,-7.349048614501953,-2.540257453918457,1.2139114141464233,1.2009527683258057,16.992431640625,17.11465835571289,-0.0,-0.0,-0.0,-0.0,off
0.12,15.134547233581543,-7.356613636016846,-2.5715856552124023,1.2111361026763916,1.201971173286438,17.02313995361328,17.105501174926758,-0.0,-0.0,-0.0,-0.0,off
0.14,15.181899070739746,-7.370914936065674,-2.6140637397766113,1.2275583744049072,1.204529881477356,17.07787322998047,17.10272789001465,-0.0,-0.0,-0.0,-0.0,off
0.16,15.184597969055176,-7.372057914733887,-2.6391048431396484,1.236594319343567,1.2077362537384033,17.08461570739746,17.10090446472168,-0.0,-0.0,-0.0,-0.0,off
0.18,15.224617958068848,-7.383303165435791,-2.6524534225463867,1.2348971366882324,1.2104523181915283,17.12710189819336,17.103511810302734,-0.0,-0.0,-0.0,-0.0,off
0.2,15.203954696655273,-7.376196384429932,-2.605626106262207,1.2231510877609253,1.2117221355438232,17.098472595214844,17.103002548217773,-0.0,-0.0,-0.0,-0.0,off
0.22,15.231315612792969,-7.398372173309326,-2.6085338592529297,1.2259464263916016,1.2131445407867432,17.132814407348633,17.105981826782227,-0.0,-0.0,-0.0,-0.0,off
0.24,15.246476173400879,-7.422232151031494,-2.6495723724365234,1.2466784715652466,1.2164978981018066,17.16288948059082,17.11166763305664,-0.0,-0.0,-0.0,-0.0,off
0.26,15.255125045776367,-7.426755905151367,-2.6573328971862793,1.2682374715805054,1.2216718196868896,17.173728942871094,17.117870330810547,-0.0,-0.0,-0.0,-0.0,off
0.28,15.202316284179688,-7.393491744995117,-2.5936598777770996,1.2491344213485718,1.224418044090271,17.1026668548584,17.11634635925293,-0.0,-0.0,-0.0,-0.0,off
0.3,15.239330291748047,-7.412926197052002,-2.601466178894043,1.2497494220733643,1.2269511222839355,17.145153045654297,17.119226455688477,-0.0,-0.0,-0.0,-0.0,off
0.32,15.267228126525879,-7.423206806182861,-2.6441197395324707,1.2699483633041382,1.2312508821487427,17.180908203125,17.12539291381836,-0.0,-0.0,-0.0,-0.0,off
0.34,15.315939903259277,-7.4588212966918945,-2.719771385192871,1.2919825315475464,1.2373239994049072,17.251354217529297,17.137968063354492,-0.0,-0.0,-0.0,-0.0,off
0.36,15.259978294372559,-7.43966007232666,-2.6356420516967773,1.2917028665542603,1.2427618503570557,17.180282592773438,17.14219856262207,-0.0,-0.0,-0.0,-0.0,off
0.38,15.212523460388184,-7.402095317840576,-2.5946083068847656,1.2641099691390991,1.244896650314331,17.115602493286133,17.139537811279297,-0.0,-0.0,-0.0,-0.0,off
0.4,15.215434074401855,-7.382354259490967,-2.5691609382629395,1.2462598085403442,1.2450330257415771,17.10582160949707,17.136157989501953,-0.0,-0.0,-0.0,-0.0,off
0.42,15.252408027648926,-7.401242733001709,-2.624929428100586,1.2637708187103271,1.2469067573547363,17.15530776977539,17.138071060180664,-0.0,-0.0,-0.0,-0.0,off
0.44,15.2706298828125,-7.417166709899902,-2.6889233589172363,1.2866369485855103,1.2508797645568848,17.188274383544922,17.14307975769043,-0.0,-0.0,-0.0,-0.0,off
0.46,15.183673858642578,-7.3672919273376465,-2.614224433898926,1.2730907201766968,1.253100872039795,17.077913284301758,17.13656234741211,-0.0,-0.0,-0.0,-0.0,off
0.48,15.151680946350098,-7.3433613777160645,-2.5571236610412598,1.2448722124099731,1.2522780895233154,17.030481338500977,17.125944137573242,-0.0,-0.0,-0.0,-0.0,off
0.5,15.232468605041504,-7.383918285369873,-2.599461555480957,1.2492278814315796,1.251973032951355,17.126224517822266,17.1259708404541,-0.0,-0.0,-0.0,-0.0,off
0.52,15.296693801879883,-7.4242167472839355,-2.6851019859313965,1.276767611503601,1.2544524669647217,17.213878631591797,17.134750366210938,-0.0,-0.0,-0.0,-0.0,off
0.54,15.303424835205078,-7.4082722663879395,-2.692826747894287,1.280414342880249,1.2570486068725586,17.214197158813477,17.142684936523438,-0.0,-0.0,-0.0,-0.0,off
0.56,15.270915031433105,-7.380283832550049,-2.6565256118774414,1.2617015838623047,1.2575138807296753,17.1676025390625,17.145172119140625,-0.0,-0.0,-0.0,-0.0,off
0.58,15.310101509094238,-7.3982062339782715,-2.6646199226379395,1.239527940750122,1.255715250968933,17.211416244506836,17.151792526245117,-0.0,-0.0,-0.0,-0.0,off
0.6,15.332931518554688,-7.4203782081604,-2.700963020324707,1.2464089393615723,1.2547845840454102,17.246912002563477,17.16129493713379,-0.0,-0.0,-0.0,-0.0,off
0.62,15.24866771697998,-7.392513275146484,-2.676095485687256,1.2628241777420044,1.2555885314941406,17.156124114990234,17.16077423095703,-0.0,-0.0,-0.0,-0.0,off
0.64,15.228647232055664,-7.372413158416748,-2.6208972930908203,1.2575265169143677,1.2557823657989502,17.121135711669922,17.156808853149414,-0.0,-0.0,-0.0,-0.0,off
0.66,15.174769401550293,-7.34055757522583,-2.5665817260742188,1.244316577911377,1.2546356916427612,17.051239013671875,17.146240234375,-0.0,-0.0,-0.0,-0.0,off
0.68,15.162314414978027,-7.331550121307373,-2.571563243865967,1.2428553104400635,1.2534576654434204,17.037029266357422,17.135313034057617,-0.0,-0.0,-0.0,-0.0,off
0.7000000000000001,15.187418937683105,-7.354413032531738,-2.6176629066467285,1.2549972534179688,1.2536115646362305,17.07621955871582,17.12940216064453,-0.0,-0.0,-0.0,-0.0,off
0.72,15.18264102935791,-7.344383239746094,-2.583303451538086,1.2496896982192993,1.2532193660736084,17.062414169311523,17.122699737548828,-0.0,0.0,-0.0,-0.0,off
0.74,15.159588813781738,-7.31794548034668,-2.563775062561035,1.2446705102920532,1.2523643970489502,17.027576446533203,17.113178253173828,-0.0,0.0,-0.0,-0.0,off
0.76,15.150935173034668,-7.30228853225708,-2.531012535095215,1.2363322973251343,1.2507611513137817,17.008241653442383,17.10266876220703,-0.0,0.0,-0.0,-0.0,off
0.78,15.164398193359375,-7.310082912445068,-2.540628433227539,1.2372071743011475,1.2494057416915894,17.025012969970703,17.094892501831055,-0.0,-0.0,-0.0,-0.0,off
0.8,15.174381256103516,-7.320712089538574,-2.5839242935180664,1.2614620923995972,1.2506113052368164,17.044979095458984,17.08989906311035,-0.0,-0.0,-0.0,-0.0,off
0.8200000000000001,15.1544771194458,-7.2892327308654785,-2.5062255859375,1.2414125204086304,1.249691367149353,17.002124786376953,17.081100463867188,-0.0,-0.0,-0.0,-0.0,off
0.84,15.073417663574219,-7.258903980255127,-2.445500373840332,1.2183187007904053,1.2465541362762451,16.907987594604492,17.06374740600586,-0.0,-0.0,-0.0,-0.0,off
0.86,15.147137641906738,-7.290477275848389,-2.489696979522705,1.213401198387146,1.2432388067245483,16.993688583374023,17.056724548339844,-0.0,-0.0,-0.0,-0.0,off
0.88,15.101058006286621,-7.2766032218933105,-2.46713924407959,1.221049427986145,1.2410197257995605,16.94336700439453,17.045368194580078,-0.0,-0.0,-0.0,-0.0,off
0.9,15.137301445007324,-7.284659385681152,-2.4981026649475098,1.2355852127075195,1.2404762506484985,16.983659744262695,17.039186477661133,-0.0,-0.0,-0.0,-0.0,off
0.92,15.088828086853027,-7.2507123947143555,-2.432234764099121,1.2284672260284424,1.239275336265564,16.916303634643555,17.02686882019043,-0.0,0.0,-0.0,-0.0,off
0.9400000000000001,15.05727767944336,-7.24098539352417,-2.415794849395752,1.2157411575317383,1.2369219064712524,16.881633758544922,17.012313842773438,-0.0,-0.0,-0.0,-0.0,off
0.96,15.078071594238281,-7.256631374359131,-2.434298038482666,1.2067700624465942,1.233906626701355,16.9095458984375,17.00201988220215,0.0,-0.0,-0.0,0.0,off
0.98,15.028803825378418,-7.246261119842529,-2.4265336990356445,1.2157397270202637,1.232089877128601,16.860050201416016,16.987810134887695,-0.0,-0.0,-0.0,-0.0,off
1.0,15.05049991607666,-7.229984760284424,-2.420198917388916,1.218288779258728,1.2307097911834717,16.871501922607422,16.97616195678711,-0.0,-0.0,-0.0,-0.0,off
1.02,15.079936027526855,-7.239150524139404,-2.4208340644836426,1.2242292165756226,1.2300617694854736,16.90178108215332,16.968708038330078,-0.0,-0.0,-0.0,-0.0,off
1.04,15.141155242919922,-7.2759222984313965,-2.4694323539733887,1.2190262079238892,1.2289581298828125,16.979154586791992,16.969751358032227,-0.0,-0.0,-0.0,-0.0,off
1.06,15.127739906311035,-7.272622585296631,-2.457582473754883,1.2199370861053467,1.2280559539794922,16.96405792236328,16.96917724609375,-0.0,0.0,-0.0,-0.0,off
1.08,15.156185150146484,-7.279231071472168,-2.4861769676208496,1.225136637687683,1.2277640104293823,16.996417999267578,16.971900939941406,-0.0,-0.0,-0.0,-0.0,off
1.1,15.11510944366455,-7.252127170562744,-2.4366893768310547,1.2227816581726074,1.2272658348083496,16.940996170043945,16.968801498413086,-0.0,-0.0,-0.0,-0.0,off
1.12,15.10293197631836,-7.253705978393555,-2.4414920806884766,1.2159173488616943,1.2261309623718262,16.931499481201172,16.96506690979004,-0.0,0.0,-0.0,-0.0,off
1.1400000000000001,15.11732006072998,-7.277462959289551,-2.4510130882263184,1.229211449623108,1.2264389991760254,16.95589256286621,16.964147567749023,-0.0,-0.0,-0.0,-0.0,off
1.16,15.174930572509766,-7.307351589202881,-2.492208957672119,1.2530447244644165,1.2290995121002197,17.02606964111328,16.970338821411133,-0.0,0.0,-0.0,-0.0,off
1.18,15.109261512756348,-7.26921272277832,-2.415210247039795,1.2391952276229858,1.2301089763641357,16.940025329589844,16.96729850769043,-0.0,-0.0,-0.0,-0.0,off
1.2,15.121691703796387,-7.265622615814209,-2.4248204231262207,1.2349499464035034,1.2305930852890015,16.950946807861328,16.96565818786621,-0.0,-0.0,-0.0,-0.0,off
1.22,15.11560344696045,-7.267996788024902,-2.4528937339782715,1.23203706741333,1.2307374477386475,16.950572967529297,16.964149475097656,-0.0,-0.0,-0.0,-0.0,off
1.24,15.111244201660156,-7.274723052978516,-2.4504613876342773,1.2398725748062134,1.2316508293151855,16.949220657348633,16.962656021118164,-0.0,0.0,-0.0,-0.0,off
1.26,15.111756324768066,-7.265218257904053,-2.462979793548584,1.249717116355896,1.2334574460983276,16.94741439819336,16.961130142211914,-0.0,-0.0,-0.0,-0.0,off
1.28,15.067460060119629,-7.248668193817139,-2.4160046577453613,1.237770676612854,1.2338887453079224,16.894041061401367,16.954418182373047,-0.0,-0.0,-0.0,-0.0,off
1.3,15.082708358764648,-7.271454334259033,-2.447997570037842,1.2272462844848633,1.2332245111465454,16.922021865844727,16.9511775970459,-0.0,-0.0,-0.0,-0.0,off
1.32,15.05723762512207,-7.254756450653076,-2.4226603507995605,1.220766305923462,1.2319786548614502,16.888492584228516,16.944908142089844,-0.0,-0.0,-0.0,-0.0,off
1.34,15.059672355651855,-7.252911567687988,-2.4359560012817383,1.231884241104126,1.2319691181182861,16.891782760620117,16.939594268798828,-0.0,-0.0,-0.0,-0.0,off
1.36,15.097274780273438,-7.280446529388428,-2.4644761085510254,1.2378363609313965,1.2325557470321655,16.941259384155273,16.939760208129883,-0.0,-0.0,-0.0,-0.0,off
1.3800000000000001,15.095636367797852,-7.284363269805908,-2.460308074951172,1.223023772239685,1.2316025495529175,16.940876007080078,16.939870834350586,-0.0,-0.0,-0.0,-0.0,off
1.4000000000000001,15.102266311645508,-7.279848098754883,-2.4279699325561523,1.2151943445205688,1.2299617528915405,16.9401798248291,16.939897537231445,-0.0,-0.0,-0.0,-0.0,off
1.42,15.102511405944824,-7.293362617492676,-2.4271812438964844,1.2222403287887573,1.2291896343231201,16.946096420288086,16.940515518188477,0.0,0.0,-0.0,0.0,off
1.44,15.138740539550781,-7.298778057098389,-2.4749255180358887,1.2341707944869995,1.2296876907348633,16.98760986328125,16.945222854614258,-0.0,-0.0,-0.0,-0.0,off
1.46,15.094573020935059,-7.2688188552856445,-2.4231319427490234,1.2230304479599,1.2290219068527222,16.927888870239258,16.9434871673584,-0.0,-0.0,-0.0,-0.0,off
1.48,15.074494361877441,-7.255667209625244,-2.451542377471924,1.2197579145431519,1.2280954122543335,16.90843391418457,16.93998146057129,-0.0,-0.0,-0.0,-0.0,off
1.5,15.113378524780273,-7.286177158355713,-2.4693164825439453,1.227373480796814,1.2280232906341553,16.958776473999023,16.94186019897461,-0.0,-0.0,-0.0,-0.0,off
1.52,15.170795440673828,-7.306670665740967,-2.556910991668701,1.2564646005630493,1.2308673858642578,17.03168296813965,16.95081901550293,-0.0,-0.0,-0.0,-0.0,off
1.54,15.136777877807617,-7.271675109863281,-2.5064640045166016,1.252120018005371,1.2329925298690796,16.978858947753906,16.953617095947266,-0.0,-0.0,-0.0,-0.0,off
1.56,15.105050086975098,-7.264405727386475,-2.5032100677490234,1.234678030014038,1.2331610918045044,16.94698143005371,16.95294952392578,-0.0,-0.0,-0.0,-0.0,off
1.58,15.090133666992188,-7.254357814788818,-2.475703239440918,1.235937476158142,1.2334387302398682,16.925334930419922,16.950185775756836,-0.0,0.0,-0.0,-0.0,off
1.6,15.076377868652344,-7.250622272491455,-2.4766407012939453,1.2518789768218994,1.2352826595306396,16.911605834960938,16.946327209472656,-0.0,0.0,-0.0,-0.0,off
1.62,15.017281532287598,-7.213254928588867,-2.4613900184631348,1.2478864192962646,1.23654305934906,16.84067153930664,16.935760498046875,-0.0,-0.0,-0.0,-0.0,off
1.6400000000000001,14.989601135253906,-7.190351963043213,-2.422250747680664,1.2280408143997192,1.2356927394866943,16.800493240356445,16.922231674194336,-0.0,-0.0,-0.0,-0.0,off
1.6600000000000001,14.986517906188965,-7.201521873474121,-2.411670207977295,1.223136305809021,1.234437108039856,16.80100440979004,16.910104751586914,-0.0,-0.0,-0.0,-0.0,off
1.68,15.01218032836914,-7.218525409698486,-2.4167375564575195,1.2257651090621948,1.233569860458374,16.831912994384766,16.90228271484375,-0.0,-0.0,-0.0,-0.0,off
1.7,14.978839874267578,-7.187361717224121,-2.3939762115478516,1.2299755811691284,1.2332103252410889,16.78555679321289,16.890602111816406,-0.0,-0.0,-0.0,-0.0,off
1.72,14.984856605529785,-7.177708625793457,-2.3828020095825195,1.2229171991348267,1.2321809530258179,16.785205841064453,16.88005256652832,-0.0,-0.0,-0.0,-0.0,off
1.74,14.961479187011719,-7.137855052947998,-2.3638792037963867,1.211586356163025,1.230121374130249,16.744632720947266,16.86649513244629,-0.0,0.0,-0.0,-0.0,off
1.76,14.934874534606934,-7.1090617179870605,-2.368879795074463,1.2027400732040405,1.2273831367492676,16.709304809570312,16.850759506225586,-0.0,-0.0,-0.0,-0.0,off
1.78,14.950597763061523,-7.117111682891846,-2.4087085723876953,1.2092794179916382,1.2255727052688599,16.73246955871582,16.83892250061035,-0.0,-0.0,-0.0,-0.0,off
1.8,14.921150207519531,-7.112873554229736,-2.389763832092285,1.2028189897537231,1.223297357559204,16.701637268066406,16.8251895904541,-0.0,-0.0,-0.0,-0.0,off
1.82,14.885475158691406,-7.0918450355529785,-2.3352761268615723,1.187288522720337,1.2196965217590332,16.6530818939209,16.80796241760254,-0.0,-0.0,-0.0,-0.0,off
1.84,14.861520767211914,-7.06918478012085,-2.3272242546081543,1.172413945198059,1.214968204498291,16.620895385742188,16.78923988342285,-0.0,-0.0,-0.0,-0.0,off
1.86,14.887526512145996,-7.079761028289795,-2.3281288146972656,1.1863975524902344,1.2121111154556274,16.648773193359375,16.775178909301758,-0.0,-0.0,-0.0,-0.0,off
1.8800000000000001,14.90812873840332,-7.095846652984619,-2.351304054260254,1.203914999961853,1.2112914323806763,16.677289962768555,16.765384674072266,-0.0,-0.0,-0.0,-0.0,off
1.9000000000000001,14.890767097473145,-7.084243297576904,-2.3299899101257324,1.199615716934204,1.210123896598816,16.653837203979492,16.754220962524414,-0.0,-0.0,-0.0,-0.0,off
1.92,14.777097702026367,-7.0264506340026855,-2.2506203651428223,1.1750048398971558,1.2066118717193604,16.516626358032227,16.73042869567871,-0.0,-0.0,-0.0,-0.0,off
1.94,14.813737869262695,-7.035674571990967,-2.2669625282287598,1.174404263496399,1.2033910751342773,16.55556297302246,16.712921142578125,-0.0,-0.0,-0.0,-0.0,off
1.96,14.805148124694824,-7.045646667480469,-2.2775959968566895,1.2009207010269165,1.2031439542770386,16.553579330444336,16.69697380065918,-0.0,-0.0,-0.0,-0.0,off
1.98,14.76064395904541,-7.012918949127197,-2.2583651542663574,1.1871837377548218,1.2015478610992432,16.497207641601562,16.676982879638672,-0.0,-0.0,-0.0,-0.0,off
2.0,14.74643611907959,-6.993988513946533,-2.238485336303711,1.1654409170150757,1.1979371309280396,16.473737716674805,16.65663719177246,-0.0,-0.0,-0.0,-0.0,off
2.02,14.707523345947266,-6.984817028045654,-2.2173099517822266,1.1515073776245117,1.1932940483093262,16.432144165039062,16.634166717529297,-0.0,0.0,-0.0,-0.0,off
2.04,14.738607406616211,-7.012394905090332,-2.2305755615234375,1.162497639656067,1.1902143955230713,16.47348403930664,16.618083953857422,-0.0,-0.0,-0.0,-0.0,off
2.06,14.751667976379395,-7.007775783538818,-2.2349557876586914,1.186552882194519,1.1898483037948608,16.483800888061523,16.604646682739258,-0.0,-0.0,-0.0,-0.0,off
2.08,14.75235652923584,-6.987207889556885,-2.2264132499694824,1.1887034177780151,1.189733862876892,16.474525451660156,16.59161949157715,-0.0,-0.0,-0.0,-0.0,off
2.1,14.698049545288086,-6.9698166847229,-2.1896705627441406,1.1630504131317139,1.1870654821395874,16.41358184814453,16.573793411254883,-0.0,-0.0,-0.0,-0.0,off
2.12,14.77478313446045,-6.997557640075684,-2.2382102012634277,1.1787590980529785,1.1862348318099976,16.500595092773438,16.56646728515625,-0.0,-0.0,-0.0,-0.0,off
2.14,14.762063980102539,-7.001791477203369,-2.246340274810791,1.2008081674575806,1.1876921653747559,16.492109298706055,16.55902862548828,-0.0,-0.0,-0.0,-0.0,off
2.16,14.699070930480957,-6.968921661376953,-2.2047882080078125,1.189633846282959,1.1878862380981445,16.416139602661133,16.544729232788086,-0.0,-0.0,-0.0,-0.0,off
2.18,14.675703048706055,-6.95192289352417,-2.1913137435913086,1.1694598197937012,1.186043620109558,16.386194229125977,16.52886390686035,-0.0,-0.0,-0.0,-0.0,off
2.2,14.671210289001465,-6.970703125,-2.2063779830932617,1.1683869361877441,1.184277892112732,16.392169952392578,16.51519012451172,-0.0,-0.0,-0.0,-0.0,off
2.22,14.666011810302734,-6.972934722900391,-2.198291301727295,1.1830190420150757,1.1841518878936768,16.387378692626953,16.502405166625977,-0.0,-0.0,-0.0,-0.0,off
2.24,14.625321388244629,-6.928661823272705,-2.190279006958008,1.1815614700317383,1.183892846107483,16.331066131591797,16.48526382446289,-0.0,-0.0,-0.0,-0.0,off
2.2600000000000002,14.612624168395996,-6.930944919586182,-2.1839632987976074,1.1691943407058716,1.1824228763580322,16.3198184967041,16.46871566772461,-0.0,0.0,-0.0,-0.0,off
2.2800000000000002,14.64794921875,-6.948885917663574,-2.1952457427978516,1.1457374095916748,1.1787543296813965,16.360578536987305,16.45789909362793,-0.0,-0.0,-0.0,-0.0,off
2.3000000000000003,14.619759559631348,-6.925090312957764,-2.164684772491455,1.136298656463623,1.1745086908340454,16.321155548095703,16.444215774536133,-0.0,-0.0,-0.0,-0.0,off
2.32,14.639241218566895,-6.933929920196533,-2.199917793273926,1.157230257987976,1.1727807521820068,16.347061157226562,16.434499740600586,-0.0,-0.0,-0.0,-0.0,off
2.34,14.557625770568848,-6.89108419418335,-2.147188663482666,1.153775691986084,1.1708801984786987,16.24875259399414,16.415916442871094,-0.0,-0.0,-0.0,-0.0,off
2.36,14.588517189025879,-6.906651973724365,-2.1667733192443848,1.1339607238769531,1.1671881675720215,16.285625457763672,16.402883529663086,-0.0,-0.0,-0.0,-0.0,off
2.38,14.53046703338623,-6.886892795562744,-2.141833782196045,1.120895504951477,1.1625587940216064,16.221935272216797,16.384782791137695,-0.0,-0.0,-0.0,-0.0,off
2.4,14.562535285949707,-6.903468132019043,-2.1603589057922363,1.140555500984192,1.1603584289550781,16.260149002075195,16.372316360473633,-0.0,-0.0,-0.0,-0.0,off
2.42,14.614418983459473,-6.908136367797852,-2.19273042678833,1.1512858867645264,1.1594512462615967,16.312929153442383,16.366374969482422,-0.0,-0.0,-0.0,-0.0,off
2.44,14.601905822753906,-6.889398097991943,-2.1684956550598145,1.134475827217102,1.1569536924362183,16.290544509887695,16.358787536621094,-0.0,-0.0,-0.0,-0.0,off
2.46,14.569099426269531,-6.877898693084717,-2.148745536804199,1.1063438653945923,1.1518926620483398,16.253652572631836,16.348270416259766,-0.0,-0.0,-0.0,-0.0,off
2.48,14.503121376037598,-6.855069160461426,-2.132894515991211,1.107662320137024,1.1474695205688477,16.18276023864746,16.331714630126953,0.0,-0.0,-0.0,0.0,off
2.5,14.536322593688965,-6.8765387535095215,-2.1398544311523438,1.1251881122589111,1.145241379737854,16.2225284576416,16.320791244506836,0.0,-0.0,-0.0,0.0,off
2.52,14.50430965423584,-6.853291988372803,-2.1261558532714844,1.126846432685852,1.143401861190796,16.182186126708984,16.306926727294922,-0.0,-0.0,-0.0,-0.0,off
2.54,14.517082214355469,-6.8607048988342285,-2.109276294708252,1.116243839263916,1.14068603515625,16.19456672668457,16.295682907104492,-0.0,-0.0,-0.0,-0.0,off
2.56,14.46518325805664,-6.844051837921143,-2.097747325897217,1.109536051750183,1.1375709772109985,16.139490127563477,16.280054092407227,-0.0,-0.0,-0.0,-0.0,off
2.58,14.459465026855469,-6.860132694244385,-2.093815803527832,1.1133531332015991,1.1351491212844849,16.140682220458984,16.266109466552734,-0.0,-0.0,-0.0,-0.0,off
2.6,14.456777572631836,-6.857355117797852,-2.1026525497436523,1.1328424215316772,1.134918451309204,16.138242721557617,16.253318786621094,-0.0,-0.0,-0.0,-0.0,off
2.62,14.462127685546875,-6.858164310455322,-2.0966238975524902,1.1143183708190918,1.132858395576477,16.142595291137695,16.24224090576172,-0.0,-0.0,-0.0,-0.0,off
2.64,14.376016616821289,-6.839938640594482,-2.0581374168395996,1.0873758792877197,1.1283100843429565,16.05274200439453,16.223278045654297,-0.0,-0.0,-0.0,-0.0,off
2.66,14.505828857421875,-6.873077392578125,-2.0886735916137695,1.0828924179077148,1.1237683296203613,16.187057495117188,16.21965217590332,0.0,0.0,-0.0,0.0,off
2.68,14.48720645904541,-6.860556125640869,-2.0862646102905273,1.0914264917373657,1.1205341815948486,16.16474151611328,16.214155197143555,-0.0,-0.0,-0.0,-0.0,off
2.7,14.513898849487305,-6.87343168258667,-2.09505033493042,1.090264916419983,1.1175072193145752,16.195262908935547,16.212263107299805,-0.0,-0.0,-0.0,-0.0,off
2.72,14.47434139251709,-6.870198726654053,-2.0742411613464355,1.0825022459030151,1.114006757736206,16.15576171875,16.206607818603516,-0.0,-0.0,-0.0,-0.0,off
2.74,14.530789375305176,-6.892579555511475,-2.098543643951416,1.07801353931427,1.1104073524475098,16.218982696533203,16.207843780517578,-0.0,-0.0,-0.0,-0.0,off
2.7600000000000002,14.489278793334961,-6.881918430328369,-2.089420795440674,1.085381031036377,1.1079046726226807,16.176084518432617,16.204666137695312,-0.0,-0.0,-0.0,-0.0,off
2.7800000000000002,14.461406707763672,-6.8710103034973145,-2.0820608139038086,1.0988610982894897,1.1070003509521484,16.145526885986328,16.198747634887695,-0.0,-0.0,-0.0,-0.0,off
2.8000000000000003,14.409872055053711,-6.827200412750244,-2.046685218811035,1.0970762968063354,1.1060079336166382,16.07619285583496,16.186487197875977,-0.0,-0.0,-0.0,-0.0,off
2.82,14.372260093688965,-6.800169467926025,-2.031803607940674,1.0829459428787231,1.1037017107009888,16.029111862182617,16.170740127563477,-0.0,-0.0,-0.0,-0.0,off
2.84,14.436288833618164,-6.832061290740967,-2.0592546463012695,1.0768355131149292,1.1010150909423828,16.103540420532227,16.164018630981445,-0.0,-0.0,-0.0,-0.0,off
2.86,14.518588066101074,-6.873623371124268,-2.084683418273926,1.1006827354431152,1.1009818315505981,16.198209762573242,16.167436599731445,-0.0,-0.0,-0.0,-0.0,off
2.88,14.477865219116211,-6.844992160797119,-2.074826717376709,1.099258542060852,1.1008094549179077,16.14829444885254,16.16551971435547,-0.0,-0.0,-0.0,-0.0,off
2.9,14.423693656921387,-6.828319549560547,-2.0596156120300293,1.0828925371170044,1.0990177392959595,16.090707778930664,16.158037185668945,-0.0,-0.0,-0.0,-0.0,off
2.92,14.396800994873047,-6.829770088195801,-2.0445494651794434,1.0776351690292358,1.096879482269287,16.065298080444336,16.148759841918945,-0.0,-0.0,-0.0,-0.0,off
2.94,14.429701805114746,-6.840954303741455,-2.067680835723877,1.0999891757965088,1.0971903800964355,16.10249137878418,16.144132614135742,-0.0,-0.0,-0.0,-0.0,off
2.96,14.417470932006836,-6.854443073272705,-2.075580596923828,1.1048195362091064,1.0979533195495605,16.09828758239746,16.139545440673828,-0.0,-0.0,-0.0,-0.0,off
2.98,14.395041465759277,-6.8382062911987305,-2.0632705688476562,1.0999059677124023,1.0981485843658447,16.069704055786133,16.13256072998047,-0.0,-0.0,-0.0,-0.0,off
3.0,14.407249450683594,-6.843287944793701,-2.0697617530822754,1.0833816528320312,1.0966718196868896,16.083635330200195,16.127666473388672,-0.0,-0.0,-0.0,-0.0,off
3.02,14.460972785949707,-6.845821857452393,-2.0751423835754395,1.0858365297317505,1.0955883264541626,16.133543014526367,16.128253936767578,-0.0,0.0,-0.0,-0.0,off
3.04,14.416250228881836,-6.847560882568359,-2.0625429153442383,1.1015573740005493,1.0961852073669434,16.09259033203125,16.12468719482422,-0.0,-0.0,-0.0,-0.0,off
3.06,14.349230766296387,-6.8119049072265625,-2.0606799125671387,1.0964531898498535,1.0962120294570923,16.01714324951172,16.11393165588379,-0.0,-0.0,-0.0,-0.0,off
3.08,14.279837608337402,-6.770384788513184,-2.0279364585876465,1.0830515623092651,1.0948959589004517,15.933122634887695,16.095848083496094,-0.0,-0.0,-0.0,-0.0,off
3.1,14.286931037902832,-6.772593021392822,-2.042330741882324,1.0736618041992188,1.0927724838256836,15.942255973815918,16.080488204956055,-0.0,-0.0,-0.0,-0.0,off
3.12,14.312481880187988,-6.795670986175537,-2.0486998558044434,1.085094690322876,1.092004656791687,15.975776672363281,16.070016860961914,-0.0,-0.0,-0.0,-0.0,off
3.14,14.395119667053223,-6.82559061050415,-2.0815792083740234,1.0968317985534668,1.0924873352050781,16.066770553588867,16.069690704345703,-0.0,-0.0,-0.0,-0.0,off
3.16,14.294171333312988,-6.785561561584473,-2.035965919494629,1.0776619911193848,1.091004729270935,15.953442573547363,16.05806541442871,-0.0,-0.0,-0.0,-0.0,off
3.18,14.287078857421875,-6.78278112411499,-2.032175064086914,1.060787320137024,1.0879828929901123,15.94542121887207,16.04680061340332,-0.0,-0.0,-0.0,-0.0,off
3.2,14.25391674041748,-6.771477222442627,-2.0239200592041016,1.0549663305282593,1.0846811532974243,15.909849166870117,16.033103942871094,-0.0,-0.0,-0.0,-0.0,off
3.22,14.183013916015625,-6.7619452476501465,-2.0115041732788086,1.0698236227035522,1.083195447921753,15.840704917907715,16.01386070251465,-0.0,0.0,-0.0,-0.0,off
3.24,14.178671836853027,-6.7561421394348145,-1.9964901208877563,1.0934298038482666,1.0842188596725464,15.832439422607422,15.995713233947754,-0.0,-0.0,-0.0,-0.0,off
3.2600000000000002,14.195625305175781,-6.758147716522217,-2.000732421875,1.0704622268676758,1.0828431844711304,15.849015235900879,15.981039047241211,-0.0,-0.0,-0.0,-0.0,off
3.2800000000000002,14.211407661437988,-6.771676540374756,-2.003805160522461,1.062708854675293,1.0808297395706177,15.869308471679688,15.969862937927246,-0.0,-0.0,-0.0,-0.0,off
3.3000000000000003,14.2939453125,-6.8039727210998535,-2.030083179473877,1.069679617881775,1.0797146558761597,15.960330963134766,15.96890926361084,-0.0,-0.0,-0.0,-0.0,off
3.3200000000000003,14.241154670715332,-6.785616397857666,-2.0218100547790527,1.0714079141616821,1.0788840055465698,15.904175758361816,15.962434768676758,-0.0,-0.0,-0.0,-0.0,off
3.34,14.228643417358398,-6.766854763031006,-2.025536060333252,1.0652029514312744,1.0775158405303955,15.88544750213623,15.95473575592041,-0.0,-0.0,-0.0,-0.0,off
3.36,14.20543098449707,-6.754631996154785,-2.024242401123047,1.0572857856750488,1.0754928588867188,15.859283447265625,15.945189476013184,-0.0,0.0,-0.0,-0.0,off
3.38,14.21978759765625,-6.761122226715088,-2.012434482574463,1.0602613687515259,1.0739697217941284,15.873406410217285,15.938010215759277,-0.0,0.0,-0.0,-0.0,off
3.4,14.213586807250977,-6.757430553436279,-2.012296199798584,1.0652960538864136,1.073102355003357,15.86626148223877,15.930834770202637,-0.0,-0.0,-0.0,-0.0,off
3.42,14.150485038757324,-6.726280689239502,-1.9980779886245728,1.069875955581665,1.072779655456543,15.794663429260254,15.917216300964355,-0.0,0.0,-0.0,-0.0,off
3.44,14.089447021484375,-6.706948280334473,-1.9697641134262085,1.049264669418335,1.0704281330108643,15.728179931640625,15.898310661315918,-0.0,-0.0,-0.0,-0.0,off
3.46,14.104254722595215,-6.714758396148682,-1.9969216585159302,1.0447443723678589,1.0678597688674927,15.748196601867676,15.883298873901367,-0.0,-0.0,-0.0,-0.0,off
3.48,14.088616371154785,-6.713212966918945,-1.9746547937393188,1.0414985418319702,1.0652235746383667,15.730721473693848,15.868038177490234,-0.0,-0.0,-0.0,-0.0,off
3.5,14.150232315063477,-6.7311787605285645,-1.984955906867981,1.0589340925216675,1.0645946264266968,15.794869422912598,15.860719680786133,-0.0,-0.0,-0.0,-0.0,off
3.52,14.149867057800293,-6.742741107940674,-1.9818426370620728,1.0542423725128174,1.0635594129562378,15.799081802368164,15.85455322265625,-0.0,-0.0,-0.0,-0.0,off
3.54,14.135546684265137,-6.724850654602051,-1.9770451784133911,1.0375827550888062,1.0609617233276367,15.778022766113281,15.846899032592773,-0.0,-0.0,-0.0,-0.0,off
3.56,14.089242935180664,-6.690288066864014,-1.9636369943618774,1.0436314344406128,1.0592286586761475,15.720132827758789,15.834218978881836,-0.0,-0.0,-0.0,-0.0,off
3.58,14.074616432189941,-6.681004047393799,-1.980887532234192,1.0527344942092896,1.0585792064666748,15.705239295959473,15.821320533752441,-0.0,-0.0,-0.0,-0.0,off
3.6,14.06369686126709,-6.684570789337158,-1.9820462465286255,1.0558987855911255,1.058311104774475,15.69711971282959,15.80889892578125,-0.0,-0.0,-0.0,-0.0,off
3.62,13.988580703735352,-6.654461860656738,-1.971007227897644,1.0371241569519043,1.056192398071289,15.615605354309082,15.789568901062012,-0.0,-0.0,-0.0,-0.0,off
3.64,14.072077751159668,-6.69022798538208,-1.9923216104507446,1.0332497358322144,1.0538980960845947,15.708337783813477,15.781445503234863,-0.0,-0.0,-0.0,-0.0,off
3.66,14.087143898010254,-6.695403575897217,-1.9754818677902222,1.0407942533493042,1.0525877475738525,15.72191333770752,15.775491714477539,-0.0,0.0,-0.0,-0.0,off
3.68,14.048745155334473,-6.684889793395996,-1.9664231538772583,1.0502921342849731,1.0523581504821777,15.681894302368164,15.766131401062012,-0.0,0.0,-0.0,-0.0,off
3.7,14.019965171813965,-6.663524150848389,-1.9391487836837769,1.0454256534576416,1.05166494846344,15.643601417541504,15.753873825073242,-0.0,-0.0,-0.0,-0.0,off
3.72,14.01321029663086,-6.65964412689209,-1.9448062181472778,1.0285636186599731,1.0493547916412354,15.636597633361816,15.742145538330078,-0.0,-0.0,-0.0,-0.0,off
3.74,14.067939758300781,-6.676249027252197,-1.9571391344070435,1.0262091159820557,1.0470402240753174,15.694254875183105,15.737354278564453,-0.0,-0.0,-0.0,-0.0,off
3.7600000000000002,14.039130210876465,-6.63872766494751,-1.9330765008926392,1.0401535034179688,1.0463515520095825,15.649494171142578,15.728561401367188,0.0,-0.0,-0.0,0.0,off
3.7800000000000002,14.040133476257324,-6.629738807678223,-1.9511862993240356,1.0394792556762695,1.0456643104553223,15.648831367492676,15.72058391571045,0.0,-0.0,-0.0,0.0,off
3.8000000000000003,13.957083702087402,-6.603769779205322,-1.9340521097183228,1.0214768648147583,1.043245553970337,15.561185836791992,15.704641342163086,-0.0,-0.0,-0.0,-0.0,off
3.8200000000000003,13.931360244750977,-6.597294807434082,-1.9301153421401978,1.0070831775665283,1.039629340171814,15.534878730773926,15.687663078308105,-0.0,-0.0,-0.0,-0.0,off
3.84,13.93663215637207,-6.584976673126221,-1.929068684577942,1.0147802829742432,1.037144422531128,15.534250259399414,15.672319412231445,-0.0,-0.0,-0.0,-0.0,off
3.86,13.906492233276367,-6.563531398773193,-1.9069403409957886,1.0302667617797852,1.03645658493042,15.495383262634277,15.654619216918945,-0.0,-0.0,-0.0,-0.0,off
3.88,13.87441635131836,-6.560321807861328,-1.9001308679580688,1.0322731733322144,1.0360381603240967,15.46440315246582,15.635594367980957,-0.0,-0.0,-0.0,-0.0,off
3.9,13.85276985168457,-6.5633344650268555,-1.9066835641860962,1.0217173099517822,1.0346060991287231,15.44707202911377,15.616740226745605,-0.0,0.0,-0.0,-0.0,off
3.92,14.010673522949219,-6.610841274261475,-1.9416426420211792,1.0195269584655762,1.0330982208251953,15.613204956054688,15.616384506225586,-0.0,-0.0,-0.0,-0.0,off
3.94,13.951644897460938,-6.574917316436768,-1.9157763719558716,1.0279045104980469,1.0325788259506226,15.541818618774414,15.608922958374023,-0.0,-0.0,-0.0,-0.0,off
3.96,13.946440696716309,-6.570916652679443,-1.9170488119125366,1.030829668045044,1.0324039459228516,15.535611152648926,15.601588249206543,-0.0,-0.0,-0.0,-0.0,off
3.98,13.902670860290527,-6.555570602416992,-1.90572988986969,1.021506428718567,1.0313141345977783,15.488433837890625,15.590270042419434,-0.0,-0.0,-0.0,-0.0,off
4.0,13.87145709991455,-6.541136264801025,-1.8911961317062378,1.02308988571167,1.0304917097091675,15.452521324157715,15.576491355895996,-0.0,-0.0,-0.0,-0.0,off
4.0200000000000005,13.853874206542969,-6.523857116699219,-1.8890889883041382,1.0288912057876587,1.0303316116333008,15.429166793823242,15.561755180358887,-0.0,-0.0,-0.0,-0.0,off
4.04,13.79930591583252,-6.4993205070495605,-1.8844105005264282,1.0288890600204468,1.0301873683929443,15.369222640991211,15.542498588562012,-0.0,-0.0,-0.0,-0.0,off
4.0600000000000005,13.788095474243164,-6.509315490722656,-1.8757387399673462,1.0160112380981445,1.0287697315216064,15.362329483032227,15.524479866027832,-0.0,-0.0,-0.0,-0.0,off
4.08,13.745348930358887,-6.478069305419922,-1.8716498613357544,0.9972295761108398,1.0256156921386719,15.310227394104004,15.503052711486816,-0.0,-0.0,-0.0,-0.0,off
4.1,13.793105125427246,-6.508857250213623,-1.8760167360305786,1.000466227531433,1.023100733757019,15.366665840148926,15.489412307739258,-0.0,-0.0,-0.0,-0.0,off
4.12,13.794449806213379,-6.495743274688721,-1.879883885383606,1.01356840133667,1.0221474170684814,15.36279582977295,15.4767484664917,-0.0,-0.0,-0.0,-0.0,off
4.14,13.74606704711914,-6.466750144958496,-1.8621731996536255,1.0211950540542603,1.0220521688461304,15.304930686950684,15.459564208984375,-0.0,-0.0,-0.0,-0.0,off
4.16,13.701045989990234,-6.452823162078857,-1.8620449304580688,0.9981788396835327,1.0196648836135864,15.258597373962402,15.43946647644043,-0.0,-0.0,-0.0,-0.0,off
4.18,13.678044319152832,-6.459413528442383,-1.859458565711975,0.9803004264831543,1.01572847366333,15.240423202514648,15.419561386108398,-0.0,-0.0,-0.0,-0.0,off
4.2,13.704041481018066,-6.47465705871582,-1.8500546216964722,0.9942870140075684,1.0135842561721802,15.269074440002441,15.404510498046875,-0.0,-0.0,-0.0,-0.0,off
4.22,13.695806503295898,-6.483642101287842,-1.860294222831726,1.00092613697052,1.0123183727264404,15.266742706298828,15.390730857849121,-0.0,0.0,-0.0,-0.0,off
4.24,13.652938842773438,-6.450780391693115,-1.8322921991348267,1.0156776905059814,1.0126543045043945,15.210936546325684,15.372747421264648,-0.0,-0.0,-0.0,-0.0,off
4.26,13.624103546142578,-6.435049533843994,-1.8301945924758911,0.9982638359069824,1.0112152099609375,15.178131103515625,15.353283882141113,-0.0,-0.0,-0.0,-0.0,off
4.28,13.68781852722168,-6.449639797210693,-1.84353506565094,0.9934461116790771,1.0094382762908936,15.243124961853027,15.342266082763672,-0.0,-0.0,-0.0,-0.0,off
4.3,13.693922996520996,-6.449863910675049,-1.8459874391555786,0.9987469911575317,1.0083690881729126,15.248998641967773,15.332937240600586,-0.0,-0.0,-0.0,-0.0,off
4.32,13.609399795532227,-6.421152114868164,-1.8330885171890259,1.0100923776626587,1.0085413455963135,15.159391403198242,15.315581321716309,-0.0,-0.0,-0.0,-0.0,off
4.34,13.488929748535156,-6.368206024169922,-1.7968546152114868,1.0011974573135376,1.0078068971633911,15.024445533752441,15.286463737487793,-0.0,-0.0,-0.0,-0.0,off
4.36,13.537559509277344,-6.375705718994141,-1.8128188848495483,0.9891644716262817,1.0059425830841064,15.073203086853027,15.265135765075684,-0.0,0.0,-0.0,-0.0,off
4.38,13.55993366241455,-6.398253440856934,-1.8152610063552856,0.9939174652099609,1.0047399997711182,15.103132247924805,15.248933792114258,-0.0,0.0,-0.0,-0.0,off
4.4,13.543304443359375,-6.389860153198242,-1.8055168390274048,1.008424997329712,1.0051084756851196,15.083477973937988,15.232385635375977,-0.0,-0.0,-0.0,-0.0,off
4.42,13.61501693725586,-6.395344257354736,-1.8335024118423462,1.0087920427322388,1.0054768323898315,15.15357494354248,15.224501609802246,-0.0,-0.0,-0.0,-0.0,off
4.44,13.60773754119873,-6.398538112640381,-1.8335570096969604,0.9879573583602905,1.0037248134613037,15.148390769958496,15.216889381408691,-0.0,-0.0,-0.0,-0.0,off
4.46,13.638004302978516,-6.400027751922607,-1.830670952796936,0.9932305812835693,1.0026754140853882,15.175865173339844,15.212782859802246,0.0,-0.0,-0.0,0.0,off
4.48,13.631068229675293,-6.387632369995117,-1.8195701837539673,1.0037615299224854,1.002784013748169,15.163070678710938,15.207807540893555,0.0,-0.0,-0.0,0.0,off
4.5,13.549595832824707,-6.354379177093506,-1.7911449670791626,1.008693814277649,1.0033749341964722,15.072421073913574,15.194263458251953,-0.0,-0.0,-0.0,-0.0,off
4.5200000000000005,13.548548698425293,-6.360960483551025,-1.7961403131484985,0.9971859455108643,1.0027559995651245,15.074850082397461,15.182319641113281,-0.0,-0.0,-0.0,-0.0,off
4.54,13.519421577453613,-6.350898742675781,-1.789833664894104,0.9929659366607666,1.001776933670044,15.043675422668457,15.168452262878418,-0.0,-0.0,-0.0,-0.0,off
4.5600000000000005,13.472010612487793,-6.343080997467041,-1.7721282243728638,0.9969431161880493,1.0012935400009155,14.995672225952148,15.15117073059082,-0.0,-0.0,-0.0,-0.0,off
4.58,13.502694129943848,-6.341064929962158,-1.7801846265792847,1.0142484903335571,1.0025889873504639,15.023345947265625,15.138384819030762,-0.0,-0.0,-0.0,-0.0,off
4.6000000000000005,13.520312309265137,-6.342432498931885,-1.778049111366272,1.0055608749389648,1.002886176109314,15.039505958557129,15.128493309020996,-0.0,-0.0,-0.0,-0.0,off
4.62,13.48824405670166,-6.3345160484313965,-1.7793523073196411,0.987610936164856,1.0013586282730103,15.007494926452637,15.1163911819458,-0.0,-0.0,-0.0,-0.0,off
4.64,13.487550735473633,-6.3244309425354,-1.775025725364685,0.9946132898330688,1.000684142112732,15.002105712890625,15.104960441589355,-0.0,-0.0,-0.0,-0.0,off
4.66,13.466419219970703,-6.310030460357666,-1.755130648612976,1.0128037929534912,1.0018960237503052,14.974692344665527,15.091927528381348,-0.0,-0.0,-0.0,-0.0,off
4.68,13.544512748718262,-6.333425045013428,-1.7777711153030396,1.0212641954421997,1.0038328170776367,15.057442665100098,15.088475227355957,-0.0,-0.0,-0.0,-0.0,off
4.7,13.579171180725098,-6.339660167694092,-1.7897568941116333,1.0170633792877197,1.0051559209823608,15.092660903930664,15.088889122009277,-0.0,-0.0,-0.0,-0.0,off
4.72,13.488347053527832,-6.3118696212768555,-1.7850431203842163,1.0025298595428467,1.0048933029174805,14.998719215393066,15.079870223999023,-0.0,-0.0,-0.0,-0.0,off
4.74,13.488312721252441,-6.3086724281311035,-1.7840415239334106,1.0073575973510742,1.005139708518982,14.997223854064941,15.071603775024414,0.0,0.0,-0.0,0.0,off
4.76,13.572386741638184,-6.326414108276367,-1.7981659173965454,1.0300626754760742,1.0076320171356201,15.081995964050293,15.072638511657715,-0.0,-0.0,-0.0,-0.0,off
4.78,13.479268074035645,-6.280439853668213,-1.7674309015274048,1.035874843597412,1.0104563236236572,14.975259780883789,15.062895774841309,-0.0,-0.0,-0.0,-0.0,off
4.8,13.484392166137695,-6.278446674346924,-1.782734751701355,1.0172699689865112,1.01113760471344,14.980849266052246,15.054686546325684,-0.0,-0.0,-0.0,-0.0,off
4.82,13.402353286743164,-6.254776477813721,-1.7543267011642456,1.0049506425857544,1.0105189085006714,14.893722534179688,15.03858757019043,-0.0,-0.0,-0.0,-0.0,off
4.84,13.478362083435059,-6.274877071380615,-1.7682355642318726,1.0237177610397339,1.0118387937545776,14.972207069396973,15.031946182250977,-0.0,0.0,-0.0,-0.0,off
4.86,13.409582138061523,-6.252377510070801,-1.7589539289474487,1.0211693048477173,1.0127718448638916,14.899765968322754,15.018726348876953,-0.0,-0.0,-0.0,-0.0,off
4.88,13.410826683044434,-6.253282070159912,-1.7655831575393677,1.0121996402740479,1.0127146244049072,14.902050018310547,15.007057189941406,-0.0,-0.0,-0.0,-0.0,off
4.9,13.363622665405273,-6.248727798461914,-1.7680784463882446,0.992963433265686,1.0107394456863403,14.857964515686035,14.992147445678711,0.0,-0.0,-0.0,0.0,off
4.92,13.478087425231934,-6.288422107696533,-1.7915815114974976,1.0025733709335327,1.009922742843628,14.980415344238281,14.990973472595215,-0.0,-0.0,-0.0,-0.0,off
4.94,13.471399307250977,-6.28274393081665,-1.7800184488296509,1.0034829378128052,1.0092787742614746,14.970635414123535,14.98893928527832,-0.0,0.0,-0.0,-0.0,off
4.96,13.453788757324219,-6.265044689178467,-1.7807813882827759,1.0086517333984375,1.009216070175171,14.947454452514648,14.98478889465332,-0.0,-0.0,-0.0,-0.0,off
4.98,13.381110191345215,-6.245212554931641,-1.7697445154190063,0.9945789575576782,1.0077522993087769,14.872416496276855,14.973550796508789,-0.0,-0.0,-0.0,-0.0,off
5.0,13.435312271118164,-6.263791084289551,-1.7777725458145142,0.9862574338912964,1.0056028366088867,14.92994213104248,14.969189643859863,-0.0,0.0,-0.0,-0.0,off
5.0200000000000005,13.389966011047363,-6.236871242523193,-1.7731515169143677,1.0000269412994385,1.0050451755523682,14.877291679382324,14.959999084472656,-0.0,-0.0,-0.0,-0.0,off
5.04,13.443171501159668,-6.2427849769592285,-1.7691537141799927,1.0157908201217651,1.006119728088379,14.927193641662598,14.95671558380127,-0.0,0.0,-0.0,-0.0,off
5.0600000000000005,13.412915229797363,-6.247051239013672,-1.7959948778152466,1.0097143650054932,1.0064791440963745,14.904950141906738,14.951536178588867,-0.0,-0.0,-0.0,-0.0,off
5.08,13.448406219482422,-6.269298076629639,-1.798033356666565,1.0000087022781372,1.0058320760726929,14.946459770202637,14.951027870178223,-0.0,-0.0,-0.0,-0.0,off
5.1000000000000005,13.447223663330078,-6.252376079559326,-1.787221074104309,1.0078275203704834,1.0060315132141113,14.937006950378418,14.949624061584473,-0.0,-0.0,-0.0,-0.0,off
5.12,13.42128849029541,-6.235544681549072,-1.7714704275131226,1.0140985250473022,1.0068382024765015,14.90473461151123,14.945133209228516,-0.0,0.0,-0.0,-0.0,off
5.14,13.3976469039917,-6.223227500915527,-1.769351601600647,1.0208412408828735,1.008238434791565,14.87804126739502,14.938422203063965,-0.0,-0.0,-0.0,-0.0,off
5.16,13.368727684020996,-6.2082037925720215,-1.7628403902053833,0.9955675601959229,1.0069713592529297,14.844941139221191,14.929072380065918,-0.0,-0.0,-0.0,-0.0,off
5.18,13.345702171325684,-6.212134838104248,-1.7657824754714966,0.9825105667114258,1.0045253038406372,14.826205253601074,14.918785095214844,-0.0,-0.0,-0.0,-0.0,off
5.2,13.417572975158691,-6.2230000495910645,-1.7782098054885864,1.0095062255859375,1.0050233602523804,14.896946907043457,14.916600227355957,-0.0,-0.0,-0.0,-0.0,off
5.22,13.385695457458496,-6.204930782318115,-1.7560721635818481,1.010246992111206,1.005545735359192,14.858055114746094,14.91074275970459,-0.0,-0.0,-0.0,-0.0,off
5.24,13.35805606842041,-6.194432735443115,-1.7593358755111694,0.9939193725585938,1.0043830871582031,14.829157829284668,14.902583122253418,-0.0,-0.0,-0.0,-0.0,off
5.26,13.322564125061035,-6.1896138191223145,-1.76376473903656,0.9671003818511963,1.0006548166275024,14.79570484161377,14.891894340515137,-0.0,0.0,-0.0,-0.0,off
5.28,13.252426147460938,-6.175896167755127,-1.747775912284851,0.9694579839706421,0.9975351095199585,14.724918365478516,14.875195503234863,-0.0,0.0,-0.0,-0.0,off
5.3,13.280001640319824,-6.1955976486206055,-1.752571702003479,0.9853876829147339,0.9963203072547913,14.758569717407227,14.863532066345215,-0.0,-0.0,-0.0,-0.0,off
5.32,13.202848434448242,-6.16726541519165,-1.7394219636917114,0.9766751527786255,0.9943557977676392,14.675692558288574,14.844745635986328,-0.0,-0.0,-0.0,-0.0,off
5.34,13.128804206848145,-6.1418304443359375,-1.7169257402420044,0.9556683301925659,0.9904869794845581,14.595732688903809,14.819841384887695,0.0,0.0,-0.0,0.0,off
5.36,13.145695686340332,-6.142611503601074,-1.72097647190094,0.9401705265045166,0.9854552745819092,14.611733436584473,14.799029350280762,-0.0,-0.0,-0.0,-0.0,off
5.38,13.16988754272461,-6.144500255584717,-1.710091233253479,0.9563695192337036,0.9825466871261597,14.633018493652344,14.782424926757812,-0.0,-0.0,-0.0,-0.0,off
5.4,13.162803649902344,-6.131060600280762,-1.7237430810928345,0.9509996175765991,0.9793919920921326,14.622605323791504,14.76644229888916,-0.0,-0.0,-0.0,-0.0,off
5.42,13.112771034240723,-6.108988285064697,-1.7160433530807495,0.9364655017852783,0.9750993251800537,14.567405700683594,14.746538162231445,-0.0,-0.0,-0.0,-0.0,off
5.44,13.102508544921875,-6.105449199676514,-1.7241345643997192,0.9134080410003662,0.9689301252365112,14.557640075683594,14.727648735046387,-0.0,-0.0,-0.0,-0.0,off
5.46,13.099926948547363,-6.0920820236206055,-1.7236090898513794,0.9243366718292236,0.9644708037376404,14.549652099609375,14.709848403930664,-0.0,-0.0,-0.0,-0.0,off
5.48,13.070570945739746,-6.07583475112915,-1.7134348154067993,0.9350934028625488,0.9615330100059509,14.515214920043945,14.690383911132812,-0.0,-0.0,-0.0,-0.0,off
5.5,12.991573333740234,-6.035974979400635,-1.6951032876968384,0.9358928203582764,0.958968997001648,14.425232887268066,14.663867950439453,-0.0,-0.0,-0.0,-0.0,off
5.5200000000000005,12.999855995178223,-6.039144039154053,-1.7082492113113403,0.9161988496780396,0.954692006111145,14.435568809509277,14.641036987304688,-0.0,-0.0,-0.0,-0.0,off
5.54,12.974730491638184,-6.038722038269043,-1.7082735300064087,0.9025059938430786,0.9494733810424805,14.412772178649902,14.618209838867188,-0.0,-0.0,-0.0,-0.0,off
5.5600000000000005,12.999417304992676,-6.034879684448242,-1.7104698419570923,0.9125851392745972,0.9457845687866211,14.433652877807617,14.599753379821777,-0.0,-0.0,-0.0,-0.0,off
5.58,13.01104736328125,-6.031601428985596,-1.710379719734192,0.9161746501922607,0.9428235292434692,14.442748069763184,14.584051132202148,-0.0,-0.0,-0.0,-0.0,off
5.6000000000000005,12.99058723449707,-6.039417743682861,-1.7146440744400024,0.9045724868774414,0.9389984011650085,14.428094863891602,14.56845474243164,-0.0,-0.0,-0.0,-0.0,off
5.62,13.082486152648926,-6.073012351989746,-1.7342714071273804,0.8984711170196533,0.9349456429481506,14.527236938476562,14.564330101013184,-0.0,-0.0,-0.0,-0.0,off
5.64,13.01791000366211,-6.03739070892334,-1.7233330011367798,0.9008692502975464,0.9315379858016968,14.452887535095215,14.55318546295166,-0.0,-0.0,-0.0,-0.0,off
5.66,13.01601505279541,-6.050816059112549,-1.7233072519302368,0.912894606590271,0.9296736121177673,14.456790924072266,14.543545722961426,-0.0,-0.0,-0.0,-0.0,off
5.68,13.005483627319336,-6.045806407928467,-1.7223576307296753,0.911180853843689,0.9278243184089661,14.445099830627441,14.533699989318848,-0.0,-0.0,-0.0,-0.0,off
5.7,13.030047416687012,-6.063398361206055,-1.7257434129714966,0.8981301784515381,0.9248548746109009,14.474983215332031,14.527828216552734,-0.0,0.0,-0.0,-0.0,off
5.72,13.007092475891113,-6.071130275726318,-1.7283669710159302,0.8853937387466431,0.9209087491035461,14.457880973815918,14.520832061767578,-0.0,-0.0,-0.0,-0.0,off
5.74,12.914182662963867,-6.033518314361572,-1.7123388051986694,0.8942416906356812,0.9182420372962952,14.356585502624512,14.504404067993164,-0.0,-0.0,-0.0,-0.0,off
5.76,12.955802917480469,-6.0344109535217285,-1.7039176225662231,0.9076948165893555,0.9171872735023499,14.393410682678223,14.493304252624512,-0.0,-0.0,-0.0,-0.0,off
5.78,12.89668083190918,-6.026686668395996,-1.6999307870864868,0.882398247718811,0.9137083888053894,14.336495399475098,14.477622032165527,-0.0,-0.0,-0.0,-0.0,off
5.8,12.92990493774414,-6.016519069671631,-1.6956382989883423,0.869727611541748,0.9093102812767029,14.36161994934082,14.466020584106445,-0.0,-0.0,-0.0,-0.0,off
5.82,12.919734954833984,-6.014342784881592,-1.6927584409713745,0.8786458969116211,0.9062438011169434,14.351212501525879,14.454538345336914,-0.0,0.0,-0.0,-0.0,off
5.84,12.82099437713623,-5.97969913482666,-1.6713207960128784,0.8963980674743652,0.9052591919898987,14.245280265808105,14.433611869812012,-0.0,-0.0,-0.0,-0.0,off
5.86,12.808126449584961,-5.964904308319092,-1.6865698099136353,0.8872838020324707,0.9034616351127625,14.229290008544922,14.413178443908691,-0.0,-0.0,-0.0,-0.0,off
5.88,12.79800033569336,-5.9638848304748535,-1.6902908086776733,0.8725976943969727,0.900375247001648,14.22019100189209,14.393878936767578,-0.0,-0.0,-0.0,-0.0,off
5.9,12.797540664672852,-5.968997478485107,-1.6968613862991333,0.8612242937088013,0.8964601755142212,14.222704887390137,14.376760482788086,-0.0,-0.0,-0.0,-0.0,off
5.92,12.823210716247559,-5.949510097503662,-1.691240668296814,0.8806666135787964,0.8948807716369629,14.236984252929688,14.362780570983887,-0.0,-0.0,-0.0,-0.0,off
5.94,12.880672454833984,-5.974268436431885,-1.6992110013961792,0.8861868381500244,0.894011378288269,14.300032615661621,14.356504440307617,-0.0,-0.0,-0.0,-0.0,off
5.96,12.815373420715332,-5.950680255889893,-1.696006417274475,0.8733409643173218,0.8919442892074585,14.23098087310791,14.343950271606445,-0.0,-0.0,-0.0,-0.0,off
5.98,12.752095222473145,-5.928168296813965,-1.682974934577942,0.8617984056472778,0.8889296650886536,14.163033485412598,14.325858116149902,-0.0,-0.0,-0.0,-0.0,off
6.0,12.766497611999512,-5.930932998657227,-1.6804836988449097,0.8674496412277222,0.886781632900238,14.176862716674805,14.310957908630371,-0.0,0.0,-0.0,-0.0,off
6.0200000000000005,12.754523277282715,-5.910079002380371,-1.6900051832199097,0.8692691326141357,0.8850303888320923,14.158495903015137,14.295710563659668,-0.0,-0.0,-0.0,-0.0,off
6.04,12.764620780944824,-5.910305976867676,-1.6814020872116089,0.8664474487304688,0.8831720948219299,14.166664123535156,14.282803535461426,-0.0,-0.0,-0.0,-0.0,off
6.0600000000000005,12.77193832397461,-5.907466411590576,-1.6846343278884888,0.8596991300582886,0.8808248043060303,14.172457695007324,14.271766662597656,-0.0,-0.0,-0.0,-0.0,off
6.08,12.687000274658203,-5.887165069580078,-1.6849271059036255,0.8507431745529175,0.8778166174888611,14.08750057220459,14.253338813781738,-0.0,-0.0,-0.0,-0.0,off
6.1000000000000005,12.678889274597168,-5.873222827911377,-1.6773344278335571,0.8650616407394409,0.8765411376953125,14.073465347290039,14.235350608825684,-0.0,-0.0,-0.0,-0.0,off
6.12,12.67822551727295,-5.874797344207764,-1.677456021308899,0.8589606285095215,0.8747830986976624,14.073538780212402,14.219168663024902,-0.0,-0.0,-0.0,-0.0,off
6.140000000000001,12.636446952819824,-5.846873760223389,-1.6634210348129272,0.8475744724273682,0.8720622062683105,14.022578239440918,14.199508666992188,-0.0,-0.0,-0.0,-0.0,off
6.16,12.572216033935547,-5.830833911895752,-1.665634036064148,0.8298842906951904,0.8678444027900696,13.958280563354492,14.175384521484375,-0.0,-0.0,-0.0,-0.0,off
6.18,12.59648609161377,-5.836500644683838,-1.6667438745498657,0.8416599035263062,0.8652259111404419,13.982640266418457,14.156109809875488,-0.0,0.0,-0.0,-0.0,off
6.2,12.507386207580566,-5.791087627410889,-1.6439095735549927,0.8534120321273804,0.8640444874763489,13.88070011138916,14.128567695617676,-0.0,-0.0,-0.0,-0.0,off
6.22,12.498882293701172,-5.787810802459717,-1.643290400505066,0.8494490385055542,0.8625849485397339,13.871597290039062,14.10287094116211,-0.0,0.0,-0.0,-0.0,off
6.24,12.471809387207031,-5.785063743591309,-1.647420048713684,0.8158608675003052,0.8579124808311462,13.846551895141602,14.077238082885742,-0.0,-0.0,-0.0,-0.0,off
6.26,12.439001083374023,-5.782693386077881,-1.6535261869430542,0.8091191053390503,0.8530331254005432,13.816744804382324,14.051187515258789,-0.0,-0.0,-0.0,-0.0,off
6.28,12.454375267028809,-5.780360698699951,-1.641980767250061,0.8179402351379395,0.8495238423347473,13.82823657989502,14.028891563415527,-0.0,-0.0,-0.0,-0.0,off
6.3,12.46263599395752,-5.769709587097168,-1.6527117490768433,0.8178914785385132,0.8463605642318726,13.832508087158203,14.009252548217773,-0.0,-0.0,-0.0,-0.0,off
6.32,12.340012550354004,-5.715336799621582,-1.6242629289627075,0.809917688369751,0.8427162170410156,13.695956230163574,13.977922439575195,-0.0,-0.0,-0.0,-0.0,off
6.34,12.337749481201172,-5.71031379699707,-1.6346908807754517,0.7882047891616821,0.8372650146484375,13.693061828613281,13.949435234069824,-0.0,0.0,-0.0,-0.0,off
6.36,12.306422233581543,-5.695158004760742,-1.6225367784500122,0.7916462421417236,0.8327031135559082,13.657066345214844,13.920198440551758,-0.0,0.0,-0.0,-0.0,off
6.38,12.271116256713867,-5.6758952140808105,-1.6176601648330688,0.7917029857635498,0.8286030888557434,13.6166410446167,13.88984203338623,-0.0,-0.0,-0.0,-0.0,off
6.4,12.224462509155273,-5.642730236053467,-1.6097346544265747,0.7916661500930786,0.8249093294143677,13.559835433959961,13.856839179992676,-0.0,-0.0,-0.0,-0.0,off
6.42,12.203596115112305,-5.613577365875244,-1.6096690893173218,0.778139591217041,0.8202323317527771,13.528897285461426,13.824040412902832,-0.0,-0.0,-0.0,-0.0,off
6.44,12.145316123962402,-5.591063976287842,-1.607948899269104,0.7710115909576416,0.8153102397918701,13.466780662536621,13.788311004638672,-0.0,-0.0,-0.0,-0.0,off
6.46,12.040337562561035,-5.545018196105957,-1.5888630151748657,0.7650097608566284,0.8102801442146301,13.350708961486816,13.744547843933105,-0.0,-0.0,-0.0,-0.0,off
6.48,12.044702529907227,-5.535902976989746,-1.5787891149520874,0.7838462591171265,0.8076367378234863,13.349668502807617,13.705056190490723,-0.0,-0.0,-0.0,-0.0,off
6.5,12.005813598632812,-5.530091762542725,-1.5808216333389282,0.7770266532897949,0.8045756816864014,13.312417984008789,13.665790557861328,-0.0,-0.0,-0.0,-0.0,off
6.5200000000000005,12.002366065979004,-5.533842086791992,-1.5886982679367065,0.7602094411849976,0.8001390695571899,13.311805725097656,13.630392074584961,-0.0,-0.0,-0.0,-0.0,off
6.54,11.98423957824707,-5.507756233215332,-1.5795098543167114,0.7580304145812988,0.7959281802177429,13.28353214263916,13.595703125,-0.0,0.0,-0.0,-0.0,off
6.5600000000000005,12.016119003295898,-5.5160722732543945,-1.5851713418960571,0.7716405391693115,0.7934994101524353,13.316415786743164,13.567770957946777,-0.0,0.0,-0.0,-0.0,off
6.58,11.918477058410645,-5.474055767059326,-1.5700968503952026,0.7730282545089722,0.7914522886276245,13.209110260009766,13.531903266906738,-0.0,-0.0,-0.0,-0.0,off
6.6000000000000005,11.81247615814209,-5.432794094085693,-1.5568233728408813,0.7597734928131104,0.7882843613624573,13.0947904586792,13.488190650939941,-0.0,-0.0,-0.0,-0.0,off
6.62,11.826211929321289,-5.425394535064697,-1.5671793222427368,0.7461984157562256,0.7840757369995117,13.105351448059082,13.449904441833496,-0.0,-0.0,-0.0,-0.0,off
6.640000000000001,11.850607872009277,-5.436062335968018,-1.5611144304275513,0.7686100006103516,0.7825291752815247,13.131060600280762,13.418017387390137,-0.0,-0.0,-0.0,-0.0,off
6.66,11.867910385131836,-5.426617622375488,-1.5638467073440552,0.7816189527511597,0.7824381589889526,13.14310073852539,13.390521049499512,-0.0,-0.0,-0.0,-0.0,off
6.68,11.811251640319824,-5.403472423553467,-1.552352786064148,0.7793108224868774,0.7821254134178162,13.081015586853027,13.359566688537598,-0.0,-0.0,-0.0,-0.0,off
6.7,11.71168041229248,-5.376492977142334,-1.5445400476455688,0.7621141672134399,0.7801242470741272,12.979049682617188,13.321515083312988,-0.0,-0.0,-0.0,-0.0,off
6.72,11.711493492126465,-5.3668694496154785,-1.5375221967697144,0.7655413150787354,0.7786659002304077,12.974063873291016,13.286767959594727,-0.0,-0.0,-0.0,-0.0,off
6.74,11.583833694458008,-5.3137431144714355,-1.5114840269088745,0.7614443302154541,0.7769437432289124,12.833769798278809,13.241466522216797,-0.0,-0.0,-0.0,-0.0,off
6.76,11.477038383483887,-5.26460599899292,-1.4896656274795532,0.7688201665878296,0.7761313319206238,12.71446418762207,13.188764572143555,-0.0,-0.0,-0.0,-0.0,off
6.78,11.514668464660645,-5.261519432067871,-1.4968832731246948,0.7648677825927734,0.7750049233436584,12.74801254272461,13.144686698913574,-0.0,-0.0,-0.0,-0.0,off
6.8,11.423657417297363,-5.247623443603516,-1.5112074613571167,0.7416692972183228,0.7716713547706604,12.661803245544434,13.096397399902344,-0.0,-0.0,-0.0,-0.0,off
6.82,11.441595077514648,-5.235830307006836,-1.507144570350647,0.7462831735610962,0.7691324949264526,12.672628402709961,13.054018020629883,-0.0,-0.0,-0.0,-0.0,off
6.84,11.522257804870605,-5.252689361572266,-1.5177661180496216,0.7532768249511719,0.7675468921661377,12.75369644165039,13.023982048034668,-0.0,-0.0,-0.0,-0.0,off
6.86,11.429100036621094,-5.205978870391846,-1.5033055543899536,0.7459595203399658,0.7653881311416626,12.648575782775879,12.986435890197754,-0.0,-0.0,-0.0,-0.0,off
6.88,11.47072982788086,-5.203647136688232,-1.5051380395889282,0.7385877370834351,0.7627080678939819,12.685464859008789,12.956330299377441,-0.0,-0.0,-0.0,-0.0,off
6.9,11.438888549804688,-5.185263633728027,-1.49014413356781,0.7461174726486206,0.7610489726066589,12.647357940673828,12.925422668457031,-0.0,-0.0,-0.0,-0.0,off
6.92,11.451834678649902,-5.184165954589844,-1.5090337991714478,0.7389647960662842,0.7588405013084412,12.660856246948242,12.898957252502441,-0.0,-0.0,-0.0,-0.0,off
6.94,11.36452579498291,-5.14135217666626,-1.4981902837753296,0.7378801107406616,0.7567444443702698,12.563061714172363,12.865358352661133,-0.0,-0.0,-0.0,-0.0,off
6.96,11.320683479309082,-5.122811317443848,-1.4907399415969849,0.728445291519165,0.753914475440979,12.514925956726074,12.83030891418457,-0.0,-0.0,-0.0,-0.0,off
6.98,11.209153175354004,-5.0746684074401855,-1.4743729829788208,0.7157431840896606,0.7500973343849182,12.392382621765137,12.786511421203613,-0.0,-0.0,-0.0,-0.0,off
7.0,11.155962944030762,-5.043989181518555,-1.4503313302993774,0.7303171157836914,0.7481192946434021,12.328861236572266,12.740740776062012,-0.0,-0.0,-0.0,-0.0,off
7.0200000000000005,11.098668098449707,-5.009435176849365,-1.4425855875015259,0.7351242303848267,0.746819794178009,12.261970520019531,12.692856788635254,-0.0,0.0,-0.0,-0.0,off
7.04,11.139480590820312,-5.010371685028076,-1.444003701210022,0.7277475595474243,0.7449125647544861,12.299470901489258,12.6535062789917,-0.0,-0.0,-0.0,-0.0,off
7.0600000000000005,11.016161918640137,-4.958800792694092,-1.4348763227462769,0.7047441005706787,0.740895688533783,12.165705680847168,12.604718208312988,-0.0,-0.0,-0.0,-0.0,off
7.08,11.000434875488281,-4.924663066864014,-1.4144963026046753,0.7164013385772705,0.7384462356567383,12.135183334350586,12.557745933532715,-0.0,-0.0,-0.0,-0.0,off
7.1000000000000005,10.955214500427246,-4.909151554107666,-1.4120436906814575,0.7232424020767212,0.7369258403778076,12.08761215209961,12.510721206665039,-0.0,-0.0,-0.0,-0.0,off
7.12,10.858530044555664,-4.868250846862793,-1.402544617652893,0.7208347320556641,0.7353166937828064,11.98226547241211,12.457865715026855,-0.0,-0.0,-0.0,-0.0,off
7.140000000000001,10.8878812789917,-4.887423038482666,-1.4144951105117798,0.7055766582489014,0.7323426604270935,12.018054962158203,12.413880348205566,-0.0,-0.0,-0.0,-0.0,off
7.16,10.916413307189941,-4.899089336395264,-1.42847740650177,0.6910984516143799,0.7282182574272156,12.050298690795898,12.377516746520996,-0.0,-0.0,-0.0,-0.0,off
7.18,10.815422058105469,-4.843776702880859,-1.4016228914260864,0.7016317844390869,0.7255595922470093,11.933150291442871,12.333072662353516,-0.0,-0.0,-0.0,-0.0,off
7.2,10.716743469238281,-4.797847747802734,-1.3837870359420776,0.7046167850494385,0.7234653234481812,11.822977066040039,12.282057762145996,-0.0,-0.0,-0.0,-0.0,off
7.22,10.66974925994873,-4.7771477699279785,-1.3795353174209595,0.691800594329834,0.7202988266944885,11.771482467651367,12.230995178222656,-0.0,-0.0,-0.0,-0.0,off
7.24,10.698139190673828,-4.782447338104248,-1.391839623451233,0.6710259914398193,0.7153715491294861,11.800813674926758,12.187972068786621,-0.0,-0.0,-0.0,-0.0,off
7.26,10.617409706115723,-4.7516093254089355,-1.3876324892044067,0.6522365808486938,0.7090579867362976,11.714635848999023,12.14063549041748,-0.0,-0.0,-0.0,-0.0,off
7.28,10.609079360961914,-4.7287983894348145,-1.378317952156067,0.6695424318313599,0.7051064372062683,11.696745872497559,12.09623908996582,-0.0,0.0,-0.0,-0.0,off
7.3,10.6447114944458,-4.731584548950195,-1.393943428993225,0.6659227609634399,0.7011880278587341,11.732044219970703,12.059808731079102,-0.0,-0.0,-0.0,-0.0,off
7.32,10.596687316894531,-4.703415393829346,-1.3955081701278687,0.6421570777893066,0.695284903049469,11.677300453186035,12.02154541015625,-0.0,-0.0,-0.0,-0.0,off
7.34,10.511307716369629,-4.665820598602295,-1.3689266443252563,0.6488202810287476,0.6906384229660034,11.581512451171875,11.977534294128418,-0.0,-0.0,-0.0,-0.0,off
7.36,10.508935928344727,-4.652751445770264,-1.3521255254745483,0.6658871173858643,0.6881632804870605,11.572125434875488,11.936981201171875,-0.0,-0.0,-0.0,-0.0,off
7.38,10.64228343963623,-4.705418109893799,-1.3714691400527954,0.680672287940979,0.6874141693115234,11.716657638549805,11.914937019348145,-0.0,-0.0,-0.0,-0.0,off
7.4,10.4800443649292,-4.630571365356445,-1.3619304895401,0.6580597162246704,0.6844787001609802,11.538126945495605,11.87724494934082,-0.0,-0.0,-0.0,-0.0,off
7.42,10.431431770324707,-4.623321056365967,-1.3641668558120728,0.6387380361557007,0.6799046397209167,11.491336822509766,11.83864974975586,-0.0,-0.0,-0.0,-0.0,off
7.44,10.300275802612305,-4.5647292137146,-1.3495711088180542,0.6284973621368408,0.6747639179229736,11.34697151184082,11.789477348327637,-0.0,-0.0,-0.0,-0.0,off
7.46,10.234305381774902,-4.519987106323242,-1.3300200700759888,0.6372694969177246,0.6710144877433777,11.266776084899902,11.737200736999512,-0.0,-0.0,-0.0,-0.0,off
7.48,10.216646194458008,-4.497440338134766,-1.3254445791244507,0.6424678564071655,0.6681597828865051,11.241157531738281,11.687585830688477,0.0,-0.0,-0.0,0.0,off
7.5,10.17453384399414,-4.46975040435791,-1.3299843072891235,0.6222138404846191,0.6635652184486389,11.19234848022461,11.63805103302002,-0.0,0.0,-0.0,-0.0,off
7.5200000000000005,10.11284065246582,-4.46608304977417,-1.3366047143936157,0.6073137521743774,0.6579400300979614,11.135616302490234,11.58780288696289,-0.0,-0.0,-0.0,-0.0,off
7.54,10.140692710876465,-4.488706588745117,-1.3322948217391968,0.6197582483291626,0.6541218757629395,11.169473648071289,11.545968055725098,-0.0,-0.0,-0.0,-0.0,off
7.5600000000000005,10.100242614746094,-4.439135551452637,-1.3227156400680542,0.6214425563812256,0.6508539319038391,11.111723899841309,11.502535820007324,-0.0,-0.0,-0.0,-0.0,off
7.58,10.065783500671387,-4.4266743659973145,-1.319595456123352,0.6199264526367188,0.6477611660957336,11.075052261352539,11.459781646728516,-0.0,-0.0,-0.0,-0.0,off
7.6000000000000005,9.98745059967041,-4.383899211883545,-1.323494791984558,0.6079976558685303,0.6437848210334778,10.987236976623535,11.412518501281738,-0.0,-0.0,-0.0,-0.0,off
7.62,9.922918319702148,-4.352731227874756,-1.3088737726211548,0.6001684665679932,0.6394231915473938,10.914381980895996,11.362696647644043,-0.0,-0.0,-0.0,-0.0,off
7.640000000000001,9.958602905273438,-4.368773937225342,-1.3237262964248657,0.6122163534164429,0.6367025375366211,10.955008506774902,11.321921348571777,-0.0,-0.0,-0.0,-0.0,off
7.66,9.98115348815918,-4.3347368240356445,-1.3207093477249146,0.6122326850891113,0.6342555284500122,10.961644172668457,11.285871505737305,-0.0,-0.0,-0.0,-0.0,off
7.68,9.972058296203613,-4.323781490325928,-1.3275586366653442,0.5967305898666382,0.6305030584335327,10.949860572814941,11.25224781036377,-0.0,-0.0,-0.0,-0.0,off
7.7,9.925521850585938,-4.294256687164307,-1.3198033571243286,0.5989331007003784,0.6273460388183594,10.89488410949707,11.216486930847168,-0.0,0.0,-0.0,-0.0,off
7.72,9.8761568069458,-4.285391330718994,-1.3179601430892944,0.6011890172958374,0.6247303485870361,10.846200942993164,11.179445266723633,-0.0,-0.0,-0.0,-0.0,off
7.74,9.809588432312012,-4.279233932495117,-1.303975224494934,0.6100926399230957,0.6232665777206421,10.781476020812988,11.139644622802734,-0.0,-0.0,-0.0,-0.0,off
7.76,9.830903053283691,-4.273543357849121,-1.3036664724349976,0.6077134609222412,0.621711254119873,10.798582077026367,11.105531692504883,-0.0,-0.0,-0.0,-0.0,off
7.78,9.798531532287598,-4.2492194175720215,-1.306766152381897,0.5842263698577881,0.6179627180099487,10.759866714477539,11.070955276489258,-0.0,-0.0,-0.0,-0.0,off
7.8,9.703302383422852,-4.206086158752441,-1.2764562368392944,0.584957480430603,0.6146621704101562,10.652444839477539,11.029097557067871,-0.0,-0.0,-0.0,-0.0,off
7.82,9.608891487121582,-4.169451713562012,-1.2717844247817993,0.5848761796951294,0.6116835474967957,10.551424026489258,10.981325149536133,-0.0,-0.0,-0.0,-0.0,off
7.84,9.632864952087402,-4.158109188079834,-1.279558777809143,0.5805505514144897,0.6085702180862427,10.569731712341309,10.940154075622559,-0.0,-0.0,-0.0,-0.0,off
7.86,9.632209777832031,-4.14042854309082,-1.279849648475647,0.56354820728302,0.6040679812431335,10.562226295471191,10.902344703674316,-0.0,-0.0,-0.0,-0.0,off
7.88,9.610963821411133,-4.139712810516357,-1.2915626764297485,0.5459632873535156,0.5982574820518494,10.544002532958984,10.866497993469238,-0.0,-0.0,-0.0,-0.0,off
7.9,9.53022289276123,-4.115289211273193,-1.2754851579666138,0.5462832450866699,0.5930600166320801,10.458853721618652,10.825728416442871,-0.0,-0.0,-0.0,-0.0,off
7.92,9.552376747131348,-4.08856201171875,-1.2699285745620728,0.555087685585022,0.5892627835273743,10.467901229858398,10.789928436279297,-0.0,-0.0,-0.0,-0.0,off
7.94,9.40302562713623,-4.036447048187256,-1.262414574623108,0.536288857460022,0.5839653611183167,10.310358047485352,10.741961479187012,-0.0,-0.0,-0.0,-0.0,off
7.96,9.451004028320312,-4.054606914520264,-1.287115216255188,0.5131503343582153,0.5768837928771973,10.364264488220215,10.704178810119629,-0.0,-0.0,-0.0,-0.0,off
7.98,9.474077224731445,-4.064352512359619,-1.280286192893982,0.5093939304351807,0.5701347589492798,10.388274192810059,10.672578811645508,-0.0,-0.0,-0.0,-0.0,off
8.0,9.365002632141113,-4.011724472045898,-1.2508755922317505,0.524259090423584,0.5655471682548523,10.264594078063965,10.631772994995117,-0.0,-0.0,-0.0,-0.0,off
8.02,9.444672584533691,-4.03607177734375,-1.254595398902893,0.5452146530151367,0.5635138750076294,10.347256660461426,10.603312492370605,-0.0,-0.0,-0.0,-0.0,off
8.040000000000001,9.405986785888672,-4.002042293548584,-1.2518678903579712,0.5424162149429321,0.5614040493965149,10.298354148864746,10.57280158996582,-0.0,-0.0,-0.0,-0.0,off
8.06,9.380389213562012,-3.9970335960388184,-1.2614318132400513,0.5132346153259277,0.5565871000289917,10.274200439453125,10.54293155670166,-0.0,-0.0,-0.0,-0.0,off
8.08,9.441411972045898,-4.019602298736572,-1.2700058221817017,0.5203580856323242,0.5529642105102539,10.339747428894043,10.522603988647461,-0.0,-0.0,-0.0,-0.0,off
8.1,9.442856788635254,-3.9942240715026855,-1.2586561441421509,0.5348480939865112,0.5511525869369507,10.329839706420898,10.50330924987793,-0.0,-0.0,-0.0,-0.0,off
8.120000000000001,9.370485305786133,-3.948599338531494,-1.2492626905441284,0.5341863632202148,0.5494559407234192,10.244905471801758,10.477446556091309,-0.0,-0.0,-0.0,-0.0,off
8.14,9.237187385559082,-3.8964781761169434,-1.2558571100234985,0.4994383752346039,0.5444541573524475,10.103729248046875,10.440055847167969,-0.0,-0.0,-0.0,-0.0,off
8.16,9.22380256652832,-3.890573024749756,-1.261576771736145,0.4802081286907196,0.5380295515060425,10.089929580688477,10.405025482177734,-0.0,-0.0,-0.0,-0.0,off
8.18,9.276082992553711,-3.892256259918213,-1.2824729681015015,0.47918257117271423,0.5321448445320129,10.141011238098145,10.378595352172852,-0.0,-0.0,-0.0,-0.0,off
8.2,9.200998306274414,-3.862271785736084,-1.2834163904190063,0.45839837193489075,0.524770200252533,10.06094741821289,10.346803665161133,-0.0,0.0,-0.0,-0.0,off
8.22,9.117158889770508,-3.8361992835998535,-1.2720381021499634,0.4351864755153656,0.5158118009567261,9.972817420959473,10.309386253356934,-0.0,-0.0,-0.0,-0.0,off
8.24,9.109271049499512,-3.8224921226501465,-1.2802304029464722,0.41904184222221375,0.5061348080635071,9.96138858795166,10.27456283569336,-0.0,-0.0,-0.0,-0.0,off
8.26,9.099390983581543,-3.8250973224639893,-1.2776480913162231,0.42006465792655945,0.4975277781486511,9.953023910522461,10.242393493652344,-0.0,-0.0,-0.0,-0.0,off
8.28,9.088051795959473,-3.81628680229187,-1.2760847806930542,0.4131905734539032,0.4890940189361572,9.939070701599121,10.212047576904297,-0.0,0.0,-0.0,-0.0,off
8.3,9.146181106567383,-3.840268135070801,-1.2893427610397339,0.40131375193595886,0.4803159832954407,10.003133773803711,10.191142082214355,-0.0,-0.0,-0.0,-0.0,off
8.32,9.08643627166748,-3.8248085975646973,-1.2954808473587036,0.37792202830314636,0.4700765907764435,9.943377494812012,10.166351318359375,-0.0,-0.0,-0.0,-0.0,off
8.34,9.013052940368652,-3.793328046798706,-1.280647873878479,0.3756652772426605,0.4606354236602783,9.86227798461914,10.135934829711914,-0.0,-0.0,-0.0,-0.0,off
8.36,9.056344985961914,-3.803337812423706,-1.2918890714645386,0.3813541829586029,0.45270729064941406,9.907155990600586,10.113045692443848,-0.0,-0.0,-0.0,-0.0,off
8.38,9.039892196655273,-3.8126211166381836,-1.3004037141799927,0.3703237473964691,0.4444689154624939,9.896806716918945,10.091410636901855,-0.0,-0.0,-0.0,-0.0,off
8.4,8.869162559509277,-3.7459254264831543,-1.2692993879318237,0.3692328631877899,0.4369452893733978,9.711082458496094,10.05337142944336,-0.0,-0.0,-0.0,-0.0,off
8.42,8.889307022094727,-3.755398750305176,-1.2807637453079224,0.3600707948207855,0.4292578399181366,9.734637260437012,10.021489143371582,-0.0,-0.0,-0.0,-0.0,off
8.44,8.826835632324219,-3.7522640228271484,-1.27328360080719,0.3656511604785919,0.4228971600532532,9.675420761108398,9.9868745803833,-0.0,-0.0,-0.0,-0.0,off
8.46,8.795039176940918,-3.7149899005889893,-1.2517739534378052,0.3788011968135834,0.418487548828125,9.62916374206543,9.951101303100586,-0.0,0.0,-0.0,-0.0,off
8.48,8.811537742614746,-3.7185468673706055,-1.2670217752456665,0.3603886663913727,0.4126776456832886,9.647597312927246,9.920746803283691,-0.0,-0.0,-0.0,-0.0,off
8.5,8.73054313659668,-3.6910104751586914,-1.2712403535842896,0.3343639075756073,0.4048462510108948,9.563576698303223,9.885021209716797,-0.0,-0.0,-0.0,-0.0,off
8.52,8.73875904083252,-3.6918530464172363,-1.2596346139907837,0.32930466532707214,0.3972920775413513,9.569868087768555,9.85350227355957,-0.0,-0.0,-0.0,-0.0,off
8.540000000000001,8.649473190307617,-3.6584701538085938,-1.2330070734024048,0.35190895199775696,0.3927537798881531,9.471963882446289,9.815347671508789,-0.0,-0.0,-0.0,-0.0,off
8.56,8.546294212341309,-3.604896068572998,-1.22319757938385,0.3397076427936554,0.3874491751194,9.355780601501465,9.769390106201172,-0.0,-0.0,-0.0,-0.0,off
8.58,8.557391166687012,-3.6221485137939453,-1.232462763786316,0.33376845717430115,0.3820810914039612,9.373785972595215,9.729826927185059,-0.0,-0.0,-0.0,-0.0,off
8.6,8.658838272094727,-3.648146152496338,-1.245397925376892,0.33049383759498596,0.3769223392009735,9.478157043457031,9.704658508300781,-0.0,-0.0,-0.0,-0.0,off
8.620000000000001,8.574496269226074,-3.621321678161621,-1.2304247617721558,0.3290121853351593,0.3721313178539276,9.38881778717041,9.673072814941406,-0.0,0.0,-0.0,-0.0,off
8.64,8.494587898254395,-3.591517925262451,-1.2210217714309692,0.3256431519985199,0.3674824833869934,9.303112983703613,9.636076927185059,-0.0,0.0,-0.0,-0.0,off
8.66,8.401619911193848,-3.5735039710998535,-1.203532099723816,0.31487390398979187,0.3622215986251831,9.20899772644043,9.593365669250488,-0.0,-0.0,-0.0,-0.0,off
8.68,8.3211030960083,-3.5342726707458496,-1.1964699029922485,0.3025125563144684,0.35625070333480835,9.11939525604248,9.545967102050781,-0.0,-0.0,-0.0,-0.0,off
8.700000000000001,8.218947410583496,-3.505370855331421,-1.1692248582839966,0.30380919575691223,0.35100656747817993,9.011425971984863,9.492509841918945,-0.0,0.0,-0.0,-0.0,off
8.72,8.22692584991455,-3.5100440979003906,-1.1756693124771118,0.30230972170829773,0.3461368680000305,9.02135944366455,9.445390701293945,-0.0,-0.0,-0.0,-0.0,off
8.74,8.170479774475098,-3.4721126556396484,-1.167972445487976,0.2815382182598114,0.33967697620391846,8.954131126403809,9.39626407623291,-0.0,-0.0,-0.0,-0.0,off
8.76,8.134058952331543,-3.4662299156188965,-1.1622921228408813,0.2697087228298187,0.3326801359653473,8.917880058288574,9.348423957824707,-0.0,0.0,-0.0,-0.0,off
8.78,8.090527534484863,-3.4531021118164062,-1.1593164205551147,0.25778278708457947,0.32519036531448364,8.872686386108398,9.300847053527832,-0.0,-0.0,-0.0,-0.0,off
8.8,8.041799545288086,-3.4144034385681152,-1.1352201700210571,0.2688980996608734,0.3195611238479614,8.810074806213379,9.251769065856934,-0.0,-0.0,-0.0,-0.0,off
8.82,7.859432697296143,-3.3522117137908936,-1.0992690324783325,0.28021755814552307,0.31562677025794983,8.614893913269043,9.188077926635742,-0.0,-0.0,-0.0,-0.0,off
8.84,7.78201150894165,-3.3267276287078857,-1.103598952293396,0.26229211688041687,0.3102932870388031,8.534914016723633,9.122758865356445,-0.0,-0.0,-0.0,-0.0,off
8.86,7.7852864265441895,-3.317026138305664,-1.109850525856018,0.25246337056159973,0.30451029539108276,8.534934997558594,9.06397533416748,-0.0,-0.0,-0.0,-0.0,off
8.88,7.707311153411865,-3.2818737030029297,-1.0868135690689087,0.25377771258354187,0.2994370460510254,8.447159767150879,9.00229263305664,-0.0,-0.0,-0.0,-0.0,off
8.9,7.72482967376709,-3.284242868423462,-1.083926796913147,0.270346075296402,0.2965279519557953,8.463695526123047,8.948431968688965,-0.0,0.0,-0.0,-0.0,off
8.92,7.608410358428955,-3.23063063621521,-1.0748478174209595,0.26531705260276794,0.2934068441390991,8.335476875305176,8.88713550567627,-0.0,0.0,-0.0,-0.0,off
8.94,7.558030605316162,-3.208585023880005,-1.0850411653518677,0.2437584102153778,0.2884420156478882,8.282279968261719,8.826648712158203,-0.0,0.0,-0.0,-0.0,off
8.96,7.557156562805176,-3.20306396484375,-1.088708519935608,0.23780909180641174,0.2833787202835083,8.279826164245605,8.771964073181152,-0.0,-0.0,-0.0,-0.0,off
8.98,7.4524993896484375,-3.1503472328186035,-1.0661739110946655,0.2460390031337738,0.27964475750923157,8.160953521728516,8.710861206054688,-0.0,-0.0,-0.0,-0.0,off
9.0,7.407165050506592,-3.118917226791382,-1.055528998374939,0.2570657432079315,0.2773868441581726,8.106040000915527,8.650375366210938,-0.0,-0.0,-0.0,-0.0,off
9.02,7.348042011260986,-3.1004762649536133,-1.0580140352249146,0.24481090903282166,0.2741292417049408,8.04525089263916,8.589859962463379,-0.0,-0.0,-0.0,-0.0,off
9.040000000000001,7.32321310043335,-3.0615038871765137,-1.0542341470718384,0.2356184422969818,0.2702781558036804,8.007101058959961,8.531574249267578,-0.0,-0.0,-0.0,-0.0,off
9.06,7.169724941253662,-3.0272884368896484,-1.0393790006637573,0.22876140475273132,0.26612648367881775,7.8517351150512695,8.463587760925293,-0.0,-0.0,-0.0,-0.0,off
9.08,7.075695514678955,-2.974931240081787,-1.018795132637024,0.2366221845149994,0.2631760537624359,7.7429728507995605,8.391523361206055,-0.0,-0.0,-0.0,-0.0,off
9.1,6.995156764984131,-2.9202260971069336,-1.0085340738296509,0.2227468192577362,0.25913313031196594,7.647030830383301,8.317066192626953,-0.0,-0.0,-0.0,-0.0,off
9.120000000000001,7.035669803619385,-2.90828275680542,-1.0299807786941528,0.19680187106132507,0.25290000438690186,7.682422637939453,8.253575325012207,-0.0,-0.0,-0.0,-0.0,off
9.14,6.958744525909424,-2.8623504638671875,-1.0188738107681274,0.18291160464286804,0.24590115249156952,7.5931077003479,8.187499046325684,-0.0,-0.0,-0.0,-0.0,off
9.16,6.909101963043213,-2.844167709350586,-1.0207034349441528,0.18082955479621887,0.23939399421215057,7.541008949279785,8.122823715209961,-0.0,-0.0,-0.0,-0.0,off
9.18,6.815083980560303,-2.8081836700439453,-0.9970697164535522,0.19133040308952332,0.2345876395702362,7.438105583190918,8.05433464050293,-0.0,-0.0,-0.0,-0.0,off
9.200000000000001,6.755017280578613,-2.7635598182678223,-0.9990314245223999,0.1706899106502533,0.2281978726387024,7.366517543792725,7.9855241775512695,-0.0,0.0,-0.0,-0.0,off
9.22,6.670279026031494,-2.7172911167144775,-0.988010048866272,0.1643492877483368,0.22181300818920135,7.269969463348389,7.913935661315918,-0.0,-0.0,-0.0,-0.0,off
9.24,6.7140374183654785,-2.7395994663238525,-1.0094715356826782,0.15881171822547913,0.21551287174224854,7.3213887214660645,7.85465145111084,-0.0,-0.0,-0.0,-0.0,off
9.26,6.606800556182861,-2.6756200790405273,-0.9896074533462524,0.16504451632499695,0.21046602725982666,7.1963934898376465,7.788788318634033,-0.0,-0.0,-0.0,-0.0,off
9.28,6.5540690422058105,-2.649811267852783,-0.9951802492141724,0.14539846777915955,0.20395927131175995,7.139166831970215,7.723785877227783,-0.0,-0.0,-0.0,-0.0,off
9.3,6.565104007720947,-2.626570224761963,-0.9975439310073853,0.1279459297657013,0.19635793566703796,7.141047477722168,7.6654534339904785,-0.0,-0.0,-0.0,-0.0,off
9.32,6.496989727020264,-2.5902063846588135,-0.9808565378189087,0.13292196393013,0.1900143325328827,7.062727928161621,7.605127334594727,-0.0,-0.0,-0.0,-0.0,off
9.34,6.47359037399292,-2.5755698680877686,-0.9731372594833374,0.1351856291294098,0.18453145027160645,7.034765720367432,7.5480427742004395,-0.0,-0.0,-0.0,-0.0,off
9.36,6.431018352508545,-2.5467491149902344,-0.9757405519485474,0.12652745842933655,0.1787310391664505,6.985413074493408,7.491725921630859,-0.0,-0.0,-0.0,-0.0,off
9.38,6.360561847686768,-2.4908647537231445,-0.9592064619064331,0.11069008708000183,0.17192694544792175,6.897914886474609,7.432271480560303,-0.0,-0.0,-0.0,-0.0,off
9.4,6.360693454742432,-2.4650540351867676,-0.9691859483718872,0.07944497466087341,0.16267874836921692,6.890154838562012,7.377962589263916,-0.0,-0.0,-0.0,-0.0,off
9.42,6.247082233428955,-2.428093194961548,-0.9481562376022339,0.08024117350578308,0.15443497896194458,6.769096851348877,7.317008018493652,-0.0,-0.0,-0.0,-0.0,off
9.44,6.255648136138916,-2.4309144020080566,-0.9450634717941284,0.0968412458896637,0.1486756056547165,6.777582168579102,7.263010025024414,-0.0,-0.0,-0.0,-0.0,off
9.46,6.109287261962891,-2.3657593727111816,-0.9203423261642456,0.10179558396339417,0.14398761093616486,6.615681171417236,7.19822359085083,-0.0,-0.0,-0.0,-0.0,off
9.48,6.082059383392334,-2.3362371921539307,-0.9191123247146606,0.09614625573158264,0.13920347392559052,6.579834461212158,7.136319160461426,-0.0,-0.0,-0.0,-0.0,off
9.5,6.064314365386963,-2.3104591369628906,-0.9296120405197144,0.06602367758750916,0.13188548386096954,6.555784225463867,7.078184127807617,-0.0,-0.0,-0.0,-0.0,off
9.52,6.147831439971924,-2.347874164581299,-0.9469753503799438,0.06335374712944031,0.12503230571746826,6.6486921310424805,7.035171985626221,-0.0,-0.0,-0.0,-0.0,off
9.540000000000001,6.131279468536377,-2.3349664211273193,-0.9373289346694946,0.0656687319278717,0.11909594386816025,6.627460956573486,6.994344234466553,-0.0,-0.0,-0.0,-0.0,off
9.56,6.0935821533203125,-2.2771217823028564,-0.9206820726394653,0.06644150614738464,0.11383049935102463,6.56998348236084,6.951807975769043,-0.0,-0.0,-0.0,-0.0,off
9.58,6.0872087478637695,-2.259711980819702,-0.9269651174545288,0.050301045179367065,0.10747755318880081,6.558938503265381,6.912415504455566,-0.0,-0.0,-0.0,-0.0,off
9.6,6.060705661773682,-2.251438617706299,-0.9179719686508179,0.04706975817680359,0.10143677145242691,6.530222415924072,6.874113082885742,-0.0,-0.0,-0.0,-0.0,off
9.620000000000001,5.997060298919678,-2.2378990650177,-0.8982092142105103,0.07115247845649719,0.09840833395719528,6.463722229003906,6.833019256591797,-0.0,-0.0,-0.0,-0.0,off
9.64,6.037591457366943,-2.2120680809020996,-0.909359335899353,0.05803653597831726,0.09437114745378494,6.4940505027771,6.79902458190918,-0.0,-0.0,-0.0,-0.0,off
9.66,6.072687149047852,-2.221733331680298,-0.9242442846298218,0.04418089985847473,0.08935212343931198,6.5320634841918945,6.772242069244385,-0.0,-0.0,-0.0,-0.0,off
9.68,6.03956937789917,-2.1925408840179443,-0.9202293157577515,0.04500141739845276,0.08491705358028412,6.490797519683838,6.7440032958984375,-0.0,-0.0,-0.0,-0.0,off
9.700000000000001,5.980310916900635,-2.184144973754883,-0.9151755571365356,0.045749157667160034,0.08100026100873947,6.432118892669678,6.712754249572754,-0.0,-0.0,-0.0,-0.0,off
9.72,5.909068584442139,-2.167694568634033,-0.8996800184249878,0.047298163175582886,0.07763005048036575,6.35809850692749,6.677250862121582,-0.0,-0.0,-0.0,-0.0,off
9.74,5.841019153594971,-2.1283833980560303,-0.8922239542007446,0.03976866602897644,0.07384391129016876,6.280412673950195,6.637521266937256,-0.0,-0.0,-0.0,-0.0,off
9.76,5.927009105682373,-2.1065890789031982,-0.9143050909042358,0.013658255338668823,0.06782534718513489,6.356343746185303,6.609294414520264,-0.0,-0.0,-0.0,-0.0,off
9.78,5.867574691772461,-2.083383798599243,-0.9099394083023071,0.016244620084762573,0.06266727298498154,6.292607307434082,6.57753324508667,-0.0,-0.0,-0.0,-0.0,off
9.8,5.741691589355469,-2.030137062072754,-0.895816445350647,0.011822432279586792,0.057582788169384,6.155563831329346,6.535247802734375,-0.0,-0.0,-0.0,-0.0,off
9.82,5.849974155426025,-2.059004306793213,-0.9141303300857544,0.012400418519973755,0.05306454747915268,6.268758296966553,6.508510589599609,-0.0,-0.0,-0.0,-0.0,off
9.84,5.826513767242432,-2.0549888610839844,-0.9202216863632202,0.0022734105587005615,0.04798543080687523,6.246442794799805,6.482234001159668,-0.0,-0.0,-0.0,-0.0,off
9.86,5.910733699798584,-2.0682573318481445,-0.9395338296890259,-0.0036571919918060303,0.04282116889953613,6.332233905792236,6.4671525955200195,-0.0,-0.0,-0.0,-0.0,off
9.88,5.905057430267334,-2.047440767288208,-0.9399598836898804,0.007442981004714966,0.039283350110054016,6.320224761962891,6.452367305755615,-0.0,-0.0,-0.0,-0.0,off
9.9,5.934388637542725,-2.0330593585968018,-0.9505470991134644,-0.001936584711074829,0.03516135364770889,6.34459114074707,6.441474437713623,-0.0,-0.0,-0.0,-0.0,off
9.92,5.914549350738525,-2.02958607673645,-0.9547508955001831,-0.011910945177078247,0.030454121530056,6.32555627822876,6.429790019989014,-0.0,-0.0,-0.0,-0.0,off
9.94,5.913742542266846,-1.975588321685791,-0.9508758783340454,-0.015522509813308716,0.02585645765066147,6.307096481323242,6.417358875274658,-0.0,-0.0,-0.0,-0.0,off
9.96,5.930125713348389,-1.97336745262146,-0.9619463682174683,-0.02879086136817932,0.02039172500371933,6.323441028594971,6.4078168869018555,-0.0,0.0,-0.0,-0.0,off
9.98,5.943177700042725,-1.983353614807129,-0.9763261079788208,-0.017013221979141235,0.016651229932904243,6.340999126434326,6.401014804840088,-0.0,-0.0,-0.0,-0.0,off
10.0,5.918224334716797,-2.008584499359131,-0.9751495122909546,-0.022015005350112915,0.012784605845808983,6.325401782989502,6.393396377563477,-0.0,0.0,-0.0,-0.0,off
10.02,5.934503555297852,-1.9981334209442139,-0.9817734956741333,-0.025167852640151978,0.008989359252154827,6.338355541229248,6.387826442718506,-0.0,0.0,-0.0,-0.0,off
10.040000000000001,5.980736255645752,-2.038726806640625,-0.9961386919021606,-0.03224483132362366,0.004865940194576979,6.3967108726501465,6.388679027557373,-0.0,0.0,-0.0,-0.0,off
10.06,6.002037525177002,-2.00631046295166,-0.9960500001907349,-0.02761116623878479,0.0016182293184101582,6.406391620635986,6.390387535095215,-0.0,0.0,-0.0,-0.0,off
10.08,6.043724060058594,-2.0284736156463623,-1.004247784614563,-0.004842311143875122,0.0009721751557663083,6.453667163848877,6.396671772003174,-0.0,-0.0,-0.0,-0.0,off
10.1,6.109724521636963,-2.073152542114258,-1.0097955465316772,0.0019018352031707764,0.0010651410557329655,6.530419826507568,6.41002893447876,-0.0,-0.0,-0.0,-0.0,off
10.120000000000001,6.144210338592529,-2.0623185634613037,-1.027889370918274,-0.005058079957962036,0.00045281893108040094,6.562090873718262,6.425200462341309,-0.0,-0.0,-0.0,-0.0,off
10.14,6.129801273345947,-2.054872989654541,-1.0239793062210083,-0.010255128145217896,-0.0006179757765494287,6.545647621154785,6.437216281890869,-0.0,-0.0,-0.0,-0.0,off
10.16,6.151698589324951,-2.0585179328918457,-1.0372318029403687,-0.007309705018997192,-0.0012871486833319068,6.5693793296813965,6.45040225982666,-0.0,-0.0,-0.0,-0.0,off
10.18,6.1600494384765625,-2.082529306411743,-1.0305691957473755,0.009249776601791382,-0.00023345608497038484,6.583707809448242,6.463722229003906,-0.0,-0.0,-0.0,-0.0,off
10.200000000000001,6.283483982086182,-2.1120500564575195,-1.0505589246749878,0.004775136709213257,0.0002674032002687454,6.711676597595215,6.488503932952881,-0.0,-0.0,-0.0,-0.0,off
10.22,6.353672504425049,-2.155092477798462,-1.0757023096084595,-0.0017506182193756104,6.560105248354375e-05,6.794903755187988,6.519134521484375,-0.0,-0.0,-0.0,-0.0,off
10.24,6.438960552215576,-2.2049245834350586,-1.0871583223342896,0.02255895733833313,0.002314936835318804,6.892301559448242,6.556446075439453,-0.0,-0.0,-0.0,-0.0,off
10.26,6.571292400360107,-2.253377914428711,-1.1039000749588013,0.03784558176994324,0.005868001375347376,7.034073829650879,6.604206085205078,-0.0,-0.0,-0.0,-0.0,off
10.28,6.688864231109619,-2.287667751312256,-1.1241689920425415,0.04275819659233093,0.009557020850479603,7.158078193664551,6.659590721130371,0.0,-0.0,-0.0,0.0,off
10.3,6.810399532318115,-2.333493709564209,-1.1488209962844849,0.02777370810508728,0.011378688737750053,7.29016637802124,6.722644805908203,0.0,-0.0,-0.0,0.0,off
10.32,6.956324577331543,-2.424567222595215,-1.1766945123672485,0.029110044240951538,0.013151823543012142,7.4601335525512695,6.796379566192627,-0.0,-0.0,-0.0,-0.0,off
10.34,7.014185428619385,-2.4708542823791504,-1.1702319383621216,0.05894574522972107,0.017731215804815292,7.528171062469482,6.869534015655518,-0.0,-0.0,-0.0,-0.0,off
10.36,7.066400051116943,-2.4860663414001465,-1.1829460859298706,0.07083877921104431,0.023041971027851105,7.583791732788086,6.94094181060791,-0.0,-0.0,-0.0,-0.0,off
10.38,7.128572463989258,-2.536992311477661,-1.178533673286438,0.08368358016014099,0.029106130823493004,7.65779447555542,7.01259183883667,-0.0,-0.0,-0.0,-0.0,off
10.4,7.297123908996582,-2.5891242027282715,-1.2006808519363403,0.08519300818443298,0.03471481800079346,7.835382461547852,7.094847202301025,0.0,-0.0,-0.0,0.0,off
10.42,7.441053867340088,-2.715261697769165,-1.2328258752822876,0.09277352690696716,0.04052069038152695,8.016345024108887,7.186905860900879,-0.0,-0.0,-0.0,-0.0,off
10.44,7.480418682098389,-2.7458410263061523,-1.2352396249771118,0.09652325510978699,0.04612094908952713,8.063630104064941,7.274485111236572,-0.0,-0.0,-0.0,-0.0,off
10.46,7.585060119628906,-2.7833240032196045,-1.253836989402771,0.08776643872261047,0.050285495817661285,8.176315307617188,7.36459493637085,-0.0,0.0,-0.0,-0.0,off
10.48,7.521058559417725,-2.7930908203125,-1.2383760213851929,0.06707116961479187,0.051964063197374344,8.117959022521973,7.439831733703613,-0.0,-0.0,-0.0,-0.0,off
10.5,7.562758445739746,-2.8203482627868652,-1.2365065813064575,0.06440427899360657,0.05320808291435242,8.165698051452637,7.512321949005127,-0.0,-0.0,-0.0,-0.0,off
10.52,7.537317276000977,-2.879672050476074,-1.2082923650741577,0.10590150952339172,0.05847742408514023,8.15865421295166,7.576763153076172,0.0,-0.0,-0.0,0.0,off
10.540000000000001,7.586513042449951,-2.9164345264434814,-1.21403968334198,0.09976795315742493,0.06260647624731064,8.217947006225586,7.640695571899414,0.0,-0.0,-0.0,0.0,off
10.56,7.71527624130249,-2.9838595390319824,-1.2313791513442993,0.07007917761802673,0.06335374712944031,8.363324165344238,7.712774753570557,-0.0,-0.0,-0.0,-0.0,off
10.58,7.76825475692749,-3.0515356063842773,-1.2404311895370483,0.0585610568523407,0.06287447363138199,8.437790870666504,7.785042762756348,-0.0,0.0,-0.0,-0.0,off
10.6,7.808570384979248,-3.071107864379883,-1.2405928373336792,0.05758211016654968,0.0623452365398407,8.482012748718262,7.854543685913086,-0.0,0.0,-0.0,-0.0,off
10.620000000000001,7.76826810836792,-3.0843234062194824,-1.222680687904358,0.06612101197242737,0.06272280961275101,8.447129249572754,7.913588047027588,-0.0,-0.0,-0.0,-0.0,off
10.64,7.782593727111816,-3.110593795776367,-1.222779393196106,0.05802533030509949,0.062253061681985855,8.469931602478027,7.969012260437012,-0.0,-0.0,-0.0,-0.0,off
10.66,7.762314796447754,-3.1221065521240234,-1.2205003499984741,0.049254149198532104,0.06095317006111145,8.455217361450195,8.017430305480957,-0.0,0.0,-0.0,-0.0,off
10.68,7.824019432067871,-3.1552376747131348,-1.2168234586715698,0.05123302340507507,0.059981152415275574,8.523582458496094,8.067861557006836,-0.0,0.0,-0.0,-0.0,off
10.700000000000001,7.840691089630127,-3.2001421451568604,-1.2283886671066284,0.05910620093345642,0.0598936565220356,8.557235717773438,8.11658763885498,0.0,0.0,-0.0,0.0,off
10.72,7.868439674377441,-3.226923942565918,-1.2287143468856812,0.052446991205215454,0.059148989617824554,8.59273624420166,8.164003372192383,-0.0,-0.0,-0.0,-0.0,off
10.74,7.938095569610596,-3.2421793937683105,-1.2333372831344604,0.045605748891830444,0.057794664055109024,8.662921905517578,8.213752746582031,-0.0,-0.0,-0.0,-0.0,off
10.76,7.949377536773682,-3.256856679916382,-1.2447670698165894,0.03453764319419861,0.05546896159648895,8.680389404296875,8.26029109954834,-0.0,-0.0,-0.0,-0.0,off
10.78,7.879973411560059,-3.264932870864868,-1.2220512628555298,0.06341895461082458,0.056263960897922516,8.616680145263672,8.295772552490234,-0.0,-0.0,-0.0,-0.0,off
10.8,7.913523197174072,-3.2718801498413086,-1.2301474809646606,0.06290176510810852,0.05692773684859276,8.651144981384277,8.331193923950195,-0.0,-0.0,-0.0,-0.0,off
10.82,7.958967685699463,-3.3061187267303467,-1.2416702508926392,0.06396946310997009,0.05763190612196922,8.707314491271973,8.368692398071289,0.0,-0.0,-0.0,0.0,off
10.84,8.006686210632324,-3.3414769172668457,-1.251076579093933,0.05710926651954651,0.0575796402990818,8.765710830688477,8.408283233642578,0.0,-0.0,-0.0,0.0,off
10.86,8.053446769714355,-3.3709774017333984,-1.2589360475540161,0.05947574973106384,0.05776925012469292,8.820794105529785,8.449431419372559,-0.0,-0.0,-0.0,-0.0,off
10.88,8.07278060913086,-3.415666341781616,-1.272884488105774,0.07862624526023865,0.05985494703054428,8.857583999633789,8.490116119384766,-0.0,-0.0,-0.0,-0.0,off
10.9,8.043912887573242,-3.4074363708496094,-1.2630211114883423,0.08259865641593933,0.062129318714141846,8.826685905456543,8.523662567138672,-0.0,-0.0,-0.0,-0.0,off
10.92,8.081110954284668,-3.4331040382385254,-1.2640825510025024,0.08288034796714783,0.06420441716909409,8.870651245117188,8.558259010314941,-0.0,-0.0,-0.0,-0.0,off
10.94,8.030354499816895,-3.3971691131591797,-1.2567301988601685,0.061525315046310425,0.0639365017414093,8.809468269348145,8.583313941955566,-0.0,-0.0,-0.0,-0.0,off
10.96,8.044514656066895,-3.417227268218994,-1.2522534132003784,0.06959888339042664,0.06450273841619492,8.829484939575195,8.60786247253418,-0.0,-0.0,-0.0,-0.0,off
10.98,8.01402473449707,-3.435051918029785,-1.2462435960769653,0.08762606978416443,0.06681507080793381,8.8077974319458,8.627766609191895,-0.0,-0.0,-0.0,-0.0,off
11.0,8.047301292419434,-3.4649085998535156,-1.245266318321228,0.08763375878334045,0.06889693439006805,8.849595069885254,8.649857521057129,-0.0,-0.0,-0.0,-0.0,off
11.02,8.020541191101074,-3.4512088298797607,-1.251590609550476,0.06033793091773987,0.06804103404283524,8.820793151855469,8.66688060760498,-0.0,-0.0,-0.0,-0.0,off
11.040000000000001,8.091818809509277,-3.4947667121887207,-1.262180209159851,0.0718473494052887,0.06842166185379028,8.904157638549805,8.690537452697754,-0.0,-0.0,-0.0,-0.0,off
11.06,8.090670585632324,-3.4916834831237793,-1.2457853555679321,0.08975479006767273,0.07055497169494629,8.899595260620117,8.711385726928711,-0.0,0.0,-0.0,-0.0,off
11.08,8.121796607971191,-3.521207094192505,-1.2520571947097778,0.10198625922203064,0.07369809597730637,8.940364837646484,8.734222412109375,-0.0,-0.0,-0.0,-0.0,off
11.1,8.076798439025879,-3.510618209838867,-1.2493010759353638,0.08913013339042664,0.07524129748344421,8.89493465423584,8.750237464904785,-0.0,-0.0,-0.0,-0.0,off
11.120000000000001,8.070181846618652,-3.510075569152832,-1.250278115272522,0.08888110518455505,0.07660527527332306,8.888850212097168,8.76405143737793,-0.0,0.0,-0.0,-0.0,off
11.14,8.039982795715332,-3.518134593963623,-1.2351480722427368,0.10925635695457458,0.07987038046121597,8.862516403198242,8.77383804321289,-0.0,0.0,-0.0,-0.0,off
11.16,8.151750564575195,-3.5629451274871826,-1.2527490854263306,0.11505427956581116,0.08338876813650131,8.984152793884277,8.794825553894043,-0.0,-0.0,-0.0,-0.0,off
11.18,8.258644104003906,-3.6121928691864014,-1.2798265218734741,0.10795095562934875,0.085844986140728,9.104454040527344,8.825751304626465,-0.0,-0.0,-0.0,-0.0,off
11.200000000000001,8.2912015914917,-3.623260021209717,-1.2830151319503784,0.08499094843864441,0.08575958013534546,9.138827323913574,8.857030868530273,-0.0,-0.0,-0.0,-0.0,off
11.22,8.232050895690918,-3.6133272647857666,-1.2616766691207886,0.09307810664176941,0.0864914283156395,9.07824993133545,8.879117965698242,-0.0,0.0,-0.0,-0.0,off
11.24,8.102921485900879,-3.6036875247955322,-1.2375365495681763,0.12291225790977478,0.09013350307941437,8.954071044921875,8.886542320251465,-0.0,0.0,-0.0,-0.0,off
11.26,8.20376968383789,-3.6349968910217285,-1.2542005777359009,0.13073775172233582,0.09419392049312592,9.060246467590332,8.903868675231934,-0.0,-0.0,-0.0,-0.0,off
11.28,8.205174446105957,-3.640942096710205,-1.260250210762024,0.12298783659934998,0.09707330912351608,9.064743995666504,8.919917106628418,-0.0,-0.0,-0.0,-0.0,off
11.3,8.241192817687988,-3.651141881942749,-1.2687164545059204,0.11308375000953674,0.09867434948682785,9.102622032165527,8.938159942626953,-0.0,0.0,-0.0,-0.0,off
11.32,8.291848182678223,-3.6821868419647217,-1.2725645303726196,0.10993602871894836,0.09980051219463348,9.161477088928223,8.960463523864746,-0.0,-0.0,-0.0,-0.0,off
11.34,8.281832695007324,-3.694566249847412,-1.2666915655136108,0.12660488486289978,0.102480947971344,9.156586647033691,8.980040550231934,-0.0,-0.0,-0.0,-0.0,off
11.36,8.363054275512695,-3.749006748199463,-1.2872148752212524,0.13968273997306824,0.10620112717151642,9.254871368408203,9.00748348236084,-0.0,0.0,-0.0,-0.0,off
11.38,8.328266143798828,-3.7343475818634033,-1.2866750955581665,0.13141289353370667,0.10872229933738708,9.217423439025879,9.028444290161133,-0.0,-0.0,-0.0,-0.0,off
11.4,8.352574348449707,-3.7478835582733154,-1.2979553937911987,0.12388613820075989,0.1102386862039566,9.246448516845703,9.050215721130371,-0.0,-0.0,-0.0,-0.0,off
11.42,8.35393238067627,-3.7542881965637207,-1.2823234796524048,0.14488652348518372,0.11370346695184708,9.248092651367188,9.069975852966309,-0.0,-0.0,-0.0,-0.0,off
11.44,8.461730003356934,-3.812734365463257,-1.3034831285476685,0.15133234858512878,0.11746635288000107,9.3721342086792,9.100162506103516,-0.0,-0.0,-0.0,-0.0,off
11.46,8.5160493850708,-3.8169219493865967,-1.3124223947525024,0.14040979743003845,0.11976069211959839,9.424140930175781,9.132548332214355,-0.0,-0.0,-0.0,-0.0,off
11.48,8.492639541625977,-3.8218300342559814,-1.3086119890213013,0.14634928107261658,0.12241955101490021,9.404455184936523,9.159722328186035,-0.0,-0.0,-0.0,-0.0,off
11.5,8.477334022521973,-3.825385093688965,-1.3164464235305786,0.15903893113136292,0.12608148157596588,9.39317798614502,9.183048248291016,-0.0,-0.0,-0.0,-0.0,off
11.52,8.453171730041504,-3.8337554931640625,-1.2974330186843872,0.193760484457016,0.13284938037395477,9.372146606445312,9.20193099975586,-0.0,-0.0,-0.0,-0.0,off
11.540000000000001,8.477843284606934,-3.8432905673980713,-1.3136173486709595,0.196090430021286,0.1391734778881073,9.400547981262207,9.221773147583008,-0.0,-0.0,-0.0,-0.0,off
11.56,8.557766914367676,-3.860077381134033,-1.323867917060852,0.17822536826133728,0.14307865500450134,9.480938911437988,9.247681617736816,-0.0,-0.0,-0.0,-0.0,off
11.58,8.654976844787598,-3.9081978797912598,-1.3417783975601196,0.17003163695335388,0.14577394723892212,9.590776443481445,9.281982421875,-0.0,-0.0,-0.0,-0.0,off
11.6,8.635905265808105,-3.923344612121582,-1.3364990949630737,0.18900856375694275,0.15009739995002747,9.579025268554688,9.311670303344727,-0.0,-0.0,-0.0,-0.0,off
11.620000000000001,8.573153495788574,-3.9208788871765137,-1.328215479850769,0.20157405734062195,0.15524506568908691,9.520316123962402,9.332508087158203,-0.0,0.0,-0.0,-0.0,off
11.64,8.665369033813477,-3.9466018676757812,-1.3469833135604858,0.19127324223518372,0.1588478833436966,9.616581916809082,9.36090087890625,-0.0,0.0,-0.0,-0.0,off
11.66,8.737992286682129,-3.976555824279785,-1.3781872987747192,0.18442294001579285,0.16140538454055786,9.69870662689209,9.394668579101562,-0.0,-0.0,-0.0,-0.0,off
11.68,8.73525619506836,-3.985964298248291,-1.368883728981018,0.18364515900611877,0.16362936794757843,9.698786735534668,9.425067901611328,-0.0,-0.0,-0.0,-0.0,off
11.700000000000001,8.713814735412598,-3.9799041748046875,-1.353991150856018,0.19740203022956848,0.16700664162635803,9.67488956451416,9.45003890991211,-0.0,-0.0,-0.0,-0.0,off
11.72,8.744510650634766,-4.00045919418335,-1.3559483289718628,0.20829173922538757,0.17113514244556427,9.711268424987793,9.476149559020996,-0.0,-0.0,-0.0,-0.0,off
11.74,8.722198486328125,-3.982095241546631,-1.3594070672988892,0.2053520381450653,0.17455682158470154,9.684101104736328,9.49693775177002,-0.0,-0.0,-0.0,-0.0,off
11.76,8.736191749572754,-3.9916186332702637,-1.366387963294983,0.2123541533946991,0.17833656072616577,9.7016019821167,9.517398834228516,-0.0,-0.0,-0.0,-0.0,off
11.78,8.776289939880371,-4.020583629608154,-1.3753107786178589,0.21788689494132996,0.18229158222675323,9.75088882446289,9.540739059448242,-0.0,-0.0,-0.0,-0.0,off
11.8,8.84754467010498,-4.055406093597412,-1.3979805707931519,0.2250211536884308,0.18656453490257263,9.832584381103516,9.569913864135742,-0.0,-0.0,-0.0,-0.0,off
11.82,8.874502182006836,-4.062717914581299,-1.4137777090072632,0.21005210280418396,0.1889132857322693,9.86211109161377,9.599125862121582,-0.0,-0.0,-0.0,-0.0,off
11.84,8.84862232208252,-4.047292232513428,-1.3913120031356812,0.21504804491996765,0.19152675569057465,9.829264640808105,9.622136116027832,-0.0,-0.0,-0.0,-0.0,off
11.86,8.815458297729492,-4.043667316436768,-1.380071759223938,0.2273394763469696,0.19510801136493683,9.796333312988281,9.63955020904541,-0.0,0.0,-0.0,-0.0,off
11.88,8.797277450561523,-4.053125858306885,-1.3720835447311401,0.24673280119895935,0.20027048885822296,9.782767295837402,9.653861999511719,-0.0,-0.0,-0.0,-0.0,off
11.9,8.933168411254883,-4.087832927703857,-1.3972243070602417,0.23666366934776306,0.20390979945659637,9.922908782958984,9.680765151977539,-0.0,-0.0,-0.0,-0.0,off
11.92,9.014164924621582,-4.124879360198975,-1.4260908365249634,0.2166963517665863,0.20518845319747925,10.015165328979492,9.714202880859375,-0.0,-0.0,-0.0,-0.0,off
11.94,9.039631843566895,-4.1581645011901855,-1.4387856721878052,0.22269472479820251,0.20693907141685486,10.053625106811523,9.748137474060059,-0.0,-0.0,-0.0,-0.0,off
11.96,9.018744468688965,-4.179101467132568,-1.4166549444198608,0.2468048632144928,0.2109256386756897,10.040395736694336,9.777348518371582,-0.0,-0.0,-0.0,-0.0,off
11.98,8.976245880126953,-4.156747341156006,-1.4008713960647583,0.2599621117115021,0.2158292829990387,9.990694999694824,9.79867172241211,-0.0,-0.0,-0.0,-0.0,off
12.0,9.066465377807617,-4.179596424102783,-1.43694269657135,0.23260566592216492,0.21750691533088684,10.086358070373535,9.827435493469238,-0.0,-0.0,-0.0,-0.0,off
12.02,9.189936637878418,-4.217316150665283,-1.4772893190383911,0.20337077975273132,0.2160932868719101,10.21876049041748,9.866562843322754,-0.0,-0.0,-0.0,-0.0,off
12.040000000000001,9.116368293762207,-4.215172290802002,-1.4459105730056763,0.21700379252433777,0.2161843329668045,10.147241592407227,9.894623756408691,-0.0,0.0,-0.0,-0.0,off
12.06,9.104639053344727,-4.2313432693481445,-1.4361683130264282,0.23446699976921082,0.21801258623600006,10.14205551147461,9.919356346130371,-0.0,-0.0,-0.0,-0.0,off
12.08,9.142786979675293,-4.239245414733887,-1.4489766359329224,0.2354280650615692,0.21975412964820862,10.181418418884277,9.945555686950684,-0.0,-0.0,-0.0,-0.0,off
12.1,9.177899360656738,-4.2349443435668945,-1.4602681398391724,0.22324493527412415,0.2201032042503357,10.212784767150879,9.972277641296387,0.0,-0.0,-0.0,0.0,off
12.120000000000001,9.253259658813477,-4.2796149253845215,-1.4778176546096802,0.23311755061149597,0.22140462696552277,10.301547050476074,10.005200386047363,0.0,-0.0,-0.0,0.0,off
12.14,9.21189022064209,-4.272666931152344,-1.4569607973098755,0.2505410611629486,0.224318265914917,10.258525848388672,10.030529022216797,-0.0,-0.0,-0.0,-0.0,off
12.16,9.252891540527344,-4.284998416900635,-1.4711781740188599,0.254120796918869,0.22729851305484772,10.30250358581543,10.057724952697754,-0.0,-0.0,-0.0,-0.0,off
12.18,9.297099113464355,-4.31013298034668,-1.4830185174942017,0.24936792254447937,0.22950544953346252,10.354353904724121,10.087383270263672,-0.0,-0.0,-0.0,-0.0,off
12.200000000000001,9.245519638061523,-4.309733867645264,-1.4842668771743774,0.24726137518882751,0.23128104209899902,10.30807876586914,10.109443664550781,-0.0,-0.0,-0.0,-0.0,off
12.22,9.206137657165527,-4.311350345611572,-1.4684933423995972,0.26240023970603943,0.2343929558992386,10.2711820602417,10.125602722167969,-0.0,-0.0,-0.0,-0.0,off
12.24,9.308109283447266,-4.362951278686523,-1.486197590827942,0.2781270444393158,0.2387663573026657,10.386771202087402,10.15170669555664,-0.0,-0.0,-0.0,-0.0,off
12.26,9.371076583862305,-4.386773586273193,-1.5064741373062134,0.26546165347099304,0.24143588542938232,10.456113815307617,10.182137489318848,-0.0,-0.0,-0.0,-0.0,off
12.280000000000001,9.346735954284668,-4.372228622436523,-1.5107804536819458,0.26466384530067444,0.2437586784362793,10.428821563720703,10.20679759979248,-0.0,-0.0,-0.0,-0.0,off
12.3,9.377429962158203,-4.4036478996276855,-1.5096651315689087,0.26585492491722107,0.245968297123909,10.469355583190918,10.23304271697998,0.0,-0.0,-0.0,0.0,off
12.32,9.402786254882812,-4.425892353057861,-1.5154203176498413,0.281414657831192,0.2495129257440567,10.502257347106934,10.259950637817383,-0.0,-0.0,-0.0,-0.0,off
12.34,9.400579452514648,-4.456301212310791,-1.504886507987976,0.29288432002067566,0.2538500726222992,10.511622428894043,10.285093307495117,-0.0,-0.0,-0.0,-0.0,off
12.36,9.456979751586914,-4.470072269439697,-1.5355645418167114,0.2804959714412689,0.25651466846466064,10.572320938110352,10.313799858093262,-0.0,-0.0,-0.0,-0.0,off
12.38,9.515069007873535,-4.48208475112915,-1.5481804609298706,0.2682465612888336,0.25768786668777466,10.631203651428223,10.34553050994873,-0.0,-0.0,-0.0,-0.0,off
12.4,9.483977317810059,-4.495361804962158,-1.5368455648422241,0.2968219220638275,0.2616012692451477,10.607356071472168,10.371697425842285,-0.0,-0.0,-0.0,-0.0,off
12.42,9.45543098449707,-4.497448444366455,-1.5157474279403687,0.3164690434932709,0.26708802580833435,10.579684257507324,10.392477035522461,-0.0,-0.0,-0.0,-0.0,off
12.44,9.440634727478027,-4.497023105621338,-1.5162407159805298,0.31464675068855286,0.27184388041496277,10.566351890563965,10.409845352172852,-0.0,0.0,-0.0,-0.0,off
12.46,9.492703437805176,-4.51024055480957,-1.5192700624465942,0.2975793182849884,0.2744174003601074,10.618939399719238,10.430744171142578,-0.0,-0.0,-0.0,-0.0,off
12.48,9.477581024169922,-4.50189208984375,-1.5134340524673462,0.2916349470615387,0.27613914012908936,10.601040840148926,10.447765350341797,-0.0,-0.0,-0.0,-0.0,off
12.5,9.502955436706543,-4.534912586212158,-1.5281275510787964,0.30736055970191956,0.2792612612247467,10.639866828918457,10.466961860656738,-0.0,-0.0,-0.0,-0.0,off
12.52,9.5049467086792,-4.533383369445801,-1.5182384252548218,0.30980631709098816,0.282315731048584,10.639577865600586,10.484211921691895,-0.0,0.0,-0.0,-0.0,off
12.540000000000001,9.56071949005127,-4.548086643218994,-1.531882882118225,0.30248573422431946,0.2843327224254608,10.697622299194336,10.505547523498535,-0.0,-0.0,-0.0,-0.0,off
12.56,9.630326271057129,-4.568735122680664,-1.5488916635513306,0.3018648326396942,0.28608590364456177,10.771053314208984,10.532096862792969,-0.0,-0.0,-0.0,-0.0,off
12.58,9.60504150390625,-4.581681251525879,-1.5267788171768188,0.3238750398159027,0.28986480832099915,10.750799179077148,10.553959846496582,-0.0,-0.0,-0.0,-0.0,off
12.6,9.595537185668945,-4.592348575592041,-1.5194371938705444,0.3354867994785309,0.2944270074367523,10.745821952819824,10.57313346862793,-0.0,-0.0,-0.0,-0.0,off
12.620000000000001,9.628640174865723,-4.60543155670166,-1.5285803079605103,0.3269108235836029,0.29767540097236633,10.782266616821289,10.594038009643555,-0.0,-0.0,-0.0,-0.0,off
12.64,9.619619369506836,-4.58814811706543,-1.511360764503479,0.31148239970207214,0.29905611276626587,10.764404296875,10.611068725585938,-0.0,-0.0,-0.0,-0.0,off
12.66,9.5662260055542,-4.58476448059082,-1.5067163705825806,0.3235628306865692,0.30150678753852844,10.71461296081543,10.62141227722168,-0.0,0.0,-0.0,-0.0,off
12.68,9.580906867980957,-4.623414516448975,-1.5123544931411743,0.34895870089530945,0.30625197291374207,10.745089530944824,10.633759498596191,-0.0,-0.0,-0.0,-0.0,off
12.700000000000001,9.632242202758789,-4.626617908477783,-1.5198508501052856,0.34429165720939636,0.3100559413433075,10.793313980102539,10.64970588684082,-0.0,-0.0,-0.0,-0.0,off
12.72,9.699447631835938,-4.650394916534424,-1.5445679426193237,0.3414338529109955,0.31319373846054077,10.866974830627441,10.671428680419922,-0.0,-0.0,-0.0,-0.0,off
12.74,9.814844131469727,-4.695165157318115,-1.567252516746521,0.3244346082210541,0.31431782245635986,10.992362022399902,10.703520774841309,-0.0,0.0,-0.0,-0.0,off
12.76,9.796112060546875,-4.705763816833496,-1.5637296438217163,0.33842286467552185,0.3167283236980438,10.97967529296875,10.731131553649902,-0.0,0.0,-0.0,-0.0,off
12.780000000000001,9.744288444519043,-4.682077407836914,-1.5370675325393677,0.366917222738266,0.32174721360206604,10.919504165649414,10.749963760375977,-0.0,-0.0,-0.0,-0.0,off
12.8,9.843575477600098,-4.709918975830078,-1.5696412324905396,0.3546222150325775,0.3250347077846527,11.024658203125,10.777432441711426,-0.0,-0.0,-0.0,-0.0,off
12.82,9.779464721679688,-4.676366329193115,-1.5551155805587769,0.3352907598018646,0.32606029510498047,10.951014518737793,10.794790267944336,-0.0,-0.0,-0.0,-0.0,off
12.84,9.843476295471191,-4.7109856605529785,-1.573809266090393,0.3425815999507904,0.32771241664886475,11.025619506835938,10.817872047424316,-0.0,-0.0,-0.0,-0.0,off
12.86,9.855493545532227,-4.739604949951172,-1.569780707359314,0.34523460268974304,0.3294646143913269,11.048023223876953,10.840883255004883,-0.0,-0.0,-0.0,-0.0,off
12.88,9.867000579833984,-4.764516353607178,-1.564017415046692,0.37141498923301697,0.33365964889526367,11.0681734085083,10.863603591918945,-0.0,-0.0,-0.0,-0.0,off
12.9,9.92090892791748,-4.7616286277771,-1.5840436220169067,0.361123651266098,0.33640605211257935,11.117856979370117,10.88902759552002,-0.0,-0.0,-0.0,-0.0,off
12.92,9.892069816589355,-4.753139019012451,-1.5737582445144653,0.35239121317863464,0.33800455927848816,11.087023735046387,10.908825874328613,-0.0,-0.0,-0.0,-0.0,off
12.94,9.939160346984863,-4.777215480804443,-1.5930851697921753,0.34897544980049133,0.339101642370224,11.142109870910645,10.93215274810791,-0.0,-0.0,-0.0,-0.0,off
12.96,9.99705696105957,-4.797760486602783,-1.5997599363327026,0.34856829047203064,0.34004828333854675,11.203520774841309,10.959288597106934,-0.0,-0.0,-0.0,-0.0,off
12.98,10.029207229614258,-4.830547332763672,-1.6030770540237427,0.3630956709384918,0.3423530161380768,11.246734619140625,10.988030433654785,-0.0,-0.0,-0.0,-0.0,off
13.0,10.06049633026123,-4.838335037231445,-1.6105443239212036,0.3628867566585541,0.344406396150589,11.279047966003418,11.017130851745605,-0.0,-0.0,-0.0,-0.0,off
13.02,10.083388328552246,-4.861018657684326,-1.6124204397201538,0.3769560158252716,0.3476613759994507,11.309470176696777,11.046361923217773,-0.0,-0.0,-0.0,-0.0,off
13.040000000000001,10.111531257629395,-4.877447605133057,-1.610282301902771,0.40031567215919495,0.3529267907142639,11.341320991516113,11.075855255126953,-0.0,-0.0,-0.0,-0.0,off
13.06,10.172126770019531,-4.886660575866699,-1.6362773180007935,0.4018661677837372,0.3578207194805145,11.403026580810547,11.108572006225586,-0.0,-0.0,-0.0,-0.0,off
13.08,10.091163635253906,-4.855240821838379,-1.602756142616272,0.3870644271373749,0.3607451021671295,11.312549591064453,11.128968238830566,-0.0,-0.0,-0.0,-0.0,off
13.1,10.125839233398438,-4.88968563079834,-1.6161710023880005,0.3851563632488251,0.36318621039390564,11.360177993774414,11.15208625793457,-0.0,-0.0,-0.0,-0.0,off
13.120000000000001,10.164761543273926,-4.926150798797607,-1.6288377046585083,0.39660945534706116,0.3665285110473633,11.412381172180176,11.178110122680664,-0.0,-0.0,-0.0,-0.0,off
13.14,10.09676742553711,-4.912710189819336,-1.5966192483901978,0.4003814160823822,0.369913786649704,11.341456413269043,11.194432258605957,-0.0,-0.0,-0.0,-0.0,off
13.16,10.177176475524902,-4.945276737213135,-1.6202064752578735,0.4144492447376251,0.3743673264980316,11.430474281311035,11.218029975891113,-0.0,-0.0,-0.0,-0.0,off
13.18,10.288079261779785,-4.974900722503662,-1.637581467628479,0.4043600261211395,0.3773665726184845,11.544517517089844,11.250677108764648,-0.0,-0.0,-0.0,-0.0,off
13.200000000000001,10.397195816040039,-5.0341410636901855,-1.6772671937942505,0.4018327295780182,0.37981319427490234,11.672938346862793,11.292901039123535,-0.0,-0.0,-0.0,-0.0,off
13.22,10.345672607421875,-5.035207271575928,-1.6544839143753052,0.43228086829185486,0.3850599527359009,11.624266624450684,11.326029777526855,-0.0,-0.0,-0.0,-0.0,off
13.24,10.383842468261719,-5.053827285766602,-1.6608635187149048,0.44807347655296326,0.3913612961769104,11.667211532592773,11.360143661499023,-0.0,-0.0,-0.0,-0.0,off
13.26,10.4356689453125,-5.0875468254089355,-1.6664010286331177,0.43887564539909363,0.39611271023750305,11.728734016418457,11.396995544433594,-0.0,0.0,-0.0,-0.0,off
13.280000000000001,10.512083053588867,-5.123414039611816,-1.694687008857727,0.4448544681072235,0.4009868800640106,11.816311836242676,11.438920974731445,-0.0,-0.0,-0.0,-0.0,off
13.3,10.484929084777832,-5.111728668212891,-1.6932412385940552,0.4385465085506439,0.4047428369522095,11.786881446838379,11.473711967468262,-0.0,-0.0,-0.0,-0.0,off
13.32,10.559761047363281,-5.176585674285889,-1.7044004201889038,0.46246621012687683,0.410515159368515,11.88320541381836,11.5146484375,-0.0,0.0,-0.0,-0.0,off
13.34,10.577494621276855,-5.187509059906006,-1.7088960409164429,0.4689757525920868,0.4163612127304077,11.904367446899414,11.553609848022461,-0.0,-0.0,-0.0,-0.0,off
13.36,10.60509967803955,-5.195462703704834,-1.6952675580978394,0.47296199202537537,0.4220212697982788,11.930418968200684,11.591283798217773,-0.0,-0.0,-0.0,-0.0,off
13.38,10.673913955688477,-5.217438220977783,-1.718739628791809,0.46532782912254333,0.4263519048690796,12.00450611114502,11.632601737976074,-0.0,-0.0,-0.0,-0.0,off
13.4,10.64529800415039,-5.237816333770752,-1.6993883848190308,0.48547860980033875,0.4322645664215088,11.985199928283691,11.66784954071045,-0.0,-0.0,-0.0,-0.0,off
13.42,10.687633514404297,-5.269012928009033,-1.719499945640564,0.5106651782989502,0.440104603767395,12.039298057556152,11.70497989654541,-0.0,-0.0,-0.0,-0.0,off
13.44,10.768682479858398,-5.290960788726807,-1.7243391275405884,0.5003944635391235,0.4461335837841034,12.121556282043457,11.74663257598877,-0.0,-0.0,-0.0,-0.0,off
13.46,10.773637771606445,-5.31920862197876,-1.7336889505386353,0.4938070476055145,0.4509009122848511,12.139642715454102,11.785922050476074,-0.0,-0.0,-0.0,-0.0,off
13.48,10.710156440734863,-5.305254936218262,-1.7064658403396606,0.5140535831451416,0.45721617341041565,12.073326110839844,11.814645767211914,-0.0,-0.0,-0.0,-0.0,off
13.5,10.709087371826172,-5.321683883666992,-1.6957920789718628,0.5323840379714966,0.46473294496536255,12.078103065490723,11.840967178344727,-0.0,-0.0,-0.0,-0.0,off
13.52,10.69070816040039,-5.316432952880859,-1.6942676305770874,0.5468921661376953,0.4729488790035248,12.059280395507812,11.862777709960938,-0.0,-0.0,-0.0,-0.0,off
13.540000000000001,10.76086711883545,-5.344108581542969,-1.7160707712173462,0.5385324954986572,0.4795072376728058,12.136748313903809,11.89016342163086,-0.0,-0.0,-0.0,-0.0,off
13.56,10.793669700622559,-5.360423564910889,-1.711682915687561,0.5354920625686646,0.4851056933403015,12.172398567199707,11.918375015258789,-0.0,-0.0,-0.0,-0.0,off
13.58,10.840195655822754,-5.403628826141357,-1.7166403532028198,0.5566099882125854,0.4922561049461365,12.233392715454102,11.949859619140625,-0.0,-0.0,-0.0,-0.0,off
13.6,10.878215789794922,-5.4311699867248535,-1.724685788154602,0.5792877674102783,0.5009592771530151,12.280379295349121,11.982894897460938,-0.0,-0.0,-0.0,-0.0,off
13.620000000000001,10.941768646240234,-5.441503524780273,-1.7399076223373413,0.5845170021057129,0.509315013885498,12.343400955200195,12.018939018249512,0.0,-0.0,-0.0,0.0,off
13.64,10.923739433288574,-5.427401542663574,-1.7401498556137085,0.5610393285751343,0.5144874453544617,12.321237564086914,12.049164772033691,-0.0,-0.0,-0.0,-0.0,off
13.66,11.006937026977539,-5.482332706451416,-1.7528420686721802,0.567284107208252,0.5197671055793762,12.42099380493164,12.086341857910156,-0.0,-0.0,-0.0,-0.0,off
13.68,11.042922019958496,-5.529138565063477,-1.7778857946395874,0.5887442827224731,0.5266648530960083,12.477113723754883,12.125404357910156,0.0,0.0,-0.0,0.0,off
13.700000000000001,10.948055267333984,-5.496967792510986,-1.7438002824783325,0.5900977849960327,0.5330081582069397,12.374062538146973,12.150253295898438,0.0,0.0,-0.0,0.0,off
13.72,10.992977142333984,-5.5223493576049805,-1.7492786645889282,0.592147707939148,0.5389220714569092,12.425854682922363,12.177797317504883,-0.0,-0.0,-0.0,-0.0,off
13.74,11.116546630859375,-5.574575424194336,-1.7706304788589478,0.5816974639892578,0.5431995987892151,12.561394691467285,12.216147422790527,-0.0,-0.0,-0.0,-0.0,off
13.76,11.161821365356445,-5.60951566696167,-1.7722254991531372,0.6074866056442261,0.5496282577514648,12.617198944091797,12.256240844726562,-0.0,-0.0,-0.0,-0.0,off
13.780000000000001,11.106316566467285,-5.590752124786377,-1.7602523565292358,0.6164900064468384,0.5563144087791443,12.558075904846191,12.28641128540039,-0.0,-0.0,-0.0,-0.0,off
13.8,11.082040786743164,-5.5879340171813965,-1.7397032976150513,0.6285275220870972,0.5635356903076172,12.532485961914062,12.311001777648926,-0.0,-0.0,-0.0,-0.0,off
13.82,11.05958080291748,-5.5692267417907715,-1.7465020418167114,0.6165887117385864,0.5688409805297852,12.505234718322754,12.330415725708008,-0.0,-0.0,-0.0,-0.0,off
13.84,11.185090065002441,-5.621034145355225,-1.7726386785507202,0.6202230453491211,0.5739791989326477,12.642963409423828,12.361666679382324,-0.0,-0.0,-0.0,-0.0,off
13.86,11.131355285644531,-5.594094753265381,-1.7629362344741821,0.6193517446517944,0.57851642370224,12.582086563110352,12.383705139160156,-0.0,-0.0,-0.0,-0.0,off
13.88,11.16362476348877,-5.631155490875244,-1.7665659189224243,0.6349573135375977,0.5841605067253113,12.627635955810547,12.408090591430664,-0.0,-0.0,-0.0,-0.0,off
13.9,11.074353218078613,-5.578332424163818,-1.7524970769882202,0.6328731775283813,0.5890317559242249,12.523192405700684,12.419595718383789,-0.0,-0.0,-0.0,-0.0,off
13.92,11.194632530212402,-5.649284362792969,-1.7862876653671265,0.6380696296691895,0.593935489654541,12.665900230407715,12.444219589233398,-0.0,-0.0,-0.0,-0.0,off
13.94,11.243498802185059,-5.665233135223389,-1.7851146459579468,0.6535319089889526,0.5998951196670532,12.716043472290039,12.471399307250977,-0.0,-0.0,-0.0,-0.0,off
13.96,11.29272174835205,-5.697938442230225,-1.799902081489563,0.6626262664794922,0.6061682105064392,12.776216506958008,12.501876831054688,-0.0,0.0,-0.0,-0.0,off
13.98,11.335349082946777,-5.718270301818848,-1.817200779914856,0.66820228099823,0.612371563911438,12.825404167175293,12.534226417541504,-0.0,-0.0,-0.0,-0.0,off
14.0,11.355956077575684,-5.703433036804199,-1.8268266916275024,0.6367801427841187,0.614812433719635,12.838386535644531,12.564640045166016,-0.0,-0.0,-0.0,-0.0,off
14.02,11.299848556518555,-5.695373058319092,-1.7942339181900024,0.644140362739563,0.6177452206611633,12.7805757522583,12.58623218536377,0.0,-0.0,-0.0,0.0,off
14.040000000000001,11.351150512695312,-5.739778518676758,-1.8025904893875122,0.6687948703765869,0.6228501796722412,12.846906661987305,12.61229419708252,-0.0,-0.0,-0.0,-0.0,off
14.06,11.29372501373291,-5.714752197265625,-1.7832099199295044,0.6800330877304077,0.6285684704780579,12.782271385192871,12.62928581237793,-0.0,-0.0,-0.0,-0.0,off
14.08,11.2418851852417,-5.671820163726807,-1.7820936441421509,0.6731117963790894,0.6330227851867676,12.717129707336426,12.638068199157715,-0.0,-0.0,-0.0,-0.0,off
14.1,11.362957000732422,-5.7267632484436035,-1.8197017908096313,0.6633538007736206,0.6360558867454529,12.8539457321167,12.659655570983887,-0.0,-0.0,-0.0,-0.0,off
14.120000000000001,11.419903755187988,-5.774211406707764,-1.8293176889419556,0.6674380302429199,0.6391940712928772,12.926798820495605,12.68636703491211,-0.0,-0.0,-0.0,-0.0,off
14.14,11.324058532714844,-5.734242916107178,-1.7946182489395142,0.683474063873291,0.6436220407485962,12.819379806518555,12.699665069580078,-0.0,-0.0,-0.0,-0.0,off
14.16,11.31656265258789,-5.717203617095947,-1.8034788370132446,0.6873279809951782,0.6479926109313965,12.806386947631836,12.710336685180664,-0.0,-0.0,-0.0,-0.0,off
14.18,11.337128639221191,-5.739563465118408,-1.8009635210037231,0.6767438650131226,0.650867760181427,12.834195137023926,12.7227201461792,-0.0,-0.0,-0.0,-0.0,off
14.200000000000001,11.365665435791016,-5.758413314819336,-1.8153852224349976,0.6784498691558838,0.6536259651184082,12.86985969543457,12.737431526184082,-0.0,-0.0,-0.0,-0.0,off
14.22,11.432042121887207,-5.8072733879089355,-1.8370121717453003,0.6981521844863892,0.6580785512924194,12.953401565551758,12.759023666381836,-0.0,-0.0,-0.0,-0.0,off
14.24,11.395910263061523,-5.7993550300598145,-1.8116332292556763,0.7073426246643066,0.6630049347877502,12.914383888244629,12.774552345275879,-0.0,-0.0,-0.0,-0.0,off
14.26,11.495753288269043,-5.835721492767334,-1.8353573083877563,0.6909902095794678,0.6658034324645996,13.022154808044434,12.799310684204102,-0.0,-0.0,-0.0,-0.0,off
14.280000000000001,11.512170791625977,-5.829177379608154,-1.8524891138076782,0.6749556064605713,0.6667186617851257,13.03614616394043,12.822992324829102,-0.0,-0.0,-0.0,-0.0,off
14.3,11.486201286315918,-5.8173441886901855,-1.8448776006698608,0.6853301525115967,0.6685797572135925,13.006839752197266,12.841376304626465,-0.0,-0.0,-0.0,-0.0,off
14.32,11.38652229309082,-5.8023505210876465,-1.8215728998184204,0.717357873916626,0.6734575629234314,12.908845901489258,12.848116874694824,-0.0,-0.0,-0.0,-0.0,off
14.34,11.533148765563965,-5.873711109161377,-1.836809515953064,0.7250310182571411,0.6786148548126221,13.072408676147461,12.870540618896484,-0.0,-0.0,-0.0,-0.0,off
14.36,11.567225456237793,-5.864443302154541,-1.8618379831314087,0.7141736745834351,0.6821707487106323,13.101863861083984,12.893671989440918,-0.0,-0.0,-0.0,-0.0,off
14.38,11.600038528442383,-5.879764556884766,-1.861420750617981,0.7091281414031982,0.6848664879798889,13.137633323669434,12.918067932128906,-0.0,-0.0,-0.0,-0.0,off
14.4,11.564151763916016,-5.873094081878662,-1.8432234525680542,0.7301876544952393,0.6893985867500305,13.100393295288086,12.936298370361328,-0.0,-0.0,-0.0,-0.0,off
14.42,11.500479698181152,-5.872777938842773,-1.8420625925064087,0.7389400005340576,0.6943527460098267,13.043916702270508,12.947054862976074,-0.0,-0.0,-0.0,-0.0,off
14.44,11.54171371459961,-5.881592273712158,-1.864284634590149,0.7281354665756226,0.6977310180664062,13.08739185333252,12.961084365844727,-0.0,-0.0,-0.0,-0.0,off
14.46,11.668020248413086,-5.919760704040527,-1.8801418542861938,0.7127114534378052,0.6992290019989014,13.218214988708496,12.986796379089355,-0.0,-0.0,-0.0,-0.0,off
14.48,11.637529373168945,-5.9086503982543945,-1.8881431818008423,0.7188338041305542,0.7011894583702087,13.187468528747559,13.006860733032227,-0.0,-0.0,-0.0,-0.0,off
14.5,11.680980682373047,-5.934200763702393,-1.888698697090149,0.7296370267868042,0.7040342092514038,13.237342834472656,13.029908180236816,-0.0,-0.0,-0.0,-0.0,off
14.52,11.745939254760742,-5.966572284698486,-1.913246750831604,0.730520486831665,0.7066828012466431,13.312685012817383,13.058183670043945,0.0,-0.0,-0.0,0.0,off
14.540000000000001,11.860082626342773,-5.9995622634887695,-1.9471644163131714,0.7238647937774658,0.7084010243415833,13.433084487915039,13.09566593170166,-0.0,-0.0,-0.0,-0.0,off
14.56,11.84443187713623,-6.006811618804932,-1.9358278512954712,0.7292824983596802,0.7104891538619995,13.42087173461914,13.12818431854248,-0.0,-0.0,-0.0,-0.0,off
14.58,11.846420288085938,-6.015349864959717,-1.9579170942306519,0.7366461753845215,0.7131048440933228,13.429651260375977,13.158323287963867,0.0,-0.0,-0.0,0.0,off
14.6,11.74084758758545,-5.985376834869385,-1.9222527742385864,0.7532399892807007,0.7171183228492737,13.317931175231934,13.174280166625977,0.0,-0.0,-0.0,0.0,off
14.620000000000001,11.76476001739502,-6.00961446762085,-1.9081608057022095,0.755988597869873,0.7210053205490112,13.347887992858887,13.191636085510254,-0.0,-0.0,-0.0,-0.0,off
14.64,11.888872146606445,-6.049813270568848,-1.9429222345352173,0.7378383874893188,0.722688615322113,13.48037338256836,13.22050952911377,-0.0,-0.0,-0.0,-0.0,off
14.66,11.916449546813965,-6.051443576812744,-1.9442702531814575,0.745743989944458,0.7249941229820251,13.50562572479248,13.249018669128418,-0.0,-0.0,-0.0,-0.0,off
14.68,11.925226211547852,-6.06557035446167,-1.9526067972183228,0.7650244235992432,0.7289971113204956,13.520903587341309,13.276206970214844,-0.0,0.0,-0.0,-0.0,off
14.700000000000001,11.901637077331543,-6.05466890335083,-1.9583991765975952,0.7751858234405518,0.7336159944534302,13.496047973632812,13.298188209533691,-0.0,0.0,-0.0,-0.0,off
14.72,11.964929580688477,-6.075962543487549,-1.9643594026565552,0.7591418027877808,0.7361685633659363,13.562285423278809,13.324596405029297,-0.0,0.0,-0.0,-0.0,off
14.74,11.93460750579834,-6.058151721954346,-1.9531201124191284,0.7649463415145874,0.7390463352203369,13.525928497314453,13.344728469848633,-0.0,-0.0,-0.0,-0.0,off
14.76,11.972750663757324,-6.094498157501221,-1.9542676210403442,0.7816253900527954,0.7433042526245117,13.576038360595703,13.36785888671875,-0.0,-0.0,-0.0,-0.0,off
14.780000000000001,11.893134117126465,-6.0787763595581055,-1.929446816444397,0.8042088747024536,0.7493947148323059,13.495218276977539,13.380590438842773,-0.0,0.0,-0.0,-0.0,off
14.8,12.053400039672852,-6.147902965545654,-1.9901882410049438,0.7854567766189575,0.7530009150505066,13.67633056640625,13.410161972045898,-0.0,0.0,-0.0,-0.0,off
14.82,12.182364463806152,-6.21045446395874,-2.0015411376953125,0.7858169078826904,0.7562825083732605,13.819765090942383,13.451120376586914,-0.0,-0.0,-0.0,-0.0,off
14.84,12.22948932647705,-6.22949743270874,-2.035078525543213,0.7840573787689209,0.7590599656105042,13.874746322631836,13.493476867675781,-0.0,-0.0,-0.0,-0.0,off
14.86,12.233573913574219,-6.262083053588867,-2.0417909622192383,0.808863639831543,0.7640402913093567,13.893988609313965,13.533519744873047,-0.0,0.0,-0.0,-0.0,off
14.88,12.257670402526855,-6.282466411590576,-2.048311710357666,0.8341207504272461,0.7710483074188232,13.925353050231934,13.572693824768066,-0.0,-0.0,-0.0,-0.0,off
14.9,12.280464172363281,-6.289681911468506,-2.039623737335205,0.831537127494812,0.7770971655845642,13.947400093078613,13.610158920288086,-0.0,-0.0,-0.0,-0.0,off
14.92,12.364713668823242,-6.324963569641113,-2.0718846321105957,0.8309139013290405,0.7824788093566895,14.042222023010254,13.653359413146973,-0.0,-0.0,-0.0,-0.0,off
14.94,12.40301513671875,-6.344710826873779,-2.0695080757141113,0.8456361293792725,0.7887945175170898,14.084494590759277,13.6964693069458,-0.0,-0.0,-0.0,-0.0,off
14.96,12.445793151855469,-6.380715847015381,-2.0956802368164062,0.8797187805175781,0.7978869080543518,14.142248153686523,13.74103832244873,-0.0,-0.0,-0.0,-0.0,off
14.98,12.480122566223145,-6.393160343170166,-2.1293435096740723,0.8802063465118408,0.8061188459396362,14.183091163635254,13.785228729248047,-0.0,0.0,-0.0,-0.0,off
15.0,12.470781326293945,-6.384067058563232,-2.131129264831543,0.8603897094726562,0.8115459084510803,14.171041488647461,13.823797225952148,-0.0,0.0,-0.0,-0.0,off
15.02,12.519760131835938,-6.426730632781982,-2.1610288619995117,0.8632787466049194,0.8167191743850708,14.237883567810059,13.86518383026123,-0.0,-0.0,-0.0,-0.0,off
15.040000000000001,12.549166679382324,-6.450489521026611,-2.182096004486084,0.890857458114624,0.8241329789161682,14.27767276763916,13.906408309936523,-0.0,-0.0,-0.0,-0.0,off
15.06,12.573307991027832,-6.464264392852783,-2.183091640472412,0.8901667594909668,0.8307363390922546,14.305267333984375,13.946274757385254,-0.0,-0.0,-0.0,-0.0,off
15.08,12.523045539855957,-6.444411277770996,-2.156886100769043,0.8994983434677124,0.837612509727478,14.248132705688477,13.976449966430664,-0.0,-0.0,-0.0,-0.0,off
15.1,12.641389846801758,-6.4992995262146,-2.2026238441467285,0.8860530853271484,0.8424565196037292,14.383920669555664,14.017180442810059,-0.0,-0.0,-0.0,-0.0,off
15.120000000000001,12.624366760253906,-6.507397651672363,-2.182851791381836,0.8963134288787842,0.8478421568870544,14.369610786437988,14.052412986755371,-0.0,-0.0,-0.0,-0.0,off
15.14,12.583723068237305,-6.4907941818237305,-2.1918749809265137,0.9091291427612305,0.8539708852767944,14.327763557434082,14.079934120178223,-0.0,-0.0,-0.0,-0.0,off
15.16,12.693593978881836,-6.531472682952881,-2.251699447631836,0.9104485511779785,0.859618604183197,14.45190715789795,14.117104530334473,0.0,-0.0,-0.0,0.0,off
15.18,12.751370429992676,-6.553423881530762,-2.250638484954834,0.8953337669372559,0.8631901144981384,14.512414932250977,14.156620025634766,-0.0,-0.0,-0.0,-0.0,off
15.200000000000001,12.724699974060059,-6.542999744415283,-2.2672505378723145,0.9087069034576416,0.8677417635917664,14.486865043640137,14.189621925354004,-0.0,-0.0,-0.0,-0.0,off
15.22,12.680285453796387,-6.538597106933594,-2.229185104370117,0.9286010265350342,0.8738276958465576,14.439949989318848,14.214645385742188,-0.0,-0.0,-0.0,-0.0,off
15.24,12.665539741516113,-6.545349597930908,-2.2528858184814453,0.9290316104888916,0.8793480396270752,14.433745384216309,14.236536979675293,-0.0,0.0,-0.0,-0.0,off
15.26,12.657177925109863,-6.5388336181640625,-2.235529899597168,0.9334442615509033,0.8847576379776001,14.420751571655273,14.254949569702148,-0.0,-0.0,-0.0,-0.0,off
15.280000000000001,12.632343292236328,-6.5498528480529785,-2.266181468963623,0.9380661249160767,0.8900884985923767,14.408756256103516,14.270305633544922,-0.0,-0.0,-0.0,-0.0,off
15.3,12.809030532836914,-6.631782054901123,-2.301898956298828,0.9425723552703857,0.8953368663787842,14.606523513793945,14.303908348083496,-0.0,-0.0,-0.0,-0.0,off
15.32,12.815264701843262,-6.654201030731201,-2.309934616088867,0.9568229913711548,0.9014855027198792,14.623446464538574,14.33583927154541,0.0,-0.0,-0.0,0.0,off
15.34,12.938065528869629,-6.701216220855713,-2.3364620208740234,0.9552599191665649,0.9068629145622253,14.7566556930542,14.377904891967773,-0.0,-0.0,-0.0,-0.0,off
15.36,12.913704872131348,-6.6872172355651855,-2.324340343475342,0.9569183588027954,0.9118684530258179,14.727023124694824,14.412805557250977,-0.0,0.0,-0.0,-0.0,off
15.38,12.95974063873291,-6.71037483215332,-2.373302459716797,0.9600021839141846,0.9166817665100098,14.785688400268555,14.450068473815918,-0.0,-0.0,-0.0,-0.0,off
15.4,12.913538932800293,-6.704357147216797,-2.359257698059082,0.9710797071456909,0.922121524810791,14.740216255187988,14.479063034057617,-0.0,-0.0,-0.0,-0.0,off
15.42,12.948741912841797,-6.724783897399902,-2.346553325653076,0.9755164384841919,0.9274609684944153,14.778326988220215,14.508979797363281,-0.0,-0.0,-0.0,-0.0,off
15.44,12.991612434387207,-6.732726573944092,-2.322103977203369,0.967106819152832,0.9314255118370056,14.815659523010254,14.539645195007324,-0.0,-0.0,-0.0,-0.0,off
15.46,12.964289665222168,-6.722225189208984,-2.348388671875,0.9717773199081421,0.9354606866836548,14.7910795211792,14.56478214263916,0.0,0.0,-0.0,0.0,off
15.48,13.044767379760742,-6.765163898468018,-2.3687844276428223,0.9985454082489014,0.9417691230773926,14.88437271118164,14.596735000610352,-0.0,-0.0,-0.0,-0.0,off
15.5,13.041138648986816,-6.770039081573486,-2.394312858581543,1.0151656866073608,0.9491087198257446,14.887494087219238,14.625797271728516,-0.0,-0.0,-0.0,-0.0,off
15.52,13.062520980834961,-6.753787994384766,-2.327162265777588,0.9848595857620239,0.9526837468147278,14.88821029663086,14.652037620544434,-0.0,-0.0,-0.0,-0.0,off
15.540000000000001,13.037230491638184,-6.744870185852051,-2.3119521141052246,0.9781419038772583,0.9552295804023743,14.859601974487305,14.672792434692383,-0.0,-0.0,-0.0,-0.0,off
15.56,13.012943267822266,-6.740772724151611,-2.317054271697998,0.9921505451202393,0.9589216113090515,14.837231636047363,14.68923568725586,-0.0,-0.0,-0.0,-0.0,off
15.58,13.083751678466797,-6.777313709259033,-2.347836494445801,1.007893681526184,0.9638187885284424,14.920753479003906,14.712387084960938,-0.0,-0.0,-0.0,-0.0,off
15.6,13.15573787689209,-6.8157877922058105,-2.398130416870117,1.0217931270599365,0.969616174697876,15.00931167602539,14.742073059082031,-0.0,-0.0,-0.0,-0.0,off
15.620000000000001,13.167014122009277,-6.802073001861572,-2.365570068359375,1.0102365016937256,0.9736782312393188,15.007810592651367,14.768646240234375,-0.0,-0.0,-0.0,-0.0,off
15.64,13.277745246887207,-6.86107063293457,-2.4428911209106445,1.0101032257080078,0.9773207306861877,15.143993377685547,14.806168556213379,-0.0,-0.0,-0.0,-0.0,off
15.66,13.271238327026367,-6.879134654998779,-2.459421157836914,1.0250521898269653,0.982093870639801,15.149158477783203,14.84045124053955,-0.0,0.0,-0.0,-0.0,off
15.68,13.308283805847168,-6.9164137840271,-2.5640292167663574,1.0455793142318726,0.9884424209594727,15.215828895568848,14.877910614013672,-0.0,-0.0,-0.0,-0.0,off
15.700000000000001,13.260868072509766,-6.896178722381592,-2.521056652069092,1.0489531755447388,0.9944934248924255,15.15795612335205,14.905877113342285,-0.0,-0.0,-0.0,-0.0,off
15.72,13.17365550994873,-6.846613883972168,-2.4469637870788574,1.0279486179351807,0.9978389739990234,15.046892166137695,14.919971466064453,-0.0,-0.0,-0.0,-0.0,off
15.74,13.305295944213867,-6.902379512786865,-2.4940128326416016,1.0357389450073242,1.0016289949417114,15.195191383361816,14.947482109069824,-0.0,-0.0,-0.0,-0.0,off
15.76,13.329453468322754,-6.9221930503845215,-2.5336270332336426,1.0548255443572998,1.0069485902786255,15.23188591003418,14.975896835327148,-0.0,0.0,-0.0,-0.0,off
15.780000000000001,13.40090560913086,-6.953289985656738,-2.5996174812316895,1.0555753707885742,1.0118112564086914,15.319612503051758,15.01021671295166,-0.0,-0.0,-0.0,-0.0,off
15.8,13.568900108337402,-7.031808853149414,-2.668605327606201,1.0569669008255005,1.0163267850875854,15.513956069946289,15.060519218444824,-0.0,-0.0,-0.0,-0.0,off
15.82,13.561967849731445,-7.022172927856445,-2.645782947540283,1.0494645833969116,1.019640564918518,15.499614715576172,15.104385375976562,-0.0,-0.0,-0.0,-0.0,off
15.84,13.547871589660645,-7.023667812347412,-2.7114744186401367,1.0638078451156616,1.0240572690963745,15.499317169189453,15.143790245056152,-0.0,-0.0,-0.0,-0.0,off
15.860000000000001,13.57715129852295,-7.052574634552002,-2.7688255310058594,1.0830926895141602,1.0299608707427979,15.548126220703125,15.184100151062012,-0.0,-0.0,-0.0,-0.0,off
15.88,13.579461097717285,-7.0515851974487305,-2.7411389350891113,1.0746870040893555,1.0344334840774536,15.544788360595703,15.22009563446045,-0.0,-0.0,-0.0,-0.0,off
15.9,13.594093322753906,-7.059010028839111,-2.737645149230957,1.0635093450546265,1.0373409986495972,15.560324668884277,15.254064559936523,-0.0,-0.0,-0.0,-0.0,off
15.92,13.649552345275879,-7.105374336242676,-2.7851357460021973,1.0718926191329956,1.040796160697937,15.638209342956543,15.29240608215332,-0.0,-0.0,-0.0,-0.0,off
15.94,13.742517471313477,-7.164154529571533,-2.8480234146118164,1.085780143737793,1.0452945232391357,15.757320404052734,15.338797569274902,-0.0,-0.0,-0.0,-0.0,off
15.96,13.807090759277344,-7.1969523429870605,-2.8936309814453125,1.097297191619873,1.0504947900772095,15.836823463439941,15.3884859085083,0.0,-0.0,-0.0,0.0,off
15.98,13.849593162536621,-7.215170383453369,-2.924988269805908,1.0826218128204346,1.053707480430603,15.887903213500977,15.438312530517578,-0.0,-0.0,-0.0,-0.0,off
16.0,13.937294960021973,-7.261370658874512,-3.0212645530700684,1.087043285369873,1.057041049003601,16.00324058532715,15.49461841583252,-0.0,-0.0,-0.0,-0.0,off
16.02,13.93802547454834,-7.290774822235107,-3.0968518257141113,1.102781057357788,1.061614990234375,16.03166961669922,15.54806137084961,-0.0,-0.0,-0.0,-0.0,off
16.04,13.969867706298828,-7.313997745513916,-3.1384119987487793,1.118519902229309,1.0673054456710815,16.077978134155273,15.600786209106445,-0.0,0.0,-0.0,-0.0,off
16.06,13.918888092041016,-7.292586326599121,-3.0895700454711914,1.098818302154541,1.0704567432403564,16.014453887939453,15.64199161529541,-0.0,-0.0,-0.0,-0.0,off
16.080000000000002,13.930984497070312,-7.292657375335693,-3.079836368560791,1.0847645998001099,1.071887493133545,16.02312660217285,15.679988861083984,-0.0,0.0,-0.0,-0.0,off
16.1,13.938940048217773,-7.314860820770264,-3.1043758392333984,1.0922644138336182,1.0739251375198364,16.044885635375977,15.716360092163086,-0.0,0.0,-0.0,-0.0,off
16.12,13.952584266662598,-7.3330512046813965,-3.128002643585205,1.1079537868499756,1.0773279666900635,16.069618225097656,15.751566886901855,-0.0,-0.0,-0.0,-0.0,off
16.14,13.97097396850586,-7.347030162811279,-3.1425962448120117,1.1141098737716675,1.0810061693191528,16.09480857849121,15.785782814025879,0.0,0.0,-0.0,0.0,off
16.16,14.019000053405762,-7.361196041107178,-3.0848522186279297,1.1041057109832764,1.0833160877227783,16.13182830810547,15.820353507995605,-0.0,-0.0,-0.0,-0.0,off
16.18,14.020162582397461,-7.3663010597229,-3.0988430976867676,1.0933810472488403,1.0843225717544556,16.137849807739258,15.852067947387695,-0.0,-0.0,-0.0,-0.0,off
16.2,14.019613265991211,-7.38206148147583,-3.0820584297180176,1.1125785112380981,1.0871481895446777,16.141359329223633,15.880973815917969,-0.0,-0.0,-0.0,-0.0,off
16.22,14.088286399841309,-7.42828369140625,-3.1701059341430664,1.1375311613082886,1.092186450958252,16.239112854003906,15.916725158691406,-0.0,0.0,-0.0,-0.0,off
16.240000000000002,14.116476058959961,-7.4418206214904785,-3.1309585571289062,1.1381430625915527,1.0967820882797241,16.26218032836914,15.95124626159668,0.0,-0.0,-0.0,0.0,off
16.26,14.124236106872559,-7.455603122711182,-3.1343069076538086,1.1361500024795532,1.1007188558578491,16.27587127685547,15.983686447143555,-0.0,-0.0,-0.0,-0.0,off
16.28,14.202109336853027,-7.496939182281494,-3.141232490539551,1.1386773586273193,1.104514718055725,16.363719940185547,16.02167320251465,-0.0,-0.0,-0.0,-0.0,off
16.3,14.231103897094727,-7.507937908172607,-3.1802515983581543,1.1498055458068848,1.1090437173843384,16.401447296142578,16.059627532958984,-0.0,-0.0,-0.0,-0.0,off
16.32,14.135161399841309,-7.454294681549072,-3.0814003944396973,1.1442997455596924,1.1125693321228027,16.2746524810791,16.081127166748047,-0.0,-0.0,-0.0,-0.0,off
16.34,14.139047622680664,-7.444690227508545,-3.064054489135742,1.121811866760254,1.11349356174469,16.270357131958008,16.100048065185547,-0.0,-0.0,-0.0,-0.0,off
16.36,14.044371604919434,-7.378753185272217,-2.954275131225586,1.100117802619934,1.1121560335159302,16.137475967407227,16.103761672973633,-0.0,-0.0,-0.0,-0.0,off
16.38,14.055338859558105,-7.383759021759033,-2.9872188568115234,1.1093233823776245,1.1118727922439575,16.15536880493164,16.108911514282227,-0.0,-0.0,-0.0,-0.0,off
16.4,14.064367294311523,-7.37539005279541,-2.9713950157165527,1.1084755659103394,1.1115330457687378,16.156484603881836,16.1136531829834,-0.0,-0.0,-0.0,-0.0,off
16.42,13.996686935424805,-7.313656330108643,-2.8274855613708496,1.068748116493225,1.1072545051574707,16.043424606323242,16.10652732849121,-0.0,-0.0,-0.0,-0.0,off
16.44,13.863923072814941,-7.2220916748046875,-2.692244529724121,1.035963535308838,1.1001254320144653,15.862380981445312,16.081892013549805,0.0,-0.0,-0.0,0.0,off
16.46,13.844761848449707,-7.204206943511963,-2.6547484397888184,1.0186117887496948,1.0919740200042725,15.831162452697754,16.056591033935547,-0.0,-0.0,-0.0,-0.0,off
16.48,13.70580768585205,-7.131158828735352,-2.52000093460083,1.0149213075637817,1.0842686891555786,15.654168128967285,16.015979766845703,-0.0,-0.0,-0.0,-0.0,off
16.5,13.761693954467773,-7.155633926391602,-2.537461280822754,1.0077133178710938,1.076613187789917,15.717061996459961,15.985798835754395,-0.0,-0.0,-0.0,-0.0,off
16.52,13.745734214782715,-7.124767780303955,-2.452326774597168,0.9774712324142456,1.0666989088058472,15.675504684448242,15.954380989074707,-0.0,-0.0,-0.0,-0.0,off
16.54,13.743305206298828,-7.127250671386719,-2.458968162536621,0.9656175374984741,1.0565907955169678,15.675542831420898,15.926196098327637,-0.0,-0.0,-0.0,-0.0,off
16.56,13.782548904418945,-7.143728733062744,-2.50966739654541,0.9706442356109619,1.0479960441589355,15.725455284118652,15.9059419631958,-0.0,-0.0,-0.0,-0.0,off
16.580000000000002,13.711767196655273,-7.1083855628967285,-2.5031909942626953,0.9815702438354492,1.041353464126587,15.646330833435059,15.879841804504395,-0.0,-0.0,-0.0,-0.0,off
16.6,13.703933715820312,-7.106967926025391,-2.47114896774292,0.9752227067947388,1.0347403287887573,15.6337251663208,15.855082511901855,-0.0,-0.0,-0.0,-0.0,off
16.62,13.65997314453125,-7.083058834075928,-2.417271137237549,0.9657164812088013,1.027837872505188,15.575872421264648,15.826983451843262,-0.0,-0.0,-0.0,-0.0,off
16.64,13.71072769165039,-7.1185736656188965,-2.4648056030273438,0.9735347032546997,1.0224075317382812,15.64395809173584,15.808579444885254,-0.0,-0.0,-0.0,-0.0,off
16.66,13.606144905090332,-7.073169231414795,-2.4275269508361816,0.980255126953125,1.0181922912597656,15.525777816772461,15.780200004577637,-0.0,-0.0,-0.0,-0.0,off
16.68,13.668869972229004,-7.100159168243408,-2.4078354835510254,0.9730217456817627,1.0136752128601074,15.589995384216309,15.761066436767578,0.0,0.0,-0.0,0.0,off
16.7,13.539793968200684,-7.022157192230225,-2.292586326599121,0.9475302696228027,1.0070607662200928,15.4237699508667,15.727126121520996,0.0,0.0,-0.0,0.0,off
16.72,13.566313743591309,-7.044819355010986,-2.3283028602600098,0.9450571537017822,1.000860333442688,15.462708473205566,15.700554847717285,-0.0,-0.0,-0.0,-0.0,off
16.740000000000002,13.670693397521973,-7.087226390838623,-2.373927593231201,0.9544928073883057,0.9962235689163208,15.580506324768066,15.688470840454102,-0.0,0.0,-0.0,-0.0,off
16.76,13.698183059692383,-7.089939594268799,-2.3806567192077637,0.9657179117202759,0.9931730031967163,15.606888771057129,15.68025016784668,-0.0,-0.0,-0.0,-0.0,off
16.78,13.691905975341797,-7.08402681350708,-2.3212108612060547,0.9577791690826416,0.9896336197853088,15.58973217010498,15.671092987060547,-0.0,-0.0,-0.0,-0.0,off
16.8,13.586845397949219,-7.018860816955566,-2.2684836387634277,0.9326223134994507,0.9839324951171875,15.460039138793945,15.64986515045166,-0.0,-0.0,-0.0,-0.0,off
16.82,13.612388610839844,-7.023036479949951,-2.275238037109375,0.9316885471343994,0.9787080883979797,15.485376358032227,15.633317947387695,-0.0,-0.0,-0.0,-0.0,off
16.84,13.607733726501465,-7.025390148162842,-2.2920045852661133,0.9425253868103027,0.9750897884368896,15.484825134277344,15.618404388427734,-0.0,-0.0,-0.0,-0.0,off
16.86,13.632100105285645,-7.037948131561279,-2.307954788208008,0.9552803039550781,0.9731087684631348,15.514300346374512,15.607951164245605,-0.0,-0.0,-0.0,-0.0,off
16.88,13.620311737060547,-7.031977653503418,-2.3033370971679688,0.9494186639785767,0.9707397222518921,15.500547409057617,15.597173690795898,-0.0,-0.0,-0.0,-0.0,off
16.9,13.516095161437988,-6.985406875610352,-2.2810258865356445,0.9396136999130249,0.9676271080970764,15.38453197479248,15.57587718963623,-0.0,-0.0,-0.0,-0.0,off
16.92,13.48453140258789,-6.984808444976807,-2.2569656372070312,0.9547955989837646,0.9663439393043518,15.352980613708496,15.553549766540527,-0.0,-0.0,-0.0,-0.0,off
16.94,13.42534351348877,-6.9460859298706055,-2.227480888366699,0.9547004699707031,0.9651796221733093,15.279058456420898,15.5260591506958,-0.0,-0.0,-0.0,-0.0,off
16.96,13.352076530456543,-6.913131237030029,-2.194701671600342,0.9346990585327148,0.9621315598487854,15.194934844970703,15.492897987365723,-0.0,-0.0,-0.0,-0.0,off
16.98,13.378613471984863,-6.919220447540283,-2.1765522956848145,0.9258022308349609,0.9584985971450806,15.218420028686523,15.465394020080566,-0.0,-0.0,-0.0,-0.0,off
17.0,13.413620948791504,-6.935357570648193,-2.210515022277832,0.9185996055603027,0.9545086622238159,15.261415481567383,15.444968223571777,-0.0,-0.0,-0.0,-0.0,off
17.02,13.407852172851562,-6.9430060386657715,-2.230907917022705,0.9367908239364624,0.9527368545532227,15.26279067993164,15.426736831665039,-0.0,-0.0,-0.0,-0.0,off
17.04,13.33934211730957,-6.905621528625488,-2.1938586235046387,0.9220144748687744,0.9496645927429199,15.180206298828125,15.402061462402344,-0.0,-0.0,-0.0,-0.0,off
17.06,13.340631484985352,-6.9023966789245605,-2.143209934234619,0.8917758464813232,0.9438757300376892,15.172636032104492,15.379072189331055,-0.0,0.0,-0.0,-0.0,off
17.080000000000002,13.260801315307617,-6.867218494415283,-2.1520395278930664,0.8884581327438354,0.9383339285850525,15.087703704833984,15.349909782409668,-0.0,0.0,-0.0,-0.0,off
17.1,13.318828582763672,-6.8939619064331055,-2.1662988662719727,0.9096615314483643,0.9354667067527771,15.152912139892578,15.330190658569336,-0.0,-0.0,-0.0,-0.0,off
17.12,13.33290958404541,-6.9032135009765625,-2.206221580505371,0.9205434322357178,0.9339743852615356,15.175251007080078,15.314693450927734,0.0,-0.0,-0.0,0.0,off
17.14,13.365801811218262,-6.916844844818115,-2.162039279937744,0.9095921516418457,0.9315361380577087,15.20400619506836,15.303606033325195,-0.0,0.0,-0.0,-0.0,off
17.16,13.265498161315918,-6.85756254196167,-2.124647617340088,0.8979955911636353,0.928182065486908,15.083558082580566,15.281575202941895,-0.0,0.0,-0.0,-0.0,off
17.18,13.258406639099121,-6.849974632263184,-2.128647804260254,0.8885476589202881,0.9242186546325684,15.07443618774414,15.260843276977539,-0.0,0.0,-0.0,-0.0,off
17.2,13.17281436920166,-6.822906970977783,-2.1234054565429688,0.8981984853744507,0.9216166138648987,14.986124992370605,15.233360290527344,-0.0,-0.0,-0.0,-0.0,off
17.22,13.145459175109863,-6.802760601043701,-2.1164112091064453,0.9100797176361084,0.9204629063606262,14.95191764831543,15.205204963684082,-0.0,0.0,-0.0,-0.0,off
17.240000000000002,13.202088356018066,-6.822020053863525,-2.103659152984619,0.903274416923523,0.9187440276145935,15.00868034362793,15.185535430908203,-0.0,-0.0,-0.0,-0.0,off
17.26,13.157380104064941,-6.791788578033447,-2.0840892791748047,0.8956702947616577,0.9164366126060486,14.952875137329102,15.162249565124512,-0.0,-0.0,-0.0,-0.0,off
17.28,13.189605712890625,-6.790369510650635,-2.1007885932922363,0.900679349899292,0.9148608446121216,14.982928276062012,15.144304275512695,-0.0,-0.0,-0.0,-0.0,off
17.3,13.131733894348145,-6.762719631195068,-2.0630416870117188,0.907010555267334,0.9140757918357849,14.914185523986816,15.121270179748535,-0.0,-0.0,-0.0,-0.0,off
17.32,13.090556144714355,-6.745663166046143,-2.071816921234131,0.8918250799179077,0.9118506908416748,14.871417045593262,15.096274375915527,0.0,0.0,-0.0,0.0,off
17.34,12.949392318725586,-6.68036413192749,-2.0259170532226562,0.8874140977859497,0.9094070196151733,14.711165428161621,15.057744979858398,-0.0,-0.0,-0.0,-0.0,off
17.36,13.087837219238281,-6.7384419441223145,-2.067866325378418,0.8886377811431885,0.9073300957679749,14.86520004272461,15.038482666015625,-0.0,-0.0,-0.0,-0.0,off
17.38,13.117178916931152,-6.763002872467041,-2.1165690422058105,0.9073755741119385,0.9073346257209778,14.909006118774414,15.025533676147461,-0.0,-0.0,-0.0,-0.0,off
17.400000000000002,13.101212501525879,-6.752660274505615,-2.1153273582458496,0.8984712362289429,0.9064483046531677,14.890090942382812,15.011988639831543,0.0,-0.0,-0.0,0.0,off
17.42,13.131759643554688,-6.7534379959106445,-2.094799041748047,0.8830103874206543,0.9041045308113098,14.914429664611816,15.002228736877441,-0.0,0.0,-0.0,-0.0,off
17.44,13.13825511932373,-6.760372638702393,-2.119588851928711,0.8769248723983765,0.901386559009552,14.926789283752441,14.994684219360352,-0.0,-0.0,-0.0,-0.0,off
17.46,13.118964195251465,-6.764458179473877,-2.120053291320801,0.8930989503860474,0.9005577564239502,14.911731719970703,14.986388206481934,-0.0,-0.0,-0.0,-0.0,off
17.48,13.038702011108398,-6.729639530181885,-2.0957021713256836,0.9045679569244385,0.9009587168693542,14.821867942810059,14.969935417175293,-0.0,-0.0,-0.0,-0.0,off
17.5,13.012858390808105,-6.707006454467773,-2.0756726264953613,0.895258903503418,0.9003887176513672,14.786035537719727,14.951543807983398,-0.0,-0.0,-0.0,-0.0,off
17.52,13.016180992126465,-6.6975998878479,-2.0735926628112793,0.8819499015808105,0.8985447883605957,14.784404754638672,14.934826850891113,-0.0,-0.0,-0.0,-0.0,off
17.54,12.960451126098633,-6.677469730377197,-2.0531530380249023,0.8797435760498047,0.8966646790504456,14.723360061645508,14.913677215576172,-0.0,-0.0,-0.0,-0.0,off
17.56,12.899216651916504,-6.641944408416748,-2.0295510292053223,0.8954499959945679,0.8965432047843933,14.650060653686523,14.887310028076172,-0.0,-0.0,-0.0,-0.0,off
17.580000000000002,12.947639465332031,-6.665025234222412,-2.036858558654785,0.8862457275390625,0.8955134749412537,14.704174041748047,14.868990898132324,-0.0,-0.0,-0.0,-0.0,off
17.6,12.962042808532715,-6.673457622528076,-2.0249691009521484,0.8709900379180908,0.893061101436615,14.719038963317871,14.853987693786621,-0.0,-0.0,-0.0,-0.0,off
17.62,12.9277982711792,-6.650025367736816,-2.032510757446289,0.8714649677276611,0.890901505947113,14.679302215576172,14.836516380310059,-0.0,-0.0,-0.0,-0.0,off
17.64,12.868626594543457,-6.6134796142578125,-2.0197668075561523,0.8921740055084229,0.8910287618637085,14.608871459960938,14.81374740600586,-0.0,-0.0,-0.0,-0.0,off
17.66,12.79294204711914,-6.586162567138672,-1.9870322942733765,0.8887875080108643,0.8908045887947083,14.52532958984375,14.78489875793457,-0.0,-0.0,-0.0,-0.0,off
17.68,12.697639465332031,-6.530251979827881,-1.9632211923599243,0.874275803565979,0.8891516923904419,14.412788391113281,14.747678756713867,-0.0,-0.0,-0.0,-0.0,off
17.7,12.780373573303223,-6.5583415031433105,-1.9735742807388306,0.8630496263504028,0.886541485786438,14.499820709228516,14.722883224487305,-0.0,0.0,-0.0,-0.0,off
17.72,12.77955150604248,-6.542585849761963,-1.991796612739563,0.8641551733016968,0.8843028545379639,14.494468688964844,14.700037002563477,-0.0,-0.0,-0.0,-0.0,off
17.740000000000002,12.750633239746094,-6.521420001983643,-1.9808355569839478,0.8765466213226318,0.8835272192955017,14.457913398742676,14.675817489624023,-0.0,-0.0,-0.0,-0.0,off
17.76,12.771977424621582,-6.533334255218506,-2.011732578277588,0.8890335559844971,0.8840778470039368,14.486371040344238,14.656869888305664,-0.0,-0.0,-0.0,-0.0,off
17.78,12.731937408447266,-6.508814334869385,-1.9811502695083618,0.8857754468917847,0.8842476010322571,14.435783386230469,14.63475513458252,-0.0,-0.0,-0.0,-0.0,off
17.8,12.726130485534668,-6.486649990081787,-1.9611412286758423,0.8652890920639038,0.8823516964912415,14.417943000793457,14.61306381225586,-0.0,-0.0,-0.0,-0.0,off
17.82,12.7589750289917,-6.496488571166992,-1.9592658281326294,0.868760347366333,0.8809925317764282,14.4511079788208,14.596855163574219,-0.0,-0.0,-0.0,-0.0,off
17.84,12.762682914733887,-6.488772392272949,-1.9658123254776,0.8656070232391357,0.8794539570808411,14.451805114746094,14.5823392868042,-0.0,-0.0,-0.0,-0.0,off
17.86,12.714005470275879,-6.47477388381958,-1.954166054725647,0.8748651742935181,0.8789950609207153,14.400951385498047,14.564191818237305,-0.0,-0.0,-0.0,-0.0,off
17.88,12.58273983001709,-6.414987087249756,-1.9199424982070923,0.8710075616836548,0.8781962990760803,14.253546714782715,14.533119201660156,-0.0,-0.0,-0.0,-0.0,off
17.900000000000002,12.653882026672363,-6.439731597900391,-1.94290030002594,0.8701210021972656,0.8773887753486633,14.330587387084961,14.512860298156738,-0.0,-0.0,-0.0,-0.0,off
17.92,12.594322204589844,-6.413167476654053,-1.9169806241989136,0.8760625123977661,0.8772561550140381,14.262555122375488,14.487821578979492,-0.0,-0.0,-0.0,-0.0,off
17.94,12.585777282714844,-6.39567756652832,-1.9215513467788696,0.8761845827102661,0.8771489858627319,14.247766494750977,14.4638090133667,-0.0,-0.0,-0.0,-0.0,off
17.96,12.55761432647705,-6.379904270172119,-1.9135018587112427,0.8678715229034424,0.876221239566803,14.214722633361816,14.43889331817627,-0.0,-0.0,-0.0,-0.0,off
17.98,12.510455131530762,-6.36091423034668,-1.9057976007461548,0.8723315000534058,0.875832200050354,14.163501739501953,14.411349296569824,-0.0,-0.0,-0.0,-0.0,off
18.0,12.5673246383667,-6.393813610076904,-1.9193977117538452,0.8784093856811523,0.876089870929718,14.230340957641602,14.393245697021484,-0.0,-0.0,-0.0,-0.0,off
18.02,12.616305351257324,-6.401084899902344,-1.9191819429397583,0.882767915725708,0.8767576813697815,14.27684497833252,14.381599426269531,-0.0,0.0,-0.0,-0.0,off
18.04,12.673324584960938,-6.418901443481445,-1.9257665872573853,0.8842030763626099,0.8775022029876709,14.336109161376953,14.377042770385742,-0.0,-0.0,-0.0,-0.0,off
18.06,12.61308479309082,-6.371307373046875,-1.9194046258926392,0.8664478063583374,0.8763967156410217,14.260700225830078,14.365399360656738,-0.0,-0.0,-0.0,-0.0,off
18.080000000000002,12.5411376953125,-6.343803882598877,-1.9109760522842407,0.8666677474975586,0.875423789024353,14.183646202087402,14.34721851348877,-0.0,-0.0,-0.0,-0.0,off
18.1,12.539811134338379,-6.347102165222168,-1.9192646741867065,0.8774385452270508,0.8756252527236938,14.185067176818848,14.331000328063965,-0.0,-0.0,-0.0,-0.0,off
18.12,12.451423645019531,-6.300233840942383,-1.9113596677780151,0.8764898777008057,0.8757116794586182,14.084892272949219,14.30638599395752,-0.0,-0.0,-0.0,-0.0,off
18.14,12.503515243530273,-6.315629482269287,-1.9106298685073853,0.870934009552002,0.8752338886260986,14.137736320495605,14.28951644897461,0.0,-0.0,-0.0,0.0,off
18.16,12.534745216369629,-6.327825546264648,-1.9200552701950073,0.8580961227416992,0.8735200762748718,14.172080039978027,14.2777681350708,0.0,-0.0,-0.0,0.0,off
18.18,12.535449028015137,-6.327972888946533,-1.8999263048171997,0.8568859100341797,0.8718566298484802,14.17005443572998,14.26699161529541,-0.0,-0.0,-0.0,-0.0,off
18.2,12.544292449951172,-6.325703144073486,-1.9444729089736938,0.8796615600585938,0.8726370930671692,14.182903289794922,14.258576393127441,-0.0,-0.0,-0.0,-0.0,off
18.22,12.512751579284668,-6.29812479019165,-1.9273401498794556,0.869139552116394,0.8722873330116272,14.140366554260254,14.246748924255371,-0.0,-0.0,-0.0,-0.0,off
18.240000000000002,12.561964988708496,-6.310014247894287,-1.926216721534729,0.8389527797698975,0.8689538240432739,14.189064979553223,14.240972518920898,-0.0,0.0,-0.0,-0.0,off
18.26,12.499218940734863,-6.288910865783691,-1.9170533418655396,0.8337783813476562,0.8654362559318542,14.12288761138916,14.229159355163574,-0.0,-0.0,-0.0,-0.0,off
18.28,12.303557395935059,-6.212845802307129,-1.8613921403884888,0.8529312610626221,0.8641857504844666,13.908333778381348,14.197074890136719,-0.0,-0.0,-0.0,-0.0,off
18.3,12.305647850036621,-6.213693141937256,-1.8730093240737915,0.8755360841751099,0.8653208017349243,13.912121772766113,14.168578147888184,-0.0,-0.0,-0.0,-0.0,off
18.32,12.300910949707031,-6.214370250701904,-1.8483237028121948,0.8419289588928223,0.8629815578460693,13.90493106842041,14.14220905303955,-0.0,-0.0,-0.0,-0.0,off
18.34,12.29552173614502,-6.192519664764404,-1.8376821279525757,0.8160229921340942,0.858285665512085,13.888997077941895,14.116880416870117,-0.0,-0.0,-0.0,-0.0,off
18.36,12.28575611114502,-6.182960033416748,-1.8404046297073364,0.8215482234954834,0.854611873626709,13.87645149230957,14.092832565307617,-0.0,-0.0,-0.0,-0.0,off
18.38,12.402125358581543,-6.233468532562256,-1.8761731386184692,0.8498389720916748,0.8541345596313477,14.006743431091309,14.084218978881836,-0.0,-0.0,-0.0,-0.0,off
18.400000000000002,12.333584785461426,-6.201364040374756,-1.8620449304580688,0.8511989116668701,0.8538410067558289,13.929876327514648,14.068781852722168,-0.0,-0.0,-0.0,-0.0,off
18.42,12.27335262298584,-6.161225318908691,-1.8472195863723755,0.8314555883407593,0.8516024351119995,13.856698989868164,14.047569274902344,-0.0,0.0,-0.0,-0.0,off
18.44,12.331677436828613,-6.20261812210083,-1.8589476346969604,0.8183259963989258,0.8482747673988342,13.928332328796387,14.035643577575684,-0.0,-0.0,-0.0,-0.0,off
18.46,12.357441902160645,-6.206875324249268,-1.871433138847351,0.8269598484039307,0.8461432456970215,13.954710006713867,14.027548789978027,-0.0,-0.0,-0.0,-0.0,off
18.48,12.310772895812988,-6.179000377655029,-1.8534313440322876,0.8302493095397949,0.8445538282394409,13.898574829101562,14.014647483825684,-0.0,-0.0,-0.0,-0.0,off
18.5,12.238790512084961,-6.142146110534668,-1.8345638513565063,0.8216866254806519,0.8422670364379883,13.81591796875,13.994771957397461,-0.0,0.0,-0.0,-0.0,off
18.52,12.242059707641602,-6.136936187744141,-1.8334182500839233,0.8094619512557983,0.8389865159988403,13.816346168518066,13.97692584991455,-0.0,-0.0,-0.0,-0.0,off
18.54,12.216890335083008,-6.140210151672363,-1.8298817873001099,0.8107067346572876,0.8361585140228271,13.795037269592285,13.958735466003418,-0.0,-0.0,-0.0,-0.0,off
18.56,12.209680557250977,-6.13066291809082,-1.8378556966781616,0.8151741027832031,0.83406001329422,13.7854642868042,13.941407203674316,-0.0,-0.0,-0.0,-0.0,off
18.580000000000002,12.179608345031738,-6.110125541687012,-1.8225921392440796,0.8043266534805298,0.8310866355895996,13.747666358947754,13.92203140258789,-0.0,-0.0,-0.0,-0.0,off
18.6,12.16163158416748,-6.0980730056762695,-1.8093641996383667,0.7986927032470703,0.8278472423553467,13.724634170532227,13.902287483215332,-0.0,-0.0,-0.0,-0.0,off
18.62,12.154136657714844,-6.089599132537842,-1.8184586763381958,0.8038413524627686,0.825446605682373,13.715431213378906,13.883600234985352,0.0,-0.0,-0.0,0.0,off
18.64,12.15073013305664,-6.096598148345947,-1.8143874406814575,0.8150795698165894,0.8244099020957947,13.714982986450195,13.866737365722656,-0.0,0.0,-0.0,-0.0,off
18.66,12.200819969177246,-6.129464626312256,-1.843389630317688,0.8184758424758911,0.8238164782524109,13.777823448181152,13.857845306396484,-0.0,0.0,-0.0,-0.0,off
18.68,12.220523834228516,-6.120704174041748,-1.8422666788101196,0.7940894365310669,0.8208437561988831,13.791234970092773,13.851183891296387,-0.0,-0.0,-0.0,-0.0,off
18.7,12.093835830688477,-6.062710285186768,-1.8144603967666626,0.7677901983261108,0.8155383467674255,13.649526596069336,13.831016540527344,-0.0,-0.0,-0.0,-0.0,off
18.72,12.174711227416992,-6.104567527770996,-1.8372098207473755,0.7880613803863525,0.8127906322479248,13.742804527282715,13.822195053100586,-0.0,-0.0,-0.0,-0.0,off
18.740000000000002,12.192742347717285,-6.095189094543457,-1.8494929075241089,0.8033534288406372,0.8118468523025513,13.756268501281738,13.815600395202637,-0.0,-0.0,-0.0,-0.0,off
18.76,12.170655250549316,-6.074053764343262,-1.8385893106460571,0.7982132434844971,0.8104835152626038,13.725865364074707,13.806622505187988,-0.0,-0.0,-0.0,-0.0,off
18.78,12.09069538116455,-6.038306713104248,-1.8196347951889038,0.7917259931564331,0.8086077570915222,13.63661003112793,13.789619445800781,-0.0,-0.0,-0.0,-0.0,off
18.8,12.015132904052734,-6.005025386810303,-1.813867449760437,0.7685964107513428,0.8046066164970398,13.554108619689941,13.766066551208496,-0.0,-0.0,-0.0,-0.0,off
18.82,11.830472946166992,-5.943490505218506,-1.7737904787063599,0.7784667015075684,0.8019925951957703,13.35782527923584,13.725241661071777,-0.0,0.0,-0.0,-0.0,off
18.84,11.918547630310059,-5.983006477355957,-1.8022147417068481,0.7834863662719727,0.8001419305801392,13.457195281982422,13.69843578338623,-0.0,-0.0,-0.0,-0.0,off
18.86,11.930389404296875,-5.9764862060546875,-1.7831982374191284,0.7739338874816895,0.7975211143493652,13.462257385253906,13.674816131591797,-0.0,-0.0,-0.0,-0.0,off
18.88,11.974061965942383,-5.987570762634277,-1.8042532205581665,0.758702278137207,0.7936391830444336,13.508682250976562,13.658202171325684,-0.0,-0.0,-0.0,-0.0,off
18.900000000000002,12.045857429504395,-6.002523899078369,-1.8202162981033325,0.7577149868011475,0.790046751499176,13.581095695495605,13.650487899780273,-0.0,-0.0,-0.0,-0.0,off
18.92,12.097697257995605,-6.007916450500488,-1.837886929512024,0.7678630352020264,0.7878283262252808,13.631843566894531,13.648613929748535,-0.0,-0.0,-0.0,-0.0,off
18.94,12.05527400970459,-5.9798455238342285,-1.8170973062515259,0.7583153247833252,0.7848770022392273,13.579029083251953,13.641647338867188,-0.0,-0.0,-0.0,-0.0,off
18.96,11.996166229248047,-5.946211338043213,-1.8142167329788208,0.7425962686538696,0.780648946762085,13.511359214782715,13.628610610961914,-0.0,-0.0,-0.0,-0.0,off
18.98,11.963781356811523,-5.939138889312744,-1.8141237497329712,0.7427250146865845,0.776856541633606,13.479483604431152,13.613692283630371,0.0,0.0,-0.0,0.0,off
19.0,11.963960647583008,-5.931134223937988,-1.8141366243362427,0.7758609056472778,0.776757001876831,13.476119041442871,13.599929809570312,-0.0,-0.0,-0.0,-0.0,off
19.02,11.848271369934082,-5.879242420196533,-1.786380410194397,0.7723890542984009,0.776320219039917,13.346841812133789,13.574616432189941,-0.0,-0.0,-0.0,-0.0,off
19.04,11.868292808532715,-5.893050193786621,-1.7877427339553833,0.7636169195175171,0.7750498652458191,13.370880126953125,13.554241180419922,-0.0,0.0,-0.0,-0.0,off
19.06,11.861429214477539,-5.878649711608887,-1.7732349634170532,0.758314847946167,0.7733763456344604,13.356511116027832,13.534463882446289,-0.0,0.0,-0.0,-0.0,off
19.080000000000002,11.846022605895996,-5.865476131439209,-1.7826091051101685,0.7649837732315063,0.7725370526313782,13.338281631469727,13.51484203338623,-0.0,-0.0,-0.0,-0.0,off
19.1,11.7892484664917,-5.843635082244873,-1.7696176767349243,0.7768594026565552,0.7729693055152893,13.276520729064941,13.491006851196289,-0.0,-0.0,-0.0,-0.0,off
19.12,11.700011253356934,-5.80819845199585,-1.7530421018600464,0.7766776084899902,0.773340106010437,13.179475784301758,13.459853172302246,-0.0,-0.0,-0.0,-0.0,off
19.14,11.612532615661621,-5.759332180023193,-1.7249201536178589,0.7575931549072266,0.7717653512954712,13.076549530029297,13.42151927947998,0.0,-0.0,-0.0,0.0,off
19.16,11.650907516479492,-5.761096954345703,-1.7361332178115845,0.7492969036102295,0.7695184946060181,13.112895965576172,13.390652656555176,0.0,-0.0,-0.0,0.0,off
19.18,11.642728805541992,-5.763335227966309,-1.7300277948379517,0.7577594518661499,0.7683425545692444,13.105806350708008,13.362165451049805,-0.0,-0.0,-0.0,-0.0,off
19.2,11.592467308044434,-5.739509105682373,-1.725798487663269,0.7617757320404053,0.7676858901977539,13.05012035369873,13.330958366394043,-0.0,-0.0,-0.0,-0.0,off
19.22,11.616050720214844,-5.744536876678467,-1.7247473001480103,0.7339756488800049,0.7643148303031921,13.07314395904541,13.305173873901367,0.0,-0.0,-0.0,0.0,off
19.240000000000002,11.576254844665527,-5.719941139221191,-1.7113450765609741,0.720791220664978,0.7599624395370483,13.0252103805542,13.27717399597168,0.0,-0.0,-0.0,0.0,off
19.26,11.589916229248047,-5.716921806335449,-1.7075787782669067,0.7387527227401733,0.7578414082527161,13.035534858703613,13.25300407409668,0.0,-0.0,-0.0,0.0,off
19.28,11.55677604675293,-5.681735515594482,-1.7027407884597778,0.7436331510543823,0.7564205527305603,12.990015983581543,13.226696968078613,-0.0,-0.0,-0.0,-0.0,off
19.3,11.601694107055664,-5.70199728012085,-1.7171984910964966,0.7468594312667847,0.7554644346237183,13.040738105773926,13.208094596862793,-0.0,0.0,-0.0,-0.0,off
19.32,11.557273864746094,-5.681983470916748,-1.7038143873214722,0.7433879375457764,0.7542567849159241,12.990707397460938,13.186349868774414,-0.0,0.0,-0.0,-0.0,off
19.34,11.608901023864746,-5.6946492195129395,-1.7087198495864868,0.730361819267273,0.7518672943115234,13.042827606201172,13.171989440917969,-0.0,-0.0,-0.0,-0.0,off
19.36,11.592803955078125,-5.688380241394043,-1.71686851978302,0.7242336273193359,0.7491039037704468,13.026834487915039,13.157468795776367,-0.0,-0.0,-0.0,-0.0,off
19.38,11.564393043518066,-5.675746440887451,-1.7183936834335327,0.7322758436203003,0.7474210858345032,12.996236801147461,13.141341209411621,-0.0,-0.0,-0.0,-0.0,off
19.400000000000002,11.486940383911133,-5.615280628204346,-1.697590947151184,0.7132793664932251,0.744006872177124,12.898178100585938,13.117015838623047,-0.0,0.0,-0.0,-0.0,off
19.42,11.379467964172363,-5.578526973724365,-1.6766988039016724,0.7013578414916992,0.7397419214248657,12.783722877502441,13.083683013916016,-0.0,-0.0,-0.0,-0.0,off
19.44,11.416054725646973,-5.592492580413818,-1.6664925813674927,0.7133543491363525,0.7371031641960144,12.821056365966797,13.057414054870605,0.0,0.0,-0.0,0.0,off
19.46,11.45176887512207,-5.582070827484131,-1.6794899702072144,0.7135322093963623,0.7347460389137268,12.850028038024902,13.036664962768555,0.0,0.0,-0.0,0.0,off
19.48,11.33800983428955,-5.531359672546387,-1.6536918878555298,0.6985256671905518,0.7311239838600159,12.723250389099121,13.005315780639648,-0.0,0.0,-0.0,-0.0,off
19.5,11.345688819885254,-5.534668445587158,-1.6638444662094116,0.6755965948104858,0.7255712151527405,12.732854843139648,12.978063583374023,-0.0,-0.0,-0.0,-0.0,off
19.52,11.367256164550781,-5.547184467315674,-1.6756693124771118,0.672858476638794,0.7202998995780945,12.759060859680176,12.956158638000488,0.0,-0.0,-0.0,0.0,off
19.54,11.373819351196289,-5.546801567077637,-1.6634751558303833,0.6879473924636841,0.717064619064331,12.763147354125977,12.936851501464844,-0.0,-0.0,-0.0,-0.0,off
19.56,11.341057777404785,-5.517614841461182,-1.645487904548645,0.6854120492935181,0.7138993740081787,12.718935012817383,12.915051460266113,-0.0,-0.0,-0.0,-0.0,off
19.580000000000002,11.262174606323242,-5.481543064117432,-1.6341572999954224,0.6660323143005371,0.7091126441955566,12.63148307800293,12.886689186096191,-0.0,-0.0,-0.0,-0.0,off
19.6,11.249603271484375,-5.474963665008545,-1.6311112642288208,0.6568166017532349,0.7038829922676086,12.617025375366211,12.859716415405273,-0.0,-0.0,-0.0,-0.0,off
19.62,11.292465209960938,-5.5021233558654785,-1.6526862382888794,0.6593946218490601,0.6994341611862183,12.66982650756836,12.84072494506836,-0.0,-0.0,-0.0,-0.0,off
19.64,11.273226737976074,-5.49213171005249,-1.6371368169784546,0.6812556982040405,0.6976162791252136,12.646318435668945,12.821281433105469,-0.0,-0.0,-0.0,-0.0,off
19.66,11.271689414978027,-5.488304615020752,-1.6326686143875122,0.6695165634155273,0.6948062777519226,12.642708778381348,12.803420066833496,-0.0,-0.0,-0.0,-0.0,off
19.68,11.265810012817383,-5.472667217254639,-1.6324068307876587,0.6311269998550415,0.6884382963180542,12.63064956665039,12.786138534545898,-0.0,-0.0,-0.0,-0.0,off
19.7,11.251126289367676,-5.457779407501221,-1.6463311910629272,0.6174179315567017,0.6813362240791321,12.612914085388184,12.768810272216797,-0.0,-0.0,-0.0,-0.0,off
19.72,11.287062644958496,-5.474145412445068,-1.6532186269760132,0.634345293045044,0.6766371130943298,12.65295124053955,12.757220268249512,-0.0,-0.0,-0.0,-0.0,off
19.740000000000002,11.219635009765625,-5.449411869049072,-1.636464238166809,0.6546972990036011,0.6744431257247925,12.579916954040527,12.739487648010254,-0.0,0.0,-0.0,-0.0,off
19.76,11.254556655883789,-5.459118366241455,-1.6494008302688599,0.6350609064102173,0.6705048680305481,12.616954803466797,12.727231979370117,-0.0,0.0,-0.0,-0.0,off
19.78,11.235991477966309,-5.453682899475098,-1.6442328691482544,0.6032438278198242,0.6637787222862244,12.597367286682129,12.71424388885498,-0.0,-0.0,-0.0,-0.0,off
19.8,11.16504192352295,-5.441931247711182,-1.6325434446334839,0.622857928276062,0.6596866250038147,12.527488708496094,12.695568084716797,-0.0,0.0,-0.0,-0.0,off
19.82,11.0899658203125,-5.404297351837158,-1.6131232976913452,0.6306926012039185,0.6567872166633606,12.441701889038086,12.670181274414062,-0.0,-0.0,-0.0,-0.0,off
19.84,11.055529594421387,-5.381875514984131,-1.6110974550247192,0.631278395652771,0.6542363166809082,12.401006698608398,12.64326286315918,-0.0,0.0,-0.0,-0.0,off
19.86,11.04278564453125,-5.35748291015625,-1.6077834367752075,0.6030868291854858,0.6491213440895081,12.378639221191406,12.616798400878906,-0.0,0.0,-0.0,-0.0,off
19.88,11.047261238098145,-5.368650913238525,-1.614017128944397,0.5883647203445435,0.6430456638336182,12.38827896118164,12.593945503234863,-0.0,-0.0,-0.0,-0.0,off
19.900000000000002,10.980236053466797,-5.357109546661377,-1.6068154573440552,0.6060203313827515,0.6393430829048157,12.322583198547363,12.566808700561523,-0.0,-0.0,-0.0,-0.0,off
19.92,10.868209838867188,-5.297800540924072,-1.5839980840682983,0.6026993989944458,0.6356787085533142,12.19400405883789,12.52952766418457,-0.0,-0.0,-0.0,-0.0,off
19.94,10.86850643157959,-5.287374019622803,-1.5917869806289673,0.5935095548629761,0.6314617991447449,12.190756797790527,12.495648384094238,0.0,0.0,-0.0,0.0,off
19.96,10.843793869018555,-5.270854949951172,-1.5899759531021118,0.572852611541748,0.6256008744239807,12.161323547363281,12.462215423583984,0.0,0.0,-0.0,0.0,off
19.98,10.867547988891602,-5.291206359863281,-1.5968047380447388,0.587417483329773,0.6217825412750244,12.192220687866211,12.43521499633789,-0.0,-0.0,-0.0,-0.0,off
20.0,10.81371021270752,-5.269464492797852,-1.583004117012024,0.5940005779266357,0.6190043687820435,12.132991790771484,12.404993057250977,-0.0,0.0,-0.0,-0.0,off
20.02,10.816044807434082,-5.263733863830566,-1.5702379941940308,0.594031810760498,0.6165071129798889,12.130926132202148,12.377586364746094,-0.0,-0.0,-0.0,-0.0,off
20.04,10.81064224243164,-5.246601581573486,-1.5779482126235962,0.5693303346633911,0.6117894053459167,12.119683265686035,12.351794242858887,-0.0,-0.0,-0.0,-0.0,off
20.06,10.677440643310547,-5.189398765563965,-1.551827073097229,0.5648682117462158,0.6070972681045532,11.972708702087402,12.313885688781738,-0.0,-0.0,-0.0,-0.0,off
20.080000000000002,10.638561248779297,-5.154515743255615,-1.5441910028457642,0.5767818689346313,0.6040657162666321,11.921935081481934,12.274687767028809,-0.0,-0.0,-0.0,-0.0,off
20.1,10.664885520935059,-5.1655473709106445,-1.5466841459274292,0.5834931135177612,0.6020084619522095,11.950518608093262,12.242268562316895,-0.0,-0.0,-0.0,-0.0,off
20.12,10.523269653320312,-5.1064839363098145,-1.5092653036117554,0.5631773471832275,0.5981253385543823,11.793780326843262,12.197417259216309,-0.0,-0.0,-0.0,-0.0,off
20.14,10.539898872375488,-5.099660396575928,-1.515844702720642,0.543320894241333,0.5926448702812195,11.806514739990234,12.158323287963867,-0.0,-0.0,-0.0,-0.0,off
20.16,10.529855728149414,-5.104284286499023,-1.5115770101547241,0.5467722415924072,0.5880576372146606,11.799001693725586,12.122389793395996,-0.0,-0.0,-0.0,-0.0,off
20.18,10.449307441711426,-5.077393054962158,-1.4888273477554321,0.5474352836608887,0.5839954018592834,11.712580680847168,12.081404685974121,-0.0,-0.0,-0.0,-0.0,off
20.2,10.443401336669922,-5.047584533691406,-1.4900315999984741,0.54072105884552,0.5796679258346558,11.694568634033203,12.042716979980469,-0.0,-0.0,-0.0,-0.0,off
20.22,10.35229206085205,-5.01280403137207,-1.4732998609542847,0.5191566944122314,0.5736167430877686,11.59606647491455,11.998048782348633,-0.0,-0.0,-0.0,-0.0,off
20.240000000000002,10.323256492614746,-4.974170207977295,-1.4802895784378052,0.5002118349075317,0.5662762522697449,11.554360389709473,11.953675270080566,-0.0,-0.0,-0.0,-0.0,off
20.26,10.308216094970703,-4.987736225128174,-1.4661413431167603,0.5221911668777466,0.5618677139282227,11.54497241973877,11.912802696228027,-0.0,-0.0,-0.0,-0.0,off
20.28,10.357784271240234,-5.007438659667969,-1.4796696901321411,0.5298581123352051,0.5586667060852051,11.59946346282959,11.88146686553955,-0.0,-0.0,-0.0,-0.0,off
20.3,10.295416831970215,-4.948611259460449,-1.4616643190383911,0.5112428665161133,0.5539243221282959,11.516111373901367,11.844923973083496,-0.0,-0.0,-0.0,-0.0,off
20.32,10.27440071105957,-4.93409538269043,-1.4598392248153687,0.49586471915245056,0.5481183528900146,11.490854263305664,11.809510231018066,-0.0,-0.0,-0.0,-0.0,off
20.34,10.292930603027344,-4.923569679260254,-1.469028115272522,0.49006184935569763,0.5423126816749573,11.5040864944458,11.778956413269043,-0.0,-0.0,-0.0,-0.0,off
20.36,10.266104698181152,-4.917455673217773,-1.4747916460037231,0.5038958787918091,0.538470983505249,11.478209495544434,11.748873710632324,-0.0,-0.0,-0.0,-0.0,off
20.38,10.2418851852417,-4.898412227630615,-1.4708863496780396,0.4908061921596527,0.5337045192718506,11.447888374328613,11.718768119812012,-0.0,-0.0,-0.0,-0.0,off
20.400000000000002,10.145379066467285,-4.842803478240967,-1.4554296731948853,0.46683523058891296,0.5270175933837891,11.335772514343262,11.680459976196289,0.0,-0.0,-0.0,0.0,off
20.42,10.155370712280273,-4.8236212730407715,-1.4463194608688354,0.4626133143901825,0.5205771327018738,11.33537483215332,11.645934104919434,0.0,0.0,-0.0,0.0,off
20.44,10.126700401306152,-4.804800510406494,-1.4450913667678833,0.4726448953151703,0.5157839059829712,11.30152416229248,11.61147689819336,-0.0,-0.0,-0.0,-0.0,off
20.46,10.061493873596191,-4.77588415145874,-1.4263471364974976,0.48521944880485535,0.5127274394035339,11.228409767150879,11.573156356811523,-0.0,-0.0,-0.0,-0.0,off
20.48,10.076723098754883,-4.750207901000977,-1.4412490129470825,0.45796653628349304,0.5072513222694397,11.233077049255371,11.53912353515625,-0.0,-0.0,-0.0,-0.0,off
20.5,10.096120834350586,-4.743462562561035,-1.4364515542984009,0.4343460500240326,0.4999607801437378,11.247020721435547,11.509883880615234,-0.0,-0.0,-0.0,-0.0,off
20.52,10.114409446716309,-4.7406487464904785,-1.4561244249343872,0.4403176009654999,0.4939964711666107,11.264782905578613,11.485342025756836,-0.0,-0.0,-0.0,-0.0,off
20.54,10.023791313171387,-4.695181369781494,-1.4371486902236938,0.4510619342327118,0.4897030293941498,11.161832809448242,11.452963829040527,-0.0,-0.0,-0.0,-0.0,off
20.56,9.976906776428223,-4.693979740142822,-1.4281641244888306,0.4582454264163971,0.4865572452545166,11.118083000183105,11.419464111328125,-0.0,-0.0,-0.0,-0.0,off
20.580000000000002,9.957518577575684,-4.663166522979736,-1.4395915269851685,0.43509188294410706,0.4814106822013855,11.089171409606934,11.38641357421875,-0.0,-0.0,-0.0,-0.0,off
20.6,9.908245086669922,-4.642384052276611,-1.4316598176956177,0.4140825569629669,0.4746778607368469,11.035157203674316,11.351272583007812,-0.0,-0.0,-0.0,-0.0,off
20.62,9.861367225646973,-4.6270833015441895,-1.4120839834213257,0.4341674745082855,0.4706268012523651,10.984100341796875,11.314545631408691,-0.0,-0.0,-0.0,-0.0,off
20.64,9.92326545715332,-4.6424384117126465,-1.431662678718567,0.4377101957798004,0.46733513474464417,11.04866886138916,11.287943840026855,-0.0,-0.0,-0.0,-0.0,off
20.66,9.816386222839355,-4.5962300300598145,-1.4002546072006226,0.41538330912590027,0.46213993430137634,10.929203033447266,11.252060890197754,-0.0,-0.0,-0.0,-0.0,off
20.68,9.83773136138916,-4.594030857086182,-1.4145241975784302,0.4115618169307709,0.4570820927619934,10.94929027557373,11.221772193908691,-0.0,0.0,-0.0,-0.0,off
20.7,9.899266242980957,-4.632379055023193,-1.4264050722122192,0.414998859167099,0.45287376642227173,11.022207260131836,11.201807975769043,0.0,0.0,-0.0,0.0,off
20.72,9.74550724029541,-4.55039119720459,-1.3870617151260376,0.42969247698783875,0.45055562257766724,10.844579696655273,11.16607666015625,-0.0,-0.0,-0.0,-0.0,off
20.740000000000002,9.733755111694336,-4.519392967224121,-1.3822041749954224,0.4189282953739166,0.44739288091659546,10.820415496826172,11.13149356842041,-0.0,-0.0,-0.0,-0.0,off
20.76,9.71806526184082,-4.502702236175537,-1.385654091835022,0.3847597539424896,0.44112956523895264,10.799776077270508,11.09830379486084,-0.0,-0.0,-0.0,-0.0,off
20.78,9.633649826049805,-4.4801554679870605,-1.3668164014816284,0.3891421854496002,0.4359307885169983,10.712011337280273,11.05966567993164,-0.0,-0.0,-0.0,-0.0,off
20.8,9.62903881072998,-4.48241662979126,-1.3813201189041138,0.40748247504234314,0.43308594822883606,10.710672378540039,11.024761199951172,-0.0,-0.0,-0.0,-0.0,off
20.82,9.665274620056152,-4.489800930023193,-1.3879753351211548,0.39641401171684265,0.42941874265670776,10.747200965881348,10.996997833251953,-0.0,-0.0,-0.0,-0.0,off
20.84,9.586557388305664,-4.449833393096924,-1.371554970741272,0.3804360330104828,0.42452043294906616,10.657591819763184,10.963050842285156,-0.0,-0.0,-0.0,-0.0,off
20.86,9.576465606689453,-4.432189464569092,-1.3620911836624146,0.37423279881477356,0.41949164867401123,10.639938354492188,10.930729866027832,-0.0,-0.0,-0.0,-0.0,off
20.88,9.576939582824707,-4.427881717681885,-1.3569120168685913,0.36904940009117126,0.4144473969936371,10.637909889221191,10.901437759399414,-0.0,-0.0,-0.0,-0.0,off
20.900000000000002,9.60527229309082,-4.433992862701416,-1.3776098489761353,0.37611982226371765,0.41061463952064514,10.668615341186523,10.878146171569824,0.0,-0.0,-0.0,0.0,off
20.92,9.579510688781738,-4.423330783843994,-1.3736964464187622,0.3959003984928131,0.40914320945739746,10.640484809875488,10.85437297821045,-0.0,-0.0,-0.0,-0.0,off
20.94,9.497651100158691,-4.371285438537598,-1.3588443994522095,0.364664763212204,0.4046953618526459,10.543243408203125,10.823248863220215,-0.0,-0.0,-0.0,-0.0,off
20.96,9.460715293884277,-4.3538641929626465,-1.3567034006118774,0.3584337532520294,0.4000691771507263,10.502471923828125,10.79116153717041,-0.0,-0.0,-0.0,-0.0,off
20.98,9.456055641174316,-4.360919952392578,-1.3522166013717651,0.37778887152671814,0.39784112572669983,10.50062370300293,10.762102127075195,-0.0,0.0,-0.0,-0.0,off
21.0,9.458613395690918,-4.345388889312744,-1.3516849279403687,0.37611135840415955,0.3956681191921234,10.496419906616211,10.735525131225586,-0.0,-0.0,-0.0,-0.0,off
21.02,9.373811721801758,-4.318241596221924,-1.3436857461929321,0.35961779952049255,0.39206308126449585,10.407739639282227,10.702742576599121,-0.0,-0.0,-0.0,-0.0,off
21.04,9.406320571899414,-4.327854633331299,-1.3531328439712524,0.34634122252464294,0.3874908685684204,10.442229270935059,10.676685333251953,-0.0,-0.0,-0.0,-0.0,off
21.06,9.37007999420166,-4.2985405921936035,-1.3330644369125366,0.3563394248485565,0.3843757212162018,10.39484977722168,10.648494720458984,-0.0,-0.0,-0.0,-0.0,off
21.080000000000002,9.326421737670898,-4.274092674255371,-1.3259896039962769,0.36506387591362,0.3824445307254791,10.34447956085205,10.618085861206055,-0.0,0.0,-0.0,-0.0,off
21.1,9.283900260925293,-4.237783908843994,-1.316510558128357,0.3488287627696991,0.37908294796943665,10.289937019348145,10.585258483886719,-0.0,-0.0,-0.0,-0.0,off
21.12,9.24146556854248,-4.211481094360352,-1.3067666292190552,0.3234727084636688,0.3735218942165375,10.239575386047363,10.550677299499512,-0.0,-0.0,-0.0,-0.0,off
21.14,9.233473777770996,-4.198786735534668,-1.3108989000320435,0.31908944249153137,0.36807864904403687,10.227673530578613,10.518363952636719,0.0,-0.0,-0.0,0.0,off
21.16,9.201742172241211,-4.20023250579834,-1.295566201210022,0.3388117253780365,0.36515194177627563,10.197670936584473,10.486287117004395,0.0,-0.0,-0.0,0.0,off
21.18,9.118439674377441,-4.150627613067627,-1.288411021232605,0.33139941096305847,0.3617766797542572,10.101170539855957,10.44776725769043,-0.0,-0.0,-0.0,-0.0,off
21.2,9.163861274719238,-4.1538825035095215,-1.2936149835586548,0.32137468457221985,0.3577364683151245,10.144186973571777,10.417396545410156,-0.0,0.0,-0.0,-0.0,off
21.22,9.255879402160645,-4.177113056182861,-1.3185805082321167,0.30071398615837097,0.35203421115875244,10.240031242370605,10.399640083312988,-0.0,-0.0,-0.0,-0.0,off
21.240000000000002,9.20071029663086,-4.143801689147949,-1.3056808710098267,0.31123557686805725,0.34795433282852173,10.174918174743652,10.377147674560547,-0.0,-0.0,-0.0,-0.0,off
21.26,9.125056266784668,-4.120763301849365,-1.2893162965774536,0.32014790177345276,0.3451736867427826,10.095032691955566,10.34892463684082,-0.0,-0.0,-0.0,-0.0,off
21.28,9.087580680847168,-4.090117454528809,-1.2897530794143677,0.29608264565467834,0.34026455879211426,10.048713684082031,10.318888664245605,0.0,-0.0,-0.0,0.0,off
21.3,9.078607559204102,-4.074433326721191,-1.2876023054122925,0.2816375195980072,0.33440184593200684,10.033944129943848,10.290376663208008,-0.0,-0.0,-0.0,-0.0,off
21.32,9.06554126739502,-4.0537590980529785,-1.2889963388442993,0.27052101492881775,0.32801374793052673,10.013916015625,10.26270866394043,-0.0,-0.0,-0.0,-0.0,off
21.34,8.955995559692383,-4.0204548835754395,-1.254785180091858,0.2906250059604645,0.32427486777305603,9.89688777923584,10.226115226745605,-0.0,-0.0,-0.0,-0.0,off
21.36,8.960611343383789,-4.006821155548096,-1.258196234703064,0.27987369894981384,0.31983473896980286,9.895970344543457,10.193084716796875,-0.0,-0.0,-0.0,-0.0,off
21.38,8.983489036560059,-3.9897961616516113,-1.2577077150344849,0.2591739594936371,0.3137686252593994,9.909761428833008,10.164725303649902,-0.0,-0.0,-0.0,-0.0,off
21.400000000000002,9.003430366516113,-3.991283893585205,-1.270058274269104,0.23594412207603455,0.3059861660003662,9.930012702941895,10.141226768493652,-0.0,-0.0,-0.0,-0.0,off
21.42,8.933976173400879,-3.9608922004699707,-1.2495218515396118,0.23477253317832947,0.29886481165885925,9.852203369140625,10.112302780151367,-0.0,-0.0,-0.0,-0.0,off
21.44,8.837059020996094,-3.927748203277588,-1.234221339225769,0.24530991911888123,0.293509304523468,9.74905776977539,10.07596492767334,-0.0,-0.0,-0.0,-0.0,off
21.46,8.835334777832031,-3.929424285888672,-1.240169644355774,0.24612107872962952,0.288770467042923,9.74892520904541,10.043251037597656,-0.0,-0.0,-0.0,-0.0,off
21.48,8.806211471557617,-3.8947854042053223,-1.2176815271377563,0.23838195204734802,0.283731609582901,9.705743789672852,10.009481430053711,-0.0,-0.0,-0.0,-0.0,off
21.5,8.856045722961426,-3.915623188018799,-1.2342890501022339,0.21811756491661072,0.27717018127441406,9.761409759521484,9.984660148620605,-0.0,0.0,-0.0,-0.0,off
21.52,8.856337547302246,-3.917336940765381,-1.2230802774429321,0.23470410704612732,0.2729235589504242,9.760951042175293,9.962275505065918,-0.0,-0.0,-0.0,-0.0,off
21.54,8.847628593444824,-3.899670124053955,-1.2228082418441772,0.24184533953666687,0.26981574296951294,9.745933532714844,9.940625190734863,-0.0,-0.0,-0.0,-0.0,off
21.56,8.890701293945312,-3.9059572219848633,-1.2367404699325562,0.22113338112831116,0.2649475038051605,9.789310455322266,9.92547607421875,-0.0,-0.0,-0.0,-0.0,off
21.580000000000002,8.899523735046387,-3.902742862701416,-1.2504149675369263,0.2190629541873932,0.2603590488433838,9.797778129577637,9.912687301635742,-0.0,-0.0,-0.0,-0.0,off
21.6,8.872546195983887,-3.8846421241760254,-1.2423633337020874,0.21432563662528992,0.2557557225227356,9.765039443969727,9.897905349731445,-0.0,-0.0,-0.0,-0.0,off
21.62,8.811352729797363,-3.865886688232422,-1.2271429300308228,0.22393867373466492,0.25257402658462524,9.70004653930664,9.878108024597168,-0.0,-0.0,-0.0,-0.0,off
21.64,8.858826637268066,-3.8608226776123047,-1.2330290079116821,0.22726497054100037,0.250043123960495,9.741926193237305,9.864468574523926,-0.0,-0.0,-0.0,-0.0,off
21.66,8.807642936706543,-3.8247292041778564,-1.232657551765442,0.20040252804756165,0.24507907032966614,9.681041717529297,9.846099853515625,-0.0,-0.0,-0.0,-0.0,off
21.68,8.820479393005371,-3.8244071006774902,-1.2330976724624634,0.20623186230659485,0.24119435250759125,9.69265079498291,9.830731391906738,-0.0,-0.0,-0.0,-0.0,off
21.7,8.887207984924316,-3.8614182472229004,-1.25542151927948,0.21932020783424377,0.23900693655014038,9.770829200744629,9.824724197387695,-0.0,0.0,-0.0,-0.0,off
21.72,8.967192649841309,-3.911736011505127,-1.2701894044876099,0.22571489214897156,0.23767772316932678,9.865374565124512,9.828780174255371,-0.0,0.0,-0.0,-0.0,off
21.740000000000002,8.938475608825684,-3.864633083343506,-1.270525574684143,0.197527676820755,0.2336627095937729,9.820691108703613,9.827948570251465,-0.0,0.0,-0.0,-0.0,off
21.76,8.87767505645752,-3.8477704524993896,-1.2541216611862183,0.1927979290485382,0.2295762300491333,9.756601333618164,9.820801734924316,-0.0,-0.0,-0.0,-0.0,off
21.78,8.841926574707031,-3.8297367095947266,-1.255632758140564,0.18563362956047058,0.2251819670200348,9.717158317565918,9.810425758361816,-0.0,-0.0,-0.0,-0.0,off
21.8,8.736649513244629,-3.802333116531372,-1.2390352487564087,0.1952356994152069,0.222187340259552,9.608433723449707,9.79022216796875,-0.0,-0.0,-0.0,-0.0,off
21.82,8.694134712219238,-3.801053524017334,-1.2256609201431274,0.2027653157711029,0.2202451378107071,9.567561149597168,9.767955780029297,-0.0,0.0,-0.0,-0.0,off
21.84,8.705950736999512,-3.8062961101531982,-1.234993815422058,0.18654105067253113,0.21687473356723785,9.58158016204834,9.749317169189453,-0.0,0.0,-0.0,-0.0,off
21.86,8.593737602233887,-3.738142967224121,-1.2086597681045532,0.17909923195838928,0.21309718489646912,9.449173927307129,9.719300270080566,-0.0,-0.0,-0.0,-0.0,off
21.88,8.634185791015625,-3.7464282512664795,-1.2205244302749634,0.17936155200004578,0.20972362160682678,9.490762710571289,9.696441650390625,-0.0,-0.0,-0.0,-0.0,off
21.900000000000002,8.650144577026367,-3.741391658782959,-1.2325440645217896,0.1889168918132782,0.20764294266700745,9.504850387573242,9.677274703979492,-0.0,-0.0,-0.0,-0.0,off
21.92,8.608752250671387,-3.7181599140167236,-1.2313848733901978,0.16465792059898376,0.2033444344997406,9.457887649536133,9.655326843261719,-0.0,-0.0,-0.0,-0.0,off
21.94,8.71949577331543,-3.742861270904541,-1.2526625394821167,0.14941367506980896,0.19795134663581848,9.571195602416992,9.646895408630371,-0.0,-0.0,-0.0,-0.0,off
21.96,8.653556823730469,-3.717872381210327,-1.2269326448440552,0.15214809775352478,0.1933710277080536,9.49799919128418,9.63199520111084,-0.0,-0.0,-0.0,-0.0,off
21.98,8.628070831298828,-3.7019059658050537,-1.2097529172897339,0.16106674075126648,0.19014060497283936,9.466320037841797,9.61541748046875,-0.0,-0.0,-0.0,-0.0,off
22.0,8.6094331741333,-3.689216136932373,-1.2207766771316528,0.1373210847377777,0.18485864996910095,9.44579029083252,9.598443984985352,-0.0,-0.0,-0.0,-0.0,off
22.02,8.673602104187012,-3.7070119380950928,-1.2406359910964966,0.12218675017356873,0.17859144508838654,9.513805389404297,9.5899658203125,-0.0,-0.0,-0.0,-0.0,off
22.04,8.575237274169922,-3.656188488006592,-1.2294780015945435,0.10692688822746277,0.1714249849319458,9.402873039245605,9.57124137878418,-0.0,-0.0,-0.0,-0.0,off
22.06,8.47861385345459,-3.6090140342712402,-1.20551335811615,0.13007089495658875,0.16728956997394562,9.29328441619873,9.543431282043457,-0.0,-0.0,-0.0,-0.0,off
22.080000000000002,8.56123161315918,-3.634158134460449,-1.2247291803359985,0.13725188374519348,0.1642857939004898,9.380925178527832,9.5271635055542,-0.0,-0.0,-0.0,-0.0,off
22.1,8.515030860900879,-3.5938379764556885,-1.2079046964645386,0.108117014169693,0.1586689054965973,9.320968627929688,9.506519317626953,-0.0,0.0,-0.0,-0.0,off
22.12,8.648757934570312,-3.6317689418792725,-1.2420450448989868,0.09722843766212463,0.15252485871315002,9.462210655212402,9.502055168151855,-0.0,0.0,-0.0,-0.0,off
22.14,8.5798978805542,-3.625988483428955,-1.2171469926834106,0.11216720938682556,0.1484890878200531,9.393821716308594,9.491218566894531,-0.0,0.0,-0.0,-0.0,off
22.16,8.523458480834961,-3.6101126670837402,-1.2249549627304077,0.12804093956947327,0.14644426107406616,9.33717155456543,9.475805282592773,-0.0,0.0,-0.0,-0.0,off
22.18,8.556105613708496,-3.6154870986938477,-1.2287184000015259,0.12552568316459656,0.14435240626335144,9.369548797607422,9.465168952941895,-0.0,-0.0,-0.0,-0.0,off
22.2,8.497567176818848,-3.574644088745117,-1.2233868837356567,0.08896246552467346,0.13881340622901917,9.29964542388916,9.448600769042969,-0.0,-0.0,-0.0,-0.0,off
22.22,8.521740913391113,-3.573383331298828,-1.2358640432357788,0.07465806603431702,0.1323978751897812,9.322901725769043,9.43601131439209,-0.0,-0.0,-0.0,-0.0,off
22.240000000000002,8.537534713745117,-3.589282989501953,-1.2285805940628052,0.09692147374153137,0.12885022163391113,9.342475891113281,9.426648139953613,-0.0,-0.0,-0.0,-0.0,off
22.26,8.568852424621582,-3.5980005264282227,-1.2394853830337524,0.10571315884590149,0.1265365183353424,9.375882148742676,9.421560287475586,-0.0,-0.0,-0.0,-0.0,off
22.28,8.512721061706543,-3.557262897491455,-1.2348324060440063,0.08131298422813416,0.12201415747404099,9.308348655700684,9.410222053527832,-0.0,0.0,-0.0,-0.0,off
22.3,8.470952987670898,-3.520376205444336,-1.2253152132034302,0.04945144057273865,0.11475788056850433,9.254809379577637,9.39465618133545,-0.0,-0.0,-0.0,-0.0,off
22.32,8.495311737060547,-3.5304346084594727,-1.2305899858474731,0.05198284983634949,0.10848037153482437,9.281628608703613,9.383334159851074,0.0,-0.0,-0.0,0.0,off
22.34,8.418414115905762,-3.5089190006256104,-1.206410527229309,0.07270953059196472,0.10490328818559647,9.199871063232422,9.364978790283203,0.0,-0.0,-0.0,0.0,off
22.36,8.397272109985352,-3.5081958770751953,-1.2087455987930298,0.07008644938468933,0.10142160207033157,9.180560111999512,9.34653091430664,-0.0,-0.0,-0.0,-0.0,off
22.38,8.303040504455566,-3.4699509143829346,-1.1942442655563354,0.05104050040245056,0.0963834896683693,9.077844619750977,9.319657325744629,-0.0,-0.0,-0.0,-0.0,off
22.400000000000002,8.314303398132324,-3.4866504669189453,-1.2045775651931763,0.04387053847312927,0.09113218635320663,9.09589958190918,9.297279357910156,-0.0,-0.0,-0.0,-0.0,off
22.42,8.329360008239746,-3.5075430870056152,-1.2072497606277466,0.05888292193412781,0.08790725469589233,9.118034362792969,9.279354095458984,-0.0,-0.0,-0.0,-0.0,off
22.44,8.32772159576416,-3.4801197052001953,-1.2058418989181519,0.049547165632247925,0.08407124876976013,9.1058349609375,9.261998176574707,-0.0,-0.0,-0.0,-0.0,off
22.46,8.374009132385254,-3.46185040473938,-1.2150508165359497,0.02774009108543396,0.07843813300132751,9.142471313476562,9.250027656555176,-0.0,-0.0,-0.0,-0.0,off
22.48,8.329912185668945,-3.435448169708252,-1.2166081666946411,0.022608250379562378,0.072855144739151,9.092297554016113,9.234235763549805,-0.0,-0.0,-0.0,-0.0,off
22.5,8.334824562072754,-3.4455137252807617,-1.2227047681808472,0.028546184301376343,0.06842424720525742,9.101421356201172,9.220941543579102,-0.0,-0.0,-0.0,-0.0,off
22.52,8.273099899291992,-3.425018310546875,-1.204809308052063,0.02968636155128479,0.06455045938491821,9.034738540649414,9.202313423156738,-0.0,-0.0,-0.0,-0.0,off
22.54,8.303956031799316,-3.4375882148742676,-1.2126740217208862,0.04348525404930115,0.06244393438100815,9.068807601928711,9.188956260681152,-0.0,-0.0,-0.0,-0.0,off
22.56,8.310447692871094,-3.4018006324768066,-1.2104583978652954,0.018384546041488647,0.05803799256682396,9.060959815979004,9.176135063171387,-0.0,-0.0,-0.0,-0.0,off
22.580000000000002,8.226811408996582,-3.3625576496124268,-1.2013887166976929,0.013566702604293823,0.05359086021780968,8.968308448791504,9.155330657958984,-0.0,-0.0,-0.0,-0.0,off
22.6,8.1838960647583,-3.3582005500793457,-1.1959680318832397,0.025267809629440308,0.05075855553150177,8.926589965820312,9.1324462890625,-0.0,-0.0,-0.0,-0.0,off
22.62,8.197205543518066,-3.375737428665161,-1.206048846244812,0.0349256694316864,0.04917526617646217,8.946749687194824,9.113870620727539,-0.0,-0.0,-0.0,-0.0,off
22.64,8.180008888244629,-3.3719394207000732,-1.2107383012771606,0.018820732831954956,0.04613981023430824,8.930195808410645,9.095498085021973,-0.0,-0.0,-0.0,-0.0,off
22.66,8.229107856750488,-3.38106107711792,-1.2225769758224487,0.009547978639602661,0.042480628937482834,8.98022747039795,9.083961486816406,-0.0,-0.0,-0.0,-0.0,off
22.68,8.223960876464844,-3.3795254230499268,-1.2180372476577759,0.016204029321670532,0.039852969348430634,8.974315643310547,9.072992324829102,-0.0,-0.0,-0.0,-0.0,off
22.7,8.191561698913574,-3.366621494293213,-1.2063347101211548,0.02775391936302185,0.038643065840005875,8.938179969787598,9.0595064163208,-0.0,-0.0,-0.0,-0.0,off
22.72,8.013057708740234,-3.3065643310546875,-1.1754881143569946,0.01812043786048889,0.036590803414583206,8.74781322479248,9.028337478637695,-0.0,-0.0,-0.0,-0.0,off
22.740000000000002,8.006112098693848,-3.2976126670837402,-1.1779288053512573,0.008030503988265991,0.033734772354364395,8.738397598266602,8.99934196472168,-0.0,-0.0,-0.0,-0.0,off
22.76,8.030759811401367,-3.302116870880127,-1.1890665292739868,0.003448694944381714,0.030706163495779037,8.764185905456543,8.975823402404785,-0.0,-0.0,-0.0,-0.0,off
22.78,8.047372817993164,-3.3063158988952637,-1.1811963319778442,0.010183542966842651,0.02865390107035637,8.779929161071777,8.956233024597168,-0.0,-0.0,-0.0,-0.0,off
22.8,7.968789577484131,-3.2652835845947266,-1.1723929643630981,0.0018934309482574463,0.025977853685617447,8.69127082824707,8.929733276367188,-0.0,-0.0,-0.0,-0.0,off
22.82,7.95648193359375,-3.2417287826538086,-1.158851981163025,-0.005834072828292847,0.022796660661697388,8.669333457946777,8.903685569763184,-0.0,-0.0,-0.0,-0.0,off
22.84,7.9817585945129395,-3.2361483573913574,-1.1695500612258911,-0.019133001565933228,0.018603693693876266,8.69189167022705,8.882493019104004,-0.0,-0.0,-0.0,-0.0,off
22.86,8.01518440246582,-3.2624869346618652,-1.1688569784164429,-0.013366729021072388,0.015406651422381401,8.732309341430664,8.86746883392334,-0.0,-0.0,-0.0,-0.0,off
22.88,7.995337009429932,-3.250330924987793,-1.1691652536392212,-0.005223065614700317,0.01334367971867323,8.709593772888184,8.85167407989502,-0.0,-0.0,-0.0,-0.0,off
22.900000000000002,7.957581043243408,-3.237144947052002,-1.1611248254776,0.003236323595046997,0.012332944199442863,8.668933868408203,8.833395957946777,-0.0,-0.0,-0.0,-0.0,off
22.92,7.972701072692871,-3.243485450744629,-1.1666606664657593,-0.013946682214736938,0.009704980999231339,8.685922622680664,8.818644523620605,-0.0,-0.0,-0.0,-0.0,off
22.94,7.974057674407959,-3.220381498336792,-1.165295958518982,-0.005293756723403931,0.008205106481909752,8.678384780883789,8.804608345031738,-0.0,-0.0,-0.0,-0.0,off
22.96,7.894628047943115,-3.191138505935669,-1.1421347856521606,0.0013051927089691162,0.0075151147320866585,8.591448783874512,8.783283233642578,-0.0,-0.0,-0.0,-0.0,off
22.98,7.840023517608643,-3.1901872158050537,-1.1277438402175903,0.021580666303634644,0.0089216697961092,8.539031982421875,8.758855819702148,-0.0,-0.0,-0.0,-0.0,off
23.0,7.899857997894287,-3.2112669944763184,-1.1482857465744019,0.012563914060592651,0.009285894222557545,8.604565620422363,8.743425369262695,-0.0,0.0,-0.0,-0.0,off
23.02,7.854762077331543,-3.1903600692749023,-1.1331380605697632,-0.007728487253189087,0.007584455423057079,8.553343772888184,8.724413871765137,-0.0,-0.0,-0.0,-0.0,off
23.04,7.940747261047363,-3.216555595397949,-1.1534959077835083,-0.002531975507736206,0.0065728118643164635,8.644781112670898,8.716447830200195,-0.0,-0.0,-0.0,-0.0,off
23.06,7.952152729034424,-3.239461898803711,-1.162434697151184,0.0038364827632904053,0.006299178581684828,8.664992332458496,8.711301803588867,-0.0,-0.0,-0.0,-0.0,off
23.080000000000002,7.944092273712158,-3.229515314102173,-1.1602894067764282,0.005550593137741089,0.00622431980445981,8.65359115600586,8.705530166625977,0.0,-0.0,-0.0,0.0,off
23.1,7.910770416259766,-3.210381031036377,-1.1620515584945679,-0.007810324430465698,0.004820855334401131,8.616101264953613,8.696585655212402,-0.0,-0.0,-0.0,-0.0,off
23.12,7.89340353012085,-3.1744742393493652,-1.1601835489273071,-0.03450372815132141,0.0008883967529982328,8.586566925048828,8.685575485229492,-0.0,-0.0,-0.0,-0.0,off
23.14,7.745914936065674,-3.126091957092285,-1.1337844133377075,-0.030943840742111206,-0.002294827252626419,8.429537773132324,8.659968376159668,-0.0,-0.0,-0.0,-0.0,off
23.16,7.701747894287109,-3.117233991622925,-1.1254421472549438,-0.007760554552078247,-0.002841399982571602,8.384551048278809,8.632425308227539,-0.0,-0.0,-0.0,-0.0,off
23.18,7.789151668548584,-3.159864664077759,-1.1340571641921997,-0.012988537549972534,-0.0038561136461794376,8.48184585571289,8.617366790771484,-0.0,-0.0,-0.0,-0.0,off
23.2,7.833362102508545,-3.1684181690216064,-1.151696801185608,-0.027737289667129517,-0.006244231015443802,8.528002738952637,8.608428955078125,-0.0,-0.0,-0.0,-0.0,off
23.22,7.731645584106445,-3.135395050048828,-1.12319815158844,-0.021735817193984985,-0.00779338926076889,8.418469429016113,8.589432716369629,-0.0,0.0,-0.0,-0.0,off
23.240000000000002,7.713711738586426,-3.1082823276519775,-1.1179882287979126,-0.01619616150856018,-0.008633666671812534,8.391225814819336,8.569608688354492,-0.0,0.0,-0.0,-0.0,off
23.26,7.75471305847168,-3.1101698875427246,-1.1219474077224731,-0.011614412069320679,-0.008931741118431091,8.430153846740723,8.555656433105469,-0.0,-0.0,-0.0,-0.0,off
23.28,7.836972236633301,-3.129209518432617,-1.146884560585022,-0.019753605127334595,-0.010013926774263382,8.516186714172363,8.551698684692383,-0.0,-0.0,-0.0,-0.0,off
23.3,7.837301731109619,-3.1154510974884033,-1.1557520627975464,-0.027517110109329224,-0.011764245107769966,8.512642860412598,8.54777717590332,-0.0,-0.0,-0.0,-0.0,off
23.32,7.821190357208252,-3.118950843811035,-1.1565033197402954,-0.029829293489456177,-0.013570749200880527,8.499197959899902,8.542909622192383,0.0,0.0,-0.0,0.0,off
23.34,7.680553913116455,-3.0637340545654297,-1.1253653764724731,-0.016770392656326294,-0.013890713453292847,8.345287322998047,8.523140907287598,0.0,0.0,-0.0,0.0,off
23.36,7.669827938079834,-3.0441927909851074,-1.130759835243225,-0.02990475296974182,-0.015492117032408714,8.328984260559082,8.503714561462402,-0.0,-0.0,-0.0,-0.0,off
23.38,7.693458557128906,-3.0563013553619385,-1.139727234840393,-0.03964927792549133,-0.01790783181786537,8.356389999389648,8.488972663879395,-0.0,-0.0,-0.0,-0.0,off
23.400000000000002,7.731424331665039,-3.0559275150299072,-1.1474868059158325,-0.047945111989974976,-0.020911559462547302,8.392278671264648,8.479289054870605,-0.0,-0.0,-0.0,-0.0,off
23.42,7.756170749664307,-3.0715808868408203,-1.1479755640029907,-0.031557828187942505,-0.021976185962557793,8.420845985412598,8.47343635559082,-0.0,-0.0,-0.0,-0.0,off
23.44,7.779399394989014,-3.0634074211120605,-1.1599723100662231,-0.04454031586647034,-0.024232598021626472,8.44091510772705,8.470168113708496,-0.0,-0.0,-0.0,-0.0,off
23.46,7.855559825897217,-3.095065116882324,-1.1794530153274536,-0.053495198488235474,-0.027158858254551888,8.525278091430664,8.475665092468262,-0.0,-0.0,-0.0,-0.0,off
23.48,7.896151065826416,-3.1024770736694336,-1.1974836587905884,-0.05973997712135315,-0.03041697107255459,8.567877769470215,8.484867095947266,-0.0,-0.0,-0.0,-0.0,off
23.5,7.822489261627197,-3.078449249267578,-1.1828500032424927,-0.05319288372993469,-0.03269456326961517,8.48924732208252,8.485292434692383,-0.0,-0.0,-0.0,-0.0,off
23.52,7.871040344238281,-3.100296974182129,-1.187442421913147,-0.05676117539405823,-0.03510122373700142,8.542548179626465,8.491009712219238,-0.0,-0.0,-0.0,-0.0,off
23.54,7.860392093658447,-3.0712339878082275,-1.1672652959823608,-0.06946113705635071,-0.03853721171617508,8.519433975219727,8.4938383102417,-0.0,-0.0,-0.0,-0.0,off
23.56,7.778293132781982,-3.0202784538269043,-1.1523531675338745,-0.07948938012123108,-0.04263242706656456,8.42329216003418,8.486761093139648,-0.0,-0.0,-0.0,-0.0,off
23.580000000000002,7.78235387802124,-3.0411593914031982,-1.156455159187317,-0.08226588368415833,-0.04659577086567879,8.43510913848877,8.481587409973145,0.0,-0.0,-0.0,0.0,off
23.6,7.709155559539795,-3.0080738067626953,-1.1494227647781372,-0.06782463192939758,-0.0487186573445797,8.354684829711914,8.468888282775879,-0.0,-0.0,-0.0,-0.0,off
23.62,7.755427837371826,-3.006629228591919,-1.173911452293396,-0.09140369296073914,-0.05298715829849243,8.400270462036133,8.462007522583008,-0.0,-0.0,-0.0,-0.0,off
23.64,7.741360664367676,-2.991851806640625,-1.1724282503128052,-0.11296883225440979,-0.05898532271385193,8.381792068481445,8.45396614074707,-0.0,-0.0,-0.0,-0.0,off
23.66,7.737468242645264,-2.9915428161621094,-1.1795212030410767,-0.12123575806617737,-0.06521036475896835,8.379081726074219,8.44645881652832,-0.0,-0.0,-0.0,-0.0,off
23.68,7.752939701080322,-3.009709358215332,-1.1665409803390503,-0.10104599595069885,-0.06879392266273499,8.398050308227539,8.441611289978027,-0.0,-0.0,-0.0,-0.0,off
23.7,7.677130699157715,-2.996013879776001,-1.153549313545227,-0.09740403294563293,-0.07165493071079254,8.321364402770996,8.429584503173828,-0.0,-0.0,-0.0,-0.0,off
23.72,7.733211517333984,-3.00532865524292,-1.161847710609436,-0.10295370221138,-0.07478480786085129,8.377615928649902,8.424384117126465,-0.0,-0.0,-0.0,-0.0,off
23.740000000000002,7.734548091888428,-3.0025906562805176,-1.1714929342269897,-0.11393502354621887,-0.07869982719421387,8.37921142578125,8.41986083984375,-0.0,-0.0,-0.0,-0.0,off
23.76,7.771261692047119,-3.010982036590576,-1.177517056465149,-0.11895421147346497,-0.08272526413202286,8.416951179504395,8.419564247131348,-0.0,-0.0,-0.0,-0.0,off
23.78,7.639185905456543,-2.9552345275878906,-1.1447440385818481,-0.11655852198600769,-0.08610858768224716,8.270490646362305,8.404651641845703,-0.0,-0.0,-0.0,-0.0,off
23.8,7.701622486114502,-2.9691107273101807,-1.1671231985092163,-0.1255578100681305,-0.0900535061955452,8.336233139038086,8.39780044555664,-0.0,-0.0,-0.0,-0.0,off
23.82,7.717959880828857,-2.9635159969329834,-1.1869713068008423,-0.14130184054374695,-0.09517833590507507,8.352139472961426,8.393218994140625,-0.0,-0.0,-0.0,-0.0,off
23.84,7.703538417816162,-2.9563136100769043,-1.1853901147842407,-0.14665809273719788,-0.10032631456851959,8.33603286743164,8.387486457824707,-0.0,-0.0,-0.0,-0.0,off
23.86,7.735231876373291,-2.9654664993286133,-1.1831609010696411,-0.13393738865852356,-0.10368742048740387,8.368253707885742,8.385552406311035,-0.0,-0.0,-0.0,-0.0,off
23.88,7.752442836761475,-2.9817471504211426,-1.1801210641860962,-0.11956080794334412,-0.1052747592329979,8.389510154724121,8.385943412780762,-0.0,-0.0,-0.0,-0.0,off
23.900000000000002,7.7442169189453125,-2.9605278968811035,-1.188811182975769,-0.15037623047828674,-0.10978490859270096,8.37561321258545,8.38489818572998,-0.0,-0.0,-0.0,-0.0,off
23.92,7.748152256011963,-2.9648561477661133,-1.1992496252059937,-0.159519761800766,-0.11475839465856552,8.382268905639648,8.384624481201172,-0.0,-0.0,-0.0,-0.0,off
23.94,7.710524082183838,-2.9676196575164795,-1.1816803216934204,-0.15186604857444763,-0.11846916377544403,8.345975875854492,8.380757331848145,-0.0,0.0,-0.0,-0.0,off
23.96,7.689743995666504,-2.9780545234680176,-1.181193470954895,-0.13452544808387756,-0.1200747862458229,8.330437660217285,8.375723838806152,-0.0,-0.0,-0.0,-0.0,off
23.98,7.6156134605407715,-2.9408962726593018,-1.1494628190994263,-0.12969079613685608,-0.12103638052940369,8.244253158569336,8.362576484680176,-0.0,-0.0,-0.0,-0.0,off
24.0,7.672818183898926,-2.9397757053375244,-1.171653389930725,-0.15559855103492737,-0.1244925931096077,8.299830436706543,8.356297492980957,-0.0,-0.0,-0.0,-0.0,off
24.02,7.721586227416992,-2.95691180229187,-1.1917089223861694,-0.16846874356269836,-0.12889020144939423,8.353824615478516,8.35604476928711,-0.0,-0.0,-0.0,-0.0,off
24.04,7.712284564971924,-2.9625625610351562,-1.1953831911087036,-0.16199341416358948,-0.13220052421092987,8.347757339477539,8.355212211608887,-0.0,-0.0,-0.0,-0.0,off
24.060000000000002,7.71110200881958,-2.9646027088165283,-1.1968389749526978,-0.14391115307807922,-0.13337157666683197,8.3475980758667,8.354447364807129,-0.0,-0.0,-0.0,-0.0,off
24.080000000000002,7.681805610656738,-2.9570412635803223,-1.1978172063827515,-0.15270301699638367,-0.13530471920967102,8.317992210388184,8.350797653198242,-0.0,-0.0,-0.0,-0.0,off
24.1,7.7335357666015625,-2.949535846710205,-1.213466763496399,-0.16941025853157043,-0.13871526718139648,8.365395545959473,8.35224723815918,-0.0,-0.0,-0.0,-0.0,off
24.12,7.778860092163086,-2.9897100925445557,-1.214603304862976,-0.15937206149101257,-0.14078094065189362,8.421656608581543,8.359185218811035,-0.0,-0.0,-0.0,-0.0,off
24.14,7.675671100616455,-2.951112747192383,-1.1843611001968384,-0.14827260375022888,-0.1415301114320755,8.3082914352417,8.354095458984375,-0.0,-0.0,-0.0,-0.0,off
24.16,7.679839134216309,-2.944072723388672,-1.1929227113723755,-0.15074411034584045,-0.14245150983333588,8.310870170593262,8.349770545959473,-0.0,0.0,-0.0,-0.0,off
24.18,7.709712982177734,-2.953906536102295,-1.2157703638076782,-0.17501631379127502,-0.14570799469947815,8.345257759094238,8.349313735961914,-0.0,-0.0,-0.0,-0.0,off
24.2,7.691961765289307,-2.942432403564453,-1.1984268426895142,-0.17524567246437073,-0.1486617624759674,8.322283744812012,8.346609115600586,-0.0,0.0,-0.0,-0.0,off
24.22,7.677699089050293,-2.935462236404419,-1.1913009881973267,-0.165803462266922,-0.15037593245506287,8.305612564086914,8.342507362365723,-0.0,-0.0,-0.0,-0.0,off
24.240000000000002,7.723468780517578,-2.949509382247925,-1.1913954019546509,-0.14660051465034485,-0.14999838173389435,8.352903366088867,8.343544960021973,-0.0,-0.0,-0.0,-0.0,off
24.26,7.794284343719482,-2.9687092304229736,-1.2081557512283325,-0.16312375664710999,-0.15131092071533203,8.427558898925781,8.351943016052246,-0.0,-0.0,-0.0,-0.0,off
24.28,7.6735310554504395,-2.9209930896759033,-1.1821538209915161,-0.1861579716205597,-0.15479561686515808,8.2953462600708,8.346281051635742,-0.0,-0.0,-0.0,-0.0,off
24.3,7.682791709899902,-2.9226717948913574,-1.200231671333313,-0.18485459685325623,-0.15780150890350342,8.307096481323242,8.34235954284668,-0.0,-0.0,-0.0,-0.0,off
24.32,7.605737209320068,-2.909881353378296,-1.1709414720535278,-0.17013636231422424,-0.15903499722480774,8.227134704589844,8.330836296081543,-0.0,-0.0,-0.0,-0.0,off
24.34,7.56804895401001,-2.8865623474121094,-1.1685892343521118,-0.16813787817955017,-0.1599452793598175,8.1837158203125,8.316123008728027,-0.0,-0.0,-0.0,-0.0,off
24.36,7.624654293060303,-2.9042458534240723,-1.179193377494812,-0.1901508867740631,-0.1629658341407776,8.243815422058105,8.308891296386719,-0.0,-0.0,-0.0,-0.0,off
24.38,7.575480937957764,-2.9028420448303223,-1.1685184240341187,-0.18725398182868958,-0.1653946489095688,8.196331024169922,8.297635078430176,-0.0,-0.0,-0.0,-0.0,off
24.400000000000002,7.587003707885742,-2.9078478813171387,-1.1651638746261597,-0.17256024479866028,-0.16611120104789734,8.208276748657227,8.28869915008545,-0.0,0.0,-0.0,-0.0,off
24.42,7.575409889221191,-2.9087448120117188,-1.1624504327774048,-0.155979186296463,-0.16509799659252167,8.197494506835938,8.279577255249023,-0.0,0.0,-0.0,-0.0,off
24.44,7.564013957977295,-2.899587869644165,-1.1585849523544312,-0.16147258877754211,-0.16473545134067535,8.183167457580566,8.269936561584473,-0.0,-0.0,-0.0,-0.0,off
24.46,7.581402778625488,-2.8754401206970215,-1.1782828569412231,-0.18222668766975403,-0.16648457944393158,8.1935453414917,8.26229190826416,-0.0,-0.0,-0.0,-0.0,off
24.48,7.649472713470459,-2.9226419925689697,-1.1928309202194214,-0.17840996384620667,-0.1676771193742752,8.2752103805542,8.263583183288574,-0.0,-0.0,-0.0,-0.0,off
24.5,7.53218412399292,-2.8953404426574707,-1.1689263582229614,-0.16353252530097961,-0.16726265847682953,8.153721809387207,8.252595901489258,-0.0,0.0,-0.0,-0.0,off
24.52,7.585684299468994,-2.92703914642334,-1.1614044904708862,-0.1476190984249115,-0.16529829800128937,8.21334457397461,8.248666763305664,-0.0,0.0,-0.0,-0.0,off
24.54,7.561051845550537,-2.8905348777770996,-1.1546226739883423,-0.17272725701332092,-0.16604119539260864,8.176665306091309,8.241464614868164,-0.0,0.0,-0.0,-0.0,off
24.560000000000002,7.514183521270752,-2.8635072708129883,-1.1556943655014038,-0.1829368770122528,-0.16773076355457306,8.123930931091309,8.22970962524414,-0.0,-0.0,-0.0,-0.0,off
24.580000000000002,7.502326011657715,-2.860248565673828,-1.150244116783142,-0.17223063111305237,-0.16818074882030487,8.111040115356445,8.217842102050781,-0.0,-0.0,-0.0,-0.0,off
24.6,7.550119876861572,-2.8829739093780518,-1.1562544107437134,-0.1597607433795929,-0.16733874380588531,8.164114952087402,8.212469100952148,-0.0,-0.0,-0.0,-0.0,off
24.62,7.517222881317139,-2.8769028186798096,-1.157307505607605,-0.16525116562843323,-0.1671299785375595,8.131701469421387,8.204392433166504,-0.0,-0.0,-0.0,-0.0,off
24.64,7.571252346038818,-2.885476589202881,-1.164110779762268,-0.17722740769386292,-0.16813971102237701,8.185657501220703,8.20251750946045,-0.0,0.0,-0.0,-0.0,off
24.66,7.596418857574463,-2.8835511207580566,-1.1636160612106323,-0.1635695993900299,-0.1676826924085617,8.2081937789917,8.203083038330078,-0.0,-0.0,-0.0,-0.0,off
24.68,7.481100559234619,-2.844761848449707,-1.137546420097351,-0.1632315218448639,-0.1672375649213791,8.08415412902832,8.191186904907227,-0.0,-0.0,-0.0,-0.0,off
24.7,7.512996196746826,-2.866112232208252,-1.1543015241622925,-0.1530134379863739,-0.16581514477729797,8.123553276062012,8.184423446655273,-0.0,0.0,-0.0,-0.0,off
24.72,7.530755043029785,-2.862895965576172,-1.1559540033340454,-0.16937151551246643,-0.16617077589035034,8.139082908630371,8.179888725280762,-0.0,0.0,-0.0,-0.0,off
24.740000000000002,7.555705547332764,-2.8684709072113037,-1.1732736825942993,-0.19182226061820984,-0.16873592138290405,8.166601181030273,8.178558349609375,-0.0,-0.0,-0.0,-0.0,off
24.76,7.526027679443359,-2.867469310760498,-1.1429330110549927,-0.16535571217536926,-0.16839788854122162,8.134480476379395,8.174148559570312,-0.0,-0.0,-0.0,-0.0,off
24.78,7.518887996673584,-2.8554654121398926,-1.151082158088684,-0.15499582886695862,-0.16705767810344696,8.124798774719238,8.169212341308594,-0.0,-0.0,-0.0,-0.0,off
24.8,7.5127739906311035,-2.8349905014038086,-1.1443907022476196,-0.1646898090839386,-0.16682089865207672,8.111015319824219,8.1633882522583,-0.0,-0.0,-0.0,-0.0,off
24.82,7.5249104499816895,-2.8323006629943848,-1.146389126777649,-0.18161824345588684,-0.16830062866210938,8.121601104736328,8.159202575683594,-0.0,-0.0,-0.0,-0.0,off
24.84,7.494145393371582,-2.8353943824768066,-1.134252667427063,-0.16614797711372375,-0.16808535158634186,8.09247875213623,8.152527809143066,-0.0,-0.0,-0.0,-0.0,off
24.86,7.3904008865356445,-2.796745538711548,-1.114402413368225,-0.15879586338996887,-0.1671563982963562,7.980081558227539,8.13528060913086,-0.0,-0.0,-0.0,-0.0,off
24.88,7.364054203033447,-2.7991950511932373,-1.1053558588027954,-0.15982231497764587,-0.1664229780435562,7.955287456512451,8.117279052734375,-0.0,-0.0,-0.0,-0.0,off
24.900000000000002,7.434133052825928,-2.811471939086914,-1.1297627687454224,-0.16747263073921204,-0.16652794182300568,8.027894020080566,8.108339309692383,-0.0,-0.0,-0.0,-0.0,off
24.92,7.509766101837158,-2.8350846767425537,-1.1563454866409302,-0.18449667096138,-0.168324813246727,8.10995864868164,8.108498573303223,-0.0,-0.0,-0.0,-0.0,off
24.94,7.428509712219238,-2.8146183490753174,-1.1237348318099976,-0.1742432415485382,-0.16891665756702423,8.022943496704102,8.099942207336426,-0.0,-0.0,-0.0,-0.0,off
24.96,7.327382564544678,-2.780611038208008,-1.0960265398025513,-0.162316232919693,-0.16825661063194275,7.91350793838501,8.081295013427734,-0.0,-0.0,-0.0,-0.0,off
24.98,7.398786544799805,-2.8001530170440674,-1.1197525262832642,-0.17966851592063904,-0.16939780116081238,7.989789962768555,8.0721435546875,-0.0,0.0,-0.0,-0.0,off
25.0,7.503499507904053,-2.8401713371276855,-1.137628197669983,-0.19117262959480286,-0.17157527804374695,8.103287696838379,8.075258255004883,-0.0,-0.0,-0.0,-0.0,off
25.02,7.465726375579834,-2.82092022895813,-1.1265660524368286,-0.1956101357936859,-0.1739787608385086,8.060012817382812,8.073732376098633,-0.0,-0.0,-0.0,-0.0,off
25.04,7.459875583648682,-2.827037811279297,-1.1177269220352173,-0.17892518639564514,-0.17447340488433838,8.05550765991211,8.071907997131348,-0.0,-0.0,-0.0,-0.0,off
25.060000000000002,7.42366361618042,-2.825037956237793,-1.1203213930130005,-0.16964766383171082,-0.17399083077907562,8.021641731262207,8.066880226135254,-0.0,-0.0,-0.0,-0.0,off
25.080000000000002,7.4801130294799805,-2.8165504932403564,-1.1367226839065552,-0.18319538235664368,-0.1749112755060196,8.073238372802734,8.067514419555664,-0.0,-0.0,-0.0,-0.0,off
25.1,7.452732086181641,-2.8016464710235596,-1.122177243232727,-0.1927984058856964,-0.17669998109340668,8.040629386901855,8.06482219696045,-0.0,-0.0,-0.0,-0.0,off
25.12,7.427931785583496,-2.7982306480407715,-1.1191192865371704,-0.18709447979927063,-0.17773942649364471,8.016027450561523,8.059941291809082,-0.0,-0.0,-0.0,-0.0,off
25.14,7.412557601928711,-2.8010013103485107,-1.1181679964065552,-0.17100933194160461,-0.17706641554832458,8.002619743347168,8.054208755493164,-0.0,-0.0,-0.0,-0.0,off
25.16,7.435952663421631,-2.7998244762420654,-1.1161867380142212,-0.17482122778892517,-0.1768418848514557,8.02360725402832,8.0511474609375,0.0,-0.0,-0.0,0.0,off
25.18,7.405379772186279,-2.78200626373291,-1.1182633638381958,-0.19422069191932678,-0.17857976257801056,7.989350318908691,8.044965744018555,-0.0,-0.0,-0.0,-0.0,off
25.2,7.460465908050537,-2.802558660507202,-1.1260281801223755,-0.19714966416358948,-0.18043674528598785,8.048653602600098,8.045332908630371,-0.0,-0.0,-0.0,-0.0,off
25.22,7.386894226074219,-2.7763707637786865,-1.0973888635635376,-0.17624327540397644,-0.1800173968076706,7.967352390289307,8.037531852722168,-0.0,-0.0,-0.0,-0.0,off
25.240000000000002,7.36264181137085,-2.752908706665039,-1.1115707159042358,-0.18211475014686584,-0.1802271157503128,7.938676834106445,8.027642250061035,-0.0,-0.0,-0.0,-0.0,off
25.26,7.335198879241943,-2.715765953063965,-1.1092363595962524,-0.21101275086402893,-0.18330568075180054,7.900058746337891,8.014870643615723,-0.0,-0.0,-0.0,-0.0,off
25.28,7.333935260772705,-2.7364068031311035,-1.1128889322280884,-0.22446641325950623,-0.1874217540025711,7.906519412994385,8.00403118133545,-0.0,-0.0,-0.0,-0.0,off
25.3,7.3010101318359375,-2.7343971729278564,-1.1030646562576294,-0.20892146229743958,-0.18957172334194183,7.873908042907715,7.991018772125244,-0.0,-0.0,-0.0,-0.0,off
25.32,7.303159713745117,-2.7362380027770996,-1.096535325050354,-0.2065119445323944,-0.19126573204994202,7.87562894821167,7.97947883605957,-0.0,-0.0,-0.0,-0.0,off
25.34,7.386820316314697,-2.738264799118042,-1.12360417842865,-0.21751537919044495,-0.19389069080352783,7.957744121551514,7.977297306060791,-0.0,0.0,-0.0,-0.0,off
25.36,7.451722621917725,-2.759174346923828,-1.1496175527572632,-0.23399987816810608,-0.19790160655975342,8.028875350952148,7.982444763183594,-0.0,-0.0,-0.0,-0.0,off
25.38,7.524257183074951,-2.8097779750823975,-1.1537450551986694,-0.22349056601524353,-0.2004604935646057,8.114211082458496,7.99561882019043,0.0,-0.0,-0.0,0.0,off
25.400000000000002,7.478514671325684,-2.7701735496520996,-1.152138113975525,-0.23193684220314026,-0.20360812544822693,8.057882308959961,8.001837730407715,-0.0,-0.0,-0.0,-0.0,off
25.42,7.422959327697754,-2.7539076805114746,-1.1297143697738647,-0.2200826108455658,-0.20525556802749634,7.997536659240723,8.00140380859375,-0.0,-0.0,-0.0,-0.0,off
25.44,7.358919620513916,-2.7288646697998047,-1.124308466911316,-0.23807308077812195,-0.20853731036186218,7.928711891174316,7.994131565093994,-0.0,-0.0,-0.0,-0.0,off
25.46,7.32507848739624,-2.7197508811950684,-1.1211787462234497,-0.23775216937065125,-0.21145878732204437,7.893723011016846,7.984088897705078,-0.0,0.0,-0.0,-0.0,off
25.48,7.354856014251709,-2.757237672805786,-1.1263529062271118,-0.226150780916214,-0.21292798221111298,7.935044765472412,7.979183197021484,-0.0,-0.0,-0.0,-0.0,off
25.5,7.3746490478515625,-2.7399039268493652,-1.1330472230911255,-0.2254721224308014,-0.21418239176273346,7.948353290557861,7.97609806060791,-0.0,-0.0,-0.0,-0.0,off
25.52,7.3975396156311035,-2.7339558601379395,-1.1482611894607544,-0.2352946698665619,-0.21629361808300018,7.969730854034424,7.975455284118652,-0.0,-0.0,-0.0,-0.0,off
25.54,7.435508728027344,-2.7341246604919434,-1.1571589708328247,-0.2588559687137604,-0.22054985165596008,8.006324768066406,7.9785308837890625,0.0,-0.0,-0.0,0.0,off
25.560000000000002,7.437795162200928,-2.7408335208892822,-1.1594711542129517,-0.25858667492866516,-0.22435353696346283,8.011075973510742,7.981777667999268,-0.0,-0.0,-0.0,-0.0,off
25.580000000000002,7.415609359741211,-2.7610549926757812,-1.1361662149429321,-0.2370838224887848,-0.22562657296657562,7.994095325469971,7.983009338378906,0.0,0.0,-0.0,0.0,off
25.6,7.41826868057251,-2.7654130458831787,-1.1532682180404663,-0.2339123785495758,-0.22645513713359833,8.00051498413086,7.984757900238037,-0.0,-0.0,-0.0,-0.0,off
25.62,7.424927234649658,-2.7647624015808105,-1.1452842950820923,-0.25049903988838196,-0.2288595288991928,8.005318641662598,7.986813545227051,-0.0,-0.0,-0.0,-0.0,off
25.64,7.396777153015137,-2.772038698196411,-1.1338993310928345,-0.24357083439826965,-0.23033064603805542,7.980114936828613,7.986141681671143,-0.0,-0.0,-0.0,-0.0,off
25.66,7.508298397064209,-2.802733898162842,-1.1519089937210083,-0.24033638834953308,-0.2313312143087387,8.096713066101074,7.997198581695557,-0.0,-0.0,-0.0,-0.0,off
25.68,7.443837642669678,-2.7665748596191406,-1.1418713331222534,-0.24026861786842346,-0.2322249412536621,8.02299976348877,7.999777793884277,-0.0,-0.0,-0.0,-0.0,off
25.7,7.481418609619141,-2.7709739208221436,-1.1527668237686157,-0.2429809868335724,-0.23330053687095642,8.060942649841309,8.00589370727539,-0.0,0.0,-0.0,-0.0,off
25.72,7.481104373931885,-2.7756385803222656,-1.1601043939590454,-0.2600254714488983,-0.23597301542758942,8.063307762145996,8.011632919311523,-0.0,0.0,-0.0,-0.0,off
25.740000000000002,7.51641845703125,-2.7920780181884766,-1.1666816473007202,-0.2613312304019928,-0.23850883543491364,8.102678298950195,8.020736694335938,-0.0,-0.0,-0.0,-0.0,off
25.76,7.478683948516846,-2.799334764480591,-1.1457301378250122,-0.23468723893165588,-0.23812666535377502,8.067198753356934,8.025381088256836,-0.0,0.0,-0.0,-0.0,off
25.78,7.485454559326172,-2.7756850719451904,-1.145124077796936,-0.23754361271858215,-0.2380683571100235,8.06521987915039,8.029363632202148,-0.0,-0.0,-0.0,-0.0,off
25.8,7.425817489624023,-2.727064609527588,-1.1417075395584106,-0.26175007224082947,-0.24043652415275574,7.9926934242248535,8.025690078735352,-0.0,-0.0,-0.0,-0.0,off
25.82,7.416582107543945,-2.7270092964172363,-1.1407872438430786,-0.27849724888801575,-0.2442425787448883,7.9839630126953125,8.021512985229492,-0.0,-0.0,-0.0,-0.0,off
25.84,7.380918025970459,-2.7266249656677246,-1.1388403177261353,-0.2624819576740265,-0.24606651067733765,7.950433254241943,8.014403343200684,-0.0,-0.0,-0.0,-0.0,off
25.86,7.371969699859619,-2.7388522624969482,-1.1271997690200806,-0.25126340985298157,-0.24658618867397308,7.94467306137085,8.007430076599121,-0.0,0.0,-0.0,-0.0,off
25.88,7.379818439483643,-2.7329154014587402,-1.1276651620864868,-0.2659062445163727,-0.2485181987285614,7.949979782104492,8.00168514251709,-0.0,-0.0,-0.0,-0.0,off
25.900000000000002,7.383259296417236,-2.7270421981811523,-1.1269103288650513,-0.28260698914527893,-0.25192707777023315,7.951050281524658,7.9966206550598145,-0.0,-0.0,-0.0,-0.0,off
25.92,7.434003829956055,-2.739656448364258,-1.124839425086975,-0.2760598361492157,-0.25434035062789917,8.002211570739746,7.997176647186279,-0.0,-0.0,-0.0,-0.0,off
25.94,7.38883638381958,-2.7630457878112793,-1.1174720525741577,-0.26326873898506165,-0.25523316860198975,7.967312335968018,7.994185924530029,-0.0,-0.0,-0.0,-0.0,off
25.96,7.279262065887451,-2.728092670440674,-1.091762661933899,-0.2684142291545868,-0.25655126571655273,7.849973678588867,7.979757308959961,-0.0,0.0,-0.0,-0.0,off
25.98,7.4002532958984375,-2.775951862335205,-1.1032525300979614,-0.2623249590396881,-0.25712862610816956,7.98040246963501,7.979813575744629,0.0,-0.0,-0.0,0.0,off
26.0,7.474155426025391,-2.7869696617126465,-1.1368838548660278,-0.2680204212665558,-0.25821781158447266,8.057462692260742,7.987577438354492,0.0,-0.0,-0.0,0.0,off
26.02,7.478841781616211,-2.8065454959869385,-1.1190606355667114,-0.24347999691963196,-0.25674402713775635,8.066106796264648,7.995424270629883,-0.0,0.0,-0.0,-0.0,off
26.04,7.449912071228027,-2.8151588439941406,-1.1225181818008423,-0.23312345147132874,-0.2543819546699524,8.0427827835083,8.000150680541992,-0.0,-0.0,-0.0,-0.0,off
26.060000000000002,7.412606716156006,-2.8037919998168945,-1.1218916177749634,-0.23336568474769592,-0.2522803246974945,8.004162788391113,8.000542640686035,-0.0,-0.0,-0.0,-0.0,off
26.080000000000002,7.45403528213501,-2.801811933517456,-1.1497193574905396,-0.2671201527118683,-0.2537643015384674,8.045784950256348,8.005064010620117,-0.0,-0.0,-0.0,-0.0,off
26.1,7.5300397872924805,-2.827606678009033,-1.1674007177352905,-0.2738635241985321,-0.25577419996261597,8.127711296081543,8.017325401306152,-0.0,-0.0,-0.0,-0.0,off
26.12,7.520374774932861,-2.836055278778076,-1.1532150506973267,-0.2516089975833893,-0.25535768270492554,8.11967658996582,8.027557373046875,-0.0,-0.0,-0.0,-0.0,off
26.14,7.5243024826049805,-2.8552985191345215,-1.1490625143051147,-0.24148622155189514,-0.25397053360939026,8.129465103149414,8.037740707397461,-0.0,0.0,-0.0,-0.0,off
26.16,7.512199878692627,-2.8268749713897705,-1.1534472703933716,-0.2611575424671173,-0.25468921661376953,8.108933448791504,8.044858932495117,-0.0,-0.0,-0.0,-0.0,off
26.18,7.556901454925537,-2.847219467163086,-1.1762710809707642,-0.2770726978778839,-0.2569275498390198,8.160700798034668,8.056438446044922,-0.0,-0.0,-0.0,-0.0,off
26.2,7.596878528594971,-2.8571603298187256,-1.190099835395813,-0.2833152711391449,-0.2595663070678711,8.20318603515625,8.0711088180542,-0.0,-0.0,-0.0,-0.0,off
26.22,7.48856782913208,-2.8266944885253906,-1.1582552194595337,-0.2742712199687958,-0.26103681325912476,8.08767032623291,8.072763442993164,-0.0,-0.0,-0.0,-0.0,off
26.240000000000002,7.368253707885742,-2.776456594467163,-1.124959111213684,-0.27160218358039856,-0.26209333539009094,7.95395565032959,8.060881614685059,-0.0,-0.0,-0.0,-0.0,off
26.26,7.381340503692627,-2.751896858215332,-1.1277514696121216,-0.29743996262550354,-0.26562798023223877,7.957948684692383,8.050585746765137,-0.0,-0.0,-0.0,-0.0,off
26.28,7.443274974822998,-2.775035858154297,-1.1386967897415161,-0.2926465570926666,-0.26832982897758484,8.024948120117188,8.048019409179688,-0.0,-0.0,-0.0,-0.0,off
26.3,7.501819133758545,-2.7920613288879395,-1.1571260690689087,-0.2917307913303375,-0.27066993713378906,8.08775806427002,8.051990509033203,-0.0,-0.0,-0.0,-0.0,off
26.32,7.445145130157471,-2.792508125305176,-1.1363147497177124,-0.29012754559516907,-0.2726156711578369,8.032402992248535,8.050031661987305,-0.0,-0.0,-0.0,-0.0,off
26.34,7.421280384063721,-2.7876992225646973,-1.1460610628128052,-0.2999248206615448,-0.275346577167511,8.010001182556152,8.046028137207031,-0.0,-0.0,-0.0,-0.0,off
26.36,7.379592418670654,-2.7776730060577393,-1.1294385194778442,-0.29428955912590027,-0.2772408723831177,7.965518474578857,8.037976264953613,-0.0,-0.0,-0.0,-0.0,off
26.38,7.324636936187744,-2.7432992458343506,-1.1326016187667847,-0.29291239380836487,-0.27880802750587463,7.9030866622924805,8.024486541748047,-0.0,-0.0,-0.0,-0.0,off
26.400000000000002,7.318702697753906,-2.7412595748901367,-1.11331045627594,-0.2729528248310089,-0.2782225012779236,7.894135475158691,8.01145076751709,-0.0,-0.0,-0.0,-0.0,off
26.42,7.3753767013549805,-2.7552947998046875,-1.1347519159317017,-0.28923526406288147,-0.2793237566947937,7.954589366912842,8.00576400756836,-0.0,-0.0,-0.0,-0.0,off
26.44,7.363179683685303,-2.7382962703704834,-1.13514244556427,-0.31046488881111145,-0.28243786096572876,7.93745756149292,7.998930931091309,-0.0,-0.0,-0.0,-0.0,off
26.46,7.338295936584473,-2.7300822734832764,-1.12562096118927,-0.30791619420051575,-0.2849856913089752,7.910180568695068,7.990054130554199,-0.0,-0.0,-0.0,-0.0,off
26.48,7.267090320587158,-2.72924542427063,-1.116803765296936,-0.28826287388801575,-0.2853133976459503,7.842616081237793,7.975310325622559,-0.0,-0.0,-0.0,-0.0,off
26.5,7.304737091064453,-2.730595827102661,-1.1303352117538452,-0.29021742939949036,-0.28580379486083984,7.879910945892334,7.965769290924072,-0.0,-0.0,-0.0,-0.0,off
26.52,7.348777770996094,-2.7305068969726562,-1.1416155099868774,-0.3034503757953644,-0.28756844997406006,7.922341346740723,7.961422920227051,-0.0,-0.0,-0.0,-0.0,off
26.54,7.342785358428955,-2.723641872406006,-1.1490291357040405,-0.3177747428417206,-0.2905890643596649,7.91549015045166,7.956824779510498,-0.0,-0.0,-0.0,-0.0,off
26.560000000000002,7.32146692276001,-2.7446041107177734,-1.1426595449447632,-0.30251994729042053,-0.2917821407318115,7.902050495147705,7.951345920562744,-0.0,-0.0,-0.0,-0.0,off
26.580000000000002,7.259545803070068,-2.7411303520202637,-1.1224833726882935,-0.2767714560031891,-0.2902810573577881,7.840584754943848,7.940265655517578,-0.0,-0.0,-0.0,-0.0,off
26.6,7.259466171264648,-2.724278688430786,-1.1310979127883911,-0.2874116599559784,-0.28999412059783936,7.835874080657959,7.929825305938721,-0.0,-0.0,-0.0,-0.0,off
26.62,7.3070526123046875,-2.7176871299743652,-1.1509298086166382,-0.3133675158023834,-0.2923314571380615,7.880576133728027,7.924895763397217,-0.0,-0.0,-0.0,-0.0,off
26.64,7.403756618499756,-2.7530832290649414,-1.1571584939956665,-0.3118167221546173,-0.29427996277809143,7.983363628387451,7.930739879608154,-0.0,-0.0,-0.0,-0.0,off
26.66,7.3376545906066895,-2.7610528469085693,-1.1398879289627075,-0.28437677025794983,-0.2932896316051483,7.922369003295898,7.929900646209717,-0.0,-0.0,-0.0,-0.0,off
26.68,7.3214521408081055,-2.74064302444458,-1.1326595544815063,-0.2878235876560211,-0.2927430272102356,7.899221420288086,7.926833152770996,-0.0,-0.0,-0.0,-0.0,off
26.7,7.356484889984131,-2.7446680068969727,-1.1506117582321167,-0.3115786612033844,-0.2946265935897827,7.935677528381348,7.927716255187988,-0.0,-0.0,-0.0,-0.0,off
26.72,7.386195659637451,-2.7599263191223145,-1.1521610021591187,-0.31695714592933655,-0.29685965180397034,7.968723297119141,7.931816577911377,-0.0,-0.0,-0.0,-0.0,off
26.740000000000002,7.376500606536865,-2.7705776691436768,-1.156577706336975,-0.2965252101421356,-0.29682618379592896,7.964077472686768,7.9350409507751465,-0.0,-0.0,-0.0,-0.0,off
26.76,7.357955455780029,-2.770447015762329,-1.1415897607803345,-0.28253331780433655,-0.2953968644142151,7.944690704345703,7.936004161834717,-0.0,0.0,-0.0,-0.0,off
26.78,7.389758586883545,-2.7844126224517822,-1.1467944383621216,-0.2833980619907379,-0.2941969633102417,7.979763507843018,7.940378665924072,0.0,-0.0,-0.0,0.0,off
26.8,7.430887699127197,-2.7745585441589355,-1.1601182222366333,-0.3029233515262604,-0.2950696051120758,8.016366958618164,7.947976589202881,0.0,-0.0,-0.0,0.0,off
26.82,7.400489807128906,-2.7536983489990234,-1.1570192575454712,-0.30902472138404846,-0.29646509885787964,7.980525970458984,7.951229095458984,-0.0,-0.0,-0.0,-0.0,off
26.84,7.3385844230651855,-2.726795196533203,-1.131466031074524,-0.2864425480365753,-0.29546284675598145,7.9101481437683105,7.947118282318115,-0.0,-0.0,-0.0,-0.0,off
26.86,7.360489368438721,-2.7493958473205566,-1.1566072702407837,-0.2858422100543976,-0.29450076818466187,7.941896915435791,7.946595668792725,-0.0,-0.0,-0.0,-0.0,off
26.88,7.367044448852539,-2.7542595863342285,-1.1518725156784058,-0.3022446930408478,-0.29527515172958374,7.948968410491943,7.946832656860352,-0.0,-0.0,-0.0,-0.0,off
26.900000000000002,7.405076503753662,-2.740713119506836,-1.1731115579605103,-0.32654622197151184,-0.29840224981307983,7.982659816741943,7.950408458709717,-0.0,-0.0,-0.0,-0.0,off
26.92,7.450439929962158,-2.749652624130249,-1.1901575326919556,-0.3220055401325226,-0.3007625639438629,8.030324935913086,7.9583892822265625,-0.0,-0.0,-0.0,-0.0,off
26.94,7.474228382110596,-2.7809720039367676,-1.1780508756637573,-0.31640544533729553,-0.30232685804367065,8.061370849609375,7.968685626983643,-0.0,-0.0,-0.0,-0.0,off
26.96,7.4409308433532715,-2.760723114013672,-1.1722050905227661,-0.31628885865211487,-0.3037230372428894,8.022662162780762,7.974081516265869,-0.0,-0.0,-0.0,-0.0,off
26.98,7.463749885559082,-2.739600658416748,-1.1866010427474976,-0.3327844440937042,-0.30662915110588074,8.038718223571777,7.980534076690674,-0.0,-0.0,-0.0,-0.0,off
27.0,7.465879917144775,-2.744312286376953,-1.183540940284729,-0.3392966687679291,-0.30989590287208557,8.041851997375488,7.986659049987793,-0.0,-0.0,-0.0,-0.0,off
27.02,7.411649703979492,-2.7311673164367676,-1.1780894994735718,-0.3328295648097992,-0.3121892809867859,7.986220836639404,7.9866108894348145,-0.0,-0.0,-0.0,-0.0,off
27.04,7.384624004364014,-2.7431204319000244,-1.1596482992172241,-0.31632187962532043,-0.31260251998901367,7.962547779083252,7.984204292297363,-0.0,-0.0,-0.0,-0.0,off
27.060000000000002,7.443714618682861,-2.7708544731140137,-1.174712061882019,-0.3290610611438751,-0.31424838304519653,8.029101371765137,7.988693714141846,-0.0,-0.0,-0.0,-0.0,off
27.080000000000002,7.439365863800049,-2.745934247970581,-1.1771808862686157,-0.34042635560035706,-0.3168661594390869,8.016861915588379,7.991508483886719,-0.0,-0.0,-0.0,-0.0,off
27.1,7.47104024887085,-2.770036220550537,-1.1882444620132446,-0.33826687932014465,-0.31900620460510254,8.056144714355469,7.9979705810546875,-0.0,-0.0,-0.0,-0.0,off
27.12,7.486579418182373,-2.7957515716552734,-1.1887775659561157,-0.3201576769351959,-0.3191213607788086,8.079498291015625,8.006121635437012,-0.0,-0.0,-0.0,-0.0,off
27.14,7.514088153839111,-2.792126178741455,-1.2131768465042114,-0.3245006501674652,-0.3196592926979065,8.107359886169434,8.016241073608398,-0.0,-0.0,-0.0,-0.0,off
27.16,7.494287490844727,-2.778777837753296,-1.2095826864242554,-0.33546319603919983,-0.3212396800518036,8.08387565612793,8.023000717163086,-0.0,-0.0,-0.0,-0.0,off
27.18,7.467673301696777,-2.7593765258789062,-1.204480767250061,-0.33520522713661194,-0.322636216878891,8.051774978637695,8.025875091552734,-0.0,-0.0,-0.0,-0.0,off
27.2,7.4586029052734375,-2.7725703716278076,-1.2036713361740112,-0.3191429674625397,-0.3222868740558624,8.047778129577637,8.028061866760254,-0.0,-0.0,-0.0,-0.0,off
27.22,7.457279205322266,-2.7858896255493164,-1.2000831365585327,-0.31258562207221985,-0.3213167190551758,8.050614356994629,8.030314445495605,-0.0,-0.0,-0.0,-0.0,off
27.240000000000002,7.5918049812316895,-2.83117938041687,-1.231540322303772,-0.32135167717933655,-0.32132020592689514,8.195594787597656,8.046839714050293,-0.0,-0.0,-0.0,-0.0,off
27.26,7.583718776702881,-2.8000757694244385,-1.2514680624008179,-0.34820976853370667,-0.32400915026664734,8.180427551269531,8.060186386108398,-0.0,-0.0,-0.0,-0.0,off
27.28,7.557199954986572,-2.789235830307007,-1.2206791639328003,-0.3423596918582916,-0.3258441686630249,8.14746379852295,8.0689115524292,-0.0,-0.0,-0.0,-0.0,off
27.3,7.4434309005737305,-2.7551374435424805,-1.1889930963516235,-0.3159267008304596,-0.3248524069786072,8.025530815124512,8.064573287963867,-0.0,-0.0,-0.0,-0.0,off
27.32,7.509129047393799,-2.775395154953003,-1.2070578336715698,-0.3122071325778961,-0.3235878646373749,8.096099853515625,8.067724227905273,-0.0,-0.0,-0.0,-0.0,off
27.34,7.6205549240112305,-2.8045334815979004,-1.2383722066879272,-0.34385553002357483,-0.3256146311759949,8.214123725891113,8.08236026763916,-0.0,-0.0,-0.0,-0.0,off
27.36,7.655725002288818,-2.803621530532837,-1.2586604356765747,-0.3526851236820221,-0.3283216655254364,8.249524116516113,8.099065780639648,-0.0,-0.0,-0.0,-0.0,off
27.38,7.611636161804199,-2.7938177585601807,-1.223312497138977,-0.3403903543949127,-0.3295285105705261,8.199934005737305,8.109149932861328,-0.0,-0.0,-0.0,-0.0,off
27.400000000000002,7.519963264465332,-2.76664662361145,-1.2070156335830688,-0.31248751282691956,-0.3278244137763977,8.103151321411133,8.108549118041992,-0.0,-0.0,-0.0,-0.0,off
27.42,7.543513774871826,-2.7539424896240234,-1.2214299440383911,-0.3251005709171295,-0.32755202054977417,8.122849464416504,8.10997200012207,-0.0,0.0,-0.0,-0.0,off
27.44,7.46240758895874,-2.730668067932129,-1.1936472654342651,-0.3326740562915802,-0.3280642330646515,8.035475730895996,8.102519035339355,-0.0,-0.0,-0.0,-0.0,off
27.46,7.529120922088623,-2.754640579223633,-1.2245723009109497,-0.33375874161720276,-0.3286336660385132,8.110196113586426,8.103282928466797,-0.0,-0.0,-0.0,-0.0,off
27.48,7.485445499420166,-2.747119188308716,-1.187275767326355,-0.3186089098453522,-0.3276311755180359,8.061524391174316,8.099104881286621,-0.0,-0.0,-0.0,-0.0,off
27.5,7.455482482910156,-2.7170467376708984,-1.1774049997329712,-0.32564112544059753,-0.32743215560913086,8.022022247314453,8.091389656066895,-0.0,-0.0,-0.0,-0.0,off
27.52,7.3465681076049805,-2.654890537261963,-1.1550549268722534,-0.32699093222618103,-0.32738804817199707,7.896496295928955,8.071885108947754,-0.0,0.0,-0.0,-0.0,off
27.54,7.311835765838623,-2.6390419006347656,-1.1460415124893188,-0.33623602986335754,-0.32827284932136536,7.857537746429443,8.050436019897461,-0.0,-0.0,-0.0,-0.0,off
27.560000000000002,7.382582664489746,-2.678365707397461,-1.1677199602127075,-0.34208759665489197,-0.329654335975647,7.939756870269775,8.039363861083984,-0.0,-0.0,-0.0,-0.0,off
27.580000000000002,7.430840015411377,-2.7099838256835938,-1.1676322221755981,-0.3215802013874054,-0.32884690165519714,7.995296478271484,8.034954071044922,-0.0,-0.0,-0.0,-0.0,off
27.6,7.466131210327148,-2.7079250812530518,-1.1654380559921265,-0.3358990252017975,-0.3295521140098572,8.027092933654785,8.034161567687988,-0.0,-0.0,-0.0,-0.0,off
27.62,7.489563465118408,-2.692633867263794,-1.1927179098129272,-0.3542204201221466,-0.3320189118385315,8.047758102416992,8.03550910949707,-0.0,0.0,-0.0,-0.0,off
27.64,7.381344318389893,-2.665714740753174,-1.1624780893325806,-0.3480490744113922,-0.33362191915512085,7.933576583862305,8.025310516357422,-0.0,0.0,-0.0,-0.0,off
27.66,7.421304225921631,-2.7032222747802734,-1.1628419160842896,-0.3230706751346588,-0.3325667679309845,7.983443260192871,8.021121978759766,-0.0,-0.0,-0.0,-0.0,off
27.68,7.4720282554626465,-2.715628147125244,-1.1896008253097534,-0.32819536328315735,-0.3321296274662018,8.038718223571777,8.022881507873535,-0.0,0.0,-0.0,-0.0,off
27.7,7.508307456970215,-2.727978467941284,-1.1890426874160767,-0.34163805842399597,-0.3330804705619812,8.076532363891602,8.02824592590332,-0.0,0.0,-0.0,-0.0,off
27.72,7.443507194519043,-2.6838927268981934,-1.1838992834091187,-0.3523239195346832,-0.3350048065185547,8.0006685256958,8.025483131408691,-0.0,-0.0,-0.0,-0.0,off
27.740000000000002,7.394780158996582,-2.6944327354431152,-1.1458030939102173,-0.3234961926937103,-0.33385393023490906,7.953339576721191,8.018264770507812,-0.0,-0.0,-0.0,-0.0,off
27.76,7.391995906829834,-2.7111809253692627,-1.1414486169815063,-0.307484894990921,-0.3312170207500458,7.955816268920898,8.012012481689453,-0.0,-0.0,-0.0,-0.0,off
27.78,7.474284648895264,-2.730276107788086,-1.161824345588684,-0.31710365414619446,-0.3298056721687317,8.041714668273926,8.014979362487793,-0.0,-0.0,-0.0,-0.0,off
27.8,7.40822172164917,-2.6800215244293213,-1.1485615968704224,-0.334512859582901,-0.33027639985084534,7.9613728523254395,8.009614944458008,-0.0,-0.0,-0.0,-0.0,off
27.82,7.414897441864014,-2.6766583919525146,-1.1616543531417847,-0.343850702047348,-0.3316338062286377,7.968352794647217,8.005485534667969,-0.0,-0.0,-0.0,-0.0,off
27.84,7.39199161529541,-2.7135727405548096,-1.1477595567703247,-0.3000042736530304,-0.3284708261489868,7.957535266876221,8.000685691833496,-0.0,-0.0,-0.0,-0.0,off
27.86,7.380929470062256,-2.7180163860321045,-1.131430745124817,-0.28755584359169006,-0.3243793249130249,7.946437358856201,7.995251655578613,-0.0,-0.0,-0.0,-0.0,off
27.88,7.39652681350708,-2.7138419151306152,-1.1346765756607056,-0.3018623888492584,-0.3221276104450226,7.959964752197266,7.99171781539917,-0.0,-0.0,-0.0,-0.0,off
27.900000000000002,7.50484037399292,-2.73354172706604,-1.1622673273086548,-0.31715819239616394,-0.32163065671920776,8.071290969848633,7.999673843383789,-0.0,-0.0,-0.0,-0.0,off
27.92,7.465779781341553,-2.708010196685791,-1.1530839204788208,-0.31365135312080383,-0.3208326995372772,8.025010108947754,8.002204895019531,0.0,-0.0,-0.0,0.0,off
27.94,7.490139007568359,-2.7206931114196777,-1.1576155424118042,-0.3163858950138092,-0.3203880190849304,8.052603721618652,8.007243156433105,-0.0,-0.0,-0.0,-0.0,off
27.96,7.462447166442871,-2.7342324256896973,-1.1384369134902954,-0.2989591658115387,-0.3182451128959656,8.028709411621094,8.009385108947754,-0.0,-0.0,-0.0,-0.0,off
27.98,7.451550006866455,-2.7247705459594727,-1.1520706415176392,-0.3223640024662018,-0.3186569809913635,8.017308235168457,8.010176658630371,-0.0,-0.0,-0.0,-0.0,off
28.0,7.56846284866333,-2.7737526893615723,-1.1888445615768433,-0.33583346009254456,-0.32037460803985596,8.14792537689209,8.02394962310791,-0.0,-0.0,-0.0,-0.0,off
28.02,7.50477933883667,-2.7735819816589355,-1.1763468980789185,-0.32479986548423767,-0.32081711292266846,8.086918830871582,8.030240058898926,-0.0,-0.0,-0.0,-0.0,off
28.04,7.424012660980225,-2.756776809692383,-1.1565908193588257,-0.3059293329715729,-0.31932830810546875,8.003341674804688,8.02754020690918,0.0,-0.0,-0.0,0.0,off
28.060000000000002,7.475766658782959,-2.772573709487915,-1.1748510599136353,-0.31187930703163147,-0.3185833990573883,8.059436798095703,8.030723571777344,-0.0,-0.0,-0.0,-0.0,off
28.080000000000002,7.48006534576416,-2.7709765434265137,-1.1815401315689087,-0.327827125787735,-0.31950774788856506,8.06385326385498,8.03403091430664,-0.0,-0.0,-0.0,-0.0,off
28.1,7.490603923797607,-2.8011600971221924,-1.1680115461349487,-0.30938151478767395,-0.31849512457847595,8.082072257995605,8.038820266723633,-0.0,-0.0,-0.0,-0.0,off
28.12,7.505865573883057,-2.813629150390625,-1.163549780845642,-0.2965036928653717,-0.31629595160484314,8.099899291992188,8.044912338256836,-0.0,-0.0,-0.0,-0.0,off
28.14,7.539146423339844,-2.8095874786376953,-1.1742182970046997,-0.2900080978870392,-0.3136671781539917,8.130885124206543,8.053504943847656,-0.0,-0.0,-0.0,-0.0,off
28.16,7.551040172576904,-2.7998085021972656,-1.1892319917678833,-0.3083452880382538,-0.31313496828079224,8.140725135803223,8.062224388122559,-0.0,-0.0,-0.0,-0.0,off
28.18,7.59976863861084,-2.81032133102417,-1.20195734500885,-0.32534465193748474,-0.31435590982437134,8.19140338897705,8.075140953063965,-0.0,-0.0,-0.0,-0.0,off
28.2,7.593020915985107,-2.81980562210083,-1.1955820322036743,-0.310955673456192,-0.31401586532592773,8.187471389770508,8.086372375488281,-0.0,-0.0,-0.0,-0.0,off
28.22,7.571990013122559,-2.8213627338409424,-1.2003055810928345,-0.3031855523586273,-0.3129328191280365,8.169201850891113,8.094650268554688,-0.0,-0.0,-0.0,-0.0,off
28.240000000000002,7.607937812805176,-2.8446719646453857,-1.1966160535812378,-0.3063800632953644,-0.31227752566337585,8.210041046142578,8.106184005737305,-0.0,-0.0,-0.0,-0.0,off
28.26,7.652807235717773,-2.8482353687286377,-1.2354484796524048,-0.330531507730484,-0.3141029179096222,8.258585929870605,8.121416091918945,-0.0,-0.0,-0.0,-0.0,off
28.28,7.619544506072998,-2.8356406688690186,-1.2288709878921509,-0.33225932717323303,-0.31591853499412537,8.222434997558594,8.131511688232422,-0.0,-0.0,-0.0,-0.0,off
28.3,7.603394508361816,-2.832122325897217,-1.217591643333435,-0.3244629204273224,-0.3167729675769806,8.204575538635254,8.138814926147461,-0.0,-0.0,-0.0,-0.0,off
28.32,7.552398204803467,-2.8247456550598145,-1.1959062814712524,-0.315023809671402,-0.3165980577468872,8.151570320129395,8.140087127685547,-0.0,-0.0,-0.0,-0.0,off
28.34,7.653975963592529,-2.8586084842681885,-1.2320421934127808,-0.3322038948535919,-0.3181586265563965,8.26274299621582,8.152347564697266,-0.0,-0.0,-0.0,-0.0,off
28.36,7.711463451385498,-2.8729360103607178,-1.2521227598190308,-0.340561181306839,-0.32039889693260193,8.323955535888672,8.169503211975098,-0.0,-0.0,-0.0,-0.0,off
28.38,7.683775901794434,-2.884601593017578,-1.2444967031478882,-0.32788965106010437,-0.32114794850349426,8.3012113571167,8.182665824890137,-0.0,-0.0,-0.0,-0.0,off
28.400000000000002,7.721333026885986,-2.9010140895843506,-1.2505751848220825,-0.3237086832523346,-0.32140401005744934,8.34259033203125,8.198651313781738,-0.0,-0.0,-0.0,-0.0,off
28.42,7.646562099456787,-2.8688344955444336,-1.2282153367996216,-0.32328787446022034,-0.32159239053726196,8.258852005004883,8.204668045043945,-0.0,-0.0,-0.0,-0.0,off
28.44,7.62430477142334,-2.838711738586426,-1.2262779474258423,-0.33036133646965027,-0.3224692940711975,8.227519035339355,8.206952095031738,-0.0,-0.0,-0.0,-0.0,off
28.46,7.574803829193115,-2.8376986980438232,-1.2113434076309204,-0.3330285847187042,-0.32352519035339355,8.179091453552246,8.2041654586792,-0.0,-0.0,-0.0,-0.0,off
28.48,7.555931091308594,-2.853776216506958,-1.1948610544204712,-0.31975677609443665,-0.32314833998680115,8.16479206085205,8.200220108032227,-0.0,-0.0,-0.0,-0.0,off
28.5,7.5491204261779785,-2.8347744941711426,-1.1904436349868774,-0.3242553770542145,-0.32325905561447144,8.151215553283691,8.195316314697266,-0.0,-0.0,-0.0,-0.0,off
28.52,7.576530456542969,-2.838909149169922,-1.1845883131027222,-0.3395160734653473,-0.3248847424983978,8.177191734313965,8.193500518798828,-0.0,-0.0,-0.0,-0.0,off
28.54,7.659597873687744,-2.877751588821411,-1.216084599494934,-0.3479059040546417,-0.32718682289123535,8.272228240966797,8.201372146606445,-0.0,0.0,-0.0,-0.0,off
28.560000000000002,7.637899875640869,-2.876051187515259,-1.1962934732437134,-0.32597264647483826,-0.3270654082298279,8.24865436553955,8.206095695495605,-0.0,-0.0,-0.0,-0.0,off
28.580000000000002,7.572131156921387,-2.8689732551574707,-1.1878377199172974,-0.31497976183891296,-0.3258568346500397,8.184078216552734,8.203886032104492,-0.0,-0.0,-0.0,-0.0,off
28.6,7.654494285583496,-2.872596263885498,-1.222713589668274,-0.3269799053668976,-0.3259691596031189,8.266687393188477,8.210165977478027,-0.0,-0.0,-0.0,-0.0,off
28.62,7.724361896514893,-2.883401393890381,-1.2382079362869263,-0.3596753776073456,-0.32933977246284485,8.337441444396973,8.222891807556152,0.0,-0.0,-0.0,0.0,off
28.64,7.6108198165893555,-2.8287041187286377,-1.2153409719467163,-0.3581051528453827,-0.3322163224220276,8.209944725036621,8.22159481048584,-0.0,-0.0,-0.0,-0.0,off
28.66,7.5485992431640625,-2.8356213569641113,-1.193015694618225,-0.33207693696022034,-0.33220237493515015,8.15140438079834,8.214574813842773,-0.0,-0.0,-0.0,-0.0,off
28.68,7.519795894622803,-2.806650400161743,-1.1760088205337524,-0.3258698284626007,-0.3315691351890564,8.112189292907715,8.204333305358887,-0.0,-0.0,-0.0,-0.0,off
28.7,7.546754837036133,-2.8092873096466064,-1.1953848600387573,-0.3297180235385895,-0.33138400316238403,8.140918731689453,8.197990417480469,-0.0,-0.0,-0.0,-0.0,off
28.72,7.614828586578369,-2.8341774940490723,-1.2099405527114868,-0.34685930609703064,-0.3329315483570099,8.214751243591309,8.199665069580078,-0.0,-0.0,-0.0,-0.0,off
28.740000000000002,7.611774921417236,-2.8252179622650146,-1.211532711982727,-0.34997764229774475,-0.3346361517906189,8.209067344665527,8.200603485107422,-0.0,-0.0,-0.0,-0.0,off
28.76,7.64363956451416,-2.8567585945129395,-1.1950572729110718,-0.33052173256874084,-0.3342247009277344,8.247087478637695,8.205249786376953,-0.0,0.0,-0.0,-0.0,off
28.78,7.6815338134765625,-2.8916854858398438,-1.2160073518753052,-0.33191099762916565,-0.3339933156967163,8.297377586364746,8.214459419250488,-0.0,0.0,-0.0,-0.0,off
28.8,7.6958909034729,-2.879361391067505,-1.2330645322799683,-0.33995530009269714,-0.33458951115608215,8.308905601501465,8.223902702331543,-0.0,0.0,-0.0,-0.0,off
28.82,7.611179828643799,-2.863057851791382,-1.1974421739578247,-0.3221234381198883,-0.33334290981292725,8.219551086425781,8.223464965820312,-0.0,0.0,-0.0,-0.0,off
28.84,7.605053424835205,-2.8497228622436523,-1.2084037065505981,-0.3185671865940094,-0.3318653404712677,8.210846900939941,8.222203254699707,-0.0,-0.0,-0.0,-0.0,off
28.86,7.578948974609375,-2.846975564956665,-1.197799801826477,-0.32168200612068176,-0.33084699511528015,8.184159278869629,8.218398094177246,-0.0,-0.0,-0.0,-0.0,off
28.88,7.685970783233643,-2.8810439109802246,-1.2336407899856567,-0.33381566405296326,-0.331143856048584,8.300387382507324,8.226595878601074,-0.0,-0.0,-0.0,-0.0,off
28.900000000000002,7.6147871017456055,-2.838367223739624,-1.2143102884292603,-0.3316563665866852,-0.33119508624076843,8.216803550720215,8.225615501403809,-0.0,0.0,-0.0,-0.0,off
28.92,7.545389652252197,-2.8381059169769287,-1.1941295862197876,-0.3103698790073395,-0.32911252975463867,8.149459838867188,8.217998504638672,0.0,-0.0,-0.0,0.0,off
28.94,7.67043924331665,-2.880321741104126,-1.2371193170547485,-0.307862251996994,-0.32698747515678406,8.286274909973145,8.224822998046875,-0.0,-0.0,-0.0,-0.0,off
28.96,7.745931625366211,-2.8847451210021973,-1.252999186515808,-0.3217356503009796,-0.3264622986316681,8.36009693145752,8.238347053527832,-0.0,-0.0,-0.0,-0.0,off
28.98,7.743929386138916,-2.876499652862549,-1.2467972040176392,-0.3191993534564972,-0.32573598623275757,8.354471206665039,8.249956130981445,-0.0,-0.0,-0.0,-0.0,off
29.0,7.744213104248047,-2.880711317062378,-1.2488824129104614,-0.31059136986732483,-0.32422152161598206,8.356496810913086,8.260607719421387,-0.0,-0.0,-0.0,-0.0,off
29.02,7.724289894104004,-2.8842523097991943,-1.2346969842910767,-0.30575957894325256,-0.3223753273487091,8.337148666381836,8.268260955810547,-0.0,-0.0,-0.0,-0.0,off
29.04,7.714813709259033,-2.891221761703491,-1.2340739965438843,-0.29589226841926575,-0.3197270333766937,8.330693244934082,8.274503707885742,-0.0,-0.0,-0.0,-0.0,off
29.060000000000002,7.618178844451904,-2.854691505432129,-1.2026158571243286,-0.3120618760585785,-0.3189605176448822,8.22387981414795,8.269440650939941,0.0,-0.0,-0.0,0.0,off
29.080000000000002,7.665393829345703,-2.8507845401763916,-1.221492886543274,-0.3362317979335785,-0.3206876516342163,8.269055366516113,8.269400596618652,0.0,-0.0,-0.0,0.0,off
29.1,7.561690330505371,-2.821512222290039,-1.199827790260315,-0.33276548981666565,-0.32189545035362244,8.159637451171875,8.258423805236816,-0.0,-0.0,-0.0,-0.0,off
29.12,7.604709625244141,-2.871175765991211,-1.2143818140029907,-0.3071674406528473,-0.3204226493835449,8.218879699707031,8.254464149475098,-0.0,-0.0,-0.0,-0.0,off
29.14,7.631239414215088,-2.8697683811187744,-1.2267149686813354,-0.3241507112979889,-0.3207954466342926,8.244769096374512,8.253493309020996,-0.0,-0.0,-0.0,-0.0,off
29.16,7.711980819702148,-2.8767364025115967,-1.2551857233047485,-0.33939602971076965,-0.32265549898147583,8.32620906829834,8.260761260986328,-0.0,0.0,-0.0,-0.0,off
29.18,7.702925205230713,-2.8823142051696777,-1.236587643623352,-0.32432040572166443,-0.3228220045566559,8.316967010498047,8.26638126373291,-0.0,0.0,-0.0,-0.0,off
29.2,7.62249755859375,-2.8600270748138428,-1.214877724647522,-0.30912187695503235,-0.32145199179649353,8.231534004211426,8.262896537780762,-0.0,-0.0,-0.0,-0.0,off
29.22,7.630074501037598,-2.854111671447754,-1.2185701131820679,-0.30560222268104553,-0.31986701488494873,8.237044334411621,8.260311126708984,-0.0,0.0,-0.0,-0.0,off
29.240000000000002,7.6248908042907715,-2.837839126586914,-1.2204033136367798,-0.3277527391910553,-0.32065558433532715,8.226886749267578,8.256966590881348,-0.0,-0.0,-0.0,-0.0,off
29.26,7.606753826141357,-2.8284125328063965,-1.2335299253463745,-0.34340307116508484,-0.32293033599853516,8.208788871765137,8.252145767211914,-0.0,0.0,-0.0,-0.0,off
29.28,7.592825412750244,-2.8234734535217285,-1.2244631052017212,-0.32333430647850037,-0.3229707181453705,8.19282054901123,8.246211051940918,-0.0,-0.0,-0.0,-0.0,off
29.3,7.570189952850342,-2.815230131149292,-1.1998296976089478,-0.3032877743244171,-0.32100242376327515,8.1653470993042,8.238122940063477,-0.0,-0.0,-0.0,-0.0,off
29.32,7.605443000793457,-2.8104336261749268,-1.2094637155532837,-0.316998153924942,-0.3206019699573517,8.197811126708984,8.234087944030762,-0.0,-0.0,-0.0,-0.0,off
29.34,7.623024940490723,-2.814052104949951,-1.2224153280258179,-0.33134832978248596,-0.3216766119003296,8.217280387878418,8.232401847839355,-0.0,0.0,-0.0,-0.0,off
29.36,7.626870632171631,-2.830474853515625,-1.2237178087234497,-0.3288731276988983,-0.32239624857902527,8.226677894592285,8.231828689575195,0.0,-0.0,-0.0,0.0,off
29.38,7.559604644775391,-2.8243231773376465,-1.2042371034622192,-0.3123677670955658,-0.32139337062835693,8.159326553344727,8.224577903747559,0.0,-0.0,-0.0,0.0,off
29.400000000000002,7.544469356536865,-2.810882568359375,-1.2068666219711304,-0.3029935657978058,-0.319553405046463,8.141044616699219,8.216224670410156,0.0,-0.0,-0.0,0.0,off
29.42,7.577995777130127,-2.8134260177612305,-1.2056759595870972,-0.31369033455848694,-0.3189670741558075,8.172823905944824,8.211883544921875,-0.0,-0.0,-0.0,-0.0,off
29.44,7.584675312042236,-2.8174915313720703,-1.2162808179855347,-0.3145805895328522,-0.318528413772583,8.181985855102539,8.208893775939941,-0.0,-0.0,-0.0,-0.0,off
29.46,7.583654403686523,-2.8510541915893555,-1.2055336236953735,-0.2970642149448395,-0.3163819909095764,8.191070556640625,8.207107543945312,-0.0,0.0,-0.0,-0.0,off
29.48,7.571048259735107,-2.832939863204956,-1.2061024904251099,-0.3088018000125885,-0.3156239688396454,8.173188209533691,8.203714370727539,-0.0,0.0,-0.0,-0.0,off
29.5,7.640548229217529,-2.8728084564208984,-1.227082371711731,-0.3206694424152374,-0.3161284923553467,8.254497528076172,8.208789825439453,-0.0,-0.0,-0.0,-0.0,off
29.52,7.6302995681762695,-2.853323459625244,-1.225509524345398,-0.33245620131492615,-0.31776127219200134,8.238009452819824,8.211710929870605,-0.0,-0.0,-0.0,-0.0,off
29.54,7.5481038093566895,-2.832850456237793,-1.2135249376296997,-0.3276858627796173,-0.318753719329834,8.153008460998535,8.205839157104492,-0.0,-0.0,-0.0,-0.0,off
29.560000000000002,7.497169017791748,-2.8317079544067383,-1.1845449209213257,-0.30190423130989075,-0.31706875562667847,8.101188659667969,8.195367813110352,-0.0,-0.0,-0.0,-0.0,off
29.580000000000002,7.571815490722656,-2.8461883068084717,-1.2169774770736694,-0.3062247931957245,-0.3159843683242798,8.180110931396484,8.193840980529785,-0.0,-0.0,-0.0,-0.0,off
29.6,7.6379218101501465,-2.8717737197875977,-1.2536243200302124,-0.32704398036003113,-0.31709033250808716,8.255695343017578,8.200019836425781,-0.0,-0.0,-0.0,-0.0,off
29.62,7.647207260131836,-2.862806797027588,-1.2378798723220825,-0.33626601099967957,-0.31900787353515625,8.258800506591797,8.205896377563477,-0.0,-0.0,-0.0,-0.0,off
29.64,7.572576999664307,-2.8383686542510986,-1.2105766534805298,-0.3176606595516205,-0.3188731372356415,8.17714786529541,8.203022003173828,-0.0,-0.0,-0.0,-0.0,off
29.66,7.57409143447876,-2.8444912433624268,-1.2049890756607056,-0.3066181242465973,-0.31764763593673706,8.179852485656738,8.200703620910645,-0.0,-0.0,-0.0,-0.0,off
29.68,7.574528217315674,-2.849893093109131,-1.2131847143173218,-0.32678917050361633,-0.3185617923736572,8.183347702026367,8.198967933654785,-0.0,-0.0,-0.0,-0.0,off
29.7,7.530375957489014,-2.8490426540374756,-1.1921483278274536,-0.3280359208583832,-0.31950920820236206,8.139092445373535,8.192974090576172,-0.0,-0.0,-0.0,-0.0,off
29.72,7.591948986053467,-2.891469717025757,-1.2087594270706177,-0.3243465721607208,-0.31999295949935913,8.21336555480957,8.195003509521484,-0.0,-0.0,-0.0,-0.0,off
29.740000000000002,7.518686771392822,-2.8735740184783936,-1.1827322244644165,-0.3054012954235077,-0.3185338079929352,8.13553524017334,8.189041137695312,-0.0,-0.0,-0.0,-0.0,off
29.76,7.5258259773254395,-2.8755500316619873,-1.1908727884292603,-0.30833473801612854,-0.31751391291618347,8.144018173217773,8.184528350830078,-0.0,-0.0,-0.0,-0.0,off
