t,Fx_hat,Fy_hat,Fz_hat,tau_yaw_hat,tau_yaw_ema,force_mag,force_mag_ema,wz_obs,vx_cmd,vy_cmd,wz_cmd,compliance_mode
0.0,21.391387939453125,-2.474517583847046,-10.4330415725708,-0.5778372287750244,-0.44229644536972046,23.92829132080078,24.38692855834961,-0.0,-0.0,-0.0,-0.0,off
0.02,21.290771484375,-2.5687947273254395,-10.471057891845703,-0.5786986351013184,-0.45593664050102234,23.865009307861328,24.331663131713867,-0.0,-0.0,-0.0,-0.0,off
0.04,21.18575668334961,-2.6873385906219482,-10.53698444366455,-0.5953435897827148,-0.46987733244895935,23.813570022583008,24.27659797668457,-0.0,-0.0,-0.0,-0.0,off
0.06,21.04303741455078,-2.7713727951049805,-10.507795333862305,-0.6212171316146851,-0.4850113093852997,23.68340492248535,24.214168548583984,-0.0,-0.0,-0.0,-0.0,off
0.08,20.924097061157227,-2.835969924926758,-10.513766288757324,-0.639185905456543,-0.5004287958145142,23.5881290435791,24.148603439331055,-0.0,-0.0,-0.0,-0.0,off
0.1,20.836223602294922,-2.851099729537964,-10.602131843566895,-0.6565740704536438,-0.5160433053970337,23.55169105529785,24.08609962463379,-0.0,0.0,-0.0,-0.0,off
0.12,20.770423889160156,-2.9721624851226807,-10.616726875305176,-0.6667247414588928,-0.531111478805542,23.51508331298828,24.02616310119629,-0.0,-0.0,-0.0,-0.0,off
0.14,20.69329261779785,-3.0439023971557617,-10.689221382141113,-0.6888217329978943,-0.5468825101852417,23.489086151123047,23.969608306884766,-0.0,-0.0,-0.0,-0.0,off
0.16,20.57048797607422,-3.1767871379852295,-10.784396171569824,-0.7206555604934692,-0.5642597675323486,23.442272186279297,23.913652420043945,0.0,-0.0,-0.0,0.0,off
0.18,20.43138313293457,-3.211977243423462,-10.81757926940918,-0.7528178095817566,-0.5831155776977539,23.340484619140625,23.853254318237305,-0.0,-0.0,-0.0,-0.0,off
0.2,20.34671401977539,-3.2648379802703857,-10.86279582977295,-0.7697803974151611,-0.6017820239067078,23.294811248779297,23.794458389282227,-0.0,-0.0,-0.0,-0.0,off
0.22,20.17061996459961,-3.327702283859253,-10.91319465637207,-0.7951486706733704,-0.6211186647415161,23.17380714416504,23.729326248168945,-0.0,0.0,-0.0,-0.0,off
0.24,20.081003189086914,-3.4022223949432373,-11.00438117980957,-0.8267320394515991,-0.6416800022125244,23.1499080657959,23.6682186126709,-0.0,0.0,-0.0,-0.0,off
0.26,20.032262802124023,-3.4793944358825684,-11.062867164611816,-0.8612988591194153,-0.6636418700218201,23.14702606201172,23.613014221191406,-0.0,-0.0,-0.0,-0.0,off
0.28,19.947250366210938,-3.4986660480499268,-11.103198051452637,-0.9021987915039062,-0.6874974966049194,23.095767974853516,23.55844497680664,-0.0,-0.0,-0.0,-0.0,off
0.3,19.885677337646484,-3.525404214859009,-11.178413391113281,-0.9257500171661377,-0.7113227248191833,23.08301544189453,23.508182525634766,-0.0,-0.0,-0.0,-0.0,off
0.32,19.76697540283203,-3.6140263080596924,-11.23828411102295,-0.9437901377677917,-0.7345694303512573,23.023759841918945,23.456876754760742,-0.0,-0.0,-0.0,-0.0,off
0.34,19.66051483154297,-3.69309139251709,-11.286309242248535,-0.9843365550041199,-0.759546160697937,22.968576431274414,23.40513801574707,-0.0,-0.0,-0.0,-0.0,off
0.36,19.554908752441406,-3.7549939155578613,-11.361095428466797,-1.0161042213439941,-0.7852019667625427,22.925291061401367,23.354171752929688,-0.0,0.0,-0.0,-0.0,off
0.38,19.45046615600586,-3.7444889545440674,-11.396904945373535,-1.0301530361175537,-0.8096970319747925,22.852378845214844,23.3012752532959,-0.0,0.0,-0.0,-0.0,off
0.4,19.28542137145996,-3.776817560195923,-11.466147422790527,-1.0356543064117432,-0.8322927355766296,22.752239227294922,23.243520736694336,0.0,-0.0,-0.0,0.0,off
0.42,19.19892120361328,-3.889434576034546,-11.512126922607422,-1.0623538494110107,-0.8552988171577454,22.721254348754883,23.18834686279297,-0.0,-0.0,-0.0,-0.0,off
0.44,19.077165603637695,-3.9907567501068115,-11.573698043823242,-1.079465627670288,-0.8777154684066772,22.667484283447266,23.13312339782715,-0.0,-0.0,-0.0,-0.0,off
0.46,18.98188018798828,-4.004262447357178,-11.695399284362793,-1.0875933170318604,-0.8987032175064087,22.652334213256836,23.081851959228516,-0.0,0.0,-0.0,-0.0,off
0.48,18.936492919921875,-4.006289005279541,-11.756446838378906,-1.0884742736816406,-0.9176803231239319,22.646305084228516,23.035396575927734,-0.0,-0.0,-0.0,-0.0,off
0.5,18.784019470214844,-4.03551721572876,-11.811851501464844,-1.0853641033172607,-0.9344487190246582,22.553150177001953,22.984210968017578,-0.0,-0.0,-0.0,-0.0,off
0.52,18.654430389404297,-4.054135799407959,-11.831075668334961,-1.0816447734832764,-0.94916832447052,22.45880889892578,22.928848266601562,-0.0,-0.0,-0.0,-0.0,off
0.54,18.64443588256836,-4.067469120025635,-11.903778076171875,-1.0872490406036377,-0.962976336479187,22.491313934326172,22.882522583007812,-0.0,-0.0,-0.0,-0.0,off
0.56,18.593385696411133,-4.1077070236206055,-11.918166160583496,-1.0661778450012207,-0.9732964634895325,22.46396827697754,22.838340759277344,-0.0,-0.0,-0.0,-0.0,off
0.58,18.49920654296875,-4.151671886444092,-11.958807945251465,-1.0466008186340332,-0.9806268811225891,22.41584587097168,22.793790817260742,-0.0,0.0,-0.0,-0.0,off
0.6,18.369190216064453,-4.144357681274414,-12.044309616088867,-1.035691738128662,-0.986133337020874,22.353260040283203,22.747343063354492,-0.0,-0.0,-0.0,-0.0,off
0.62,18.284212112426758,-4.1900634765625,-12.091383934020996,-1.0322468280792236,-0.9907446503639221,22.317495346069336,22.701995849609375,-0.0,-0.0,-0.0,-0.0,off
0.64,18.196239471435547,-4.257911682128906,-12.147847175598145,-1.0211445093154907,-0.9937846064567566,22.289081573486328,22.658287048339844,-0.0,-0.0,-0.0,-0.0,off
0.66,18.0293025970459,-4.229676246643066,-12.181268692016602,-0.9934404492378235,-0.9937502145767212,22.16594696044922,22.60665512084961,-0.0,-0.0,-0.0,-0.0,off
0.68,17.912540435791016,-4.174320220947266,-12.275755882263184,-0.9746056199073792,-0.9918357133865356,22.112852096557617,22.55483627319336,-0.0,0.0,-0.0,-0.0,off
0.7000000000000001,17.83531951904297,-4.220077037811279,-12.344372749328613,-0.9602770209312439,-0.9886797666549683,22.097312927246094,22.506628036499023,-0.0,0.0,-0.0,-0.0,off
0.72,17.705703735351562,-4.245298385620117,-12.377861022949219,-0.9552602171897888,-0.9853377938270569,22.01649284362793,22.455158233642578,-0.0,-0.0,-0.0,-0.0,off
0.74,17.677749633789062,-4.166172504425049,-12.427515029907227,-0.9370125532150269,-0.9805052280426025,22.00688362121582,22.4082088470459,-0.0,-0.0,-0.0,-0.0,off
0.76,17.57863426208496,-4.189062118530273,-12.473374366760254,-0.9187397360801697,-0.9743286371231079,21.957725524902344,22.36104393005371,-0.0,-0.0,-0.0,-0.0,off
0.78,17.446575164794922,-4.140687942504883,-12.464292526245117,-0.9001872539520264,-0.9669144749641418,21.837739944458008,22.3067626953125,-0.0,-0.0,-0.0,-0.0,off
0.8,17.381595611572266,-4.111993789672852,-12.551570892333984,-0.8825383186340332,-0.9584768414497375,21.830490112304688,22.25716209411621,-0.0,-0.0,-0.0,-0.0,off
0.8200000000000001,17.265335083007812,-4.15778923034668,-12.535810470581055,-0.877646267414093,-0.9503937363624573,21.737651824951172,22.203357696533203,-0.0,-0.0,-0.0,-0.0,off
0.84,17.24742889404297,-4.05854606628418,-12.517420768737793,-0.8657435178756714,-0.9419287443161011,21.694042205810547,22.15099334716797,-0.0,-0.0,-0.0,-0.0,off
0.86,17.146364212036133,-4.0720438957214355,-12.587800025939941,-0.8364546895027161,-0.9313812851905823,21.657148361206055,22.100046157836914,-0.0,-0.0,-0.0,-0.0,off
0.88,16.987674713134766,-3.98215651512146,-12.577269554138184,-0.8261375427246094,-0.9208568930625916,21.508750915527344,22.039379119873047,-0.0,-0.0,-0.0,-0.0,off
0.9,16.951988220214844,-3.952894926071167,-12.60021686553955,-0.8272029161453247,-0.9114914536476135,21.488618850708008,21.982921600341797,-0.0,-0.0,-0.0,-0.0,off
0.92,16.844757080078125,-3.921914577484131,-12.563828468322754,-0.8156746029853821,-0.9019097685813904,21.37702178955078,21.92110252380371,-0.0,-0.0,-0.0,-0.0,off
0.9400000000000001,16.65911293029785,-3.8845760822296143,-12.540103912353516,-0.8084491491317749,-0.8925637006759644,21.21014404296875,21.84872817993164,-0.0,-0.0,-0.0,-0.0,off
0.96,16.540321350097656,-3.7544400691986084,-12.5274019241333,-0.7960761189460754,-0.8829149007797241,21.08586883544922,21.771183013916016,-0.0,0.0,-0.0,-0.0,off
0.98,16.463769912719727,-3.6694729328155518,-12.551790237426758,-0.7963659167289734,-0.8742599487304688,21.02541732788086,21.69533348083496,-0.0,0.0,-0.0,-0.0,off
1.0,16.34514045715332,-3.541367530822754,-12.485960960388184,-0.8036811351776123,-0.8672020435333252,20.871129989624023,21.611726760864258,-0.0,-0.0,-0.0,-0.0,off
1.02,16.241737365722656,-3.455303430557251,-12.430922508239746,-0.799534797668457,-0.8604353070259094,20.742733001708984,21.523733139038086,0.0,-0.0,-0.0,0.0,off
1.04,16.14653778076172,-3.4313368797302246,-12.456999778747559,-0.7946756482124329,-0.8538593053817749,20.679981231689453,21.438241958618164,0.0,-0.0,-0.0,0.0,off
1.06,16.019750595092773,-3.3398663997650146,-12.381681442260742,-0.7925320863723755,-0.8477265238761902,20.520553588867188,21.345436096191406,0.0,-0.0,-0.0,0.0,off
1.08,16.025470733642578,-3.25307297706604,-12.40501880645752,-0.7982216477394104,-0.8427760601043701,20.525171279907227,21.262392044067383,-0.0,-0.0,-0.0,-0.0,off
1.1,16.051271438598633,-3.1178677082061768,-12.391104698181152,-0.8105107545852661,-0.8395494818687439,20.515941619873047,21.186729431152344,-0.0,-0.0,-0.0,-0.0,off
1.12,15.85615348815918,-3.062087297439575,-12.381856918334961,-0.7908170223236084,-0.834676206111908,20.34955406188965,21.101884841918945,-0.0,-0.0,-0.0,-0.0,off
1.1400000000000001,15.76632022857666,-3.0130512714385986,-12.393792152404785,-0.7946200966835022,-0.8306705355644226,20.27958106994629,21.018512725830078,-0.0,-0.0,-0.0,-0.0,off
1.16,15.689033508300781,-2.9972527027130127,-12.388012886047363,-0.7937698364257812,-0.826980471611023,20.21366310119629,20.936986923217773,-0.0,-0.0,-0.0,-0.0,off
1.18,15.596399307250977,-2.9022772312164307,-12.369750022888184,-0.8078478574752808,-0.8250672221183777,20.11669921875,20.853862762451172,-0.0,-0.0,-0.0,-0.0,off
1.2,15.572874069213867,-2.720766305923462,-12.35805606842041,-0.8100119233131409,-0.8235616683959961,20.065855026245117,20.773759841918945,-0.0,-0.0,-0.0,-0.0,off
1.22,15.564188957214355,-2.5803730487823486,-12.350183486938477,-0.800153911113739,-0.821220874786377,20.035701751708984,20.69852638244629,-0.0,0.0,-0.0,-0.0,off
1.24,15.536861419677734,-2.558756113052368,-12.334184646606445,-0.793551504611969,-0.8184539079666138,20.001834869384766,20.62763786315918,-0.0,0.0,-0.0,-0.0,off
1.26,15.54456901550293,-2.5510895252227783,-12.347528457641602,-0.786516010761261,-0.815260112285614,20.015073776245117,20.565353393554688,-0.0,-0.0,-0.0,-0.0,off
1.28,15.545831680297852,-2.4937655925750732,-12.320579528808594,-0.7693038582801819,-0.8106644749641418,19.99220848083496,20.507099151611328,-0.0,0.0,-0.0,-0.0,off
1.3,15.448467254638672,-2.4346518516540527,-12.315422058105469,-0.7608507871627808,-0.8056830763816833,19.906085968017578,20.4460391998291,-0.0,-0.0,-0.0,-0.0,off
1.32,15.411436080932617,-2.4248907566070557,-12.293374061584473,-0.7536365389823914,-0.8004783987998962,19.86251449584961,20.386890411376953,-0.0,-0.0,-0.0,-0.0,off
1.34,15.409613609313965,-2.314528703689575,-12.300968170166016,-0.7586981654167175,-0.7963003516197205,19.852632522583008,20.332550048828125,-0.0,-0.0,-0.0,-0.0,off
1.36,15.412069320678711,-2.247525215148926,-12.283700942993164,-0.7571814060211182,-0.7923884391784668,19.836143493652344,20.282020568847656,-0.0,-0.0,-0.0,-0.0,off
1.3800000000000001,15.3720064163208,-2.192553758621216,-12.230873107910156,-0.7492984533309937,-0.7880793809890747,19.766136169433594,20.2296085357666,-0.0,-0.0,-0.0,-0.0,off
1.4000000000000001,15.408011436462402,-2.204857110977173,-12.182104110717773,-0.745765745639801,-0.783847987651825,19.76542091369629,20.182588577270508,-0.0,0.0,-0.0,-0.0,off
1.42,15.420600891113281,-2.3158228397369385,-12.095603942871094,-0.7398502826690674,-0.7794482111930847,19.73478126525879,20.137550354003906,-0.0,-0.0,-0.0,-0.0,off
1.44,15.441459655761719,-2.298084259033203,-12.051484107971191,-0.742875874042511,-0.7757909893989563,19.722021102905273,20.095766067504883,-0.0,-0.0,-0.0,-0.0,off
1.46,15.446601867675781,-2.135967969894409,-11.985804557800293,-0.7473340034484863,-0.7729452252388,19.667724609375,20.052499771118164,-0.0,-0.0,-0.0,-0.0,off
1.48,15.543956756591797,-2.147214412689209,-11.912300109863281,-0.7353017330169678,-0.7691808938980103,19.700965881347656,20.016918182373047,-0.0,0.0,-0.0,-0.0,off
1.5,15.573062896728516,-2.2398974895477295,-11.778738021850586,-0.7251217365264893,-0.7647749185562134,19.653907775878906,19.98027801513672,-0.0,-0.0,-0.0,-0.0,off
1.52,15.6096773147583,-2.3031933307647705,-11.699421882629395,-0.7224639654159546,-0.7605437636375427,19.64289093017578,19.946203231811523,0.0,0.0,-0.0,0.0,off
1.54,15.599105834960938,-2.2289483547210693,-11.611298561096191,-0.7244465947151184,-0.7569340467453003,19.573516845703125,19.908506393432617,0.0,0.0,-0.0,0.0,off
1.56,15.676092147827148,-2.215836763381958,-11.488423347473145,-0.7188632488250732,-0.7531269192695618,19.561023712158203,19.873126983642578,-0.0,0.0,-0.0,-0.0,off
1.58,15.754537582397461,-2.206936836242676,-11.375261306762695,-0.7187599539756775,-0.7496901750564575,19.55690574645996,19.840665817260742,-0.0,-0.0,-0.0,-0.0,off
1.6,15.753403663635254,-2.2555935382843018,-11.175606727600098,-0.7182661294937134,-0.7465477585792542,19.446121215820312,19.80013084411621,-0.0,-0.0,-0.0,-0.0,off
1.62,15.687345504760742,-2.2559497356414795,-10.978283882141113,-0.7161087989807129,-0.7435038089752197,19.279647827148438,19.74683952331543,-0.0,-0.0,-0.0,-0.0,off
1.6400000000000001,15.645185470581055,-2.2403316497802734,-10.759017944335938,-0.7123702168464661,-0.740390419960022,19.119293212890625,19.68254852294922,-0.0,-0.0,-0.0,-0.0,off
1.6600000000000001,15.61320972442627,-2.2713539600372314,-10.467072486877441,-0.6967699527740479,-0.7360283732414246,18.933856964111328,19.60556411743164,-0.0,0.0,-0.0,-0.0,off
1.68,15.477656364440918,-2.3894126415252686,-10.016084671020508,-0.675186812877655,-0.7299442291259766,18.59002685546875,19.50082778930664,-0.0,-0.0,-0.0,-0.0,off
1.7,15.500617980957031,-2.424724817276001,-9.768370628356934,-0.6706206202507019,-0.7240118980407715,18.481599807739258,19.395055770874023,0.0,0.0,-0.0,0.0,off
1.72,15.415611267089844,-2.352687120437622,-9.425806045532227,-0.662583589553833,-0.7178690433502197,18.221471786499023,19.273122787475586,-0.0,-0.0,-0.0,-0.0,off
1.74,15.380688667297363,-2.4833791255950928,-9.134044647216797,-0.6294213533401489,-0.7090242505073547,18.05999755859375,19.146411895751953,-0.0,-0.0,-0.0,-0.0,off
1.76,15.324273109436035,-2.5000150203704834,-8.954375267028809,-0.6097718477249146,-0.6990989446640015,17.923845291137695,19.018850326538086,-0.0,-0.0,-0.0,-0.0,off
1.78,15.171072006225586,-2.536803960800171,-8.618404388427734,-0.5915830731391907,-0.688347339630127,17.631610870361328,18.874221801757812,-0.0,-0.0,-0.0,-0.0,off
1.8,15.188146591186523,-2.5453035831451416,-8.488091468811035,-0.5822423696517944,-0.6777368783950806,17.58425521850586,18.739486694335938,-0.0,-0.0,-0.0,-0.0,off
1.82,15.204343795776367,-2.5576188564300537,-8.311948776245117,-0.5698901414871216,-0.6669521927833557,17.515764236450195,18.611217498779297,-0.0,-0.0,-0.0,-0.0,off
1.84,15.20227336883545,-2.583784818649292,-8.167946815490723,-0.56271892786026,-0.656528890132904,17.449939727783203,18.489303588867188,-0.0,-0.0,-0.0,-0.0,off
1.86,15.178938865661621,-2.6335480213165283,-7.989696979522705,-0.5545566082000732,-0.6463316679000854,17.354280471801758,18.36992073059082,-0.0,-0.0,-0.0,-0.0,off
1.8800000000000001,15.144609451293945,-2.6355409622192383,-7.829848766326904,-0.5500932931900024,-0.6367077827453613,17.251428604125977,18.252338409423828,-0.0,-0.0,-0.0,-0.0,off
1.9000000000000001,15.121895790100098,-2.6312029361724854,-7.758533000946045,-0.5480271577835083,-0.6278396844863892,17.19853973388672,18.141897201538086,-0.0,-0.0,-0.0,-0.0,off
1.92,15.194284439086914,-2.700073480606079,-7.7074761390686035,-0.5434880256652832,-0.6194045543670654,17.249980926513672,18.047931671142578,-0.0,-0.0,-0.0,-0.0,off
1.94,15.271860122680664,-2.6940619945526123,-7.705362796783447,-0.5436387062072754,-0.6118279099464417,17.31647491455078,17.970659255981445,-0.0,-0.0,-0.0,-0.0,off
1.96,15.371862411499023,-2.67315673828125,-7.699792385101318,-0.5458265542984009,-0.6052277684211731,17.399044036865234,17.90985870361328,-0.0,-0.0,-0.0,-0.0,off
1.98,15.382966041564941,-2.681044578552246,-7.661498546600342,-0.5439902544021606,-0.5991039872169495,17.393165588378906,17.854997634887695,-0.0,-0.0,-0.0,-0.0,off
2.0,15.357048034667969,-2.6250436305999756,-7.646456241607666,-0.5431873798370361,-0.5935122966766357,17.355058670043945,17.802440643310547,-0.0,0.0,-0.0,-0.0,off
2.02,15.511701583862305,-2.5232326984405518,-7.773126125335693,-0.5503612756729126,-0.5891971588134766,17.532855987548828,17.773611068725586,-0.0,-0.0,-0.0,-0.0,off
2.04,15.573823928833008,-2.5215461254119873,-7.77749490737915,-0.5500293970108032,-0.5852803587913513,17.58953094482422,17.753583908081055,-0.0,-0.0,-0.0,-0.0,off
2.06,15.749931335449219,-2.4706571102142334,-7.854185581207275,-0.5539337396621704,-0.5821456909179688,17.772245407104492,17.75406265258789,0.0,-0.0,-0.0,0.0,off
2.08,15.821044921875,-2.4949276447296143,-7.830302715301514,-0.5510097742080688,-0.5790320634841919,17.828174591064453,17.760168075561523,-0.0,0.0,-0.0,-0.0,off
2.1,15.99563217163086,-2.4628069400787354,-7.987428188323975,-0.5533220767974854,-0.5764610171318054,18.04784393310547,17.788034439086914,-0.0,-0.0,-0.0,-0.0,off
2.12,16.034334182739258,-2.481520414352417,-7.9738545417785645,-0.5519663095474243,-0.5740115642547607,18.07872200012207,17.816301345825195,-0.0,-0.0,-0.0,-0.0,off
2.14,16.037437438964844,-2.4825525283813477,-7.895346164703369,-0.5492491722106934,-0.5715352892875671,18.04713249206543,17.838546752929688,-0.0,-0.0,-0.0,-0.0,off
2.16,16.110897064208984,-2.4806644916534424,-7.883645534515381,-0.5474381446838379,-0.5691255927085876,18.107086181640625,17.864604949951172,-0.0,-0.0,-0.0,-0.0,off
2.18,16.180124282836914,-2.4529824256896973,-7.958455562591553,-0.5478160381317139,-0.5669946074485779,18.197542190551758,17.897321701049805,-0.0,-0.0,-0.0,-0.0,off
2.2,16.20028305053711,-2.552227735519409,-7.900259494781494,-0.5395935773849487,-0.5642545223236084,18.203767776489258,17.927391052246094,-0.0,0.0,-0.0,-0.0,off
2.22,16.183530807495117,-2.60829496383667,-7.951012134552002,-0.5325710773468018,-0.5610861778259277,18.218904495239258,17.956178665161133,-0.0,-0.0,-0.0,-0.0,off
2.24,16.24020004272461,-2.6491200923919678,-7.984638690948486,-0.5298939943313599,-0.557966947555542,18.2897891998291,17.98924446105957,-0.0,-0.0,-0.0,-0.0,off
2.2600000000000002,16.297609329223633,-2.672518014907837,-8.13744831085205,-0.5275603532791138,-0.5549262762069702,18.411205291748047,18.031335830688477,-0.0,-0.0,-0.0,-0.0,off
2.2800000000000002,16.35207748413086,-2.6536834239959717,-8.209436416625977,-0.5260399580001831,-0.5520376563072205,18.48857307434082,18.077011108398438,-0.0,-0.0,-0.0,-0.0,off
2.3000000000000003,16.443981170654297,-2.6156325340270996,-8.260636329650879,-0.5262526273727417,-0.5494591593742371,18.587203979492188,18.12799644470215,-0.0,0.0,-0.0,-0.0,off
2.32,16.57016944885254,-2.668379545211792,-8.385831832885742,-0.5249572992324829,-0.5470089912414551,18.762008666992188,18.191390991210938,-0.0,-0.0,-0.0,-0.0,off
2.34,16.5712833404541,-2.6814942359924316,-8.44167423248291,-0.5301350355148315,-0.5453215837478638,18.78988265991211,18.251239776611328,-0.0,-0.0,-0.0,-0.0,off
2.36,16.619070053100586,-2.6279451847076416,-8.470736503601074,-0.5409967303276062,-0.5448890924453735,18.837541580200195,18.309864044189453,-0.0,-0.0,-0.0,-0.0,off
2.38,16.681602478027344,-2.6156346797943115,-8.512141227722168,-0.5447271466255188,-0.5448728799819946,18.909626007080078,18.369831085205078,-0.0,-0.0,-0.0,-0.0,off
2.4,16.723907470703125,-2.6625277996063232,-8.511581420898438,-0.5481325387954712,-0.5451988577842712,18.953235626220703,18.42816734313965,0.0,0.0,-0.0,0.0,off
2.42,16.833545684814453,-2.691704511642456,-8.565080642700195,-0.5615853071212769,-0.5468375086784363,19.078105926513672,18.493160247802734,0.0,0.0,-0.0,0.0,off
2.44,16.96479606628418,-2.727766513824463,-8.572955131530762,-0.5765911340713501,-0.5498128533363342,19.202619552612305,18.564096450805664,-0.0,-0.0,-0.0,-0.0,off
2.46,16.986825942993164,-2.7600109577178955,-8.527331352233887,-0.5964637994766235,-0.5544779300689697,19.20638656616211,18.628293991088867,-0.0,0.0,-0.0,-0.0,off
2.48,17.097501754760742,-2.8241188526153564,-8.579626083374023,-0.6068640947341919,-0.559716522693634,19.33675765991211,18.699100494384766,-0.0,-0.0,-0.0,-0.0,off
2.5,17.073816299438477,-2.876955270767212,-8.567412376403809,-0.6240097284317017,-0.5661458373069763,19.318193435668945,18.760948181152344,-0.0,-0.0,-0.0,-0.0,off
2.52,17.11068344116211,-2.893202066421509,-8.514432907104492,-0.6505588293075562,-0.5745871663093567,19.32981300354004,18.817745208740234,-0.0,-0.0,-0.0,-0.0,off
2.54,17.101076126098633,-3.0080673694610596,-8.4462890625,-0.6582655310630798,-0.5829549431800842,19.308937072753906,18.866649627685547,-0.0,-0.0,-0.0,-0.0,off
2.56,17.14395523071289,-3.0910122394561768,-8.419709205627441,-0.6610711216926575,-0.5907665491104126,19.348411560058594,18.914522171020508,-0.0,-0.0,-0.0,-0.0,off
2.58,17.071754455566406,-3.176177740097046,-8.37069034576416,-0.6737212538719177,-0.5990620255470276,19.27696418762207,18.95037078857422,0.0,-0.0,-0.0,0.0,off
2.6,17.08654022216797,-3.2441883087158203,-8.315808296203613,-0.6854352355003357,-0.6076992750167847,19.277637481689453,18.982608795166016,0.0,-0.0,-0.0,0.0,off
2.62,17.123178482055664,-3.2670533657073975,-8.260794639587402,-0.6833414435386658,-0.6152635216712952,19.29034996032715,19.012876510620117,0.0,-0.0,-0.0,0.0,off
2.64,17.150875091552734,-3.349977493286133,-8.223344802856445,-0.6620516180992126,-0.619942307472229,19.31316375732422,19.04229736328125,-0.0,-0.0,-0.0,-0.0,off
2.66,17.20755386352539,-3.371216058731079,-8.155980110168457,-0.6464191675186157,-0.6225899457931519,19.33869171142578,19.0712947845459,-0.0,-0.0,-0.0,-0.0,off
2.68,17.255115509033203,-3.441640615463257,-8.105849266052246,-0.6486114859580994,-0.6251920461654663,19.37236976623535,19.100658416748047,-0.0,-0.0,-0.0,-0.0,off
2.7,17.290485382080078,-3.5101213455200195,-8.063631057739258,-0.6507148146629333,-0.6277443170547485,19.398555755615234,19.12963104248047,-0.0,-0.0,-0.0,-0.0,off
2.72,17.32973861694336,-3.630601644515991,-7.975977420806885,-0.646960973739624,-0.6296659708023071,19.419509887695312,19.157527923583984,-0.0,-0.0,-0.0,-0.0,off
2.74,17.371721267700195,-3.6877939701080322,-7.889315128326416,-0.6494644284248352,-0.6316457986831665,19.432392120361328,19.183801651000977,-0.0,-0.0,-0.0,-0.0,off
2.7600000000000002,17.446409225463867,-3.7515242099761963,-7.821385860443115,-0.653159499168396,-0.6337971687316895,19.483972549438477,19.212499618530273,-0.0,-0.0,-0.0,-0.0,off
2.7800000000000002,17.453100204467773,-3.804248094558716,-7.794552326202393,-0.6670810580253601,-0.637125551700592,19.48943519592285,19.238943099975586,-0.0,-0.0,-0.0,-0.0,off
2.8000000000000003,17.498634338378906,-3.825307607650757,-7.683011531829834,-0.6616360545158386,-0.6395765542984009,19.490097045898438,19.262704849243164,-0.0,-0.0,-0.0,-0.0,off
2.82,17.51850128173828,-3.85671329498291,-7.601119518280029,-0.6539553999900818,-0.6410143971443176,19.48202133178711,19.28325653076172,-0.0,-0.0,-0.0,-0.0,off
2.84,17.503154754638672,-3.7900197505950928,-7.505746364593506,-0.665772020816803,-0.6434901356697083,19.41805648803711,19.29550552368164,-0.0,0.0,-0.0,-0.0,off
2.86,17.46929359436035,-3.824150800704956,-7.394501209259033,-0.6820363998413086,-0.647344708442688,19.351459503173828,19.299774169921875,-0.0,0.0,-0.0,-0.0,off
2.88,17.396791458129883,-3.8095576763153076,-7.295460224151611,-0.7019298076629639,-0.6528032422065735,19.245384216308594,19.293075561523438,-0.0,-0.0,-0.0,-0.0,off
2.9,17.328018188476562,-3.8477537631988525,-7.166914463043213,-0.7088655829429626,-0.6584094762802124,19.142364501953125,19.276620864868164,-0.0,-0.0,-0.0,-0.0,off
2.92,17.315454483032227,-3.955049514770508,-6.997720718383789,-0.7070306539535522,-0.6632716059684753,19.090192794799805,19.25615119934082,-0.0,-0.0,-0.0,-0.0,off
2.94,17.301090240478516,-4.003134250640869,-6.913046360015869,-0.6980290412902832,-0.6667473316192627,19.056312561035156,19.234323501586914,-0.0,0.0,-0.0,-0.0,off
2.96,17.272438049316406,-4.069980621337891,-6.7842535972595215,-0.6990801692008972,-0.6699805855751038,18.998104095458984,19.208656311035156,-0.0,-0.0,-0.0,-0.0,off
2.98,17.21051025390625,-4.099540710449219,-6.64671516418457,-0.6963956356048584,-0.6726220846176147,18.899383544921875,19.175580978393555,-0.0,-0.0,-0.0,-0.0,off
3.0,17.14702606201172,-4.121425151824951,-6.571560859680176,-0.6864880323410034,-0.6740086674690247,18.819992065429688,19.138023376464844,-0.0,-0.0,-0.0,-0.0,off
3.02,17.126787185668945,-4.15972900390625,-6.45999813079834,-0.682287335395813,-0.6748365163803101,18.77130126953125,19.099271774291992,-0.0,0.0,-0.0,-0.0,off
3.04,17.087718963623047,-4.229464530944824,-6.386965274810791,-0.6975318789482117,-0.6771060228347778,18.726234436035156,19.059898376464844,-0.0,-0.0,-0.0,-0.0,off
3.06,17.021102905273438,-4.299061298370361,-6.277745723724365,-0.701990008354187,-0.6795943975448608,18.644302368164062,19.01616096496582,-0.0,-0.0,-0.0,-0.0,off
3.08,17.034082412719727,-4.355913162231445,-6.136358261108398,-0.6847072839736938,-0.6801056861877441,18.62226676940918,18.97433090209961,0.0,-0.0,-0.0,0.0,off
3.1,17.040552139282227,-4.385959625244141,-6.116100311279297,-0.6950255036354065,-0.6815976500511169,18.628572463989258,18.937618255615234,0.0,-0.0,-0.0,0.0,off
3.12,16.977811813354492,-4.39640998840332,-5.986186504364014,-0.7034417986869812,-0.6837821006774902,18.531295776367188,18.894807815551758,-0.0,-0.0,-0.0,-0.0,off
3.14,16.930355072021484,-4.463706016540527,-6.008472919464111,-0.7219275832176208,-0.6875966787338257,18.51116943359375,18.8546199798584,-0.0,-0.0,-0.0,-0.0,off
3.16,16.866989135742188,-4.520491600036621,-5.934739589691162,-0.7301619648933411,-0.6918531656265259,18.443191528320312,18.811655044555664,-0.0,-0.0,-0.0,-0.0,off
3.18,16.829866409301758,-4.606400489807129,-5.8937273025512695,-0.7288309335708618,-0.6955509185791016,18.41736602783203,18.77041244506836,-0.0,-0.0,-0.0,-0.0,off
3.2,16.79888916015625,-4.671255111694336,-5.879652976989746,-0.7381325364112854,-0.6998090744018555,18.40091323852539,18.731781005859375,-0.0,-0.0,-0.0,-0.0,off
3.22,16.76030731201172,-4.708132743835449,-5.812132358551025,-0.7522733211517334,-0.7050554752349854,18.353618621826172,18.692323684692383,-0.0,-0.0,-0.0,-0.0,off
3.24,16.729616165161133,-4.839720726013184,-5.776679515838623,-0.7634411454200745,-0.7108940482139587,18.348649978637695,18.656152725219727,-0.0,-0.0,-0.0,-0.0,off
3.2600000000000002,16.6778507232666,-4.879659652709961,-5.70052433013916,-0.7711542248725891,-0.716920018196106,18.28818702697754,18.617576599121094,-0.0,-0.0,-0.0,-0.0,off
3.2800000000000002,16.62407684326172,-4.880735397338867,-5.666612148284912,-0.7795984148979187,-0.7231878638267517,18.228878021240234,18.57717514038086,-0.0,0.0,-0.0,-0.0,off
3.3000000000000003,16.621356964111328,-4.930936813354492,-5.623627662658691,-0.7862536907196045,-0.7294944524765015,18.22659683227539,18.54062843322754,-0.0,0.0,-0.0,-0.0,off
3.3200000000000003,16.654964447021484,-4.947722434997559,-5.5522308349609375,-0.7990307807922363,-0.7364480495452881,18.239931106567383,18.509126663208008,-0.0,0.0,-0.0,-0.0,off
3.34,16.647539138793945,-4.851967811584473,-5.4889020919799805,-0.8029090166091919,-0.7430941462516785,18.188188552856445,18.475927352905273,-0.0,-0.0,-0.0,-0.0,off
3.36,16.546630859375,-4.863330841064453,-5.463111877441406,-0.7955349683761597,-0.7483382225036621,18.09111785888672,18.436491012573242,-0.0,-0.0,-0.0,-0.0,off
3.38,16.50284767150879,-4.913661956787109,-5.436811447143555,-0.7908759713172913,-0.7525920271873474,18.056772232055664,18.397594451904297,-0.0,-0.0,-0.0,-0.0,off
3.4,16.520111083984375,-4.902500152587891,-5.386852741241455,-0.7995782494544983,-0.7572906613349915,18.054550170898438,18.362451553344727,-0.0,-0.0,-0.0,-0.0,off
3.42,16.492753982543945,-4.9490647315979,-5.339001655578613,-0.797559916973114,-0.7613176107406616,18.02800941467285,18.32814598083496,-0.0,-0.0,-0.0,-0.0,off
3.44,16.448575973510742,-4.930258274078369,-5.301558494567871,-0.799899160861969,-0.7651757597923279,17.971355438232422,18.291732788085938,-0.0,-0.0,-0.0,-0.0,off
3.46,16.429039001464844,-4.946432113647461,-5.30286169052124,-0.7940531969070435,-0.768063485622406,17.958309173583984,18.25777244567871,-0.0,-0.0,-0.0,-0.0,off
3.48,16.47568702697754,-5.013504981994629,-5.2581706047058105,-0.7977833151817322,-0.7710354328155518,18.006439208984375,18.23194122314453,-0.0,-0.0,-0.0,-0.0,off
3.5,16.438535690307617,-4.952259063720703,-5.250997543334961,-0.8003398180007935,-0.7739658355712891,17.953365325927734,18.203598022460938,-0.0,-0.0,-0.0,-0.0,off
3.52,16.449907302856445,-4.916820049285889,-5.272674083709717,-0.7991849184036255,-0.7764877080917358,17.960391998291016,18.178953170776367,-0.0,-0.0,-0.0,-0.0,off
3.54,16.430233001708984,-4.952654838562012,-5.23751974105835,-0.7943193316459656,-0.7782708406448364,17.941932678222656,18.154905319213867,-0.0,-0.0,-0.0,-0.0,off
3.56,16.37541389465332,-5.018463611602783,-5.30025577545166,-0.7877970933914185,-0.7792234420776367,17.92852020263672,18.131982803344727,-0.0,0.0,-0.0,-0.0,off
3.58,16.303667068481445,-5.0424957275390625,-5.297438621520996,-0.7935356497764587,-0.7806546688079834,17.86894416809082,18.105403900146484,-0.0,-0.0,-0.0,-0.0,off
3.6,16.317447662353516,-5.001638412475586,-5.265101432800293,-0.7959567904472351,-0.7821848392486572,17.86048126220703,18.080713272094727,-0.0,-0.0,-0.0,-0.0,off
3.62,16.37176513671875,-5.003501892089844,-5.310963153839111,-0.7912051677703857,-0.7830868363380432,17.924175262451172,18.064931869506836,-0.0,-0.0,-0.0,-0.0,off
3.64,16.440553665161133,-4.954313278198242,-5.345263957977295,-0.771488606929779,-0.7819269895553589,17.983572006225586,18.056743621826172,-0.0,-0.0,-0.0,-0.0,off
3.66,16.423599243164062,-4.941175937652588,-5.353643417358398,-0.761734127998352,-0.7799077033996582,17.966951370239258,18.047733306884766,-0.0,-0.0,-0.0,-0.0,off
3.68,16.431766510009766,-4.908594131469727,-5.384576320648193,-0.7675521969795227,-0.7786721587181091,17.974729537963867,18.040424346923828,-0.0,-0.0,-0.0,-0.0,off
3.7,16.46139144897461,-4.875070571899414,-5.428752422332764,-0.7615058422088623,-0.7769555449485779,18.00597381591797,18.03697967529297,-0.0,-0.0,-0.0,-0.0,off
3.72,16.441524505615234,-4.871250152587891,-5.401648998260498,-0.7542679905891418,-0.7746868133544922,17.978614807128906,18.03114128112793,-0.0,0.0,-0.0,-0.0,off
3.74,16.426788330078125,-4.887093544006348,-5.44441556930542,-0.7343899607658386,-0.7706571221351624,17.982345581054688,18.02625846862793,-0.0,-0.0,-0.0,-0.0,off
3.7600000000000002,16.406782150268555,-4.807275295257568,-5.432623863220215,-0.7259103655815125,-0.7661824226379395,17.938945770263672,18.01751708984375,-0.0,-0.0,-0.0,-0.0,off
3.7800000000000002,16.471240997314453,-4.768283843994141,-5.454941272735596,-0.7127397656440735,-0.7608381509780884,17.99429702758789,18.01516342163086,-0.0,-0.0,-0.0,-0.0,off
3.8000000000000003,16.504501342773438,-4.703786373138428,-5.447469711303711,-0.6946868300437927,-0.7542229890823364,18.005529403686523,18.014127731323242,-0.0,-0.0,-0.0,-0.0,off
3.8200000000000003,16.55622673034668,-4.670418739318848,-5.412539958953857,-0.6753493547439575,-0.7463355660438538,18.033775329589844,18.015989303588867,-0.0,0.0,-0.0,-0.0,off
3.84,16.670978546142578,-4.6919965744018555,-5.43413782119751,-0.6628789305686951,-0.7379898428916931,18.15120506286621,18.029415130615234,-0.0,-0.0,-0.0,-0.0,off
3.86,16.621028900146484,-4.638784408569336,-5.362039089202881,-0.6519842743873596,-0.7293892502784729,18.070096969604492,18.033353805541992,-0.0,-0.0,-0.0,-0.0,off
3.88,16.586336135864258,-4.636655807495117,-5.331307888031006,-0.6407439112663269,-0.7205247282981873,18.028532028198242,18.032766342163086,-0.0,0.0,-0.0,-0.0,off
3.9,16.5435791015625,-4.606520652770996,-5.247450351715088,-0.6269323229789734,-0.7111654877662659,17.956775665283203,18.025026321411133,-0.0,0.0,-0.0,-0.0,off
3.92,16.54641342163086,-4.466002941131592,-5.0731635093688965,-0.6108486652374268,-0.7011337876319885,17.87360954284668,18.009441375732422,-0.0,-0.0,-0.0,-0.0,off
3.94,16.567337036132812,-4.478717803955078,-4.954598903656006,-0.5958168506622314,-0.6906020641326904,17.862911224365234,17.994239807128906,-0.0,-0.0,-0.0,-0.0,off
3.96,16.409263610839844,-4.445285797119141,-4.725470542907715,-0.5788040161132812,-0.6794222593307495,17.64524269104004,17.95852279663086,-0.0,-0.0,-0.0,-0.0,off
3.98,16.37686538696289,-4.444594383239746,-4.6447577476501465,-0.5665266513824463,-0.6681326627731323,17.593461990356445,17.921180725097656,-0.0,-0.0,-0.0,-0.0,off
4.0,16.283626556396484,-4.415595054626465,-4.4516921043396,-0.5397512912750244,-0.6552944779396057,17.449111938476562,17.872831344604492,-0.0,-0.0,-0.0,-0.0,off
4.0200000000000005,16.12435531616211,-4.410175323486328,-4.288461685180664,-0.5202834010124207,-0.6417933702468872,17.25790786743164,17.8100528717041,-0.0,-0.0,-0.0,-0.0,off
4.04,15.891300201416016,-4.406580924987793,-4.125430107116699,-0.5053059458732605,-0.6281446218490601,16.999134063720703,17.727590560913086,-0.0,-0.0,-0.0,-0.0,off
4.0600000000000005,15.662454605102539,-4.3997344970703125,-3.8916964530944824,-0.4830125570297241,-0.6136314272880554,16.727685928344727,17.625823974609375,-0.0,-0.0,-0.0,-0.0,off
4.08,15.64159870147705,-4.365838050842285,-3.8135228157043457,-0.47104376554489136,-0.5993726253509521,16.68121910095215,17.529626846313477,-0.0,-0.0,-0.0,-0.0,off
4.1,15.418861389160156,-4.341601371765137,-3.6237921714782715,-0.4510951042175293,-0.584544837474823,16.423234939575195,17.417007446289062,-0.0,-0.0,-0.0,-0.0,off
4.12,15.243114471435547,-4.327264785766602,-3.5078444480895996,-0.4382908046245575,-0.5699194073677063,16.22907066345215,17.296266555786133,0.0,-0.0,-0.0,0.0,off
4.14,14.83426284790039,-4.304374694824219,-3.3061938285827637,-0.42027032375335693,-0.5549545288085938,15.796009063720703,17.144136428833008,0.0,0.0,-0.0,0.0,off
4.16,14.647602081298828,-4.293480396270752,-3.1844143867492676,-0.4079333245754242,-0.5402523875236511,15.592520713806152,16.986848831176758,0.0,-0.0,-0.0,0.0,off
4.18,14.406171798706055,-4.290654182434082,-3.0209603309631348,-0.3929438591003418,-0.5255215167999268,15.332113265991211,16.819046020507812,-0.0,-0.0,-0.0,-0.0,off
4.2,14.267596244812012,-4.263643264770508,-2.925778865814209,-0.38230058550834656,-0.511199414730072,15.175741195678711,16.652475357055664,-0.0,-0.0,-0.0,-0.0,off
4.22,14.106095314025879,-4.272045135498047,-2.8352184295654297,-0.37176215648651123,-0.49725568294525146,15.00902271270752,16.48594856262207,-0.0,-0.0,-0.0,-0.0,off
4.24,13.730415344238281,-4.2193708419799805,-2.6804990768432617,-0.3581118583679199,-0.4833412766456604,14.612065315246582,16.29633140563965,-0.0,-0.0,-0.0,-0.0,off
4.26,13.52854061126709,-4.185211658477783,-2.5838770866394043,-0.34921151399612427,-0.4699282646179199,14.394923210144043,16.104055404663086,0.0,-0.0,-0.0,0.0,off
4.28,13.359028816223145,-4.173134803771973,-2.503243923187256,-0.341339647769928,-0.45706939697265625,14.217768669128418,15.913382530212402,-0.0,-0.0,-0.0,-0.0,off
4.3,13.226211547851562,-4.136762619018555,-2.4501280784606934,-0.33415523171424866,-0.4447779655456543,14.07297420501709,15.727530479431152,-0.0,-0.0,-0.0,-0.0,off
4.32,12.940885543823242,-4.096315860748291,-2.347379207611084,-0.32476621866226196,-0.4327767789363861,13.775214195251465,15.53052806854248,-0.0,-0.0,-0.0,-0.0,off
4.34,12.828365325927734,-4.07134485244751,-2.3163881301879883,-0.320308655500412,-0.42152994871139526,13.65680980682373,15.341636657714844,-0.0,0.0,-0.0,-0.0,off
4.36,12.47270679473877,-4.008799076080322,-2.1930298805236816,-0.3093399405479431,-0.4103109538555145,13.2833833694458,15.134256362915039,-0.0,-0.0,-0.0,-0.0,off
4.38,12.389296531677246,-4.027235507965088,-2.181342601776123,-0.30381181836128235,-0.39966103434562683,13.208767890930176,14.940342903137207,-0.0,-0.0,-0.0,-0.0,off
4.4,12.065620422363281,-3.9421193599700928,-2.10776948928833,-0.2973984181880951,-0.3894347548484802,12.867096900939941,14.73181438446045,-0.0,-0.0,-0.0,-0.0,off
4.42,11.825906753540039,-3.8912899494171143,-2.035277843475342,-0.29073870182037354,-0.37956511974334717,12.614933967590332,14.518983840942383,-0.0,-0.0,-0.0,-0.0,off
4.44,11.684296607971191,-3.882002353668213,-2.0061593055725098,-0.28628143668174744,-0.37023672461509705,12.47467041015625,14.313520431518555,-0.0,-0.0,-0.0,-0.0,off
4.46,11.621134757995605,-3.8449580669403076,-1.9996155500411987,-0.28484082221984863,-0.36169710755348206,12.40294075012207,14.121651649475098,-0.0,-0.0,-0.0,-0.0,off
4.48,11.414716720581055,-3.8243675231933594,-1.952616572380066,-0.27855607867240906,-0.35338300466537476,12.19566535949707,13.92827033996582,-0.0,-0.0,-0.0,-0.0,off
4.5,11.142605781555176,-3.7739028930664062,-1.8958066701889038,-0.27348649501800537,-0.3453933298587799,11.91612720489502,13.726311683654785,-0.0,-0.0,-0.0,-0.0,off
4.5200000000000005,10.822772979736328,-3.6739771366119385,-1.8252910375595093,-0.2677910625934601,-0.3376331031322479,11.574204444885254,13.510440826416016,-0.0,0.0,-0.0,-0.0,off
4.54,10.544821739196777,-3.5825955867767334,-1.7513536214828491,-0.2626202702522278,-0.33013179898262024,11.273663520812988,13.286154747009277,0.0,-0.0,-0.0,0.0,off
4.5600000000000005,10.385798454284668,-3.547698736190796,-1.7466777563095093,-0.2587726414203644,-0.3229958713054657,11.113139152526855,13.068365097045898,-0.0,0.0,-0.0,-0.0,off
4.58,10.09013557434082,-3.4309494495391846,-1.703006625175476,-0.2556411921977997,-0.3162603974342346,10.792705535888672,12.840438842773438,-0.0,0.0,-0.0,-0.0,off
4.6000000000000005,9.781428337097168,-3.3487508296966553,-1.6458486318588257,-0.2504604756832123,-0.30968040227890015,10.46896743774414,12.602953910827637,-0.0,-0.0,-0.0,-0.0,off
4.62,9.533773422241211,-3.2777700424194336,-1.6416209936141968,-0.24871212244033813,-0.303583562374115,10.21428108215332,12.363846778869629,-0.0,-0.0,-0.0,-0.0,off
4.64,9.337646484375,-3.2121169567108154,-1.6481717824935913,-0.24674099683761597,-0.2978992760181427,10.011283874511719,12.128430366516113,-0.0,-0.0,-0.0,-0.0,off
4.66,9.172377586364746,-3.1522343158721924,-1.65664803981781,-0.24548396468162537,-0.292657732963562,9.839388847351074,11.899421691894531,-0.0,-0.0,-0.0,-0.0,off
4.68,8.951000213623047,-3.077097177505493,-1.6636584997177124,-0.24391943216323853,-0.2877838909626007,9.610239028930664,11.670425415039062,-0.0,-0.0,-0.0,-0.0,off
4.7,8.780973434448242,-3.0169641971588135,-1.6710704565048218,-0.24385593831539154,-0.2833910882472992,9.433982849121094,11.446710586547852,-0.0,-0.0,-0.0,-0.0,off
4.72,8.647510528564453,-2.9676201343536377,-1.6741169691085815,-0.243714839220047,-0.27942344546318054,9.294561386108398,11.231424331665039,0.0,-0.0,-0.0,0.0,off
4.74,8.488829612731934,-2.91457200050354,-1.6693376302719116,-0.2416582852602005,-0.2756469249725342,9.129164695739746,11.02112102508545,-0.0,0.0,-0.0,-0.0,off
4.76,8.297198295593262,-2.836163282394409,-1.6724056005477905,-0.24026766419410706,-0.2721089720726013,8.926604270935059,10.811575889587402,-0.0,0.0,-0.0,-0.0,off
4.78,7.966243743896484,-2.714545965194702,-1.632832407951355,-0.2361479550600052,-0.26851287484169006,8.572977066040039,10.587610244750977,-0.0,0.0,-0.0,-0.0,off
4.8,7.772843837738037,-2.658123016357422,-1.6368902921676636,-0.23527613282203674,-0.26518920063972473,8.376283645629883,10.366321563720703,-0.0,-0.0,-0.0,-0.0,off
4.82,7.585295677185059,-2.602520227432251,-1.6241406202316284,-0.23317298293113708,-0.261987566947937,8.182154655456543,10.147726058959961,-0.0,-0.0,-0.0,-0.0,off
4.84,7.34619665145874,-2.521862745285034,-1.6365379095077515,-0.23153960704803467,-0.25894278287887573,7.937547206878662,9.926430702209473,-0.0,-0.0,-0.0,-0.0,off
4.86,7.313126564025879,-2.5159432888031006,-1.661084532737732,-0.23241406679153442,-0.25628989934921265,7.910182952880859,9.724493026733398,-0.0,-0.0,-0.0,-0.0,off
4.88,7.207754611968994,-2.4826624393463135,-1.6761058568954468,-0.23096421360969543,-0.2537573277950287,7.805425643920898,9.532225608825684,-0.0,-0.0,-0.0,-0.0,off
4.9,7.299924850463867,-2.5167667865753174,-1.7137645483016968,-0.2344362437725067,-0.251825213432312,7.909488201141357,9.369600296020508,0.0,-0.0,-0.0,0.0,off
4.92,7.227388381958008,-2.503373622894287,-1.7364810705184937,-0.23573577404022217,-0.2502162456512451,7.843302249908447,9.21656608581543,-0.0,0.0,-0.0,-0.0,off
4.94,7.186771392822266,-2.513110876083374,-1.7503160238265991,-0.2373785823583603,-0.24893248081207275,7.812107086181641,9.075705528259277,-0.0,-0.0,-0.0,-0.0,off
4.96,7.183518886566162,-2.5295073986053467,-1.769110083580017,-0.24195437133312225,-0.24823465943336487,7.818637847900391,8.949588775634766,-0.0,-0.0,-0.0,-0.0,off
4.98,7.072141170501709,-2.491655111312866,-1.7495626211166382,-0.24440886080265045,-0.24785207211971283,7.699642658233643,8.824234962463379,-0.0,-0.0,-0.0,-0.0,off
5.0,7.021467685699463,-2.4876210689544678,-1.7312577962875366,-0.24616211652755737,-0.2476830780506134,7.647648334503174,8.706283569335938,-0.0,-0.0,-0.0,-0.0,off
5.0200000000000005,7.1602935791015625,-2.582329511642456,-1.7689450979232788,-0.2510491609573364,-0.24801968038082123,7.814563274383545,8.616813659667969,-0.0,0.0,-0.0,-0.0,off
5.04,7.3001909255981445,-2.656453847885132,-1.8161615133285522,-0.25668853521347046,-0.2488865703344345,7.977968215942383,8.552626609802246,-0.0,-0.0,-0.0,-0.0,off
5.0600000000000005,7.416032314300537,-2.7227976322174072,-1.862489104270935,-0.26014429330825806,-0.2500123381614685,8.11665153503418,8.508710861206055,-0.0,-0.0,-0.0,-0.0,off
5.08,7.482417583465576,-2.7638375759124756,-1.894771933555603,-0.26521092653274536,-0.2515321969985962,8.198508262634277,8.477375984191895,-0.0,-0.0,-0.0,-0.0,off
5.1000000000000005,7.595390796661377,-2.8356080055236816,-1.926047682762146,-0.2713344693183899,-0.2535124123096466,8.333084106445312,8.462639808654785,-0.0,-0.0,-0.0,-0.0,off
5.12,7.69964599609375,-2.8993079662323,-1.9815620183944702,-0.276098370552063,-0.2557710111141205,8.462690353393555,8.46230411529541,-0.0,-0.0,-0.0,-0.0,off
5.14,7.975081443786621,-3.018249273300171,-2.0756893157958984,-0.2853645086288452,-0.25873035192489624,8.776117324829102,8.493335723876953,-0.0,0.0,-0.0,-0.0,off
5.16,8.168831825256348,-3.0894627571105957,-2.1736159324645996,-0.29478514194488525,-0.2623358368873596,8.999955177307129,8.543622016906738,-0.0,0.0,-0.0,-0.0,off
5.18,8.41076374053955,-3.1555447578430176,-2.3494982719421387,-0.30591362714767456,-0.2666936218738556,9.285394668579102,8.617244720458984,-0.0,0.0,-0.0,-0.0,off
5.2,8.608804702758789,-3.197007894515991,-2.535460948944092,-0.31753015518188477,-0.27177727222442627,9.526853561401367,8.707354545593262,-0.0,-0.0,-0.0,-0.0,off
5.22,8.827910423278809,-3.285062551498413,-2.7140698432922363,-0.3270477056503296,-0.2773042917251587,9.80254077911377,8.815740585327148,-0.0,0.0,-0.0,-0.0,off
5.24,9.044246673583984,-3.3950130939483643,-2.9206271171569824,-0.33830446004867554,-0.28340429067611694,10.092303276062012,8.941858291625977,-0.0,-0.0,-0.0,-0.0,off
5.26,9.167630195617676,-3.5239243507385254,-3.069247245788574,-0.3434487581253052,-0.28940874338150024,10.289983749389648,9.074872970581055,-0.0,-0.0,-0.0,-0.0,off
5.28,9.315442085266113,-3.6643075942993164,-3.2289886474609375,-0.3491915762424469,-0.29538702964782715,10.518125534057617,9.217130661010742,-0.0,-0.0,-0.0,-0.0,off
5.3,9.485669136047363,-3.8618545532226562,-3.2825424671173096,-0.353804349899292,-0.30122873187065125,10.75485610961914,9.369065284729004,-0.0,-0.0,-0.0,-0.0,off
5.32,9.575565338134766,-4.111725807189941,-3.287309408187866,-0.3555748462677002,-0.3066633343696594,10.927220344543457,9.52297306060791,-0.0,-0.0,-0.0,-0.0,off
5.34,9.684219360351562,-4.29788875579834,-3.1759209632873535,-0.36434194445610046,-0.3124311864376068,11.060851097106934,9.675146102905273,-0.0,-0.0,-0.0,-0.0,off
5.36,9.668729782104492,-4.384997844696045,-3.1124250888824463,-0.3641829490661621,-0.3176063597202301,11.063441276550293,9.812427520751953,-0.0,-0.0,-0.0,-0.0,off
5.38,9.683319091796875,-4.493046760559082,-3.010009765625,-0.36618512868881226,-0.3224642276763916,11.091180801391602,9.938728332519531,-0.0,-0.0,-0.0,-0.0,off
5.4,9.728242874145508,-4.569607734680176,-2.8678855895996094,-0.36686867475509644,-0.32690465450286865,11.124063491821289,10.055709838867188,0.0,-0.0,-0.0,0.0,off
5.42,9.76472282409668,-4.63150691986084,-2.7157390117645264,-0.36107197403907776,-0.33032137155532837,11.143424987792969,10.16280746459961,-0.0,-0.0,-0.0,-0.0,off
5.44,9.85562801361084,-4.700389862060547,-2.5458269119262695,-0.3328903317451477,-0.3305782675743103,11.211971282958984,10.26575756072998,-0.0,-0.0,-0.0,-0.0,off
5.46,9.924566268920898,-4.864413261413574,-2.324946641921997,-0.3061274290084839,-0.32813316583633423,11.294464111328125,10.365534782409668,-0.0,-0.0,-0.0,-0.0,off
5.48,9.882938385009766,-4.992007255554199,-2.1683831214904785,-0.31087827682495117,-0.32640767097473145,11.282485961914062,10.453326225280762,-0.0,-0.0,-0.0,-0.0,off
5.5,9.96136474609375,-5.09642219543457,-1.978859305381775,-0.30530911684036255,-0.32429778575897217,11.363018989562988,10.539629936218262,-0.0,-0.0,-0.0,-0.0,off
5.5200000000000005,9.919675827026367,-5.173997402191162,-1.70639169216156,-0.29353994131088257,-0.3212220072746277,11.317331314086914,10.611342430114746,-0.0,-0.0,-0.0,-0.0,off
5.54,10.064931869506836,-5.194698333740234,-1.4866360425949097,-0.29491227865219116,-0.31859102845191956,11.423564910888672,10.685940742492676,0.0,0.0,-0.0,0.0,off
5.5600000000000005,10.135143280029297,-5.388729095458984,-1.1987766027450562,-0.29114794731140137,-0.315846711397171,11.541083335876465,10.762632369995117,-0.0,-0.0,-0.0,-0.0,off
5.58,10.224499702453613,-5.491748332977295,-1.0406516790390015,-0.3019412159919739,-0.31445616483688354,11.652581214904785,10.84257698059082,-0.0,-0.0,-0.0,-0.0,off
5.6000000000000005,10.288738250732422,-5.55429220199585,-0.7524145841598511,-0.30879658460617065,-0.3138901889324188,11.716416358947754,10.919440269470215,-0.0,-0.0,-0.0,-0.0,off
5.62,10.253666877746582,-5.585728168487549,-0.528403639793396,-0.3129848837852478,-0.313799649477005,11.688339233398438,10.985224723815918,-0.0,-0.0,-0.0,-0.0,off
5.64,10.242207527160645,-5.646524429321289,-0.27621975541114807,-0.3262590169906616,-0.3150455951690674,11.69881820678711,11.044434547424316,-0.0,-0.0,-0.0,-0.0,off
5.66,10.277597427368164,-5.715610027313232,0.003582566976547241,-0.3376510739326477,-0.31730613112449646,11.75998306274414,11.102495193481445,-0.0,-0.0,-0.0,-0.0,off
5.68,10.31708812713623,-5.816441059112549,0.2531987130641937,-0.3355267345905304,-0.3191281855106354,11.84640884399414,11.162446975708008,-0.0,-0.0,-0.0,-0.0,off
5.7,10.314703941345215,-5.927731037139893,0.5296536684036255,-0.33230170607566833,-0.32044553756713867,11.908469200134277,11.221269607543945,-0.0,-0.0,-0.0,-0.0,off
5.72,10.344141006469727,-6.031250476837158,0.7465239763259888,-0.3371655344963074,-0.32211753726005554,11.997272491455078,11.28286075592041,-0.0,-0.0,-0.0,-0.0,off
5.74,10.3499174118042,-6.103506088256836,1.0671802759170532,-0.35362452268600464,-0.3252682387828827,12.062853813171387,11.343180656433105,-0.0,0.0,-0.0,-0.0,off
5.76,10.306636810302734,-6.198448657989502,1.3807588815689087,-0.3677647113800049,-0.3295179009437561,12.105949401855469,11.400128364562988,-0.0,-0.0,-0.0,-0.0,off
5.78,10.275980949401855,-6.321316242218018,1.7050868272781372,-0.36021628975868225,-0.33258771896362305,12.184504508972168,11.457460403442383,-0.0,-0.0,-0.0,-0.0,off
5.8,10.268722534179688,-6.456250190734863,1.9819618463516235,-0.35457006096839905,-0.33478596806526184,12.290565490722656,11.518912315368652,-0.0,-0.0,-0.0,-0.0,off
5.82,10.227022171020508,-6.546360492706299,2.2631540298461914,-0.35642310976982117,-0.3369496464729309,12.351869583129883,11.579684257507324,-0.0,-0.0,-0.0,-0.0,off
5.84,10.19873332977295,-6.568307399749756,2.6640048027038574,-0.3712155222892761,-0.34037622809410095,12.419893264770508,11.638813018798828,-0.0,-0.0,-0.0,-0.0,off
5.86,10.176732063293457,-6.648379325866699,3.0581414699554443,-0.36958709359169006,-0.3432973027229309,12.534713745117188,11.701272010803223,-0.0,-0.0,-0.0,-0.0,off
5.88,10.160755157470703,-6.712146759033203,3.536353588104248,-0.3596400022506714,-0.34493157267570496,12.680680274963379,11.768532752990723,-0.0,-0.0,-0.0,-0.0,off
5.9,10.115496635437012,-6.832465648651123,3.9585766792297363,-0.35761597752571106,-0.34619998931884766,12.832622528076172,11.841879844665527,-0.0,-0.0,-0.0,-0.0,off
5.92,10.056488990783691,-6.902810096740723,4.4590067863464355,-0.3804512321949005,-0.3496251106262207,12.987090110778809,11.919671058654785,-0.0,-0.0,-0.0,-0.0,off
5.94,9.991561889648438,-6.9106597900390625,4.952145576477051,-0.40833956003189087,-0.3554965555667877,13.119156837463379,11.999823570251465,-0.0,-0.0,-0.0,-0.0,off
5.96,9.94406509399414,-6.97446346282959,5.410355567932129,-0.4165748953819275,-0.36160436272621155,13.296597480773926,12.087882995605469,-0.0,-0.0,-0.0,-0.0,off
5.98,9.986871719360352,-6.965249061584473,5.847744464874268,-0.40029019117355347,-0.3654729425907135,13.507347106933594,12.188024520874023,-0.0,-0.0,-0.0,-0.0,off
6.0,9.943394660949707,-6.9108805656433105,6.355950832366943,-0.4168106019496918,-0.3706066906452179,13.675871849060059,12.292633056640625,-0.0,0.0,-0.0,-0.0,off
6.0200000000000005,9.948867797851562,-6.820095062255859,6.866900444030762,-0.43645259737968445,-0.3771912753582001,13.879769325256348,12.405442237854004,-0.0,-0.0,-0.0,-0.0,off
6.04,9.870025634765625,-6.813356876373291,7.359938144683838,-0.45591890811920166,-0.385064035654068,14.071529388427734,12.524599075317383,-0.0,-0.0,-0.0,-0.0,off
6.0600000000000005,9.807770729064941,-6.8149614334106445,7.87953519821167,-0.4610511362552643,-0.39266273379325867,14.308149337768555,12.653965950012207,-0.0,0.0,-0.0,-0.0,off
6.08,9.692476272583008,-6.767040252685547,8.38707447052002,-0.4592585265636444,-0.3993223011493683,14.494134902954102,12.787382125854492,-0.0,0.0,-0.0,-0.0,off
6.1000000000000005,9.674417495727539,-6.740476608276367,8.848586082458496,-0.4477890431880951,-0.404168963432312,14.741975784301758,12.933207511901855,-0.0,-0.0,-0.0,-0.0,off
6.12,9.554664611816406,-6.77340030670166,9.325457572937012,-0.4272884130477905,-0.40648090839385986,14.97113037109375,13.087311744689941,-0.0,-0.0,-0.0,-0.0,off
6.140000000000001,9.462398529052734,-6.7288947105407715,9.87907886505127,-0.40294766426086426,-0.40612757205963135,15.245038986206055,13.251980781555176,-0.0,-0.0,-0.0,-0.0,off
6.16,9.329505920410156,-6.6493072509765625,10.445320129394531,-0.39490920305252075,-0.40500572323799133,15.503473281860352,13.424111366271973,-0.0,-0.0,-0.0,-0.0,off
6.18,9.273563385009766,-6.6038923263549805,10.993840217590332,-0.3971746563911438,-0.40422260761260986,15.826398849487305,13.611509323120117,-0.0,-0.0,-0.0,-0.0,off
6.2,9.128122329711914,-6.5925517082214355,11.52663803100586,-0.3901800513267517,-0.40281835198402405,16.113588333129883,13.808780670166016,-0.0,-0.0,-0.0,-0.0,off
6.22,9.008825302124023,-6.554374694824219,12.060368537902832,-0.37641602754592896,-0.40017813444137573,16.418624877929688,14.017217636108398,-0.0,-0.0,-0.0,-0.0,off
6.24,8.920513153076172,-6.478797435760498,12.65841007232666,-0.3415446877479553,-0.39431479573249817,16.786474227905273,14.241312026977539,-0.0,-0.0,-0.0,-0.0,off
6.26,8.871537208557129,-6.412452697753906,13.190482139587402,-0.3376282751560211,-0.38864612579345703,17.140960693359375,14.48033618927002,-0.0,-0.0,-0.0,-0.0,off
6.28,8.784343719482422,-6.301161289215088,13.686532020568848,-0.3502435088157654,-0.3848058581352234,17.441057205200195,14.727119445800781,-0.0,-0.0,-0.0,-0.0,off
6.3,8.698522567749023,-6.167348861694336,14.257148742675781,-0.3751101493835449,-0.3838362693786621,17.80356216430664,14.985849380493164,-0.0,0.0,-0.0,-0.0,off
6.32,8.502216339111328,-6.054562568664551,14.857930183410645,-0.3796909749507904,-0.38342171907424927,18.157739639282227,15.25301456451416,-0.0,-0.0,-0.0,-0.0,off
6.34,8.435558319091797,-5.977072715759277,15.27626895904541,-0.38537758588790894,-0.3836173117160797,18.445823669433594,15.526250839233398,-0.0,0.0,-0.0,-0.0,off
6.36,8.286739349365234,-5.930263996124268,15.592418670654297,-0.404629111289978,-0.3857184946537018,18.62690544128418,15.794283866882324,0.0,-0.0,-0.0,0.0,off
6.38,8.165912628173828,-5.832203388214111,15.82276439666748,-0.4328468143939972,-0.39043131470680237,18.73650550842285,16.050825119018555,0.0,-0.0,-0.0,0.0,off
6.4,8.153829574584961,-5.730525016784668,16.037019729614258,-0.4569302201271057,-0.397081196308136,18.881467819213867,16.301239013671875,-0.0,-0.0,-0.0,-0.0,off
6.42,8.07063102722168,-5.635446548461914,16.16339111328125,-0.47541797161102295,-0.40491485595703125,18.924814224243164,16.535207748413086,-0.0,0.0,-0.0,-0.0,off
6.44,7.981544494628906,-5.512219429016113,16.30926513671875,-0.4872535765171051,-0.4131487309932709,18.975818634033203,16.753910064697266,-0.0,-0.0,-0.0,-0.0,off
6.46,7.946473121643066,-5.396434783935547,16.492237091064453,-0.496341347694397,-0.42146798968315125,19.08564567565918,16.964479446411133,-0.0,-0.0,-0.0,-0.0,off
6.48,7.897851467132568,-5.365719318389893,16.65275764465332,-0.5036978125572205,-0.429690957069397,19.19586753845215,17.16796112060547,-0.0,-0.0,-0.0,-0.0,off
6.5,7.811594486236572,-5.353708744049072,16.80488395690918,-0.495272159576416,-0.4362490773200989,19.28956413269043,17.362764358520508,-0.0,-0.0,-0.0,-0.0,off
6.5200000000000005,7.79578971862793,-5.255585193634033,16.90665626525879,-0.5056635141372681,-0.4431905150413513,19.34503936767578,17.54591178894043,-0.0,-0.0,-0.0,-0.0,off
6.54,7.7871856689453125,-5.0813398361206055,16.95276641845703,-0.5368167757987976,-0.4525531232357025,19.335371017456055,17.711538314819336,0.0,0.0,-0.0,0.0,off
6.5600000000000005,7.745038986206055,-4.995120525360107,17.094711303710938,-0.5522770881652832,-0.46252548694610596,19.42076301574707,17.87034034729004,0.0,-0.0,-0.0,0.0,off
6.58,7.789839267730713,-4.7601318359375,17.120731353759766,-0.5741524696350098,-0.47368818521499634,19.40257453918457,18.01263427734375,0.0,-0.0,-0.0,0.0,off
6.6000000000000005,7.758792877197266,-4.3813252449035645,17.125625610351562,-0.6045160293579102,-0.48677095770835876,19.30497169494629,18.130428314208984,-0.0,0.0,-0.0,-0.0,off
6.62,7.704912185668945,-3.994687795639038,17.119626998901367,-0.6490360498428345,-0.5029974579811096,19.19387435913086,18.224472045898438,-0.0,0.0,-0.0,-0.0,off
6.640000000000001,7.631175994873047,-3.6664702892303467,17.103614807128906,-0.6973404288291931,-0.5224317312240601,19.084325790405273,18.297630310058594,-0.0,0.0,-0.0,-0.0,off
6.66,7.643186569213867,-3.407259225845337,17.100229263305664,-0.719235360622406,-0.5421121120452881,19.038002014160156,18.359172821044922,-0.0,0.0,-0.0,-0.0,off
6.68,7.683143615722656,-3.261085271835327,17.026926040649414,-0.7191208004951477,-0.5598129630088806,18.962636947631836,18.408605575561523,-0.0,0.0,-0.0,-0.0,off
6.7,7.601377964019775,-3.1322996616363525,16.83713150024414,-0.6979892253875732,-0.5736305713653564,18.73716163635254,18.432003021240234,-0.0,0.0,-0.0,-0.0,off
6.72,7.489548206329346,-2.977182626724243,16.63994598388672,-0.6724491715431213,-0.5835124254226685,18.489044189453125,18.429153442382812,-0.0,-0.0,-0.0,-0.0,off
6.74,7.31587553024292,-2.8380818367004395,16.41798973083496,-0.6432990431785583,-0.589491069316864,18.1968994140625,18.39814567565918,-0.0,-0.0,-0.0,-0.0,off
6.76,7.16417932510376,-2.7519543170928955,16.213634490966797,-0.6214967966079712,-0.5926916599273682,17.93824577331543,18.34539031982422,-0.0,-0.0,-0.0,-0.0,off
6.78,7.068213939666748,-2.6732592582702637,15.988447189331055,-0.5890679359436035,-0.5923292636871338,17.684354782104492,18.273584365844727,-0.0,-0.0,-0.0,-0.0,off
6.8,6.977888107299805,-2.5749118328094482,15.698050498962402,-0.5629221796989441,-0.5893885493278503,17.370948791503906,18.17850685119629,-0.0,0.0,-0.0,-0.0,off
6.82,6.904257774353027,-2.4664196968078613,15.489347457885742,-0.5283041000366211,-0.583280086517334,17.136857986450195,18.070035934448242,-0.0,-0.0,-0.0,-0.0,off
6.84,6.88774299621582,-2.367331027984619,15.182724952697754,-0.5057457685470581,-0.5755266547203064,16.839252471923828,17.943347930908203,-0.0,-0.0,-0.0,-0.0,off
6.86,6.818179607391357,-2.311352014541626,14.811421394348145,-0.47605305910110474,-0.5655792951583862,16.46839714050293,17.793027877807617,-0.0,-0.0,-0.0,-0.0,off
6.88,6.660076141357422,-2.3407280445098877,14.250384330749512,-0.43789008259773254,-0.5528103709220886,15.903115272521973,17.60234832763672,-0.0,-0.0,-0.0,-0.0,off
6.9,6.576226711273193,-2.3220694065093994,13.649298667907715,-0.40233123302459717,-0.537762463092804,15.327821731567383,17.373750686645508,-0.0,0.0,-0.0,-0.0,off
6.92,6.399850845336914,-2.29125714302063,12.961981773376465,-0.3666568696498871,-0.5206518769264221,14.636287689208984,17.099159240722656,-0.0,0.0,-0.0,-0.0,off
6.94,6.167981147766113,-2.357621431350708,12.137552261352539,-0.32243046164512634,-0.5008297562599182,13.817472457885742,16.7703914642334,-0.0,-0.0,-0.0,-0.0,off
6.96,5.979603290557861,-2.467278242111206,11.323068618774414,-0.275534451007843,-0.47830021381378174,13.04051399230957,16.39639663696289,-0.0,-0.0,-0.0,-0.0,off
6.98,5.630685329437256,-2.469019651412964,10.544158935546875,-0.23144307732582092,-0.4536144733428955,12.205735206604004,15.97614574432373,-0.0,-0.0,-0.0,-0.0,off
7.0,5.130360126495361,-2.2802200317382812,9.637686729431152,-0.18690884113311768,-0.42694389820098877,11.153698921203613,15.492981910705566,-0.0,-0.0,-0.0,-0.0,off
7.0200000000000005,4.9684367179870605,-2.1850295066833496,8.909019470214844,-0.16729386150836945,-0.4009788930416107,10.432178497314453,14.985235214233398,-0.0,-0.0,-0.0,-0.0,off
7.04,4.742639064788818,-2.052184820175171,8.156245231628418,-0.1447593718767166,-0.3753569424152374,9.655487060546875,14.449921607971191,-0.0,-0.0,-0.0,-0.0,off
7.0600000000000005,4.572863578796387,-1.9392530918121338,7.18497371673584,-0.11601826548576355,-0.3494230806827545,8.734737396240234,13.87368392944336,-0.0,-0.0,-0.0,-0.0,off
7.08,4.655694484710693,-1.930321216583252,6.1474127769470215,-0.0958835780620575,-0.3240691125392914,7.94935941696167,13.268811225891113,0.0,-0.0,-0.0,0.0,off
7.1000000000000005,4.910100936889648,-2.010368824005127,5.387807369232178,-0.0957031324505806,-0.3012324869632721,7.5616888999938965,12.67365550994873,-0.0,-0.0,-0.0,-0.0,off
7.12,5.0527544021606445,-2.0814201831817627,4.773675441741943,-0.0876086950302124,-0.27987009286880493,7.25607442855835,12.09671688079834,-0.0,-0.0,-0.0,-0.0,off
7.140000000000001,5.321445465087891,-2.183854818344116,4.194392681121826,-0.08603315055370331,-0.2604863941669464,7.118983745574951,11.548334121704102,-0.0,-0.0,-0.0,-0.0,off
7.16,5.817699432373047,-2.389547348022461,3.834089756011963,-0.09668409079313278,-0.24410615861415863,7.365854263305664,11.061300277709961,-0.0,-0.0,-0.0,-0.0,off
7.18,6.329911231994629,-2.602952480316162,3.5067081451416016,-0.11430293321609497,-0.2311258316040039,7.690262794494629,10.6380615234375,0.0,-0.0,-0.0,0.0,off
7.2,6.915201663970947,-2.8386518955230713,3.298023223876953,-0.1456546038389206,-0.22257870435714722,8.170368194580078,10.291716575622559,-0.0,-0.0,-0.0,-0.0,off
7.22,7.385713577270508,-2.9718692302703857,3.0771024227142334,-0.1638624668121338,-0.21670706570148468,8.535181999206543,10.009737014770508,-0.0,-0.0,-0.0,-0.0,off
7.24,7.5950727462768555,-2.9875664710998535,2.9168996810913086,-0.15040889382362366,-0.21007724106311798,8.667120933532715,9.774645805358887,-0.0,-0.0,-0.0,-0.0,off
7.26,8.029523849487305,-2.9667768478393555,3.1423630714416504,-0.1729874163866043,-0.20636825263500214,9.118632316589355,9.623392105102539,-0.0,-0.0,-0.0,-0.0,off
7.28,8.343382835388184,-3.1081581115722656,3.475017547607422,-0.18945199251174927,-0.20467662811279297,9.557637214660645,9.549973487854004,-0.0,-0.0,-0.0,-0.0,off
7.3,8.465190887451172,-3.245516538619995,3.7523984909057617,-0.19234582781791687,-0.20344354212284088,9.811897277832031,9.526609420776367,-0.0,-0.0,-0.0,-0.0,off
7.32,8.624385833740234,-3.440295457839966,4.122650146484375,-0.18977969884872437,-0.20207715034484863,10.159326553344727,9.555230140686035,-0.0,-0.0,-0.0,-0.0,off
7.34,8.838903427124023,-3.6248626708984375,4.538242816925049,-0.18342354893684387,-0.2002117931842804,10.576458930969238,9.634167671203613,-0.0,-0.0,-0.0,-0.0,off
7.36,9.03247356414795,-3.738744020462036,5.120848178863525,-0.17649759352207184,-0.1978403627872467,11.035709381103516,9.761951446533203,-0.0,-0.0,-0.0,-0.0,off
7.38,9.102767944335938,-3.855426073074341,5.557071208953857,-0.16933898627758026,-0.19499021768569946,11.340446472167969,9.91347599029541,-0.0,-0.0,-0.0,-0.0,off
7.4,9.23244571685791,-3.9951460361480713,6.108937740325928,-0.16415563225746155,-0.19190675020217896,11.76938247680664,10.096689224243164,0.0,-0.0,-0.0,0.0,off
7.42,9.123229026794434,-4.061334133148193,6.834860324859619,-0.1517578363418579,-0.1878918558359146,12.10136604309082,10.296831130981445,0.0,-0.0,-0.0,0.0,off
7.44,8.97472858428955,-4.201180934906006,7.519224643707275,-0.14457222819328308,-0.18355989456176758,12.439228057861328,10.509166717529297,-0.0,-0.0,-0.0,-0.0,off
7.46,8.75812816619873,-4.260523319244385,8.3319673538208,-0.14163562655448914,-0.17936746776103973,12.817119598388672,10.733344078063965,-0.0,-0.0,-0.0,-0.0,off
7.48,8.755767822265625,-4.2180280685424805,8.978663444519043,-0.14768922328948975,-0.17619964480400085,13.231463432312012,10.973295211791992,-0.0,-0.0,-0.0,-0.0,off
7.5,8.79521369934082,-4.261049747467041,9.681947708129883,-0.14058741927146912,-0.1726384162902832,13.756905555725098,11.238319396972656,-0.0,-0.0,-0.0,-0.0,off
7.5200000000000005,8.929597854614258,-4.233591079711914,10.370979309082031,-0.13476680219173431,-0.16885125637054443,14.325440406799316,11.531435012817383,-0.0,-0.0,-0.0,-0.0,off
7.54,9.06005573272705,-4.235033988952637,11.05109977722168,-0.14221233129501343,-0.1661873608827591,14.904594421386719,11.85139274597168,-0.0,-0.0,-0.0,-0.0,off
7.5600000000000005,9.139776229858398,-4.264525413513184,11.700453758239746,-0.14785265922546387,-0.1643538773059845,15.447403907775879,12.19223403930664,-0.0,-0.0,-0.0,-0.0,off
7.58,9.239646911621094,-4.284719467163086,12.355902671813965,-0.14730766415596008,-0.1626492589712143,16.012439727783203,12.554634094238281,-0.0,-0.0,-0.0,-0.0,off
7.6000000000000005,9.392641067504883,-4.2606520652771,12.918939590454102,-0.132771834731102,-0.15966151654720306,16.530996322631836,12.933408737182617,-0.0,-0.0,-0.0,-0.0,off
7.62,9.620306015014648,-4.233030319213867,13.377896308898926,-0.1263577938079834,-0.1563311368227005,17.012845993041992,13.324865341186523,-0.0,-0.0,-0.0,-0.0,off
7.640000000000001,9.67778205871582,-4.22858190536499,13.948870658874512,-0.12999671697616577,-0.1536976844072342,17.49603843688965,13.725258827209473,-0.0,-0.0,-0.0,-0.0,off
7.66,9.86391830444336,-4.1767473220825195,14.424845695495605,-0.13437707722187042,-0.1517656147480011,17.967144012451172,14.13429069519043,-0.0,-0.0,-0.0,-0.0,off
7.68,9.98087215423584,-4.084211349487305,14.931034088134766,-0.13096773624420166,-0.1496858298778534,18.418315887451172,14.547937393188477,-0.0,0.0,-0.0,-0.0,off
7.7,10.039249420166016,-3.9663846492767334,15.443802833557129,-0.12152121216058731,-0.14686936140060425,18.842233657836914,14.962397575378418,-0.0,-0.0,-0.0,-0.0,off
7.72,10.056392669677734,-3.8163673877716064,15.724329948425293,-0.12265081703662872,-0.14444750547409058,19.051254272460938,15.357301712036133,-0.0,-0.0,-0.0,-0.0,off
7.74,10.073060989379883,-3.6570236682891846,15.884337425231934,-0.13511449098587036,-0.14351420104503632,19.161226272583008,15.725197792053223,-0.0,-0.0,-0.0,-0.0,off
7.76,10.110929489135742,-3.5163533687591553,16.04387664794922,-0.1374015212059021,-0.1429029256105423,19.287343978881836,16.070302963256836,-0.0,-0.0,-0.0,-0.0,off
7.78,10.17652702331543,-3.373502016067505,16.119306564331055,-0.11865076422691345,-0.14047770202159882,19.359086990356445,16.389713287353516,-0.0,-0.0,-0.0,-0.0,off
7.8,10.193408966064453,-3.2788374423980713,16.290029525756836,-0.10912428051233292,-0.13734236359596252,19.494138717651367,16.691556930541992,-0.0,-0.0,-0.0,-0.0,off
7.82,10.182210922241211,-3.0592334270477295,16.430194854736328,-0.1137898862361908,-0.13498711585998535,19.570068359375,16.970794677734375,-0.0,0.0,-0.0,-0.0,off
7.84,10.18121337890625,-2.886406183242798,16.538204193115234,-0.10380756855010986,-0.1318691521883011,19.634170532226562,17.22891616821289,-0.0,0.0,-0.0,-0.0,off
7.86,10.154558181762695,-2.7685201168060303,16.616432189941406,-0.081721231341362,-0.12685436010360718,19.66940689086914,17.465412139892578,-0.0,-0.0,-0.0,-0.0,off
7.88,10.07717514038086,-2.7230207920074463,16.73846435546875,-0.048103637993335724,-0.11897928267717361,19.72664451599121,17.684600830078125,-0.0,-0.0,-0.0,-0.0,off
7.9,9.993942260742188,-2.6847426891326904,16.89027214050293,-0.02801598608493805,-0.10988295078277588,19.80828094482422,17.890439987182617,-0.0,-0.0,-0.0,-0.0,off
7.92,9.899494171142578,-2.5351593494415283,16.894102096557617,-0.03131428360939026,-0.1020260825753212,19.744308471679688,18.069522857666016,-0.0,-0.0,-0.0,-0.0,off
7.94,9.883532524108887,-2.4877402782440186,17.051738739013672,0.010856851935386658,-0.09073778986930847,19.865419387817383,18.243305206298828,-0.0,-0.0,-0.0,-0.0,off
7.96,9.82359504699707,-2.49157452583313,17.20346450805664,0.057204484939575195,-0.07594355940818787,19.966726303100586,18.410358428955078,-0.0,-0.0,-0.0,-0.0,off
7.98,9.758804321289062,-2.483161687850952,17.307144165039062,0.11035609245300293,-0.057313594967126846,20.023426055908203,18.56686782836914,-0.0,-0.0,-0.0,-0.0,off
8.0,9.749622344970703,-2.405094861984253,17.4724178314209,0.141733318567276,-0.03740890324115753,20.152544021606445,18.72079849243164,-0.0,-0.0,-0.0,-0.0,off
8.02,9.70938491821289,-2.3092148303985596,17.63178825378418,0.16249728202819824,-0.017418282106518745,20.260417938232422,18.870094299316406,-0.0,-0.0,-0.0,-0.0,off
8.040000000000001,9.685943603515625,-2.13716197013855,17.76953125,0.17748072743415833,0.0020716190338134766,20.350460052490234,19.01323890686035,-0.0,-0.0,-0.0,-0.0,off
8.06,9.677278518676758,-1.9144699573516846,17.920188903808594,0.1903582215309143,0.02090027928352356,20.456003189086914,19.15216064453125,-0.0,0.0,-0.0,-0.0,off
8.08,9.684749603271484,-1.7704246044158936,18.072418212890625,0.1917281448841095,0.03798306733369827,20.580114364624023,19.289613723754883,-0.0,-0.0,-0.0,-0.0,off
8.1,9.583135604858398,-1.5852367877960205,18.14445686340332,0.1871758997440338,0.052902352064847946,20.580835342407227,19.413009643554688,-0.0,-0.0,-0.0,-0.0,off
8.120000000000001,9.555447578430176,-1.4826099872589111,18.245487213134766,0.18275591731071472,0.0658877044916153,20.64951515197754,19.531211853027344,-0.0,-0.0,-0.0,-0.0,off
8.14,9.57815933227539,-1.4581823348999023,18.3757266998291,0.1952672004699707,0.07882565259933472,20.773414611816406,19.650728225708008,-0.0,-0.0,-0.0,-0.0,off
8.16,9.64849853515625,-1.4037196636199951,18.523958206176758,0.20823931694030762,0.09176702052354813,20.933250427246094,19.774866104125977,-0.0,-0.0,-0.0,-0.0,off
8.18,9.65357780456543,-1.261321783065796,18.609657287597656,0.21437332034111023,0.1040276512503624,21.002424240112305,19.893535614013672,-0.0,-0.0,-0.0,-0.0,off
8.2,9.663496017456055,-1.1877851486206055,18.654403686523438,0.22413146495819092,0.11603803187608719,21.042356491088867,20.004762649536133,-0.0,-0.0,-0.0,-0.0,off
8.22,9.714765548706055,-1.094085454940796,18.71780776977539,0.24014317989349365,0.12844854593276978,21.117055892944336,20.112667083740234,-0.0,-0.0,-0.0,-0.0,off
8.24,9.608063697814941,-0.9229733943939209,18.730350494384766,0.24995851516723633,0.14059953391551971,21.071136474609375,20.204837799072266,-0.0,-0.0,-0.0,-0.0,off
8.26,9.562135696411133,-0.841170072555542,18.741735458374023,0.25528815388679504,0.1520683914422989,21.05693817138672,20.286611557006836,-0.0,-0.0,-0.0,-0.0,off
8.28,9.591768264770508,-0.710397481918335,18.82065200805664,0.26146209239959717,0.16300775110721588,21.13583755493164,20.368141174316406,-0.0,-0.0,-0.0,-0.0,off
8.3,9.62341594696045,-0.6170778274536133,18.87061882019043,0.2582668364048004,0.17253364622592926,21.1917724609375,20.447355270385742,-0.0,0.0,-0.0,-0.0,off
8.32,9.585304260253906,-0.5784609317779541,18.89310073852539,0.273194819688797,0.1825997531414032,21.19344139099121,20.51917839050293,-0.0,0.0,-0.0,-0.0,off
8.34,9.536360740661621,-0.47210147976875305,18.8891544342041,0.28472036123275757,0.19281181693077087,21.16518783569336,20.58102035522461,-0.0,0.0,-0.0,-0.0,off
8.36,9.461026191711426,-0.3166802227497101,18.90373992919922,0.2729945480823517,0.20083007216453552,21.141490936279297,20.6340389251709,0.0,-0.0,-0.0,0.0,off
8.38,9.478554725646973,-0.1708987057209015,18.925209045410156,0.26876044273376465,0.20762310922145844,21.166854858398438,20.684246063232422,-0.0,0.0,-0.0,-0.0,off
8.4,9.40146255493164,-0.07048871368169785,18.924903869628906,0.2725159525871277,0.21411240100860596,21.1315975189209,20.725929260253906,-0.0,-0.0,-0.0,-0.0,off
8.42,9.31523323059082,-0.019020341336727142,18.934165954589844,0.27305853366851807,0.2200070172548294,21.101577758789062,20.760650634765625,-0.0,-0.0,-0.0,-0.0,off
8.44,9.291444778442383,0.030438639223575592,18.93659019470215,0.27889519929885864,0.22589583694934845,21.093276977539062,20.79137420654297,-0.0,-0.0,-0.0,-0.0,off
8.46,9.257783889770508,0.15459129214286804,18.951244354248047,0.2652035355567932,0.22982659935951233,21.092182159423828,20.81883430480957,-0.0,-0.0,-0.0,-0.0,off
8.48,9.197019577026367,0.2648627460002899,18.940685272216797,0.25115832686424255,0.2319597601890564,21.057180404663086,20.840007781982422,-0.0,-0.0,-0.0,-0.0,off
8.5,9.141471862792969,0.3558356463909149,18.922672271728516,0.2515294551849365,0.2339167296886444,21.018102645874023,20.85521697998047,-0.0,-0.0,-0.0,-0.0,off
8.52,9.10685920715332,0.47301170229911804,18.9019775390625,0.24962711334228516,0.23548775911331177,20.986743927001953,20.865745544433594,-0.0,-0.0,-0.0,-0.0,off
8.540000000000001,9.042257308959961,0.5977013111114502,18.860666275024414,0.24311530590057373,0.23625050485134125,20.924732208251953,20.868927001953125,-0.0,-0.0,-0.0,-0.0,off
8.56,9.006725311279297,0.7404015064239502,18.862598419189453,0.23637229204177856,0.23626267910003662,20.915708541870117,20.870731353759766,-0.0,-0.0,-0.0,-0.0,off
8.58,8.971986770629883,0.7647559642791748,18.856966018676758,0.24191510677337646,0.23682792484760284,20.896568298339844,20.87083625793457,-0.0,-0.0,-0.0,-0.0,off
8.6,8.963000297546387,0.871530294418335,18.853565216064453,0.23786678910255432,0.23693180084228516,20.893823623657227,20.87067985534668,-0.0,-0.0,-0.0,-0.0,off
8.620000000000001,8.923676490783691,0.9663236141204834,18.836828231811523,0.230528324842453,0.23629143834114075,20.866046905517578,20.867795944213867,-0.0,-0.0,-0.0,-0.0,off
8.64,8.87553596496582,1.0929133892059326,18.817676544189453,0.2331744134426117,0.23597973585128784,20.834455490112305,20.861919403076172,-0.0,-0.0,-0.0,-0.0,off
8.66,8.829708099365234,1.1308009624481201,18.799057006835938,0.22915154695510864,0.23529690504074097,20.800168991088867,20.853477478027344,-0.0,-0.0,-0.0,-0.0,off
8.68,8.796451568603516,1.2197659015655518,18.775022506713867,0.23328626155853271,0.23509584367275238,20.769372940063477,20.842845916748047,-0.0,0.0,-0.0,-0.0,off
8.700000000000001,8.719788551330566,1.3218090534210205,18.744247436523438,0.23912397027015686,0.23549865186214447,20.715421676635742,20.827808380126953,-0.0,-0.0,-0.0,-0.0,off
8.72,8.712230682373047,1.4340236186981201,18.739574432373047,0.22863322496414185,0.23481211066246033,20.715478897094727,20.81425666809082,-0.0,-0.0,-0.0,-0.0,off
8.74,8.734000205993652,1.5327684879302979,18.730117797851562,0.22105208039283752,0.23343609273433685,20.723161697387695,20.802898406982422,-0.0,-0.0,-0.0,-0.0,off
8.76,8.7317476272583,1.6305444240570068,18.699687957763672,0.22519099712371826,0.23261158168315887,20.702184677124023,20.79061508178711,-0.0,-0.0,-0.0,-0.0,off
8.78,8.695157051086426,1.673699140548706,18.669116973876953,0.22885540127754211,0.23223596811294556,20.66259765625,20.77581787109375,-0.0,0.0,-0.0,-0.0,off
8.8,8.646280288696289,1.7436308860778809,18.637163162231445,0.22822704911231995,0.23183506727218628,20.61897850036621,20.758209228515625,-0.0,-0.0,-0.0,-0.0,off
8.82,8.742507934570312,1.866079330444336,18.639266967773438,0.21907466650009155,0.23055902123451233,20.67210578918457,20.74764633178711,-0.0,-0.0,-0.0,-0.0,off
8.84,8.77225112915039,1.935455083847046,18.592714309692383,0.21501761674880981,0.2290048748254776,20.64914894104004,20.7359619140625,-0.0,-0.0,-0.0,-0.0,off
8.86,8.71450424194336,1.9597275257110596,18.566843032836914,0.22539541125297546,0.22864392399787903,20.60365867614746,20.72112464904785,-0.0,-0.0,-0.0,-0.0,off
8.88,8.74947738647461,2.0366170406341553,18.542139053344727,0.22645047307014465,0.2284245640039444,20.60369110107422,20.707820892333984,-0.0,-0.0,-0.0,-0.0,off
8.9,8.76276969909668,2.13310170173645,18.53609275817871,0.20901274681091309,0.22648337483406067,20.61366081237793,20.696802139282227,-0.0,-0.0,-0.0,-0.0,off
8.92,8.777650833129883,2.183185338973999,18.501691818237305,0.21000778675079346,0.22483579814434052,20.59432029724121,20.685077667236328,-0.0,-0.0,-0.0,-0.0,off
8.94,8.844913482666016,2.2535223960876465,18.477611541748047,0.21047461032867432,0.22339966893196106,20.609050750732422,20.676029205322266,-0.0,-0.0,-0.0,-0.0,off
8.96,8.89393138885498,2.339611768722534,18.4537296295166,0.2082028090953827,0.2218799740076065,20.61833953857422,20.668779373168945,0.0,-0.0,-0.0,0.0,off
8.98,8.948190689086914,2.417699098587036,18.444368362426758,0.20418235659599304,0.2201102077960968,20.64243507385254,20.664657592773438,-0.0,-0.0,-0.0,-0.0,off
9.0,8.95789909362793,2.506394624710083,18.42157554626465,0.18965590000152588,0.217064768075943,20.636869430541992,20.660356521606445,-0.0,-0.0,-0.0,-0.0,off
9.02,8.984932899475098,2.610172986984253,18.396217346191406,0.18451109528541565,0.21380940079689026,20.638866424560547,20.65658950805664,-0.0,-0.0,-0.0,-0.0,off
9.040000000000001,9.001940727233887,2.6750264167785645,18.3507137298584,0.19167417287826538,0.21159587800502777,20.614057540893555,20.6507625579834,-0.0,-0.0,-0.0,-0.0,off
9.06,8.997426986694336,2.7433383464813232,18.324161529541016,0.18818700313568115,0.20925499498844147,20.59743881225586,20.643909454345703,-0.0,-0.0,-0.0,-0.0,off
9.08,9.066756248474121,2.804821729660034,18.306909561157227,0.18181473016738892,0.20651096105575562,20.62076759338379,20.640100479125977,-0.0,-0.0,-0.0,-0.0,off
9.1,9.12973690032959,2.8865487575531006,18.303447723388672,0.17036297917366028,0.20289616286754608,20.656728744506836,20.640235900878906,-0.0,-0.0,-0.0,-0.0,off
9.120000000000001,9.197237014770508,2.9114413261413574,18.3056697845459,0.1584930121898651,0.19845585525035858,20.69210433959961,20.644046783447266,-0.0,-0.0,-0.0,-0.0,off
9.14,9.197136878967285,3.0002570152282715,18.268152236938477,0.16971886157989502,0.19558215141296387,20.671581268310547,20.645383834838867,-0.0,-0.0,-0.0,-0.0,off
9.16,9.249777793884277,3.0369412899017334,18.23049545288086,0.15874949097633362,0.1918988823890686,20.66718101501465,20.64621925354004,-0.0,-0.0,-0.0,-0.0,off
9.18,9.347770690917969,3.1409332752227783,18.2390193939209,0.14371249079704285,0.1870802342891693,20.73422622680664,20.653520584106445,-0.0,-0.0,-0.0,-0.0,off
9.200000000000001,9.390069961547852,3.2108263969421387,18.213146209716797,0.13839423656463623,0.18221163749694824,20.74129867553711,20.66079330444336,-0.0,-0.0,-0.0,-0.0,off
9.22,9.438176155090332,3.275963544845581,18.202396392822266,0.13889080286026,0.17787954211235046,20.763870239257812,20.66961669921875,-0.0,0.0,-0.0,-0.0,off
9.24,9.470787048339844,3.27638578414917,18.175579071044922,0.13882213830947876,0.17397379875183105,20.755292892456055,20.676910400390625,-0.0,0.0,-0.0,-0.0,off
9.26,9.585199356079102,3.4082765579223633,18.165857315063477,0.12184649705886841,0.16876105964183807,20.82044219970703,20.6896915435791,-0.0,-0.0,-0.0,-0.0,off
9.28,9.689712524414062,3.5553462505340576,18.17273712158203,0.10855880379676819,0.1627408266067505,20.899267196655273,20.70878028869629,-0.0,-0.0,-0.0,-0.0,off
9.3,9.711896896362305,3.598586320877075,18.148597717285156,0.11095350980758667,0.15756209194660187,20.89598846435547,20.725786209106445,-0.0,0.0,-0.0,-0.0,off
9.32,9.75406265258789,3.617511510848999,18.144100189208984,0.11023354530334473,0.15282922983169556,20.914981842041016,20.743194580078125,-0.0,-0.0,-0.0,-0.0,off
9.34,9.793905258178711,3.64614200592041,18.124841690063477,0.097545325756073,0.1473008394241333,20.921875,20.759675979614258,-0.0,-0.0,-0.0,-0.0,off
9.36,9.884998321533203,3.723004102706909,18.123414993286133,0.07960967719554901,0.1405317187309265,20.97694206237793,20.779937744140625,0.0,-0.0,-0.0,0.0,off
9.38,9.950057983398438,3.7513678073883057,18.105083465576172,0.07407298684120178,0.13388583064079285,20.996915817260742,20.80024528503418,0.0,-0.0,-0.0,0.0,off
9.4,10.040902137756348,3.7825350761413574,18.093143463134766,0.07777923345565796,0.12827517092227936,21.035425186157227,20.822389602661133,-0.0,-0.0,-0.0,-0.0,off
9.42,10.059076309204102,3.8438570499420166,18.06422996520996,0.06766088306903839,0.12221373617649078,21.03037452697754,20.84186363220215,-0.0,-0.0,-0.0,-0.0,off
9.44,10.16714096069336,3.940033197402954,18.066165924072266,0.049483537673950195,0.11494071781635284,21.101682662963867,20.866357803344727,-0.0,-0.0,-0.0,-0.0,off
9.46,10.199492454528809,3.9679415225982666,18.05158233642578,0.03587156534194946,0.10703379660844803,21.11004066467285,20.88937759399414,-0.0,-0.0,-0.0,-0.0,off
9.48,10.322759628295898,4.070893287658691,18.04323959350586,0.04129931330680847,0.10046034306287766,21.18230438232422,20.917098999023438,-0.0,-0.0,-0.0,-0.0,off
9.5,10.341669082641602,4.0189056396484375,18.027198791503906,0.04418309032917023,0.09483261406421661,21.167938232421875,20.94096565246582,0.0,-0.0,-0.0,0.0,off
9.52,10.413590431213379,4.051785469055176,18.020366668701172,0.03409573435783386,0.0887589231133461,21.2036190032959,20.966041564941406,-0.0,0.0,-0.0,-0.0,off
9.540000000000001,10.475831985473633,4.059451103210449,18.013025283813477,0.014006033539772034,0.08128363639116287,21.229490280151367,20.991283416748047,-0.0,0.0,-0.0,-0.0,off
9.56,10.549205780029297,4.069022178649902,18.007068634033203,-0.0008481740951538086,0.0730704516172409,21.262577056884766,21.017358779907227,-0.0,-0.0,-0.0,-0.0,off
9.58,10.648694038391113,4.078890323638916,17.999727249145508,0.0063445717096328735,0.06639786064624786,21.307796478271484,21.04532814025879,-0.0,-0.0,-0.0,-0.0,off
9.6,10.694774627685547,4.117450714111328,17.988773345947266,0.02252599596977234,0.06201067566871643,21.329030990600586,21.07267189025879,-0.0,-0.0,-0.0,-0.0,off
9.620000000000001,10.76156997680664,4.135756492614746,17.98725128173828,-0.0009591430425643921,0.05571369081735611,21.36485481262207,21.100900650024414,-0.0,-0.0,-0.0,-0.0,off
9.64,10.836053848266602,4.181118011474609,17.98227310180664,-0.019889742136001587,0.0481533482670784,21.407100677490234,21.130510330200195,-0.0,-0.0,-0.0,-0.0,off
9.66,10.91807746887207,4.209932327270508,17.97425079345703,-0.029075324535369873,0.04043047875165939,21.447649002075195,21.161195755004883,-0.0,0.0,-0.0,-0.0,off
9.68,10.958192825317383,4.197691917419434,17.963462829589844,-0.03721011430025101,0.032666418701410294,21.456668853759766,21.18983268737793,-0.0,-0.0,-0.0,-0.0,off
9.700000000000001,10.992465019226074,4.17683744430542,17.943309783935547,-0.04029286652803421,0.025370489805936813,21.453266143798828,21.215368270874023,-0.0,-0.0,-0.0,-0.0,off
9.72,11.069809913635254,4.212568283081055,17.929136276245117,-0.05942279100418091,0.01689116097986698,21.488143920898438,21.241792678833008,-0.0,-0.0,-0.0,-0.0,off
9.74,11.2195463180542,4.2419915199279785,17.939239501953125,-0.0707986056804657,0.008122183382511139,21.5798282623291,21.27458953857422,-0.0,-0.0,-0.0,-0.0,off
9.76,11.314516067504883,4.261265754699707,17.93694305419922,-0.06816928088665009,0.0004930365830659866,21.631240844726562,21.309215545654297,-0.0,-0.0,-0.0,-0.0,off
9.78,11.360390663146973,4.1989593505859375,17.9344425201416,-0.07228868454694748,-0.006785135716199875,21.64102554321289,21.341495513916016,-0.0,-0.0,-0.0,-0.0,off
9.8,11.412424087524414,4.207425117492676,17.9292049407959,-0.09154896438121796,-0.015261517837643623,21.665693283081055,21.373065948486328,-0.0,-0.0,-0.0,-0.0,off
9.82,11.490939140319824,4.217100620269775,17.923030853271484,-0.10562264919281006,-0.02429763227701187,21.70393180847168,21.405290603637695,-0.0,-0.0,-0.0,-0.0,off
9.84,11.588394165039062,4.216610908508301,17.922502517700195,-0.10551133751869202,-0.032419003546237946,21.755155563354492,21.439374923706055,-0.0,-0.0,-0.0,-0.0,off
9.86,11.667032241821289,4.238975524902344,17.92192268371582,-0.09712056070566177,-0.03888915851712227,21.801006317138672,21.474634170532227,-0.0,0.0,-0.0,-0.0,off
9.88,11.761899948120117,4.255241394042969,17.90201187133789,-0.10931225121021271,-0.04593146592378616,21.83875846862793,21.510074615478516,-0.0,-0.0,-0.0,-0.0,off
9.9,11.867292404174805,4.226509094238281,17.911731719970703,-0.12079305946826935,-0.0534176230430603,21.898086547851562,21.547876358032227,-0.0,-0.0,-0.0,-0.0,off
9.92,11.964393615722656,4.229653358459473,17.900354385375977,-0.12863215804100037,-0.06093907356262207,21.942182540893555,21.586259841918945,-0.0,-0.0,-0.0,-0.0,off
9.94,12.04798412322998,4.191585540771484,17.907005310058594,-0.11862778663635254,-0.06670794636011124,21.985998153686523,21.625205993652344,-0.0,-0.0,-0.0,-0.0,off
9.96,12.176270484924316,4.170510292053223,17.885150909423828,-0.12153007090091705,-0.07219015806913376,22.034820556640625,21.664993286132812,0.0,-0.0,-0.0,0.0,off
9.98,12.204837799072266,4.134340286254883,17.887683868408203,-0.12300284206867218,-0.07727142423391342,22.045862197875977,21.70206069946289,-0.0,-0.0,-0.0,-0.0,off
10.0,12.330448150634766,4.1526641845703125,17.877626419067383,-0.13458555936813354,-0.08300283551216125,22.110950469970703,21.741817474365234,0.0,0.0,-0.0,0.0,off
10.02,12.449118614196777,4.169361114501953,17.864585876464844,-0.1272171288728714,-0.08742426335811615,22.16996955871582,21.78341293334961,0.0,0.0,-0.0,0.0,off
10.040000000000001,12.578433990478516,4.1807708740234375,17.852035522460938,-0.11872424185276031,-0.09055425971746445,22.234905242919922,21.82723045349121,-0.0,-0.0,-0.0,-0.0,off
10.06,12.646903038024902,4.140460968017578,17.857860565185547,-0.13302412629127502,-0.09480124711990356,22.270851135253906,21.87034034729004,-0.0,-0.0,-0.0,-0.0,off
10.08,12.734437942504883,4.099026679992676,17.85572052001953,-0.1434016227722168,-0.09966128319501877,22.31131362915039,21.913185119628906,-0.0,-0.0,-0.0,-0.0,off
10.1,12.774853706359863,4.06523323059082,17.847675323486328,-0.1601027548313141,-0.10570543259382248,22.321794509887695,21.95290756225586,-0.0,0.0,-0.0,-0.0,off
10.120000000000001,12.875569343566895,4.04909610748291,17.82915687561035,-0.1614491045475006,-0.11127979308366776,22.361894607543945,21.99260711669922,-0.0,0.0,-0.0,-0.0,off
10.14,13.027042388916016,4.145779609680176,17.802080154418945,-0.1691768765449524,-0.11706950515508652,22.44561004638672,22.036558151245117,-0.0,-0.0,-0.0,-0.0,off
10.16,13.196846008300781,4.091931343078613,17.813751220703125,-0.19061380624771118,-0.12442392855882645,22.54396629333496,22.08576011657715,-0.0,-0.0,-0.0,-0.0,off
10.18,13.30903434753418,4.036772727966309,17.820405960083008,-0.20662494003772736,-0.13264402747154236,22.60515022277832,22.136131286621094,-0.0,0.0,-0.0,-0.0,off
10.200000000000001,13.357626914978027,4.0039262771606445,17.820398330688477,-0.20443972945213318,-0.13982360064983368,22.627952575683594,22.183895111083984,-0.0,-0.0,-0.0,-0.0,off
10.22,13.43431282043457,4.016334533691406,17.810352325439453,-0.2123435139656067,-0.1470755785703659,22.667606353759766,22.23091697692871,-0.0,-0.0,-0.0,-0.0,off
10.24,13.54293155670166,3.9953725337982178,17.80918312072754,-0.22549089789390564,-0.15491710603237152,22.7275390625,22.279199600219727,0.0,-0.0,-0.0,0.0,off
10.26,13.687908172607422,3.893882989883423,17.80523681640625,-0.24674999713897705,-0.16410039365291595,22.79358673095703,22.329050064086914,-0.0,-0.0,-0.0,-0.0,off
10.28,13.784985542297363,3.916658401489258,17.776235580444336,-0.26790153980255127,-0.17448051273822784,22.833322525024414,22.377910614013672,0.0,0.0,-0.0,0.0,off
10.3,13.881738662719727,3.925032138824463,17.790142059326172,-0.27189314365386963,-0.1842217743396759,22.904098510742188,22.42904281616211,-0.0,-0.0,-0.0,-0.0,off
10.32,13.944049835205078,3.8467750549316406,17.78469467163086,-0.28636083006858826,-0.19443567097187042,22.9244327545166,22.477140426635742,-0.0,-0.0,-0.0,-0.0,off
10.34,14.079790115356445,3.837984323501587,17.786489486694336,-0.30450111627578735,-0.20544220507144928,23.007169723510742,22.52863121032715,-0.0,-0.0,-0.0,-0.0,off
10.36,14.125258445739746,3.7777416706085205,17.787872314453125,-0.31047892570495605,-0.21594586968421936,23.0261287689209,22.57698631286621,-0.0,-0.0,-0.0,-0.0,off
10.38,14.2262601852417,3.7033283710479736,17.783985137939453,-0.31389617919921875,-0.22574089467525482,23.073171615600586,22.625131607055664,-0.0,-0.0,-0.0,-0.0,off
10.4,14.340544700622559,3.681161880493164,17.773513793945312,-0.3226691782474518,-0.23543371260166168,23.13222885131836,22.674327850341797,-0.0,-0.0,-0.0,-0.0,off
10.42,14.479232788085938,3.6663033962249756,17.76701545715332,-0.3258581757545471,-0.24447615444660187,23.21113395690918,22.726408004760742,-0.0,-0.0,-0.0,-0.0,off
10.44,14.56686782836914,3.5805985927581787,17.77311134338379,-0.33704763650894165,-0.2537333071231842,23.25720977783203,22.77786636352539,-0.0,-0.0,-0.0,-0.0,off
10.46,14.690505027770996,3.4785659313201904,17.773521423339844,-0.35036420822143555,-0.26339638233184814,23.31972312927246,22.830265045166016,0.0,0.0,-0.0,0.0,off
10.48,14.807831764221191,3.4882590770721436,17.78519058227539,-0.3503735065460205,-0.27209407091140747,23.40412139892578,22.885950088500977,-0.0,-0.0,-0.0,-0.0,off
10.5,14.834192276000977,3.45947003364563,17.77830696105957,-0.3521125912666321,-0.2800959050655365,23.41131019592285,22.936994552612305,-0.0,0.0,-0.0,-0.0,off
10.52,14.8509521484375,3.3848626613616943,17.77916145324707,-0.3660380244255066,-0.28869011998176575,23.41167640686035,22.983104705810547,-0.0,0.0,-0.0,-0.0,off
10.540000000000001,14.917701721191406,3.3370678424835205,17.76671028137207,-0.38962236046791077,-0.2987833321094513,23.437786102294922,23.027236938476562,-0.0,-0.0,-0.0,-0.0,off
10.56,15.034067153930664,3.225459337234497,17.76613426208496,-0.3774333596229553,-0.306648313999176,23.49600601196289,23.072582244873047,-0.0,-0.0,-0.0,-0.0,off
10.58,15.158880233764648,3.1702568531036377,17.762493133544922,-0.376537948846817,-0.31363728642463684,23.56583023071289,23.120281219482422,-0.0,-0.0,-0.0,-0.0,off
10.6,15.196876525878906,3.142826795578003,17.74771499633789,-0.3866671919822693,-0.3209402859210968,23.575490951538086,23.164331436157227,-0.0,-0.0,-0.0,-0.0,off
10.620000000000001,15.2698335647583,3.0787203311920166,17.753040313720703,-0.40117016434669495,-0.3289632797241211,23.618144989013672,23.20825958251953,-0.0,-0.0,-0.0,-0.0,off
10.64,15.286767959594727,2.989518404006958,17.7667293548584,-0.39121443033218384,-0.3351883888244629,23.627931594848633,23.248857498168945,-0.0,-0.0,-0.0,-0.0,off
10.66,15.309579849243164,2.8552682399749756,17.760425567626953,-0.3746912181377411,-0.3391386568546295,23.621356964111328,23.284656524658203,-0.0,-0.0,-0.0,-0.0,off
10.68,15.388501167297363,2.8003623485565186,17.76453399658203,-0.360507071018219,-0.34127548336982727,23.66910743713379,23.321664810180664,-0.0,-0.0,-0.0,-0.0,off
10.700000000000001,15.457011222839355,2.7203328609466553,17.74983787536621,-0.35788318514823914,-0.342936247587204,23.693378448486328,23.35734748840332,-0.0,-0.0,-0.0,-0.0,off
10.72,15.526195526123047,2.698319673538208,17.753475189208984,-0.3698793649673462,-0.34563055634498596,23.73877716064453,23.39411735534668,-0.0,-0.0,-0.0,-0.0,off
10.74,15.544193267822266,2.6990020275115967,17.749347686767578,-0.3830468952655792,-0.34937217831611633,23.74754524230957,23.428321838378906,-0.0,-0.0,-0.0,-0.0,off
10.76,15.604528427124023,2.690936803817749,17.77330207824707,-0.365339070558548,-0.3509688377380371,23.804048538208008,23.464885711669922,-0.0,-0.0,-0.0,-0.0,off
10.78,15.740460395812988,2.6816418170928955,17.77183723449707,-0.36851730942726135,-0.3527236878871918,23.89124298095703,23.506473541259766,-0.0,-0.0,-0.0,-0.0,off
10.8,15.781740188598633,2.603013277053833,17.790420532226562,-0.3699730634689331,-0.3544486165046692,23.923587799072266,23.547151565551758,-0.0,-0.0,-0.0,-0.0,off
10.82,15.84475326538086,2.6142351627349854,17.787792205810547,-0.36359667778015137,-0.3553634285926819,23.964473724365234,23.587968826293945,-0.0,-0.0,-0.0,-0.0,off
10.84,15.976993560791016,2.5470130443573,17.802528381347656,-0.3493238091468811,-0.35475945472717285,24.055803298950195,23.633708953857422,-0.0,-0.0,-0.0,-0.0,off
10.86,16.041301727294922,2.438124418258667,17.80198097229004,-0.3174194097518921,-0.35102546215057373,24.086891174316406,23.67787742614746,-0.0,-0.0,-0.0,-0.0,off
10.88,16.055233001708984,2.413296937942505,17.806915283203125,-0.3068374991416931,-0.34660667181015015,24.097318649291992,23.718826293945312,-0.0,-0.0,-0.0,-0.0,off
10.9,16.12236213684082,2.4016315937042236,17.81269645690918,-0.30037397146224976,-0.3419834077358246,24.14519691467285,23.76055145263672,-0.0,-0.0,-0.0,-0.0,off
10.92,16.13150405883789,2.3819520473480225,17.8140869140625,-0.2912895679473877,-0.3369140326976776,24.150379180908203,23.798751831054688,-0.0,-0.0,-0.0,-0.0,off
10.94,16.20656394958496,2.304915189743042,17.797574996948242,-0.2661399841308594,-0.3298366367816925,24.18096351623535,23.836091995239258,-0.0,0.0,-0.0,-0.0,off
10.96,16.275535583496094,2.264416456222534,17.79466438293457,-0.2576422393321991,-0.32261720299720764,24.22128677368164,23.873735427856445,-0.0,-0.0,-0.0,-0.0,off
10.98,16.337430953979492,2.2095882892608643,17.790433883666992,-0.2515084147453308,-0.31550630927085876,24.2547607421875,23.910945892333984,-0.0,-0.0,-0.0,-0.0,off
11.0,16.44893455505371,2.194065809249878,17.778715133666992,-0.2515924572944641,-0.30911490321159363,24.32003402709961,23.950937271118164,-0.0,-0.0,-0.0,-0.0,off
11.02,16.50360679626465,2.1141602993011475,17.78915786743164,-0.23555752635002136,-0.30175915360450745,24.357603073120117,23.99065589904785,-0.0,-0.0,-0.0,-0.0,off
11.040000000000001,16.563945770263672,2.0782926082611084,17.758840560913086,-0.22912296652793884,-0.29449552297592163,24.37334632873535,24.027978897094727,-0.0,-0.0,-0.0,-0.0,off
11.06,16.59466552734375,2.072270154953003,17.750574111938477,-0.22330589592456818,-0.2873765528202057,24.387704849243164,24.063125610351562,-0.0,-0.0,-0.0,-0.0,off
11.08,16.671066284179688,2.034701108932495,17.75231170654297,-0.2200789451599121,-0.28064677119255066,24.4378604888916,24.099769592285156,-0.0,-0.0,-0.0,-0.0,off
11.1,16.712398529052734,2.052593469619751,17.726852416992188,-0.1977832019329071,-0.2723603844642639,24.44910430908203,24.133974075317383,-0.0,0.0,-0.0,-0.0,off
11.120000000000001,16.794321060180664,1.9865953922271729,17.7220516204834,-0.18833401799201965,-0.2639577388763428,24.49626350402832,24.169404983520508,-0.0,0.0,-0.0,-0.0,off
11.14,16.853530883789062,1.9345390796661377,17.714950561523438,-0.18809068202972412,-0.25637102127075195,24.527605056762695,24.20441436767578,-0.0,-0.0,-0.0,-0.0,off
11.16,16.844316482543945,1.8942687511444092,17.70895767211914,-0.19429908692836761,-0.25016382336616516,24.5137996673584,24.234643936157227,-0.0,-0.0,-0.0,-0.0,off
11.18,16.934171676635742,1.8938486576080322,17.702938079833984,-0.19131378829479218,-0.24427881836891174,24.571260452270508,24.26761245727539,-0.0,0.0,-0.0,-0.0,off
11.200000000000001,16.929027557373047,1.916344404220581,17.692501068115234,-0.18144330382347107,-0.23799525201320648,24.561941146850586,24.296506881713867,-0.0,-0.0,-0.0,-0.0,off
11.22,16.955652236938477,1.8379509449005127,17.66497230529785,-0.18265202641487122,-0.23246093094348907,24.554500579833984,24.321720123291016,-0.0,-0.0,-0.0,-0.0,off
11.24,17.029510498046875,1.842125654220581,17.659439086914062,-0.19475609064102173,-0.22869044542312622,24.601898193359375,24.349178314208984,-0.0,0.0,-0.0,-0.0,off
11.26,17.05014419555664,1.8238413333892822,17.641103744506836,-0.1965634524822235,-0.22547774016857147,24.601675033569336,24.373912811279297,-0.0,0.0,-0.0,-0.0,off
11.28,17.123376846313477,1.8657262325286865,17.63103485107422,-0.19535227119922638,-0.22246518731117249,24.648414611816406,24.400894165039062,-0.0,-0.0,-0.0,-0.0,off
11.3,17.253265380859375,1.8985235691070557,17.60569190979004,-0.17984196543693542,-0.2182028591632843,24.7232666015625,24.43259048461914,-0.0,-0.0,-0.0,-0.0,off
11.32,17.39388084411621,1.8996708393096924,17.59967613220215,-0.1768490970134735,-0.2140674740076065,24.817420959472656,24.47043800354004,-0.0,-0.0,-0.0,-0.0,off
11.34,17.40702247619629,1.8988993167877197,17.57651138305664,-0.19278734922409058,-0.21193945407867432,24.81015968322754,24.503847122192383,-0.0,-0.0,-0.0,-0.0,off
11.36,17.422470092773438,1.8831188678741455,17.567188262939453,-0.1956518590450287,-0.2103106826543808,24.813196182250977,24.53428840637207,-0.0,-0.0,-0.0,-0.0,off
11.38,17.467853546142578,1.914421796798706,17.5504207611084,-0.19073417782783508,-0.20835302770137787,24.83562469482422,24.563961029052734,-0.0,-0.0,-0.0,-0.0,off
11.4,17.53804588317871,1.880826711654663,17.540170669555664,-0.18629229068756104,-0.2061469405889511,24.87525177001953,24.5946044921875,0.0,0.0,-0.0,0.0,off
11.42,17.615325927734375,1.907254934310913,17.520496368408203,-0.19413286447525024,-0.20494553446769714,24.91796875,24.62643814086914,0.0,0.0,-0.0,0.0,off
11.44,17.723756790161133,1.826460599899292,17.506437301635742,-0.20685748755931854,-0.2051367163658142,24.978849411010742,24.66107177734375,-0.0,0.0,-0.0,-0.0,off
11.46,17.773815155029297,1.8426215648651123,17.473798751831055,-0.21759222447872162,-0.20638225972652435,24.992746353149414,24.693645477294922,-0.0,-0.0,-0.0,-0.0,off
11.48,17.80095100402832,1.8885414600372314,17.459392547607422,-0.21061590313911438,-0.20680561661720276,25.005414962768555,24.724308013916016,-0.0,-0.0,-0.0,-0.0,off
11.5,17.801170349121094,1.9224464893341064,17.42020034790039,-0.2012549787759781,-0.20625054836273193,24.980810165405273,24.749500274658203,-0.0,-0.0,-0.0,-0.0,off
11.52,17.913721084594727,1.9060890674591064,17.395362854003906,-0.20749063789844513,-0.20637455582618713,25.04262924194336,24.778263092041016,-0.0,-0.0,-0.0,-0.0,off
11.540000000000001,17.94147491455078,1.91782546043396,17.366270065307617,-0.20017406344413757,-0.20575448870658875,25.043201446533203,24.804241180419922,-0.0,-0.0,-0.0,-0.0,off
11.56,17.950740814208984,1.9090516567230225,17.343399047851562,-0.18844720721244812,-0.20402376353740692,25.0333194732666,24.826692581176758,-0.0,-0.0,-0.0,-0.0,off
11.58,18.065065383911133,1.9498178958892822,17.293018341064453,-0.18639472126960754,-0.2022608518600464,25.083797454833984,24.851821899414062,-0.0,0.0,-0.0,-0.0,off
11.6,18.114463806152344,1.988673448562622,17.2780818939209,-0.18182522058486938,-0.20021727681159973,25.112163543701172,24.87729835510254,-0.0,-0.0,-0.0,-0.0,off
11.620000000000001,18.2014102935791,2.033350706100464,17.235992431640625,-0.1927984207868576,-0.19947537779808044,25.149658203125,24.903900146484375,-0.0,-0.0,-0.0,-0.0,off
11.64,18.212039947509766,2.058631658554077,17.202861785888672,-0.1828238070011139,-0.19781021773815155,25.136722564697266,24.926597595214844,-0.0,0.0,-0.0,-0.0,off
11.66,18.3094482421875,2.1194870471954346,17.164915084838867,-0.1698128581047058,-0.1950104832649231,25.186552047729492,24.95191192626953,-0.0,-0.0,-0.0,-0.0,off
11.68,18.422378540039062,2.119371175765991,17.11874771118164,-0.16177059710025787,-0.1916864812374115,25.23741912841797,24.979677200317383,-0.0,-0.0,-0.0,-0.0,off
11.700000000000001,18.455402374267578,2.2062957286834717,17.059114456176758,-0.17942418158054352,-0.1904602348804474,25.228614807128906,25.003742218017578,0.0,-0.0,-0.0,0.0,off
11.72,18.562562942504883,2.3022854328155518,17.012895584106445,-0.19128087162971497,-0.1905422955751419,25.28453826904297,25.03083610534668,0.0,-0.0,-0.0,0.0,off
11.74,18.626415252685547,2.3020451068878174,16.966819763183594,-0.1791476160287857,-0.18940281867980957,25.30051040649414,25.056825637817383,-0.0,-0.0,-0.0,-0.0,off
11.76,18.762475967407227,2.3511369228363037,16.899757385253906,-0.16240261495113373,-0.18670278787612915,25.36060333251953,25.08601951599121,-0.0,-0.0,-0.0,-0.0,off
11.78,18.82426643371582,2.4453113079071045,16.833370208740234,-0.15457011759281158,-0.18348953127861023,25.371143341064453,25.113245010375977,-0.0,-0.0,-0.0,-0.0,off
11.8,18.904529571533203,2.535886526107788,16.76360321044922,-0.15970709919929504,-0.18111127614974976,25.393508911132812,25.139842987060547,-0.0,0.0,-0.0,-0.0,off
11.82,19.001697540283203,2.562293291091919,16.714941024780273,-0.14699211716651917,-0.17769935727119446,25.43657112121582,25.168048858642578,-0.0,0.0,-0.0,-0.0,off
11.84,19.18816375732422,2.618522882461548,16.664981842041016,-0.12804041802883148,-0.17273347079753876,25.549245834350586,25.204448699951172,-0.0,-0.0,-0.0,-0.0,off
11.86,19.250972747802734,2.7151410579681396,16.57316017150879,-0.1084900051355362,-0.16630911827087402,25.546850204467773,25.23682975769043,-0.0,-0.0,-0.0,-0.0,off
11.88,19.35090446472168,2.8271939754486084,16.506038665771484,-0.10172949731349945,-0.15985114872455597,25.59101104736328,25.27020835876465,0.0,-0.0,-0.0,0.0,off
11.9,19.398731231689453,2.931727170944214,16.43267059326172,-0.08265239000320435,-0.15213127434253693,25.591764450073242,25.300256729125977,0.0,0.0,-0.0,0.0,off
11.92,19.495256423950195,3.0144646167755127,16.35421371459961,-0.04887493699789047,-0.14180563390254974,25.624446868896484,25.330429077148438,0.0,0.0,-0.0,0.0,off
11.94,19.59238052368164,3.049389123916626,16.290857315063477,-0.008243471384048462,-0.12844941020011902,25.66227149963379,25.36137580871582,-0.0,0.0,-0.0,-0.0,off
11.96,19.7272891998291,3.1020915508270264,16.231752395629883,0.04233333468437195,-0.11137113720178604,25.734386444091797,25.396345138549805,-0.0,-0.0,-0.0,-0.0,off
11.98,19.75316047668457,3.166668653488159,16.152502059936523,0.08362390100955963,-0.09187163412570953,25.71222496032715,25.425668716430664,-0.0,-0.0,-0.0,-0.0,off
12.0,19.865156173706055,3.3342368602752686,16.07356071472168,0.13499897718429565,-0.0691845715045929,25.77015495300293,25.4575138092041,-0.0,-0.0,-0.0,-0.0,off
12.02,19.99753189086914,3.444833517074585,16.006975173950195,0.19040220975875854,-0.04322589188814163,25.845529556274414,25.493511199951172,-0.0,-0.0,-0.0,-0.0,off
12.040000000000001,20.16612434387207,3.566054582595825,15.933980941772461,0.23864150047302246,-0.015039153397083282,25.947660446166992,25.535812377929688,-0.0,0.0,-0.0,-0.0,off
12.06,20.164119720458984,3.560925245285034,15.886834144592285,0.2749156355857849,0.013956326059997082,25.91646957397461,25.57124137878418,-0.0,0.0,-0.0,-0.0,off
12.08,20.292949676513672,3.6849982738494873,15.813755989074707,0.30545729398727417,0.04310642182826996,25.989572525024414,25.61020278930664,-0.0,0.0,-0.0,-0.0,off
12.1,20.29237174987793,3.7609059810638428,15.764657974243164,0.34037327766418457,0.0728331059217453,25.97015953063965,25.643564224243164,-0.0,0.0,-0.0,-0.0,off
12.120000000000001,20.371545791625977,3.828751802444458,15.69539737701416,0.36103135347366333,0.10165292769670486,26.000089645385742,25.67659568786621,-0.0,0.0,-0.0,-0.0,off
12.14,20.498292922973633,3.9854328632354736,15.633047103881836,0.3963877558708191,0.13112640380859375,26.085548400878906,25.714584350585938,-0.0,-0.0,-0.0,-0.0,off
12.16,20.519760131835938,3.9712698459625244,15.55424690246582,0.424430787563324,0.1604568362236023,26.05314064025879,25.74586296081543,-0.0,-0.0,-0.0,-0.0,off
12.18,20.6060733795166,3.9444596767425537,15.47213363647461,0.4489707946777344,0.18930822610855103,26.068294525146484,25.77569580078125,-0.0,-0.0,-0.0,-0.0,off
12.200000000000001,20.7231502532959,4.1099700927734375,15.33328914642334,0.4665531516075134,0.21703271567821503,26.1046085357666,25.8056640625,-0.0,-0.0,-0.0,-0.0,off
12.22,20.88631248474121,4.227039337158203,15.250068664550781,0.48830902576446533,0.24416035413742065,26.204397201538086,25.84231948852539,-0.0,-0.0,-0.0,-0.0,off
12.24,20.929317474365234,4.358793258666992,15.134068489074707,0.4874885082244873,0.2684931755065918,26.193042755126953,25.87401008605957,-0.0,-0.0,-0.0,-0.0,off
12.26,21.057415008544922,4.4832844734191895,15.013029098510742,0.4836019277572632,0.29000404477119446,26.247011184692383,25.907590866088867,-0.0,-0.0,-0.0,-0.0,off
12.280000000000001,21.182144165039062,4.6446614265441895,14.855612754821777,0.48138678073883057,0.3091423213481903,26.285839080810547,25.941144943237305,-0.0,-0.0,-0.0,-0.0,off
12.3,21.296627044677734,4.783373832702637,14.675641059875488,0.4800044298171997,0.326228529214859,26.3021183013916,25.97244644165039,-0.0,0.0,-0.0,-0.0,off
12.32,21.42257308959961,4.8512115478515625,14.439223289489746,0.47848790884017944,0.3414544463157654,26.285966873168945,25.998455047607422,-0.0,0.0,-0.0,-0.0,off
12.34,21.61935043334961,4.969846248626709,14.102770805358887,0.4668995141983032,0.35399895906448364,26.286571502685547,26.02051544189453,-0.0,-0.0,-0.0,-0.0,off
12.36,21.815650939941406,5.174131870269775,13.824585914611816,0.4517107605934143,0.36377012729644775,26.34033966064453,26.04436492919922,-0.0,-0.0,-0.0,-0.0,off
12.38,21.977365493774414,5.36036491394043,13.573452949523926,0.4386633634567261,0.3712594509124756,26.381370544433594,26.068933486938477,-0.0,-0.0,-0.0,-0.0,off
12.4,22.216047286987305,5.559071063995361,13.206969261169434,0.4252697229385376,0.37666046619415283,26.43634033203125,26.094518661499023,-0.0,-0.0,-0.0,-0.0,off
12.42,22.396209716796875,5.644286155700684,12.823593139648438,0.4192151427268982,0.38091593980789185,26.417659759521484,26.114253997802734,-0.0,-0.0,-0.0,-0.0,off
12.44,22.405582427978516,5.589488983154297,12.36026382446289,0.42392879724502563,0.38521721959114075,26.192148208618164,26.108625411987305,-0.0,-0.0,-0.0,-0.0,off
12.46,22.4305362701416,5.470526695251465,11.87099838256836,0.42859840393066406,0.38955533504486084,25.96105194091797,26.079416275024414,-0.0,0.0,-0.0,-0.0,off
12.48,22.517255783081055,5.367153167724609,11.385180473327637,0.4285091757774353,0.39345070719718933,25.796422958374023,26.035184860229492,-0.0,-0.0,-0.0,-0.0,off
12.5,22.51030158996582,5.253048419952393,10.90717601776123,0.41320526599884033,0.3954261541366577,25.559240341186523,25.970643997192383,-0.0,-0.0,-0.0,-0.0,off
12.52,22.428682327270508,5.203098773956299,10.511812210083008,0.3885156512260437,0.39473509788513184,25.31039810180664,25.88766098022461,-0.0,0.0,-0.0,-0.0,off
12.540000000000001,22.572776794433594,5.433829307556152,10.15999698638916,0.37146538496017456,0.3924081027507782,25.34328842163086,25.81499481201172,-0.0,0.0,-0.0,-0.0,off
12.56,22.730274200439453,5.529460430145264,9.934779167175293,0.37413114309310913,0.390580415725708,25.41535186767578,25.757139205932617,-0.0,-0.0,-0.0,-0.0,off
12.58,22.843528747558594,5.485466480255127,9.627680778503418,0.3762727379798889,0.38914963603019714,25.389158248901367,25.702449798583984,-0.0,-0.0,-0.0,-0.0,off
12.6,23.131084442138672,5.650444984436035,9.370194435119629,0.36715471744537354,0.38695013523101807,25.58857536315918,25.672481536865234,-0.0,-0.0,-0.0,-0.0,off
12.620000000000001,23.360443115234375,5.777771949768066,9.211380958557129,0.3634008765220642,0.38459518551826477,25.76708221435547,25.664138793945312,-0.0,-0.0,-0.0,-0.0,off
12.64,23.58698844909668,5.9498395919799805,9.077784538269043,0.3733927011489868,0.3834749162197113,25.964452743530273,25.67725372314453,-0.0,-0.0,-0.0,-0.0,off
12.66,23.82175064086914,6.071531295776367,8.860644340515137,0.38320302963256836,0.38344770669937134,26.131404876708984,25.705852508544922,-0.0,-0.0,-0.0,-0.0,off
12.68,24.119823455810547,6.244429588317871,8.71066951751709,0.38718730211257935,0.38382166624069214,26.393835067749023,25.758275985717773,-0.0,-0.0,-0.0,-0.0,off
12.700000000000001,24.4244384765625,6.365176200866699,8.5800142288208,0.3857077360153198,0.3840102553367615,26.658681869506836,25.832687377929688,-0.0,-0.0,-0.0,-0.0,off
12.72,24.60384750366211,6.521322250366211,8.528361320495605,0.3977739214897156,0.3853866159915924,26.844179153442383,25.9199161529541,-0.0,0.0,-0.0,-0.0,off
12.74,24.822940826416016,6.602278709411621,8.39957332611084,0.41535133123397827,0.38838309049606323,27.024457931518555,26.017343521118164,-0.0,-0.0,-0.0,-0.0,off
12.76,24.985328674316406,6.672506332397461,8.21636962890625,0.4228019118309021,0.39182496070861816,27.13480567932129,26.1165828704834,-0.0,-0.0,-0.0,-0.0,off
12.780000000000001,25.18246078491211,6.775609493255615,8.056872367858887,0.417386531829834,0.3943811058998108,27.294292449951172,26.222352981567383,-0.0,-0.0,-0.0,-0.0,off
12.8,25.268152236938477,6.833073616027832,7.895233631134033,0.41346651315689087,0.3962896168231964,27.340539932250977,26.32297706604004,-0.0,-0.0,-0.0,-0.0,off
12.82,25.352493286132812,7.01944637298584,7.80129337310791,0.4260416626930237,0.3992648124694824,27.438690185546875,26.424278259277344,-0.0,-0.0,-0.0,-0.0,off
12.84,25.441524505615234,7.039280891418457,7.6699137687683105,0.44182121753692627,0.4035204350948334,27.489091873168945,26.521377563476562,-0.0,-0.0,-0.0,-0.0,off
12.86,25.55855941772461,7.040993690490723,7.519629001617432,0.4463903307914734,0.4078074097633362,27.556493759155273,26.616113662719727,-0.0,-0.0,-0.0,-0.0,off
12.88,25.622020721435547,7.076463222503662,7.448219299316406,0.45276033878326416,0.412302702665329,27.605077743530273,26.707321166992188,-0.0,-0.0,-0.0,-0.0,off
12.9,25.651155471801758,7.114291667938232,7.405434608459473,0.4625736474990845,0.4173297882080078,27.630334854125977,26.793071746826172,-0.0,-0.0,-0.0,-0.0,off
12.92,25.665298461914062,7.149388313293457,7.3823981285095215,0.4701080918312073,0.4226076006889343,27.6463565826416,26.8729248046875,-0.0,-0.0,-0.0,-0.0,off
12.94,25.693071365356445,7.151459693908691,7.34358024597168,0.4693528413772583,0.4272821247577667,27.6623477935791,26.94722557067871,-0.0,-0.0,-0.0,-0.0,off
12.96,25.715206146240234,7.114354133605957,7.32735013961792,0.4684867858886719,0.4314025938510895,27.669042587280273,27.01561164855957,-0.0,-0.0,-0.0,-0.0,off
12.98,25.77016258239746,7.122248649597168,7.259354591369629,0.46876686811447144,0.4351390302181244,27.70425796508789,27.0810604095459,-0.0,-0.0,-0.0,-0.0,off
13.0,25.716873168945312,7.1901702880859375,7.291842937469482,0.4746744632720947,0.4390925467014313,27.68080711364746,27.138383865356445,-0.0,-0.0,-0.0,-0.0,off
13.02,25.694416046142578,7.236471652984619,7.239871501922607,0.48350822925567627,0.44353410601615906,27.658367156982422,27.18802261352539,0.0,0.0,-0.0,0.0,off
13.040000000000001,25.67108917236328,7.373900413513184,7.222472667694092,0.4934994578361511,0.4485306143760681,27.668453216552734,27.23393440246582,-0.0,-0.0,-0.0,-0.0,off
13.06,25.628387451171875,7.440520286560059,7.256778717041016,0.501959502696991,0.45387351512908936,27.655675888061523,27.274410247802734,-0.0,0.0,-0.0,-0.0,off
13.08,25.639766693115234,7.58901309967041,7.262998104095459,0.5169797539710999,0.46018412709236145,27.708154678344727,27.316177368164062,-0.0,-0.0,-0.0,-0.0,off
13.1,25.642486572265625,7.6581220626831055,7.287814140319824,0.5430323481559753,0.46846893429756165,27.736188888549805,27.356815338134766,-0.0,-0.0,-0.0,-0.0,off
13.120000000000001,25.62086296081543,7.6854472160339355,7.349521160125732,0.5707352161407471,0.4786955714225769,27.74004554748535,27.39410972595215,-0.0,-0.0,-0.0,-0.0,off
13.14,25.634660720825195,7.799504280090332,7.356520175933838,0.5934685468673706,0.4901728630065918,27.78644371032715,27.432321548461914,-0.0,-0.0,-0.0,-0.0,off
13.16,25.635080337524414,7.794312477111816,7.390410423278809,0.6127293109893799,0.5024284720420837,27.79436683654785,27.467761993408203,-0.0,0.0,-0.0,-0.0,off
13.18,25.601947784423828,7.919154167175293,7.421508312225342,0.644036054611206,0.5165892243385315,27.80739974975586,27.50092315673828,-0.0,0.0,-0.0,-0.0,off
13.200000000000001,25.574024200439453,8.003971099853516,7.464541912078857,0.6744168996810913,0.532371997833252,27.817506790161133,27.531810760498047,-0.0,0.0,-0.0,-0.0,off
13.22,25.634706497192383,8.167530059814453,7.490509510040283,0.6964210271835327,0.5487769246101379,27.92766571044922,27.57048988342285,-0.0,-0.0,-0.0,-0.0,off
13.24,25.585308074951172,8.148565292358398,7.564176082611084,0.7130897045135498,0.5652081966400146,27.896663665771484,27.602439880371094,-0.0,0.0,-0.0,-0.0,off
13.26,25.540931701660156,8.234854698181152,7.5781168937683105,0.7378373742103577,0.5824711322784424,27.88511848449707,27.629985809326172,-0.0,0.0,-0.0,-0.0,off
13.280000000000001,25.55384635925293,8.339548110961914,7.599353790283203,0.7727973461151123,0.6015037298202515,27.933801651000977,27.659589767456055,-0.0,-0.0,-0.0,-0.0,off
13.3,25.5833740234375,8.432843208312988,7.615310192108154,0.8009564876556396,0.6214489936828613,27.993120193481445,27.692148208618164,-0.0,-0.0,-0.0,-0.0,off
13.32,25.562896728515625,8.49885368347168,7.6855902671813965,0.8141133785247803,0.6407154202461243,28.01357650756836,27.723512649536133,-0.0,-0.0,-0.0,-0.0,off
13.34,25.487686157226562,8.516142845153809,7.804851055145264,0.8264506459236145,0.6592889428138733,27.983253479003906,27.748754501342773,-0.0,-0.0,-0.0,-0.0,off
13.36,25.48617935180664,8.632710456848145,7.8972487449646,0.8460282683372498,0.6779628396034241,28.043458938598633,27.77736473083496,-0.0,-0.0,-0.0,-0.0,off
13.38,25.414499282836914,8.685197830200195,7.9619035720825195,0.8823003172874451,0.6983965635299683,28.01287841796875,27.80001449584961,-0.0,-0.0,-0.0,-0.0,off
13.4,25.421016693115234,8.8567476272583,7.991489410400391,0.8872775435447693,0.7172846794128418,28.080846786499023,27.826988220214844,-0.0,0.0,-0.0,-0.0,off
13.42,25.44823455810547,8.942811012268066,8.065524101257324,0.8907139897346497,0.7346276044845581,28.15384864807129,27.85856056213379,-0.0,-0.0,-0.0,-0.0,off
13.44,25.501785278320312,9.07936954498291,8.110925674438477,0.8861661553382874,0.7497814297676086,28.258859634399414,27.89739990234375,-0.0,-0.0,-0.0,-0.0,off
13.46,25.45026397705078,9.182909965515137,8.27147388458252,0.9113282561302185,0.7659360766410828,28.29238510131836,27.935495376586914,-0.0,-0.0,-0.0,-0.0,off
13.48,25.407459259033203,9.265116691589355,8.388044357299805,0.9262562394142151,0.7819680571556091,28.315025329589844,27.971927642822266,-0.0,-0.0,-0.0,-0.0,off
13.5,25.382171630859375,9.446537971496582,8.501011848449707,0.9407808184623718,0.7978492975234985,28.385892868041992,28.011463165283203,-0.0,-0.0,-0.0,-0.0,off
13.52,25.410945892333984,9.605202674865723,8.55490779876709,0.9430738091468811,0.8123717308044434,28.480915069580078,28.056447982788086,-0.0,-0.0,-0.0,-0.0,off
13.540000000000001,25.384445190429688,9.684669494628906,8.69076919555664,0.9510228037834167,0.8262368440628052,28.525293350219727,28.10129737854004,-0.0,0.0,-0.0,-0.0,off
13.56,25.36213493347168,9.7527494430542,8.82433032989502,0.969006359577179,0.8405137658119202,28.56961441040039,28.14604949951172,-0.0,-0.0,-0.0,-0.0,off
13.58,25.336448669433594,9.847968101501465,8.93325424194336,0.9703579545021057,0.8534982204437256,28.613304138183594,28.19061851501465,-0.0,-0.0,-0.0,-0.0,off
13.6,25.306171417236328,9.975530624389648,8.973393440246582,0.962526261806488,0.8644009828567505,28.64324188232422,28.233694076538086,-0.0,-0.0,-0.0,-0.0,off
13.620000000000001,25.281478881835938,10.070219993591309,9.108229637145996,0.9555689692497253,0.8735177516937256,28.697080612182617,28.27773094177246,-0.0,-0.0,-0.0,-0.0,off
13.64,25.290422439575195,10.139084815979004,9.157912254333496,0.9746683239936829,0.8836327791213989,28.744979858398438,28.322345733642578,-0.0,-0.0,-0.0,-0.0,off
13.66,25.26799964904785,10.316588401794434,9.265613555908203,0.975179135799408,0.8927873969078064,28.822826385498047,28.369998931884766,-0.0,-0.0,-0.0,-0.0,off
13.68,25.264480590820312,10.366686820983887,9.373274803161621,0.9553207755088806,0.899040699005127,28.872486114501953,28.41796875,-0.0,0.0,-0.0,-0.0,off
13.700000000000001,25.273746490478516,10.456862449645996,9.46079158782959,0.9446273446083069,0.9035993814468384,28.94157600402832,28.468114852905273,-0.0,-0.0,-0.0,-0.0,off
13.72,25.251352310180664,10.5659818649292,9.598281860351562,0.9407102465629578,0.907310426235199,29.00685691833496,28.519620895385742,-0.0,0.0,-0.0,-0.0,off
13.74,25.266983032226562,10.748478889465332,9.71308422088623,0.9478660225868225,0.9113659262657166,29.125490188598633,28.57762908935547,-0.0,-0.0,-0.0,-0.0,off
13.76,25.267505645751953,10.794656753540039,9.85077953338623,0.9727343916893005,0.917502760887146,29.189197540283203,28.636289596557617,-0.0,-0.0,-0.0,-0.0,off
13.780000000000001,25.302854537963867,10.924748420715332,9.864701271057129,0.975932776927948,0.923345685005188,29.272802352905273,28.697650909423828,-0.0,-0.0,-0.0,-0.0,off
13.8,25.320587158203125,11.068886756896973,9.976293563842773,0.9858421683311462,0.9295953512191772,29.379905700683594,28.76348876953125,-0.0,-0.0,-0.0,-0.0,off
13.82,25.296693801879883,11.201360702514648,10.118945121765137,1.0149786472320557,0.9381336569786072,29.45821189880371,28.83036994934082,-0.0,-0.0,-0.0,-0.0,off
13.84,25.25397300720215,11.217462539672852,10.24326229095459,1.0456559658050537,0.9488859176635742,29.47064781188965,28.891918182373047,-0.0,-0.0,-0.0,-0.0,off
13.86,25.28449249267578,11.364625930786133,10.286870002746582,1.0630266666412354,0.9602999687194824,29.568225860595703,28.957172393798828,0.0,-0.0,-0.0,0.0,off
13.88,25.277101516723633,11.391671180725098,10.410616874694824,1.0784556865692139,0.9721155166625977,29.61558723449707,29.02076530456543,0.0,-0.0,-0.0,0.0,off
13.9,25.24871063232422,11.456243515014648,10.502425193786621,1.090085744857788,0.983912467956543,29.64867401123047,29.08135986328125,-0.0,-0.0,-0.0,-0.0,off
13.92,25.274986267089844,11.530535697937012,10.616545677185059,1.1240382194519043,0.9979249835014343,29.74036407470703,29.1451358795166,-0.0,-0.0,-0.0,-0.0,off
13.94,25.25919532775879,11.574779510498047,10.721314430236816,1.1507031917572021,1.0132027864456177,29.78169059753418,29.20673942565918,-0.0,-0.0,-0.0,-0.0,off
13.96,25.30153465270996,11.663636207580566,10.704497337341309,1.1491739749908447,1.0267999172210693,29.84617805480957,29.26896858215332,-0.0,-0.0,-0.0,-0.0,off
13.98,25.291194915771484,11.650812149047852,10.805327415466309,1.1334519386291504,1.0374650955200195,29.868730545043945,29.327377319335938,-0.0,-0.0,-0.0,-0.0,off
14.0,25.314369201660156,11.724664688110352,10.809815406799316,1.131211280822754,1.046839714050293,29.918842315673828,29.385164260864258,-0.0,0.0,-0.0,-0.0,off
14.02,25.36090660095215,11.823956489562988,10.86034870147705,1.1108851432800293,1.0532442331314087,30.015474319458008,29.44692611694336,-0.0,0.0,-0.0,-0.0,off
14.040000000000001,25.355159759521484,11.931199073791504,10.9901704788208,1.0872693061828613,1.056646704673767,30.100191116333008,29.510835647583008,-0.0,-0.0,-0.0,-0.0,off
14.06,25.303638458251953,12.048467636108398,11.067156791687012,1.061464786529541,1.0571285486221313,30.131738662719727,29.57137680053711,-0.0,0.0,-0.0,-0.0,off
14.08,25.294443130493164,12.183688163757324,11.185835838317871,1.0583467483520508,1.0572503805160522,30.222078323364258,29.634729385375977,-0.0,0.0,-0.0,-0.0,off
14.1,25.29566764831543,12.226934432983398,11.30535888671875,1.0604748725891113,1.057572841644287,30.284976959228516,29.69808006286621,-0.0,0.0,-0.0,-0.0,off
14.120000000000001,25.30717658996582,12.275542259216309,11.342757225036621,1.0636780261993408,1.0581833124160767,30.328208923339844,29.759611129760742,-0.0,-0.0,-0.0,-0.0,off
14.14,25.323945999145508,12.343400955200195,11.417987823486328,1.0466489791870117,1.0570298433303833,30.397897720336914,29.822032928466797,-0.0,-0.0,-0.0,-0.0,off
14.16,25.333528518676758,12.359064102172852,11.523598670959473,1.031888484954834,1.0545157194137573,30.452051162719727,29.883710861206055,0.0,-0.0,-0.0,0.0,off
14.18,25.358150482177734,12.49998950958252,11.579419136047363,1.0222797393798828,1.051292061805725,30.55107879638672,29.949111938476562,0.0,-0.0,-0.0,0.0,off
14.200000000000001,25.418540954589844,12.696295738220215,11.612635612487793,1.0054185390472412,1.046704649925232,30.694486618041992,30.022289276123047,-0.0,-0.0,-0.0,-0.0,off
14.22,25.409242630004883,12.796881675720215,11.723843574523926,0.9894745945930481,1.040981650352478,30.77073860168457,30.095685958862305,-0.0,0.0,-0.0,-0.0,off
14.24,25.321678161621094,12.900805473327637,11.916824340820312,0.9851090312004089,1.035394310951233,30.81604766845703,30.16590690612793,-0.0,-0.0,-0.0,-0.0,off
14.26,25.317325592041016,13.048591613769531,11.994898796081543,0.9820252060890198,1.0300573110580444,30.90485954284668,30.2379150390625,-0.0,-0.0,-0.0,-0.0,off
14.280000000000001,25.327756881713867,13.0423583984375,12.113216400146484,0.9750241637229919,1.0245540142059326,30.956878662109375,30.308107376098633,-0.0,-0.0,-0.0,-0.0,off
14.3,25.31397819519043,13.101244926452637,12.295945167541504,0.9587735533714294,1.017975926399231,31.042396545410156,30.379688262939453,-0.0,-0.0,-0.0,-0.0,off
14.32,25.326204299926758,13.158184051513672,12.463089942932129,0.9420188069343567,1.0103801488876343,31.142946243286133,30.454103469848633,-0.0,-0.0,-0.0,-0.0,off
14.34,25.292198181152344,13.189900398254395,12.609404563903809,0.926622211933136,1.0020043849945068,31.187591552734375,30.525482177734375,-0.0,-0.0,-0.0,-0.0,off
14.36,25.256633758544922,13.245776176452637,12.783232688903809,0.9310166239738464,0.9949055910110474,31.25314712524414,30.596105575561523,-0.0,-0.0,-0.0,-0.0,off
14.38,25.27112579345703,13.405194282531738,12.92125415802002,0.914620578289032,0.9868770837783813,31.38929557800293,30.673171997070312,-0.0,-0.0,-0.0,-0.0,off
14.4,25.237369537353516,13.513893127441406,13.1121826171875,0.8995476365089417,0.9781441688537598,31.48776626586914,30.752111434936523,-0.0,-0.0,-0.0,-0.0,off
14.42,25.179393768310547,13.522157669067383,13.308375358581543,0.8828461766242981,0.9686143398284912,31.52718734741211,30.826927185058594,-0.0,-0.0,-0.0,-0.0,off
14.44,25.148719787597656,13.704020500183105,13.437987327575684,0.8679125905036926,0.958544135093689,31.63602066040039,30.904987335205078,-0.0,0.0,-0.0,-0.0,off
14.46,25.136091232299805,13.668421745300293,13.699353218078613,0.8722274899482727,0.949912428855896,31.722564697265625,30.983707427978516,-0.0,0.0,-0.0,-0.0,off
14.48,25.134084701538086,13.741673469543457,13.812787055969238,0.8842964768409729,0.9433507919311523,31.801712036132812,31.062631607055664,-0.0,0.0,-0.0,-0.0,off
14.5,25.127452850341797,13.774947166442871,14.04462718963623,0.8806944489479065,0.9370851516723633,31.91221809387207,31.144512176513672,-0.0,-0.0,-0.0,-0.0,off
14.52,25.06177520751953,13.79890251159668,14.290053367614746,0.8954796195030212,0.9329246282577515,31.97980499267578,31.224590301513672,-0.0,-0.0,-0.0,-0.0,off
14.540000000000001,25.055089950561523,13.863640785217285,14.50163459777832,0.9131720662117004,0.930949330329895,32.097591400146484,31.30831527709961,-0.0,-0.0,-0.0,-0.0,off
14.56,25.070188522338867,13.97367000579834,14.676236152648926,0.9396663308143616,0.9318209886550903,32.23615646362305,31.397563934326172,-0.0,-0.0,-0.0,-0.0,off
14.58,25.063518524169922,14.071088790893555,14.822344779968262,0.9425761103630066,0.9328964352607727,32.34002685546875,31.488374710083008,-0.0,-0.0,-0.0,-0.0,off
14.6,25.047176361083984,14.063096046447754,15.01618480682373,0.9523176550865173,0.9348385334014893,32.413230895996094,31.577411651611328,-0.0,-0.0,-0.0,-0.0,off
14.620000000000001,25.015399932861328,14.139304161071777,15.119869232177734,0.9660037159919739,0.9379550218582153,32.46999740600586,31.663421630859375,-0.0,-0.0,-0.0,-0.0,off
14.64,25.05311393737793,14.194462776184082,15.244659423828125,0.997410237789154,0.9439005255699158,32.581295013427734,31.75224494934082,-0.0,-0.0,-0.0,-0.0,off
14.66,25.111970901489258,14.26745319366455,15.332762718200684,1.0267493724822998,0.9521853923797607,32.699615478515625,31.844404220581055,-0.0,0.0,-0.0,-0.0,off
14.68,25.15613555908203,14.296216011047363,15.44267463684082,1.066331148147583,0.9635999798774719,32.79770278930664,31.937421798706055,-0.0,0.0,-0.0,-0.0,off
14.700000000000001,25.14065170288086,14.189675331115723,15.568913459777832,1.096548080444336,0.976894736289978,32.79924392700195,32.02140808105469,-0.0,-0.0,-0.0,-0.0,off
14.72,25.12926483154297,14.206599235534668,15.642889976501465,1.1373252868652344,0.9929377436637878,32.83302307128906,32.1005744934082,-0.0,-0.0,-0.0,-0.0,off
14.74,25.13702392578125,14.184365272521973,15.759263038635254,1.1461527347564697,1.0082592964172363,32.88496017456055,32.177120208740234,-0.0,-0.0,-0.0,-0.0,off
14.76,25.160816192626953,14.209303855895996,15.8262300491333,1.104362964630127,1.0178695917129517,32.94602584838867,32.252349853515625,-0.0,-0.0,-0.0,-0.0,off
14.780000000000001,25.068580627441406,14.263057708740234,15.913667678833008,1.0731079578399658,1.0233933925628662,32.94105911254883,32.31951904296875,-0.0,-0.0,-0.0,-0.0,off
14.8,25.034706115722656,14.35783576965332,15.947787284851074,1.0503456592559814,1.0260885953903198,32.972957611083984,32.38333511352539,-0.0,0.0,-0.0,-0.0,off
14.82,24.981292724609375,14.496541976928711,15.939319610595703,1.0610368251800537,1.02958345413208,32.989036560058594,32.442527770996094,-0.0,0.0,-0.0,-0.0,off
14.84,24.925277709960938,14.551305770874023,15.952960014343262,1.0605530738830566,1.0326803922653198,32.97736740112305,32.494747161865234,-0.0,-0.0,-0.0,-0.0,off
14.86,24.82477569580078,14.552385330200195,15.946155548095703,1.0534496307373047,1.0347572565078735,32.898651123046875,32.533973693847656,-0.0,-0.0,-0.0,-0.0,off
14.88,24.806276321411133,14.575325965881348,15.932867050170898,1.0543556213378906,1.0367170572280884,32.88841247558594,32.56845474243164,-0.0,-0.0,-0.0,-0.0,off
14.9,24.73029899597168,14.67406177520752,15.900813102722168,1.0713863372802734,1.0401840209960938,32.85957717895508,32.596641540527344,-0.0,0.0,-0.0,-0.0,off
14.92,24.71590232849121,14.751640319824219,15.857291221618652,1.0788748264312744,1.044053077697754,32.86244583129883,32.6224250793457,-0.0,-0.0,-0.0,-0.0,off
14.94,24.71070098876953,14.80484390258789,15.82840347290039,1.0599231719970703,1.045639991760254,32.868534088134766,32.64635467529297,-0.0,-0.0,-0.0,-0.0,off
14.96,24.68497657775879,14.942944526672363,15.793795585632324,1.0335628986358643,1.044432282447815,32.89503860473633,32.67049789428711,-0.0,-0.0,-0.0,-0.0,off
14.98,24.680587768554688,15.075276374816895,15.821920394897461,1.0176196098327637,1.0417510271072388,32.9655647277832,32.699214935302734,-0.0,-0.0,-0.0,-0.0,off
15.0,24.666393280029297,15.101265907287598,15.867956161499023,0.9784020781517029,1.0354161262512207,32.988956451416016,32.72746658325195,-0.0,-0.0,-0.0,-0.0,off
15.02,24.655698776245117,15.140323638916016,15.884651184082031,0.9166871905326843,1.0235432386398315,33.006893157958984,32.754756927490234,-0.0,-0.0,-0.0,-0.0,off
15.040000000000001,24.638294219970703,15.2472562789917,15.8991117477417,0.8508386015892029,1.006272792816162,33.05005645751953,32.78358840942383,-0.0,-0.0,-0.0,-0.0,off
15.06,24.63719940185547,15.37142562866211,15.86037826538086,0.8209388256072998,0.9877393841743469,33.0881233215332,32.81330871582031,-0.0,-0.0,-0.0,-0.0,off
15.08,24.623008728027344,15.52547550201416,15.810585021972656,0.8009132146835327,0.9690567255020142,33.125633239746094,32.84369659423828,-0.0,-0.0,-0.0,-0.0,off
15.1,24.629337310791016,15.677638053894043,15.7610502243042,0.7801669836044312,0.950167715549469,33.1783561706543,32.8762092590332,-0.0,-0.0,-0.0,-0.0,off
15.120000000000001,24.60637855529785,15.697908401489258,15.769336700439453,0.7542803287506104,0.9305789470672607,33.174842834472656,32.90524673461914,0.0,-0.0,-0.0,0.0,off
15.14,24.606584548950195,15.76881217956543,15.80162239074707,0.7222799062728882,0.9097490310668945,33.22394561767578,32.93632888793945,0.0,-0.0,-0.0,0.0,off
15.16,24.595441818237305,15.894649505615234,15.802907943725586,0.7003135681152344,0.8888054490089417,33.27622985839844,32.969451904296875,0.0,-0.0,-0.0,0.0,off
15.18,24.59348487854004,16.02623176574707,15.773343086242676,0.6769552826881409,0.8676204681396484,33.32383346557617,33.003944396972656,-0.0,-0.0,-0.0,-0.0,off
15.200000000000001,24.59683609008789,16.08448600769043,15.771817207336426,0.6542224287986755,0.8462806344032288,33.3536376953125,33.03804397583008,-0.0,-0.0,-0.0,-0.0,off
15.22,24.605484008789062,16.136127471923828,15.75820255279541,0.6349278688430786,0.8251453042030334,33.378517150878906,33.07130432128906,0.0,-0.0,-0.0,0.0,off
15.24,24.592952728271484,16.15680503845215,15.735908508300781,0.6214505434036255,0.8047758340835571,33.36876678466797,33.10036087036133,-0.0,-0.0,-0.0,-0.0,off
15.26,24.624269485473633,16.200016021728516,15.701122283935547,0.6202672123908997,0.7863249778747559,33.39641189575195,33.12935256958008,-0.0,-0.0,-0.0,-0.0,off
15.280000000000001,24.6190242767334,16.21613311767578,15.678556442260742,0.6175950765609741,0.7694519758224487,33.389766693115234,33.15486145019531,-0.0,-0.0,-0.0,-0.0,off
15.3,24.608539581298828,16.155378341674805,15.681092262268066,0.6022359132766724,0.7527303099632263,33.353755950927734,33.17439270019531,-0.0,0.0,-0.0,-0.0,off
15.32,24.595537185668945,16.11149787902832,15.66702651977539,0.5937299132347107,0.7368302345275879,33.31631088256836,33.188331604003906,0.0,0.0,-0.0,0.0,off
15.34,24.630619049072266,16.105329513549805,15.625096321105957,0.5950196981430054,0.7226491570472717,33.31955337524414,33.20125198364258,-0.0,-0.0,-0.0,-0.0,off
15.36,24.65300750732422,16.120586395263672,15.611552238464355,0.6025332808494568,0.7106375694274902,33.337135314941406,33.21466827392578,-0.0,-0.0,-0.0,-0.0,off
15.38,24.642841339111328,16.12000274658203,15.602246284484863,0.6043980717658997,0.7000136375427246,33.32497787475586,33.225555419921875,-0.0,-0.0,-0.0,-0.0,off
15.4,24.665115356445312,16.104711532592773,15.60809326171875,0.6115818619728088,0.6911704540252686,33.33679962158203,33.236576080322266,-0.0,0.0,-0.0,-0.0,off
15.42,24.66494369506836,16.10431480407715,15.586653709411621,0.6168555617332458,0.6837389469146729,33.32645034790039,33.24547576904297,-0.0,-0.0,-0.0,-0.0,off
15.44,24.65854263305664,16.14817237854004,15.566620826721191,0.6241075396537781,0.6777758002281189,33.33356857299805,33.25417709350586,-0.0,-0.0,-0.0,-0.0,off
15.46,24.660459518432617,16.20760726928711,15.540115356445312,0.6300188302993774,0.6730000972747803,33.35145950317383,33.26377487182617,-0.0,-0.0,-0.0,-0.0,off
15.48,24.700401306152344,16.23342514038086,15.515103340148926,0.6349124312400818,0.669191300868988,33.38191604614258,33.27545928955078,0.0,-0.0,-0.0,0.0,off
15.5,24.723155975341797,16.312021255493164,15.515196800231934,0.6506929397583008,0.6673414707183838,33.43707275390625,33.29146194458008,-0.0,-0.0,-0.0,-0.0,off
15.52,24.753875732421875,16.38459014892578,15.500523567199707,0.6656206846237183,0.6671693921089172,33.48843765258789,33.31098175048828,-0.0,-0.0,-0.0,-0.0,off
15.540000000000001,24.822240829467773,16.480318069458008,15.477118492126465,0.6876966953277588,0.6692221164703369,33.5750732421875,33.33716583251953,-0.0,0.0,-0.0,-0.0,off
15.56,24.872920989990234,16.570043563842773,15.455962181091309,0.6970155239105225,0.6720014214515686,33.64691925048828,33.36787414550781,-0.0,0.0,-0.0,-0.0,off
15.58,24.878042221069336,16.663114547729492,15.445786476135254,0.6920456886291504,0.6740058064460754,33.69196701049805,33.39997863769531,-0.0,0.0,-0.0,-0.0,off
15.6,24.867958068847656,16.790931701660156,15.443564414978027,0.6932544112205505,0.6759306788444519,33.746917724609375,33.43428421020508,-0.0,-0.0,-0.0,-0.0,off
15.620000000000001,24.887069702148438,16.9135799407959,15.436605453491211,0.7033033967018127,0.6786679029464722,33.81898880004883,33.4723014831543,-0.0,-0.0,-0.0,-0.0,off
15.64,24.908552169799805,17.1368408203125,15.41508674621582,0.7219377160072327,0.6829948425292969,33.93717956542969,33.51810836791992,-0.0,-0.0,-0.0,-0.0,off
15.66,24.908689498901367,17.341175079345703,15.362728118896484,0.7204734086990356,0.6867427229881287,34.01723861694336,33.56708526611328,-0.0,-0.0,-0.0,-0.0,off
15.68,24.912841796875,17.43214225769043,15.337157249450684,0.7142313718795776,0.6894915699958801,34.055213928222656,33.614959716796875,-0.0,-0.0,-0.0,-0.0,off
15.700000000000001,24.955995559692383,17.553855895996094,15.31112289428711,0.7104887962341309,0.6915912628173828,34.137516021728516,33.66624069213867,-0.0,-0.0,-0.0,-0.0,off
15.72,24.946990966796875,17.50441551208496,15.350361824035645,0.7110512852668762,0.6935372352600098,34.123165130615234,33.71125411987305,-0.0,0.0,-0.0,-0.0,off
15.74,24.907390594482422,17.24327850341797,15.431269645690918,0.6762871146202087,0.6918121576309204,33.99754333496094,33.73967361450195,-0.0,-0.0,-0.0,-0.0,off
15.76,24.872028350830078,17.011537551879883,15.463356971740723,0.6328754425048828,0.6859185099601746,33.86924362182617,33.75259780883789,-0.0,-0.0,-0.0,-0.0,off
15.780000000000001,24.88119125366211,16.790294647216797,15.493369102478027,0.5912314057350159,0.6764497756958008,33.77916717529297,33.7552490234375,-0.0,-0.0,-0.0,-0.0,off
15.8,24.914690017700195,16.507083892822266,15.551939964294434,0.5649219751358032,0.6652969717979431,33.69107437133789,33.74868392944336,-0.0,-0.0,-0.0,-0.0,off
15.82,24.913698196411133,16.331893920898438,15.631290435791016,0.5322765707969666,0.6519949436187744,33.64164733886719,33.7376708984375,-0.0,-0.0,-0.0,-0.0,off
15.84,24.949520111083984,16.047243118286133,15.777227401733398,0.5052365064620972,0.6373190879821777,33.599308013916016,33.723079681396484,-0.0,-0.0,-0.0,-0.0,off
15.860000000000001,25.019615173339844,15.685519218444824,15.899614334106445,0.5220903754234314,0.6257961988449097,33.53824996948242,33.70309829711914,-0.0,-0.0,-0.0,-0.0,off
15.88,24.983362197875977,15.382059097290039,16.012983322143555,0.6396393179893494,0.6271805167198181,33.42441940307617,33.67313003540039,-0.0,-0.0,-0.0,-0.0,off
15.9,24.812637329101562,15.07040786743164,16.10081672668457,0.8069751262664795,0.6451599597930908,33.196693420410156,33.62286376953125,-0.0,-0.0,-0.0,-0.0,off
15.92,24.34278106689453,14.306706428527832,16.095012664794922,0.9002662301063538,0.6706705689430237,32.50080490112305,33.506248474121094,-0.0,-0.0,-0.0,-0.0,off
15.94,23.818618774414062,12.591689109802246,15.608966827392578,0.965127170085907,0.7001162171363831,31.137069702148438,33.258705139160156,-0.0,-0.0,-0.0,-0.0,off
15.96,23.551422119140625,11.074264526367188,15.174057006835938,0.8854867815971375,0.7186532616615295,30.125751495361328,32.926490783691406,-0.0,-0.0,-0.0,-0.0,off
15.98,23.684528350830078,12.246302604675293,15.150116920471191,0.7023668885231018,0.7170246243476868,30.666837692260742,32.6932373046875,-0.0,-0.0,-0.0,-0.0,off
16.0,23.85446548461914,13.403751373291016,15.159340858459473,0.5699862837791443,0.7023207545280457,31.2810115814209,32.55042266845703,-0.0,-0.0,-0.0,-0.0,off
16.02,23.945924758911133,14.160294532775879,14.962613105773926,0.535503625869751,0.6856390237808228,31.587987899780273,32.454010009765625,-0.0,0.0,-0.0,-0.0,off
16.04,23.91059112548828,14.096670150756836,15.152347564697266,0.44139230251312256,0.661214292049408,31.62318992614746,32.37077331542969,-0.0,0.0,-0.0,-0.0,off
16.06,23.6708984375,14.527619361877441,15.43223762512207,0.3269745111465454,0.6277902722358704,31.772899627685547,32.31079864501953,-0.0,0.0,-0.0,-0.0,off
16.080000000000002,23.38166618347168,13.895453453063965,15.362998008728027,0.2804402709007263,0.593055248260498,31.2379207611084,32.20310592651367,0.0,-0.0,-0.0,0.0,off
16.1,23.294572830200195,12.663264274597168,15.401594161987305,0.1979489028453827,0.5535445809364319,30.66275405883789,32.045982360839844,-0.0,0.0,-0.0,-0.0,off
16.12,23.347515106201172,11.670466423034668,15.534711837768555,0.14349806308746338,0.5125399231910706,30.374881744384766,31.87140464782715,-0.0,0.0,-0.0,-0.0,off
16.14,23.386268615722656,10.103718757629395,15.62933349609375,0.2954457700252533,0.4908304810523987,29.88776969909668,31.6549015045166,-0.0,-0.0,-0.0,-0.0,off
16.16,23.844003677368164,9.7194185256958,16.361827850341797,0.37688642740249634,0.47943606972694397,30.50758934020996,31.517900466918945,-0.0,-0.0,-0.0,-0.0,off
16.18,24.19605255126953,9.894693374633789,17.000720977783203,0.3212977349758148,0.46362221240997314,31.1829833984375,31.464616775512695,-0.0,-0.0,-0.0,-0.0,off
16.2,24.153831481933594,8.340666770935059,17.34547233581543,0.1659345030784607,0.4338534474372864,30.884296417236328,31.372188568115234,0.0,-0.0,-0.0,0.0,off
16.22,23.898513793945312,7.459751129150391,16.739797592163086,-0.04562553018331528,0.38590553402900696,30.116567611694336,31.210844039916992,-0.0,-0.0,-0.0,-0.0,off
16.240000000000002,22.167516708374023,4.854586601257324,15.217242240905762,-0.08463780581951141,0.3388512134552002,27.32270622253418,30.763553619384766,-0.0,-0.0,-0.0,-0.0,off
16.26,18.925251007080078,-0.6263546943664551,13.535038948059082,-1.0628199577331543,0.19868409633636475,23.275625228881836,29.84115982055664,-0.0,-0.0,-0.0,-0.0,off
16.28,18.705894470214844,-4.260441780090332,12.464186668395996,-1.3090808391571045,0.04790759086608887,22.878326416015625,28.85109519958496,-0.0,0.0,-0.0,-0.0,off
16.3,20.136404037475586,-4.433333873748779,13.527853965759277,-0.9268001317977905,-0.04956318438053131,24.66033363342285,28.17002296447754,-0.0,-0.0,-0.0,-0.0,off
16.32,22.48385238647461,-2.911492109298706,14.760778427124023,-0.3842051029205322,-0.08302737772464752,27.053298950195312,27.890377044677734,-0.0,-0.0,-0.0,-0.0,off
16.34,22.227794647216797,-0.4919598400592804,14.721532821655273,-0.4636584222316742,-0.12109047919511795,26.665340423583984,27.694284439086914,-0.0,-0.0,-0.0,-0.0,off
16.36,21.742080688476562,-1.6598193645477295,14.7334566116333,-0.30311650037765503,-0.13929307460784912,26.316303253173828,27.470962524414062,-0.0,-0.0,-0.0,-0.0,off
16.38,21.269760131835938,-1.2922217845916748,14.484777450561523,-0.077333465218544,-0.1330971121788025,25.76589584350586,27.238746643066406,-0.0,-0.0,-0.0,-0.0,off
16.4,21.087173461914062,0.3772885501384735,14.457053184509277,0.11125561594963074,-0.10866183042526245,25.56985855102539,27.047853469848633,-0.0,-0.0,-0.0,-0.0,off
16.42,21.586200714111328,1.1393816471099854,14.225483894348145,0.12713676691055298,-0.08508196473121643,25.877145767211914,26.91879653930664,-0.0,-0.0,-0.0,-0.0,off
16.44,22.13775634765625,3.1047189235687256,13.95606517791748,0.12332543730735779,-0.06424122303724289,26.35320281982422,26.860946655273438,-0.0,-0.0,-0.0,-0.0,off
16.46,22.146224975585938,3.0223734378814697,12.629415512084961,0.14241158962249756,-0.043575938791036606,25.67279052734375,26.73629379272461,-0.0,-0.0,-0.0,-0.0,off
16.48,22.12021827697754,2.580012559890747,12.276241302490234,0.20785421133041382,-0.018432922661304474,25.42963981628418,26.598241806030273,-0.0,-0.0,-0.0,-0.0,off
16.5,23.296274185180664,2.026414155960083,11.882789611816406,0.16689082980155945,9.945221245288849e-05,26.230201721191406,26.545984268188477,-0.0,0.0,-0.0,-0.0,off
16.52,24.204851150512695,1.5481998920440674,10.909690856933594,0.13912934064865112,0.014002440497279167,26.594982147216797,26.522293090820312,-0.0,-0.0,-0.0,-0.0,off
16.54,24.197824478149414,1.3736250400543213,9.075228691101074,0.1493833065032959,0.027540527284145355,25.88013458251953,26.411027908325195,-0.0,-0.0,-0.0,-0.0,off
16.56,24.2609806060791,1.0670135021209717,7.38399600982666,0.11864349246025085,0.036650821566581726,25.382219314575195,26.23954200744629,-0.0,-0.0,-0.0,-0.0,off
16.580000000000002,24.606346130371094,0.3862883746623993,5.61968469619751,0.05562451481819153,0.03854819014668465,25.242868423461914,26.039688110351562,-0.0,0.0,-0.0,-0.0,off
16.6,24.26811981201172,-0.07210423797369003,4.268129825592041,0.03280247747898102,0.03797361999750137,24.64069366455078,25.78462791442871,-0.0,-0.0,-0.0,-0.0,off
16.62,24.378314971923828,-0.5032403469085693,3.1724629402160645,0.038154274225234985,0.037991683930158615,24.589021682739258,25.53740882873535,-0.0,-0.0,-0.0,-0.0,off
16.64,25.124990463256836,-1.076981782913208,2.251521110534668,0.08022885024547577,0.04221539944410324,25.2486515045166,25.367815017700195,-0.0,-0.0,-0.0,-0.0,off
16.66,25.602493286132812,-1.640683889389038,0.9239288568496704,0.12324100732803345,0.05031796172261238,25.671640396118164,25.23651885986328,-0.0,-0.0,-0.0,-0.0,off
16.68,25.65764045715332,-1.9779305458068848,-0.19961538910865784,0.11700084805488586,0.0569862499833107,25.734539031982422,25.117290496826172,-0.0,-0.0,-0.0,-0.0,off
16.7,25.443790435791016,-2.2063615322113037,-0.9903815984725952,0.12385612726211548,0.063673235476017,25.558469772338867,24.998647689819336,-0.0,0.0,-0.0,-0.0,off
16.72,25.360584259033203,-2.46872878074646,-1.9942001104354858,0.09902071952819824,0.06720798462629318,25.558378219604492,24.889484405517578,-0.0,-0.0,-0.0,-0.0,off
16.740000000000002,25.406898498535156,-2.763537645339966,-2.461461067199707,0.08293434977531433,0.06878061592578888,25.675016403198242,24.817106246948242,-0.0,-0.0,-0.0,-0.0,off
16.76,25.699359893798828,-2.9210169315338135,-2.6805338859558105,0.06782400608062744,0.06868495047092438,26.003358840942383,24.805824279785156,-0.0,-0.0,-0.0,-0.0,off
16.78,25.931745529174805,-3.1807806491851807,-2.589545726776123,0.07946358621120453,0.06976281106472015,26.25411605834961,24.84577178955078,-0.0,-0.0,-0.0,-0.0,off
16.8,26.16402816772461,-3.7025363445281982,-2.924739360809326,0.07275348901748657,0.07006187736988068,26.58607292175293,24.922950744628906,-0.0,-0.0,-0.0,-0.0,off
16.82,26.36414337158203,-3.942073106765747,-3.2967114448547363,0.0678282231092453,0.0698385089635849,26.86031150817871,25.02899169921875,-0.0,-0.0,-0.0,-0.0,off
16.84,26.348026275634766,-4.223538875579834,-3.8457136154174805,0.06857742369174957,0.06971240043640137,26.960086822509766,25.137989044189453,-0.0,-0.0,-0.0,-0.0,off
16.86,26.38088035583496,-4.430318832397461,-4.401920318603516,0.03216998279094696,0.06595815718173981,27.110063552856445,25.254947662353516,-0.0,-0.0,-0.0,-0.0,off
16.88,26.41278839111328,-4.843758583068848,-4.903142929077148,0.03903555870056152,0.06326589733362198,27.29722023010254,25.38161277770996,-0.0,-0.0,-0.0,-0.0,off
16.9,26.62885856628418,-5.166108131408691,-5.10532283782959,0.03652060031890869,0.06059136614203453,27.601613998413086,25.535654067993164,-0.0,-0.0,-0.0,-0.0,off
16.92,26.95769691467285,-5.215812683105469,-5.105588436126709,0.06045660376548767,0.060577891767024994,27.928285598754883,25.721210479736328,-0.0,-0.0,-0.0,-0.0,off
16.94,27.135351181030273,-5.433790683746338,-5.196428298950195,0.0741325169801712,0.061933353543281555,28.15770149230957,25.919559478759766,-0.0,-0.0,-0.0,-0.0,off
16.96,27.164133071899414,-5.494338512420654,-4.994777679443359,0.07453721761703491,0.06319373846054077,28.16071128845215,26.109800338745117,-0.0,-0.0,-0.0,-0.0,off
16.98,27.135026931762695,-5.695147514343262,-5.106665134429932,0.06109564006328583,0.0629839301109314,28.192596435546875,26.288358688354492,-0.0,0.0,-0.0,-0.0,off
17.0,27.09381866455078,-5.710779666900635,-5.056237697601318,0.010141581296920776,0.057699695229530334,28.14699935913086,26.4507999420166,-0.0,0.0,-0.0,-0.0,off
17.02,27.085987091064453,-5.916527271270752,-5.117053508758545,-0.03550046682357788,0.04837967827916145,28.19291114807129,26.604467391967773,-0.0,-0.0,-0.0,-0.0,off
17.04,26.884674072265625,-6.227726459503174,-4.998542785644531,-0.08561217039823532,0.034980494529008865,28.04560089111328,26.73068618774414,-0.0,-0.0,-0.0,-0.0,off
17.06,26.909881591796875,-6.459216594696045,-4.9382643699646,-0.1147976666688919,0.02000267617404461,28.111379623413086,26.853403091430664,-0.0,-0.0,-0.0,-0.0,off
17.080000000000002,26.978309631347656,-6.755982398986816,-4.97934103012085,-0.11390373110771179,0.006612034514546394,28.25360679626465,26.979093551635742,-0.0,-0.0,-0.0,-0.0,off
17.1,27.04794692993164,-7.018162727355957,-5.0341315269470215,-0.12534385919570923,-0.006583555601537228,28.39345932006836,27.1071834564209,-0.0,-0.0,-0.0,-0.0,off
17.12,27.162172317504883,-7.166889667510986,-5.119232177734375,-0.15824614465236664,-0.021749813109636307,28.554412841796875,27.240081787109375,-0.0,-0.0,-0.0,-0.0,off
17.14,27.073284149169922,-7.407193183898926,-5.099259376525879,-0.17353379726409912,-0.0369282141327858,28.527734756469727,27.35777473449707,-0.0,-0.0,-0.0,-0.0,off
17.16,27.044330596923828,-7.72055721282959,-5.160181522369385,-0.1881146878004074,-0.05204686522483826,28.594236373901367,27.470226287841797,-0.0,-0.0,-0.0,-0.0,off
17.18,27.00796127319336,-8.141657829284668,-5.047674655914307,-0.20724359154701233,-0.06756653636693954,28.656511306762695,27.577356338500977,-0.0,-0.0,-0.0,-0.0,off
17.2,26.98567008972168,-8.618180274963379,-4.842815399169922,-0.23538264632225037,-0.08434814214706421,28.7393856048584,27.681352615356445,-0.0,-0.0,-0.0,-0.0,off
17.22,26.867700576782227,-8.926281929016113,-4.642796993255615,-0.2738724648952484,-0.10330057144165039,28.689847946166992,27.770111083984375,-0.0,-0.0,-0.0,-0.0,off
17.240000000000002,26.87311553955078,-9.26562786102295,-4.613979816436768,-0.31314361095428467,-0.12428487837314606,28.797657012939453,27.860544204711914,0.0,-0.0,-0.0,0.0,off
17.26,26.86147117614746,-9.620467185974121,-4.569170951843262,-0.3499704599380493,-0.14685343205928802,28.895835876464844,27.951372146606445,0.0,-0.0,-0.0,0.0,off
17.28,26.884750366210938,-9.87354850769043,-4.585290431976318,-0.3702724874019623,-0.16919533908367157,29.005199432373047,28.044593811035156,-0.0,-0.0,-0.0,-0.0,off
17.3,26.903337478637695,-10.065788269042969,-4.612061977386475,-0.403786301612854,-0.19265443086624146,29.092622756958008,28.138185501098633,-0.0,0.0,-0.0,-0.0,off
17.32,26.83155632019043,-10.24019718170166,-4.590682029724121,-0.42898818850517273,-0.21628780663013458,29.083816528320312,28.222288131713867,-0.0,-0.0,-0.0,-0.0,off
17.34,26.774303436279297,-10.425332069396973,-4.531699180603027,-0.4508666694164276,-0.23974569141864777,29.08757781982422,28.298973083496094,-0.0,-0.0,-0.0,-0.0,off
17.36,26.820667266845703,-10.693459510803223,-4.427643299102783,-0.46758270263671875,-0.2625294029712677,29.21133804321289,28.38054847717285,-0.0,-0.0,-0.0,-0.0,off
17.38,26.76167869567871,-10.997465133666992,-4.370304584503174,-0.4846450090408325,-0.28474095463752747,29.261428833007812,28.458587646484375,0.0,-0.0,-0.0,0.0,off
17.400000000000002,26.733402252197266,-11.166901588439941,-4.23211145401001,-0.5041478872299194,-0.30668166279792786,29.279434204101562,28.53128433227539,-0.0,0.0,-0.0,-0.0,off
17.42,26.67991828918457,-11.400318145751953,-4.099786281585693,-0.501551628112793,-0.32616865634918213,29.301767349243164,28.598960876464844,-0.0,-0.0,-0.0,-0.0,off
17.44,26.644838333129883,-11.503039360046387,-3.9400229454040527,-0.4841964840888977,-0.34197142720222473,29.288070678710938,28.659381866455078,-0.0,-0.0,-0.0,-0.0,off
17.46,26.552886962890625,-11.686165809631348,-3.8508143424987793,-0.46504148840904236,-0.35427841544151306,29.26518440246582,28.711631774902344,-0.0,-0.0,-0.0,-0.0,off
17.48,26.47916030883789,-11.880377769470215,-3.8266220092773438,-0.47050437331199646,-0.36590102314949036,29.273406982421875,28.759687423706055,-0.0,-0.0,-0.0,-0.0,off
17.5,26.450075149536133,-12.14400577545166,-3.7011170387268066,-0.4765387773513794,-0.376964807510376,29.339080810546875,28.80918312072754,0.0,-0.0,-0.0,0.0,off
17.52,26.411836624145508,-12.376383781433105,-3.519400119781494,-0.4785229563713074,-0.38712063431739807,29.379348754882812,28.85752296447754,0.0,-0.0,-0.0,0.0,off
17.54,26.396713256835938,-12.53857421875,-3.392627239227295,-0.48666927218437195,-0.39707547426223755,29.41958999633789,28.90544319152832,0.0,-0.0,-0.0,0.0,off
17.56,26.355350494384766,-12.732348442077637,-3.267698287963867,-0.4944714605808258,-0.4068150520324707,29.451570510864258,28.951839447021484,-0.0,-0.0,-0.0,-0.0,off
17.580000000000002,26.316787719726562,-12.848492622375488,-3.1812949180603027,-0.5019696950912476,-0.4163305163383484,29.458066940307617,28.994876861572266,-0.0,-0.0,-0.0,-0.0,off
17.6,26.22055435180664,-12.952444076538086,-2.9403624534606934,-0.49819785356521606,-0.4245172441005707,29.392669677734375,29.027122497558594,-0.0,-0.0,-0.0,-0.0,off
17.62,26.196304321289062,-13.067511558532715,-2.9115748405456543,-0.4906699061393738,-0.4311324954032898,29.419099807739258,29.05950164794922,-0.0,-0.0,-0.0,-0.0,off
17.64,26.18532943725586,-13.231785774230957,-2.6953892707824707,-0.49231237173080444,-0.4372504651546478,29.46212387084961,29.092782974243164,-0.0,-0.0,-0.0,-0.0,off
17.66,26.209932327270508,-13.412217140197754,-2.501476764678955,-0.5033688545227051,-0.44386231899261475,29.548358917236328,29.131244659423828,-0.0,-0.0,-0.0,-0.0,off
17.68,26.196226119995117,-13.531672477722168,-2.2754969596862793,-0.5136804580688477,-0.4508441388607025,29.572391510009766,29.168245315551758,-0.0,-0.0,-0.0,-0.0,off
17.7,26.14221954345703,-13.612786293029785,-2.018904209136963,-0.5153619050979614,-0.4572959244251251,29.543180465698242,29.19854164123535,0.0,-0.0,-0.0,0.0,off
17.72,26.0562744140625,-13.703309059143066,-1.7737239599227905,-0.5267149209976196,-0.4642378091812134,29.493324279785156,29.220630645751953,-0.0,0.0,-0.0,-0.0,off
17.740000000000002,25.96837615966797,-13.690314292907715,-1.4260467290878296,-0.5357815027236938,-0.4713921546936035,29.390727996826172,29.22998046875,-0.0,0.0,-0.0,-0.0,off
17.76,25.893672943115234,-13.785487174987793,-1.1158374547958374,-0.5410942435264587,-0.4783623516559601,29.35586929321289,29.234302520751953,-0.0,-0.0,-0.0,-0.0,off
17.78,25.857162475585938,-13.897788047790527,-0.8322280645370483,-0.5331829786300659,-0.4838443994522095,29.367225646972656,29.238872528076172,-0.0,-0.0,-0.0,-0.0,off
17.8,25.809791564941406,-13.910126686096191,-0.5300687551498413,-0.5252320170402527,-0.4879831373691559,29.324356079101562,29.238506317138672,-0.0,0.0,-0.0,-0.0,off
17.82,25.762958526611328,-14.015471458435059,-0.1927894651889801,-0.5291470289230347,-0.4920995235443115,29.329177856445312,29.23786163330078,-0.0,-0.0,-0.0,-0.0,off
17.84,25.672409057617188,-14.080300331115723,0.12888821959495544,-0.5464838743209839,-0.4975379705429077,29.280437469482422,29.231822967529297,-0.0,-0.0,-0.0,-0.0,off
17.86,25.5419921875,-14.065037727355957,0.43961772322654724,-0.5684441328048706,-0.5046285390853882,29.161823272705078,29.214242935180664,-0.0,0.0,-0.0,-0.0,off
17.88,25.448829650878906,-14.097970008850098,0.7375980615615845,-0.5890829563140869,-0.5130739808082581,29.102230072021484,29.192155838012695,-0.0,-0.0,-0.0,-0.0,off
17.900000000000002,25.454959869384766,-14.051959037780762,1.110070824623108,-0.6295700073242188,-0.5247235894203186,29.09716033935547,29.171260833740234,-0.0,0.0,-0.0,-0.0,off
17.92,25.330909729003906,-14.01073932647705,1.5912758111953735,-0.6826472282409668,-0.5405158996582031,28.991168975830078,29.14019012451172,-0.0,-0.0,-0.0,-0.0,off
17.94,25.322490692138672,-14.064223289489746,1.951968789100647,-0.734847366809845,-0.5599490404129028,29.03172492980957,29.11563491821289,0.0,-0.0,-0.0,0.0,off
17.96,25.33871841430664,-13.945834159851074,2.3708066940307617,-0.7719484567642212,-0.5811489820480347,29.01995277404785,29.09159278869629,0.0,-0.0,-0.0,0.0,off
17.98,25.29363250732422,-13.818514823913574,2.8015122413635254,-0.8081279397010803,-0.6038469076156616,28.958032608032227,29.062740325927734,-0.0,-0.0,-0.0,-0.0,off
18.0,25.292694091796875,-13.820331573486328,3.2693867683410645,-0.8495914936065674,-0.6284213662147522,29.007083892822266,29.040191650390625,-0.0,-0.0,-0.0,-0.0,off
18.02,25.228403091430664,-13.749587059020996,3.741623878479004,-0.8949785232543945,-0.6550770998001099,28.97452735900879,29.01517105102539,-0.0,-0.0,-0.0,-0.0,off
18.04,25.130847930908203,-13.681254386901855,4.235886573791504,-0.9306968450546265,-0.6826390624046326,28.925403594970703,28.98603630065918,-0.0,-0.0,-0.0,-0.0,off
18.06,25.105754852294922,-13.521721839904785,4.77871561050415,-0.9618918895721436,-0.7105643153190613,28.91318130493164,28.956501007080078,-0.0,-0.0,-0.0,-0.0,off
18.080000000000002,25.090652465820312,-13.358983039855957,5.334970951080322,-0.9891458749771118,-0.7384224534034729,28.921709060668945,28.928560256958008,-0.0,-0.0,-0.0,-0.0,off
18.1,25.057262420654297,-13.175994873046875,5.890479564666748,-1.0157971382141113,-0.7661598920822144,28.9166202545166,28.900718688964844,-0.0,-0.0,-0.0,-0.0,off
18.12,24.98474884033203,-13.06618881225586,6.425970554351807,-1.0453757047653198,-0.794081449508667,28.918092727661133,28.874021530151367,-0.0,-0.0,-0.0,-0.0,off
18.14,24.890735626220703,-12.8845796585083,6.982096195220947,-1.060746669769287,-0.820747971534729,28.88443946838379,28.844514846801758,-0.0,-0.0,-0.0,-0.0,off
18.16,24.90974235534668,-12.612835884094238,7.560168743133545,-1.0815913677215576,-0.846832275390625,28.926372528076172,28.819814682006836,-0.0,-0.0,-0.0,-0.0,off
18.18,24.870235443115234,-12.401411056518555,8.16053295135498,-1.106184482574463,-0.8727675080299377,28.964078903198242,28.798852920532227,-0.0,-0.0,-0.0,-0.0,off
18.2,24.834060668945312,-12.259029388427734,8.713926315307617,-1.1244158744812012,-0.8979323506355286,29.03354835510254,28.785539627075195,-0.0,-0.0,-0.0,-0.0,off
18.22,24.794662475585938,-12.016822814941406,9.305403709411621,-1.1435277462005615,-0.9224918484687805,29.082122802734375,28.776222229003906,-0.0,0.0,-0.0,-0.0,off
18.240000000000002,24.844928741455078,-11.798155784606934,9.947985649108887,-1.1488080024719238,-0.9451234340667725,29.247724533081055,28.78191566467285,-0.0,-0.0,-0.0,-0.0,off
18.26,24.72203826904297,-11.549134254455566,10.500782012939453,-1.1682095527648926,-0.9674320220947266,29.237443923950195,28.78456687927246,-0.0,-0.0,-0.0,-0.0,off
18.28,24.7220458984375,-11.243498802185059,11.087310791015625,-1.1908130645751953,-0.9897701144218445,29.334693908691406,28.79485321044922,-0.0,-0.0,-0.0,-0.0,off
18.3,24.693683624267578,-11.018550872802734,11.663723945617676,-1.20985746383667,-1.0117788314819336,29.44875144958496,28.814401626586914,-0.0,0.0,-0.0,-0.0,off
18.32,24.623802185058594,-10.76191234588623,12.279282569885254,-1.2217931747436523,-1.0327801704406738,29.545408248901367,28.83977699279785,-0.0,0.0,-0.0,-0.0,off
18.34,24.617446899414062,-10.422877311706543,12.905877113342285,-1.230853796005249,-1.0525875091552734,29.685293197631836,28.87443733215332,0.0,-0.0,-0.0,0.0,off
18.36,24.568470001220703,-10.155867576599121,13.51993465423584,-1.2471532821655273,-1.0720441341400146,29.825157165527344,28.918243408203125,-0.0,-0.0,-0.0,-0.0,off
18.38,24.549816131591797,-9.833252906799316,14.099501609802246,-1.2755305767059326,-1.0923928022384644,29.969690322875977,28.971200942993164,-0.0,-0.0,-0.0,-0.0,off
18.400000000000002,24.510116577148438,-9.475122451782227,14.601730346679688,-1.3047232627868652,-1.1136258840560913,30.06217384338379,29.028154373168945,-0.0,-0.0,-0.0,-0.0,off
18.42,24.54558563232422,-9.14108943939209,15.075897216796875,-1.3101353645324707,-1.1332768201828003,30.221317291259766,29.096296310424805,-0.0,-0.0,-0.0,-0.0,off
18.44,24.539806365966797,-8.803177833557129,15.510391235351562,-1.3158950805664062,-1.151538610458374,30.335956573486328,29.170351028442383,-0.0,-0.0,-0.0,-0.0,off
18.46,24.522964477539062,-8.474303245544434,15.891130447387695,-1.3147623538970947,-1.167860984802246,30.425607681274414,29.24787712097168,-0.0,-0.0,-0.0,-0.0,off
18.48,24.544702529907227,-8.12682056427002,16.180967330932617,-1.3324429988861084,-1.1843191385269165,30.501005172729492,29.32803726196289,-0.0,-0.0,-0.0,-0.0,off
18.5,24.474416732788086,-7.772916793823242,16.423219680786133,-1.341080904006958,-1.1999952793121338,30.48175621032715,29.400854110717773,-0.0,-0.0,-0.0,-0.0,off
18.52,24.493488311767578,-7.470633506774902,16.603599548339844,-1.3429145812988281,-1.2142871618270874,30.519187927246094,29.47382926940918,-0.0,-0.0,-0.0,-0.0,off
18.54,24.445199966430664,-7.108948707580566,16.788372039794922,-1.3388850688934326,-1.226746916770935,30.495153427124023,29.539382934570312,-0.0,-0.0,-0.0,-0.0,off
18.56,24.42707061767578,-6.8098883628845215,16.947187423706055,-1.3553481101989746,-1.2396069765090942,30.500221252441406,29.60172462463379,-0.0,-0.0,-0.0,-0.0,off
18.580000000000002,24.434940338134766,-6.494582653045654,17.097291946411133,-1.3541386127471924,-1.251060128211975,30.521522521972656,29.662363052368164,-0.0,-0.0,-0.0,-0.0,off
18.6,24.368820190429688,-6.168763160705566,17.213300704956055,-1.3587760925292969,-1.2618316411972046,30.466224670410156,29.713417053222656,-0.0,0.0,-0.0,-0.0,off
18.62,24.355430603027344,-5.871969223022461,17.32224464416504,-1.359497308731079,-1.271598219871521,30.458614349365234,29.760746002197266,-0.0,0.0,-0.0,-0.0,off
18.64,24.287893295288086,-5.600307464599609,17.44089698791504,-1.3559682369232178,-1.2800352573394775,30.42121124267578,29.801420211791992,-0.0,-0.0,-0.0,-0.0,off
18.66,24.261577606201172,-5.290126323699951,17.54442596435547,-1.348945140838623,-1.2869261503219604,30.404216766357422,29.837732315063477,-0.0,-0.0,-0.0,-0.0,off
18.68,24.19961166381836,-4.974824905395508,17.644344329833984,-1.3298006057739258,-1.2912136316299438,30.359397888183594,29.867008209228516,-0.0,-0.0,-0.0,-0.0,off
18.7,24.118738174438477,-4.741361141204834,17.717769622802734,-1.3102912902832031,-1.293121337890625,30.300386428833008,29.889223098754883,-0.0,-0.0,-0.0,-0.0,off
18.72,24.07399559020996,-4.519538879394531,17.80862808227539,-1.296057939529419,-1.2934149503707886,30.28416633605957,29.909168243408203,-0.0,-0.0,-0.0,-0.0,off
18.740000000000002,24.04787826538086,-4.250331878662109,17.892295837402344,-1.286975622177124,-1.2927709817886353,30.273752212524414,29.927101135253906,-0.0,-0.0,-0.0,-0.0,off
18.76,24.011154174804688,-4.041189193725586,17.95210838317871,-1.2646992206573486,-1.2899638414382935,30.25136375427246,29.942485809326172,-0.0,-0.0,-0.0,-0.0,off
18.78,24.015317916870117,-3.8115875720977783,18.000404357910156,-1.2310874462127686,-1.28407621383667,30.25356674194336,29.957786560058594,-0.0,-0.0,-0.0,-0.0,off
18.8,23.95867919921875,-3.5710227489471436,18.046483993530273,-1.211012601852417,-1.2767698764801025,30.206722259521484,29.967737197875977,-0.0,-0.0,-0.0,-0.0,off
18.82,23.978004455566406,-3.3471357822418213,18.110868453979492,-1.1935734748840332,-1.2684502601623535,30.234939575195312,29.980424880981445,-0.0,-0.0,-0.0,-0.0,off
18.84,24.01236343383789,-3.2284786701202393,18.163827896118164,-1.1741268634796143,-1.2590179443359375,30.28104019165039,29.998111724853516,-0.0,-0.0,-0.0,-0.0,off
18.86,23.92182159423828,-3.0222628116607666,18.21275520324707,-1.153517246246338,-1.2484678030014038,30.2174129486084,30.008275985717773,-0.0,-0.0,-0.0,-0.0,off
18.88,23.935787200927734,-2.7777559757232666,18.22646713256836,-1.119767427444458,-1.2355977296829224,30.213274002075195,30.017518997192383,-0.0,-0.0,-0.0,-0.0,off
18.900000000000002,23.921131134033203,-2.6080119609832764,18.263853073120117,-1.080493688583374,-1.2200872898101807,30.20911407470703,30.026269912719727,-0.0,-0.0,-0.0,-0.0,off
18.92,23.88794708251953,-2.45688796043396,18.307125091552734,-1.0612494945526123,-1.204203486442566,30.19637680053711,30.03369140625,-0.0,-0.0,-0.0,-0.0,off
18.94,23.937091827392578,-2.2956669330596924,18.316755294799805,-1.0291519165039062,-1.186698317527771,30.228429794311523,30.04439353942871,-0.0,0.0,-0.0,-0.0,off
18.96,23.993427276611328,-2.1184775829315186,18.314374923706055,-0.9913191199302673,-1.1671603918075562,30.258699417114258,30.057676315307617,-0.0,-0.0,-0.0,-0.0,off
18.98,23.92418670654297,-1.9829356670379639,18.34210968017578,-0.9550592303276062,-1.1459503173828125,30.211450576782227,30.065519332885742,-0.0,-0.0,-0.0,-0.0,off
19.0,23.893693923950195,-1.826099157333374,18.358646392822266,-0.9395802021026611,-1.1253132820129395,30.187467575073242,30.070636749267578,0.0,-0.0,-0.0,0.0,off
19.02,23.873676300048828,-1.6494567394256592,18.360511779785156,-0.9248563647270203,-1.1052676439285278,30.16258430480957,30.07306480407715,0.0,-0.0,-0.0,0.0,off
19.04,23.868392944335938,-1.5088279247283936,18.357547760009766,-0.9070249199867249,-1.085443377494812,30.149234771728516,30.07441520690918,0.0,-0.0,-0.0,0.0,off
19.06,23.88547706604004,-1.3906958103179932,18.37251853942871,-0.8868639469146729,-1.0655853748321533,30.166196823120117,30.077863693237305,-0.0,-0.0,-0.0,-0.0,off
19.080000000000002,23.90090560913086,-1.184014081954956,18.37332534790039,-0.8701359629631042,-1.046040415763855,30.170087814331055,30.08134651184082,-0.0,0.0,-0.0,-0.0,off
19.1,23.890823364257812,-1.060373067855835,18.37360954284668,-0.8586750626564026,-1.0273038148880005,30.15767478942871,30.08367347717285,-0.0,-0.0,-0.0,-0.0,off
19.12,23.953189849853516,-0.9395115375518799,18.37253189086914,-0.8428709506988525,-1.008860468864441,30.202449798583984,30.090669631958008,-0.0,-0.0,-0.0,-0.0,off
19.14,23.979877471923828,-0.7819674015045166,18.388427734375,-0.8193334937095642,-0.9899077415466309,30.228797912597656,30.099735260009766,-0.0,0.0,-0.0,-0.0,off
19.16,24.036792755126953,-0.6385753154754639,18.381582260131836,-0.8008095026016235,-0.9709978699684143,30.26644515991211,30.111881256103516,-0.0,-0.0,-0.0,-0.0,off
19.18,24.043994903564453,-0.5564634799957275,18.392717361450195,-0.7969362139701843,-0.9535917043685913,30.277307510375977,30.124366760253906,-0.0,-0.0,-0.0,-0.0,off
19.2,24.02518653869629,-0.416341096162796,18.363435745239258,-0.795901894569397,-0.937822699546814,30.242332458496094,30.132251739501953,-0.0,-0.0,-0.0,-0.0,off
19.22,24.012372970581055,-0.23821046948432922,18.359933853149414,-0.7918959856033325,-0.923229992389679,30.228099822998047,30.137853622436523,-0.0,-0.0,-0.0,-0.0,off
19.240000000000002,24.004409790039062,-0.05851771682500839,18.354473114013672,-0.7651659250259399,-0.9074235558509827,30.217575073242188,30.14177131652832,-0.0,-0.0,-0.0,-0.0,off
19.26,24.03557777404785,0.10586521774530411,18.33218002319336,-0.7407055497169495,-0.8907517790794373,30.22894287109375,30.146453857421875,-0.0,-0.0,-0.0,-0.0,off
19.28,24.091766357421875,0.2822425067424774,18.324050903320312,-0.7267435193061829,-0.874350905418396,30.269847869873047,30.154708862304688,0.0,-0.0,-0.0,0.0,off
19.3,24.14006996154785,0.4480845630168915,18.301733016967773,-0.6969571709632874,-0.8566114902496338,30.296817779541016,30.16484260559082,-0.0,-0.0,-0.0,-0.0,off
19.32,24.18106460571289,0.6131899356842041,18.289691925048828,-0.6351218819618225,-0.8344625234603882,30.325117111206055,30.176795959472656,-0.0,-0.0,-0.0,-0.0,off
19.34,24.21954345703125,0.785043478012085,18.262224197387695,-0.5748118162155151,-0.808497428894043,30.34322738647461,30.189329147338867,-0.0,-0.0,-0.0,-0.0,off
19.36,24.226192474365234,0.9074690341949463,18.25626564025879,-0.5167905688285828,-0.7793267369270325,30.348363876342773,30.20134162902832,-0.0,-0.0,-0.0,-0.0,off
19.38,24.20603370666504,1.0377247333526611,18.22865104675293,-0.47068721055984497,-0.7484627366065979,30.319839477539062,30.209449768066406,0.0,-0.0,-0.0,0.0,off
19.400000000000002,24.291475296020508,1.2828762531280518,18.188697814941406,-0.4354091286659241,-0.7171573638916016,30.373512268066406,30.221677780151367,-0.0,-0.0,-0.0,-0.0,off
19.42,24.29705810546875,1.4755780696868896,18.19263458251953,-0.38180866837501526,-0.6836224794387817,30.389081954956055,30.23412322998047,-0.0,-0.0,-0.0,-0.0,off
19.44,24.335079193115234,1.6661465167999268,18.176464080810547,-0.3367277979850769,-0.6489330530166626,30.41966438293457,30.248275756835938,-0.0,-0.0,-0.0,-0.0,off
19.46,24.359312057495117,1.8630292415618896,18.16431999206543,-0.29833275079727173,-0.6138730049133301,30.443218231201172,30.263240814208984,-0.0,-0.0,-0.0,-0.0,off
19.48,24.423938751220703,2.077644109725952,18.14533805847168,-0.2563597559928894,-0.5781216621398926,30.49751853942871,30.28192710876465,-0.0,-0.0,-0.0,-0.0,off
19.5,24.439546585083008,2.2918050289154053,18.105194091796875,-0.21446681022644043,-0.5417562127113342,30.50150489807129,30.298940658569336,-0.0,-0.0,-0.0,-0.0,off
19.52,24.510583877563477,2.5700323581695557,18.040241241455078,-0.20427487790584564,-0.5080080628395081,30.54216957092285,30.317745208740234,-0.0,-0.0,-0.0,-0.0,off
19.54,24.694934844970703,2.8691246509552,18.015777587890625,-0.21800002455711365,-0.4790072441101074,30.70244026184082,30.35003662109375,-0.0,-0.0,-0.0,-0.0,off
19.56,24.781715393066406,3.1917784214019775,17.947216033935547,-0.22675871849060059,-0.4537823796272278,30.763996124267578,30.384462356567383,-0.0,0.0,-0.0,-0.0,off
19.580000000000002,24.89362335205078,3.5027430057525635,17.84689712524414,-0.23505635559558868,-0.4319097697734833,30.829750061035156,30.42128562927246,-0.0,-0.0,-0.0,-0.0,off
19.6,24.91872787475586,3.7010228633880615,17.6881046295166,-0.18747740983963013,-0.4074665307998657,30.78164291381836,30.449604034423828,-0.0,-0.0,-0.0,-0.0,off
19.62,24.961318969726562,3.861936330795288,17.52816390991211,-0.14748762547969818,-0.38146862387657166,30.744407653808594,30.47154426574707,-0.0,-0.0,-0.0,-0.0,off
19.64,25.13378143310547,4.105281829833984,17.38078498840332,-0.12851738929748535,-0.35617348551750183,30.832645416259766,30.49964141845703,-0.0,-0.0,-0.0,-0.0,off
19.66,25.110158920288086,4.384368419647217,17.211307525634766,-0.12431313842535019,-0.3329874575138092,30.756654739379883,30.51677703857422,-0.0,-0.0,-0.0,-0.0,off
19.68,25.104938507080078,4.894235134124756,16.977142333984375,-0.1332864761352539,-0.313017338514328,30.699100494384766,30.524093627929688,-0.0,-0.0,-0.0,-0.0,off
19.7,25.101381301879883,5.522432327270508,16.741701126098633,-0.18067865073680878,-0.29978346824645996,30.673460006713867,30.524744033813477,-0.0,0.0,-0.0,-0.0,off
19.72,25.1063232421875,6.328447341918945,16.487442016601562,-0.27121609449386597,-0.29692670702934265,30.695480346679688,30.522293090820312,-0.0,0.0,-0.0,-0.0,off
19.740000000000002,25.14574432373047,7.1755266189575195,16.308189392089844,-0.4114904999732971,-0.3083830773830414,30.818073272705078,30.52675437927246,-0.0,-0.0,-0.0,-0.0,off
19.76,25.21854019165039,7.885302543640137,16.162860870361328,-0.5422163605690002,-0.33176639676094055,30.974035263061523,30.54261589050293,-0.0,-0.0,-0.0,-0.0,off
19.78,25.318397521972656,8.519618034362793,16.0297794342041,-0.6048917770385742,-0.35907891392707825,31.15379524230957,30.57236671447754,-0.0,-0.0,-0.0,-0.0,off
19.8,25.318038940429688,9.034635543823242,15.860062599182129,-0.6067685484886169,-0.3838478624820709,31.211685180664062,30.604000091552734,-0.0,-0.0,-0.0,-0.0,off
19.82,25.414073944091797,9.64198112487793,15.651510238647461,-0.593636155128479,-0.40482667088508606,31.36578941345215,30.645708084106445,-0.0,-0.0,-0.0,-0.0,off
19.84,25.63143539428711,10.054464340209961,15.415467262268066,-0.5631557106971741,-0.4206595718860626,31.554704666137695,30.702621459960938,-0.0,0.0,-0.0,-0.0,off
19.86,25.818302154541016,10.664701461791992,15.114827156066895,-0.5136207342147827,-0.4299556612968445,31.761274337768555,30.772029876708984,-0.0,-0.0,-0.0,-0.0,off
19.88,25.848560333251953,11.1284761428833,14.84525203704834,-0.4318862855434418,-0.430148720741272,31.81780242919922,30.83995819091797,-0.0,-0.0,-0.0,-0.0,off
19.900000000000002,25.92603874206543,11.535700798034668,14.58289623260498,-0.35198742151260376,-0.4223325848579407,31.904430389404297,30.910371780395508,-0.0,-0.0,-0.0,-0.0,off
19.92,25.91847801208496,11.844111442565918,14.266352653503418,-0.29768696427345276,-0.4098680317401886,31.86815643310547,30.971450805664062,-0.0,-0.0,-0.0,-0.0,off
19.94,25.822561264038086,12.11524772644043,13.766940116882324,-0.26940611004829407,-0.39582183957099915,31.671951293945312,31.00696563720703,-0.0,-0.0,-0.0,-0.0,off
19.96,25.744457244873047,12.497570037841797,13.132519721984863,-0.22730982303619385,-0.3789706230163574,31.48697280883789,31.017959594726562,-0.0,-0.0,-0.0,-0.0,off
19.98,25.597686767578125,12.590998649597168,12.878851890563965,-0.2297961711883545,-0.3640531599521637,31.299196243286133,31.013124465942383,-0.0,-0.0,-0.0,-0.0,off
20.0,25.50956916809082,12.793314933776855,12.59605884552002,-0.25512421131134033,-0.3531602621078491,31.194032669067383,31.00025749206543,-0.0,-0.0,-0.0,-0.0,off
20.02,25.51382064819336,13.077661514282227,12.49575138092041,-0.2756851315498352,-0.3454127609729767,31.274974822998047,30.99909019470215,-0.0,-0.0,-0.0,-0.0,off
20.04,25.45854949951172,13.127606391906738,12.332804679870605,-0.2980336844921112,-0.34067484736442566,31.186052322387695,30.992958068847656,-0.0,0.0,-0.0,-0.0,off
20.06,25.264989852905273,13.152510643005371,12.496027946472168,-0.3528154492378235,-0.3418889045715332,31.104001998901367,30.984649658203125,-0.0,-0.0,-0.0,-0.0,off
20.080000000000002,24.792743682861328,12.337515830993652,12.853776931762695,-0.3983001708984375,-0.3475300371646881,30.530542373657227,30.930452346801758,-0.0,-0.0,-0.0,-0.0,off
20.1,20.36245346069336,9.5742769241333,13.625249862670898,-0.4255659282207489,-0.3553335964679718,26.30482292175293,30.460491180419922,-0.0,-0.0,-0.0,-0.0,off
20.12,17.434547424316406,7.967550277709961,13.92979621887207,-0.46266770362854004,-0.36606699228286743,23.695663452148438,29.759929656982422,-0.0,-0.0,-0.0,-0.0,off
20.14,17.655391693115234,8.808008193969727,14.629972457885742,-0.5550292730331421,-0.3849632143974304,24.562776565551758,29.21375274658203,-0.0,-0.0,-0.0,-0.0,off
20.16,19.477657318115234,11.088974952697754,15.115581512451172,-0.5347985029220581,-0.3999467194080353,27.033781051635742,28.9753475189209,0.0,-0.0,-0.0,0.0,off
20.18,19.296981811523438,12.296319961547852,15.337714195251465,-0.4966142177581787,-0.4096134603023529,27.546659469604492,28.80465316772461,-0.0,-0.0,-0.0,-0.0,off
20.2,18.932796478271484,12.241772651672363,15.020068168640137,-0.310319721698761,-0.3996840715408325,27.090850830078125,28.60963249206543,-0.0,-0.0,-0.0,-0.0,off
20.22,20.2412109375,12.629652976989746,14.43979263305664,-0.03908294439315796,-0.3636239469051361,27.88767433166504,28.524898529052734,0.0,-0.0,-0.0,0.0,off
20.240000000000002,20.90929412841797,11.98050594329834,14.384051322937012,0.12594711780548096,-0.31466683745384216,28.064783096313477,28.474716186523438,-0.0,-0.0,-0.0,-0.0,off
20.26,20.554655075073242,10.853962898254395,13.151127815246582,0.22713318467140198,-0.2604868412017822,26.706825256347656,28.297040939331055,-0.0,-0.0,-0.0,-0.0,off
20.28,19.37578010559082,8.910122871398926,14.749513626098633,0.1910872757434845,-0.21532942354679108,25.92989158630371,28.05274200439453,-0.0,-0.0,-0.0,-0.0,off
20.3,17.869524002075195,9.098481178283691,15.299219131469727,-0.02206045389175415,-0.1960025131702423,25.22237777709961,27.754396438598633,-0.0,-0.0,-0.0,-0.0,off
20.32,16.684797286987305,8.637503623962402,15.39487361907959,-0.14297634363174438,-0.19069989025592804,24.289730072021484,27.386207580566406,-0.0,-0.0,-0.0,-0.0,off
20.34,18.244213104248047,7.647602081298828,15.69113826751709,-0.15524688363075256,-0.18715457618236542,25.249731063842773,27.15511131286621,-0.0,-0.0,-0.0,-0.0,off
20.36,20.736770629882812,5.563209056854248,15.644011497497559,-0.012617409229278564,-0.16970086097717285,26.564977645874023,27.06093406677246,-0.0,-0.0,-0.0,-0.0,off
20.38,20.676830291748047,4.042959213256836,16.079030990600586,0.07425332069396973,-0.14530543982982635,26.50305938720703,26.950515747070312,-0.0,-0.0,-0.0,-0.0,off
20.400000000000002,19.349517822265625,3.8033130168914795,16.6002197265625,0.18243926763534546,-0.11253096163272858,25.776662826538086,26.781368255615234,-0.0,-0.0,-0.0,-0.0,off
20.42,18.41178321838379,4.857583045959473,16.937990188598633,0.12011092901229858,-0.08926676958799362,25.485004425048828,26.618623733520508,-0.0,-0.0,-0.0,-0.0,off
20.44,16.475196838378906,4.0056562423706055,17.43547821044922,0.10175913572311401,-0.07016417384147644,24.320222854614258,26.335729598999023,-0.0,0.0,-0.0,-0.0,off
20.46,14.119126319885254,2.4114267826080322,17.510149002075195,0.11316758394241333,-0.051830995827913284,22.62233543395996,25.87415885925293,-0.0,-0.0,-0.0,-0.0,off
20.48,12.6402587890625,-0.7310445308685303,16.99805450439453,0.048837289214134216,-0.041764166206121445,21.19538688659668,25.25109100341797,-0.0,-0.0,-0.0,-0.0,off
20.5,14.14069652557373,-2.493818998336792,16.383119583129883,-0.15256382524967194,-0.052844129502773285,21.78497314453125,24.744890213012695,-0.0,-0.0,-0.0,-0.0,off
20.52,17.16646385192871,-2.987056016921997,15.312390327453613,-0.46120601892471313,-0.09368032217025757,23.196535110473633,24.45868492126465,-0.0,-0.0,-0.0,-0.0,off
20.54,20.67704200744629,0.08048508316278458,16.540203094482422,-0.8486341238021851,-0.16917571425437927,26.478763580322266,24.61600685119629,-0.0,-0.0,-0.0,-0.0,off
