t,Fx_hat,Fy_hat,Fz_hat,tau_yaw_hat,tau_yaw_ema,force_mag,force_mag_ema,wz_obs,vx_cmd,vy_cmd,wz_cmd,compliance_mode
0.0,23.45180320739746,0.527859091758728,14.309720993041992,-1.1892777681350708,-1.162527084350586,27.47787857055664,27.561464309692383,-0.0,-0.0,-0.0,-0.0,off
0.02,23.4666805267334,0.5067781209945679,14.277941703796387,-1.2015674114227295,-1.1664310693740845,27.473651885986328,27.552268981933594,-0.0,0.0,-0.0,-0.0,off
0.04,23.47440528869629,0.47427403926849365,14.216694831848145,-1.1949243545532227,-1.1692802906036377,27.44789695739746,27.54143524169922,-0.0,0.0,-0.0,-0.0,off
0.06,23.477859497070312,0.4495052099227905,14.191060066223145,-1.1894114017486572,-1.1712933778762817,27.43716812133789,27.530643463134766,-0.0,-0.0,-0.0,-0.0,off
0.08,23.49300193786621,0.3654245138168335,14.124658584594727,-1.1845186948776245,-1.172615885734558,27.41460609436035,27.51858901977539,-0.0,-0.0,-0.0,-0.0,off
0.1,23.522537231445312,0.3511461019515991,14.075182914733887,-1.1893635988235474,-1.174290657043457,27.41429901123047,27.507736206054688,-0.0,-0.0,-0.0,-0.0,off
0.12,23.524372100830078,0.2995561361312866,13.970915794372559,-1.1896820068359375,-1.1758297681808472,27.36187744140625,27.49266815185547,-0.0,0.0,-0.0,-0.0,off
0.14,23.545719146728516,0.2713054418563843,13.823132514953613,-1.1649454832077026,-1.174741268157959,27.304824829101562,27.473304748535156,-0.0,-0.0,-0.0,-0.0,off
0.16,23.55245018005371,0.2431587129831314,13.690485954284668,-1.1409374475479126,-1.1713608503341675,27.243465423583984,27.449657440185547,-0.0,-0.0,-0.0,-0.0,off
0.18,23.55909538269043,0.1788715273141861,13.633336067199707,-1.146407127380371,-1.168865442276001,27.220043182373047,27.42599105834961,-0.0,0.0,-0.0,-0.0,off
0.2,23.57679557800293,0.13794459402561188,13.563248634338379,-1.1562877893447876,-1.1676075458526611,27.200111389160156,27.402666091918945,-0.0,0.0,-0.0,-0.0,off
0.22,23.57724952697754,0.10133303701877594,13.467174530029297,-1.147362232208252,-1.1655830144882202,27.152565002441406,27.376873016357422,-0.0,-0.0,-0.0,-0.0,off
0.24,23.567792892456055,0.015367880463600159,13.339385032653809,-1.133836030960083,-1.1624083518981934,27.080995559692383,27.346342086791992,0.0,0.0,-0.0,0.0,off
0.26,23.547712326049805,-0.0396028608083725,13.264949798583984,-1.1416089534759521,-1.1603283882141113,27.026935577392578,27.313451766967773,-0.0,-0.0,-0.0,-0.0,off
0.28,23.558216094970703,-0.0671602338552475,13.194993019104004,-1.1466783285140991,-1.1589634418487549,27.001888275146484,27.28135871887207,-0.0,-0.0,-0.0,-0.0,off
0.3,23.57821273803711,-0.11622963845729828,13.13790512084961,-1.1440016031265259,-1.157467246055603,26.991668701171875,27.251449584960938,-0.0,-0.0,-0.0,-0.0,off
0.32,23.5804386138916,-0.15125809609889984,13.058470726013184,-1.1227314472198486,-1.1539936065673828,26.955215454101562,27.220876693725586,-0.0,-0.0,-0.0,-0.0,off
0.34,23.56447982788086,-0.24470578134059906,13.0003662109375,-1.1281243562698364,-1.1514066457748413,26.913827896118164,27.189178466796875,-0.0,0.0,-0.0,-0.0,off
0.36,23.589826583862305,-0.3012787103652954,12.995088577270508,-1.1490139961242676,-1.151167392730713,26.934049606323242,27.162738800048828,-0.0,-0.0,-0.0,-0.0,off
0.38,23.596370697021484,-0.387363076210022,12.943586349487305,-1.1501113176345825,-1.151061773300171,26.91607666015625,27.1370906829834,-0.0,0.0,-0.0,-0.0,off
0.4,23.610803604125977,-0.4383636713027954,12.899885177612305,-1.136689305305481,-1.1496244668960571,26.90853500366211,27.11327362060547,-0.0,0.0,-0.0,-0.0,off
0.42,23.609506607055664,-0.5029016733169556,12.832365989685059,-1.1218901872634888,-1.1468510627746582,26.876222610473633,27.088579177856445,-0.0,-0.0,-0.0,-0.0,off
0.44,23.617198944091797,-0.6123396158218384,12.780279159545898,-1.1196798086166382,-1.1441338062286377,26.860427856445312,27.064672470092773,-0.0,-0.0,-0.0,-0.0,off
0.46,23.607717514038086,-0.6807037591934204,12.746190071105957,-1.137058973312378,-1.1434262990951538,26.8375301361084,27.040897369384766,-0.0,-0.0,-0.0,-0.0,off
0.48,23.601537704467773,-0.7682644128799438,12.677328109741211,-1.1418622732162476,-1.1432697772979736,26.80181884765625,27.015859603881836,-0.0,0.0,-0.0,-0.0,off
0.5,23.60314178466797,-0.8147121667861938,12.612394332885742,-1.1400071382522583,-1.1429435014724731,26.77395248413086,26.99056053161621,-0.0,0.0,-0.0,-0.0,off
0.52,23.63062858581543,-0.8459345102310181,12.581598281860352,-1.1416808366775513,-1.1428171396255493,26.78467559814453,26.968948364257812,-0.0,0.0,-0.0,-0.0,off
0.54,23.63743019104004,-0.9525028467178345,12.552515983581543,-1.1512631177902222,-1.1436617374420166,26.780609130859375,26.949026107788086,-0.0,-0.0,-0.0,-0.0,off
0.56,23.62977409362793,-1.002562165260315,12.520079612731934,-1.1569160223007202,-1.1449871063232422,26.760488510131836,26.92915153503418,-0.0,-0.0,-0.0,-0.0,off
0.58,23.622365951538086,-1.0421940088272095,12.465174674987793,-1.1493524312973022,-1.1454236507415771,26.729812622070312,26.908241271972656,-0.0,0.0,-0.0,-0.0,off
0.6,23.61970329284668,-1.1084696054458618,12.413151741027832,-1.1379159688949585,-1.1446728706359863,26.70590591430664,26.887020111083984,-0.0,0.0,-0.0,-0.0,off
0.62,23.641042709350586,-1.1888271570205688,12.376708030700684,-1.1494542360305786,-1.1451510190963745,26.711328506469727,26.868425369262695,-0.0,-0.0,-0.0,-0.0,off
0.64,23.63812255859375,-1.2373701333999634,12.337855339050293,-1.1616612672805786,-1.1468019485473633,26.692970275878906,26.849903106689453,-0.0,-0.0,-0.0,-0.0,off
0.66,23.61715316772461,-1.3024879693984985,12.270233154296875,-1.1702736616134644,-1.1491491794586182,26.64629554748535,26.82854461669922,-0.0,-0.0,-0.0,-0.0,off
0.68,23.63169288635254,-1.3530670404434204,12.217608451843262,-1.1730579137802124,-1.1515400409698486,26.637523651123047,26.808454513549805,-0.0,-0.0,-0.0,-0.0,off
0.7000000000000001,23.6506290435791,-1.4007869958877563,12.162353515625,-1.1632134914398193,-1.1527073383331299,26.63150978088379,26.789779663085938,-0.0,-0.0,-0.0,-0.0,off
0.72,23.642118453979492,-1.4599424600601196,12.117941856384277,-1.1740779876708984,-1.1548444032669067,26.606874465942383,26.770523071289062,-0.0,-0.0,-0.0,-0.0,off
0.74,23.633642196655273,-1.5080868005752563,12.101455688476562,-1.1988954544067383,-1.1592494249343872,26.59452247619629,26.752033233642578,-0.0,-0.0,-0.0,-0.0,off
0.76,23.61475944519043,-1.525988221168518,12.007025718688965,-1.1894550323486328,-1.162269949913025,26.535903930664062,26.72955322265625,-0.0,-0.0,-0.0,-0.0,off
0.78,23.62404441833496,-1.5203911066055298,11.973286628723145,-1.1890251636505127,-1.1649454832077026,26.528600692749023,26.70871353149414,-0.0,-0.0,-0.0,-0.0,off
0.8,23.62340545654297,-1.5430618524551392,11.946310043334961,-1.1999400854110718,-1.1684449911117554,26.517175674438477,26.688886642456055,-0.0,-0.0,-0.0,-0.0,off
0.8200000000000001,23.640581130981445,-1.6220184564590454,11.89028263092041,-1.2044579982757568,-1.1720463037490845,26.512012481689453,26.67045021057129,0.0,-0.0,-0.0,0.0,off
0.84,23.63898277282715,-1.650795578956604,11.862645149230957,-1.2167527675628662,-1.1765168905258179,26.499980926513672,26.652713775634766,-0.0,-0.0,-0.0,-0.0,off
0.86,23.63271141052246,-1.672690987586975,11.792750358581543,-1.209177017211914,-1.1797828674316406,26.464540481567383,26.633220672607422,-0.0,0.0,-0.0,-0.0,off
0.88,23.62651824951172,-1.7164474725723267,11.739006042480469,-1.2008845806121826,-1.181892991065979,26.437904357910156,26.613008499145508,-0.0,-0.0,-0.0,-0.0,off
0.9,23.63526153564453,-1.7563625574111938,11.736489295959473,-1.2233033180236816,-1.1860339641571045,26.447223663330078,26.595813751220703,-0.0,-0.0,-0.0,-0.0,off
0.92,23.634889602661133,-1.8196626901626587,11.70079517364502,-1.2526752948760986,-1.1926980018615723,26.435352325439453,26.579130172729492,-0.0,-0.0,-0.0,-0.0,off
0.9400000000000001,23.623199462890625,-1.8380180597305298,11.630940437316895,-1.2515807151794434,-1.1985862255096436,26.395315170288086,26.56012535095215,-0.0,-0.0,-0.0,-0.0,off
0.96,23.609821319580078,-1.8745914697647095,11.583687782287598,-1.2485182285308838,-1.2035794258117676,26.36511993408203,26.540019989013672,-0.0,-0.0,-0.0,-0.0,off
0.98,23.602712631225586,-1.8898769617080688,11.538735389709473,-1.2565258741378784,-1.208873987197876,26.340124130249023,26.519466400146484,-0.0,0.0,-0.0,-0.0,off
1.0,23.598299026489258,-1.951194405555725,11.504730224609375,-1.2833352088928223,-1.2163201570510864,26.325759887695312,26.499515533447266,-0.0,0.0,-0.0,-0.0,off
1.02,23.599275588989258,-1.9919334650039673,11.434752464294434,-1.279088020324707,-1.2225968837738037,26.299184799194336,26.47886848449707,-0.0,0.0,-0.0,-0.0,off
1.04,23.59684944152832,-1.9775491952896118,11.379717826843262,-1.2675938606262207,-1.2270965576171875,26.272037506103516,26.457637786865234,-0.0,-0.0,-0.0,-0.0,off
1.06,23.59989356994629,-1.9796043634414673,11.343426704406738,-1.2729265689849854,-1.2316795587539673,26.25922966003418,26.43730354309082,-0.0,-0.0,-0.0,-0.0,off
1.08,23.596399307250977,-2.035743236541748,11.309964179992676,-1.2925631999969482,-1.2377679347991943,26.24594497680664,26.417661666870117,-0.0,-0.0,-0.0,-0.0,off
1.1,23.60853385925293,-2.0783753395080566,11.278347969055176,-1.3095860481262207,-1.2449496984481812,26.246591567993164,26.400049209594727,-0.0,-0.0,-0.0,-0.0,off
1.12,23.597261428833008,-2.0779223442077637,11.225061416625977,-1.3002021312713623,-1.2504749298095703,26.21355628967285,26.380931854248047,-0.0,-0.0,-0.0,-0.0,off
1.1400000000000001,23.58751678466797,-2.0837531089782715,11.202629089355469,-1.303005337715149,-1.2557278871536255,26.195646286010742,26.361995697021484,-0.0,-0.0,-0.0,-0.0,off
1.16,23.585481643676758,-2.131314754486084,11.178101539611816,-1.3142670392990112,-1.2615817785263062,26.18716049194336,26.344104766845703,0.0,0.0,-0.0,0.0,off
1.18,23.58687400817871,-2.1312975883483887,11.148903846740723,-1.340988039970398,-1.2695223093032837,26.17596435546875,26.326929092407227,0.0,-0.0,-0.0,0.0,off
1.2,23.591089248657227,-2.1512560844421387,11.10796070098877,-1.3527860641479492,-1.2778486013412476,26.163986206054688,26.310277938842773,0.0,-0.0,-0.0,0.0,off
1.22,23.59620475769043,-2.178191661834717,11.055014610290527,-1.3504581451416016,-1.285109519958496,26.148399353027344,26.29371452331543,-0.0,-0.0,-0.0,-0.0,off
1.24,23.610998153686523,-2.2252440452575684,11.002952575683594,-1.3470698595046997,-1.2913055419921875,26.143754959106445,26.27829933166504,-0.0,-0.0,-0.0,-0.0,off
1.26,23.633499145507812,-2.2586607933044434,10.993858337402344,-1.3627554178237915,-1.2984504699707031,26.163118362426758,26.266389846801758,-0.0,-0.0,-0.0,-0.0,off
1.28,23.59730339050293,-2.296485424041748,10.928925514221191,-1.365558385848999,-1.3051612377166748,26.106473922729492,26.249984741210938,0.0,0.0,-0.0,0.0,off
1.3,23.552919387817383,-2.2446160316467285,10.900413513183594,-1.3730175495147705,-1.3119468688964844,26.04990005493164,26.229673385620117,0.0,0.0,-0.0,0.0,off
1.32,23.54867172241211,-2.2710928916931152,10.889941215515137,-1.3910573720932007,-1.3198578357696533,26.043973922729492,26.210830688476562,-0.0,0.0,-0.0,-0.0,off
1.34,23.56626319885254,-2.28517484664917,10.852168083190918,-1.3842343091964722,-1.3262954950332642,26.045351028442383,26.194007873535156,-0.0,-0.0,-0.0,-0.0,off
1.36,23.56084632873535,-2.339566707611084,10.821694374084473,-1.3837535381317139,-1.3320412635803223,26.032596588134766,26.177568435668945,-0.0,-0.0,-0.0,-0.0,off
1.3800000000000001,23.562524795532227,-2.356431484222412,10.819109916687012,-1.3998031616210938,-1.3388174772262573,26.034563064575195,26.163009643554688,-0.0,-0.0,-0.0,-0.0,off
1.4000000000000001,23.551836013793945,-2.3546500205993652,10.78951358795166,-1.3808479309082031,-1.3430204391479492,26.012439727783203,26.147720336914062,-0.0,-0.0,-0.0,-0.0,off
1.42,23.54265785217285,-2.3647379875183105,10.783223152160645,-1.3936914205551147,-1.3480875492095947,26.00243377685547,26.13299560546875,0.0,-0.0,-0.0,0.0,off
1.44,23.547964096069336,-2.404275417327881,10.77687931060791,-1.4154484272003174,-1.3548235893249512,26.00823402404785,26.120323181152344,-0.0,-0.0,-0.0,-0.0,off
1.46,23.527355194091797,-2.4868407249450684,10.741120338439941,-1.418339490890503,-1.3611750602722168,25.982542037963867,26.106292724609375,-0.0,0.0,-0.0,-0.0,off
1.48,23.53148078918457,-2.5076327323913574,10.707374572753906,-1.4126427173614502,-1.3663218021392822,25.974346160888672,26.092845916748047,-0.0,-0.0,-0.0,-0.0,off
1.5,23.526775360107422,-2.5224480628967285,10.71240520477295,-1.4201836585998535,-1.3717079162597656,25.97359275817871,26.080707550048828,-0.0,-0.0,-0.0,-0.0,off
1.52,23.520170211791992,-2.5251688957214355,10.708427429199219,-1.4385111331939697,-1.3783882856369019,25.96623420715332,26.06908416748047,-0.0,0.0,-0.0,-0.0,off
1.54,23.49757957458496,-2.53633451461792,10.667192459106445,-1.4449180364608765,-1.3850412368774414,25.92987060546875,26.054988861083984,-0.0,-0.0,-0.0,-0.0,off
1.56,23.49867820739746,-2.5780253410339355,10.641447067260742,-1.4511409997940063,-1.3916511535644531,25.92439842224121,26.041738510131836,-0.0,-0.0,-0.0,-0.0,off
1.58,23.49919319152832,-2.5478062629699707,10.594613075256348,-1.428217887878418,-1.3953077793121338,25.902687072753906,26.027667999267578,-0.0,-0.0,-0.0,-0.0,off
1.6,23.49886131286621,-2.575960636138916,10.573556900024414,-1.4271031618118286,-1.3984873294830322,25.89656639099121,26.014387130737305,-0.0,-0.0,-0.0,-0.0,off
1.62,23.51714515686035,-2.5871939659118652,10.580434799194336,-1.44570791721344,-1.4032094478607178,25.917083740234375,26.004512786865234,-0.0,-0.0,-0.0,-0.0,off
1.6400000000000001,23.487518310546875,-2.5904011726379395,10.559767723083496,-1.46974515914917,-1.409862995147705,25.8820858001709,25.992145538330078,-0.0,0.0,-0.0,-0.0,off
1.6600000000000001,23.488588333129883,-2.5928244590759277,10.534565925598145,-1.4700995683670044,-1.415886640548706,25.873029708862305,25.980112075805664,-0.0,-0.0,-0.0,-0.0,off
1.68,23.500083923339844,-2.633664608001709,10.518568992614746,-1.4646029472351074,-1.4207582473754883,25.88108253479004,25.970077514648438,-0.0,-0.0,-0.0,-0.0,off
1.7,23.494041442871094,-2.644925594329834,10.52016544342041,-1.4716393947601318,-1.4258463382720947,25.87739372253418,25.960693359375,-0.0,-0.0,-0.0,-0.0,off
1.72,23.501649856567383,-2.703050136566162,10.504135131835938,-1.4722999334335327,-1.4304916858673096,25.88379669189453,25.95285987854004,-0.0,-0.0,-0.0,-0.0,off
1.74,23.48334312438965,-2.7771716117858887,10.481919288635254,-1.4752686023712158,-1.4349693059921265,25.86601448059082,25.943988800048828,-0.0,0.0,-0.0,-0.0,off
1.76,23.46180534362793,-2.7870612144470215,10.457627296447754,-1.489983320236206,-1.4404706954956055,25.83768653869629,25.933189392089844,-0.0,0.0,-0.0,-0.0,off
1.78,23.436861038208008,-2.7648282051086426,10.439753532409668,-1.4935472011566162,-1.445778250694275,25.805410385131836,25.9202823638916,-0.0,-0.0,-0.0,-0.0,off
1.8,23.420452117919922,-2.792907238006592,10.443647384643555,-1.495525598526001,-1.4507529735565186,25.79511070251465,25.907644271850586,-0.0,-0.0,-0.0,-0.0,off
1.82,23.451513290405273,-2.778205394744873,10.426759719848633,-1.5066447257995605,-1.456342101097107,25.81490135192871,25.898273468017578,-0.0,-0.0,-0.0,-0.0,off
1.84,23.435876846313477,-2.8315024375915527,10.383814811706543,-1.4960074424743652,-1.46030855178833,25.789169311523438,25.88722801208496,-0.0,-0.0,-0.0,-0.0,off
1.86,23.45781707763672,-2.843811511993408,10.342589378356934,-1.4707636833190918,-1.4613540172576904,25.79390525817871,25.877748489379883,-0.0,-0.0,-0.0,-0.0,off
1.8800000000000001,23.465673446655273,-2.885556697845459,10.349261283874512,-1.4834386110305786,-1.4635624885559082,25.808361053466797,25.870662689208984,-0.0,-0.0,-0.0,-0.0,off
1.9000000000000001,23.439668655395508,-2.864863872528076,10.310200691223145,-1.48875093460083,-1.4660813808441162,25.76675796508789,25.860151290893555,-0.0,-0.0,-0.0,-0.0,off
1.92,23.421030044555664,-2.8742823600769043,10.282919883728027,-1.4956163167953491,-1.4690349102020264,25.73994255065918,25.84801483154297,0.0,-0.0,-0.0,0.0,off
1.94,23.41032600402832,-2.8677916526794434,10.24291706085205,-1.5096081495285034,-1.4730921983718872,25.713516235351562,25.83445167541504,-0.0,-0.0,-0.0,-0.0,off
1.96,23.391937255859375,-2.9052252769470215,10.202692985534668,-1.5125858783721924,-1.477041482925415,25.68497657775879,25.819368362426758,-0.0,0.0,-0.0,-0.0,off
1.98,23.40887451171875,-2.9173645973205566,10.204691886901855,-1.5309436321258545,-1.4824317693710327,25.70256996154785,25.807571411132812,-0.0,0.0,-0.0,-0.0,off
2.0,23.427202224731445,-2.907111644744873,10.180232048034668,-1.5395901203155518,-1.4881476163864136,25.70840835571289,25.797544479370117,-0.0,0.0,-0.0,-0.0,off
2.02,23.418031692504883,-2.940894603729248,10.163339614868164,-1.5320947170257568,-1.4925422668457031,25.697208404541016,25.787395477294922,-0.0,-0.0,-0.0,-0.0,off
2.04,23.437681198120117,-2.944627285003662,10.141997337341309,-1.5219478607177734,-1.4954828023910522,25.707117080688477,25.779254913330078,-0.0,-0.0,-0.0,-0.0,off
2.06,23.458894729614258,-2.9933571815490723,10.127570152282715,-1.5251731872558594,-1.498451828956604,25.72640037536621,25.773834228515625,-0.0,-0.0,-0.0,-0.0,off
2.08,23.435441970825195,-2.9997076988220215,10.123762130737305,-1.5396361351013184,-1.5025701522827148,25.704256057739258,25.766767501831055,-0.0,-0.0,-0.0,-0.0,off
2.1,23.423450469970703,-3.011354923248291,10.095625877380371,-1.5434250831604004,-1.5066555738449097,25.683612823486328,25.75834083557129,-0.0,-0.0,-0.0,-0.0,off
2.12,23.388198852539062,-3.0091261863708496,10.034640312194824,-1.520902156829834,-1.5080801248550415,25.62726593017578,25.745115280151367,-0.0,-0.0,-0.0,-0.0,off
2.14,23.382801055908203,-3.0307974815368652,10.065958023071289,-1.5331130027770996,-1.5105832815170288,25.63717269897461,25.734230041503906,-0.0,-0.0,-0.0,-0.0,off
2.16,23.381038665771484,-3.048123836517334,10.068921089172363,-1.5328190326690674,-1.5128068923950195,25.638784408569336,25.724605560302734,-0.0,-0.0,-0.0,-0.0,off
2.18,23.383440017700195,-3.129697322845459,10.035970687866211,-1.5334463119506836,-1.5148707628250122,25.637882232666016,25.715797424316406,-0.0,-0.0,-0.0,-0.0,off
2.2,23.40181541442871,-3.162630558013916,10.023441314697266,-1.5145570039749146,-1.5148394107818604,25.653783798217773,25.70945167541504,-0.0,-0.0,-0.0,-0.0,off
2.22,23.400541305541992,-3.207620143890381,10.00167179107666,-1.4959287643432617,-1.5129482746124268,25.649709701538086,25.703311920166016,-0.0,-0.0,-0.0,-0.0,off
2.24,23.372106552124023,-3.2702689170837402,10.01254940032959,-1.5198609828948975,-1.5136395692825317,25.635934829711914,25.69639015197754,-0.0,-0.0,-0.0,-0.0,off
2.2600000000000002,23.36903190612793,-3.2954421043395996,10.003091812133789,-1.5293514728546143,-1.515210747718811,25.632661819458008,25.689836502075195,-0.0,-0.0,-0.0,-0.0,off
2.2800000000000002,23.362953186035156,-3.321084499359131,10.00382137298584,-1.5220838785171509,-1.5158979892730713,25.63071632385254,25.68375587463379,-0.0,-0.0,-0.0,-0.0,off
2.3000000000000003,23.351804733276367,-3.324267864227295,9.981022834777832,-1.497391939163208,-1.5140472650527954,25.61207389831543,25.67643928527832,-0.0,-0.0,-0.0,-0.0,off
2.32,23.32965660095215,-3.3461241722106934,9.990817070007324,-1.4916858673095703,-1.5118111371994019,25.598552703857422,25.668514251708984,-0.0,-0.0,-0.0,-0.0,off
2.34,23.355798721313477,-3.428636074066162,9.995412826538086,-1.5070346593856812,-1.5113334655761719,25.63507652282715,25.66498374938965,-0.0,-0.0,-0.0,-0.0,off
2.36,23.34332847595215,-3.4494357109069824,9.96569538116455,-1.502957820892334,-1.5104957818984985,25.614931106567383,25.659791946411133,0.0,-0.0,-0.0,0.0,off
2.38,23.32737159729004,-3.463461399078369,9.952186584472656,-1.496551752090454,-1.509101390838623,25.597026824951172,25.65334701538086,0.0,-0.0,-0.0,0.0,off
2.4,23.350366592407227,-3.467057704925537,9.939215660095215,-1.4913825988769531,-1.5073294639587402,25.613435745239258,25.64920997619629,-0.0,-0.0,-0.0,-0.0,off
2.42,23.363962173461914,-3.4691061973571777,9.95356273651123,-1.5005459785461426,-1.5066510438919067,25.631677627563477,25.647340774536133,-0.0,-0.0,-0.0,-0.0,off
2.44,23.348295211791992,-3.5189528465270996,9.917370796203613,-1.5040196180343628,-1.5063878297805786,25.610157012939453,25.643476486206055,-0.0,-0.0,-0.0,-0.0,off
2.46,23.334304809570312,-3.5587878227233887,9.921536445617676,-1.520040512084961,-1.5077530145645142,25.604524612426758,25.639427185058594,-0.0,-0.0,-0.0,-0.0,off
2.48,23.341703414916992,-3.5883336067199707,9.865127563476562,-1.5064327716827393,-1.507620930671692,25.59359359741211,25.63467025756836,-0.0,-0.0,-0.0,-0.0,off
2.5,23.345373153686523,-3.613320827484131,9.840487480163574,-1.4927369356155396,-1.5061326026916504,25.590970993041992,25.630123138427734,-0.0,-0.0,-0.0,-0.0,off
2.52,23.351442337036133,-3.716240406036377,9.839704513549805,-1.5040321350097656,-1.505922555923462,25.610937118530273,25.62795066833496,-0.0,-0.0,-0.0,-0.0,off
2.54,23.376943588256836,-3.767972469329834,9.800674438476562,-1.504945993423462,-1.5058248043060303,25.626789093017578,25.627544403076172,-0.0,-0.0,-0.0,-0.0,off
2.56,23.366464614868164,-3.7877039909362793,9.78154468536377,-1.498453140258789,-1.5050876140594482,25.61282730102539,25.625804901123047,-0.0,-0.0,-0.0,-0.0,off
2.58,23.37227439880371,-3.8094420433044434,9.751779556274414,-1.4897323846817017,-1.5035520792007446,25.610002517700195,25.623964309692383,-0.0,-0.0,-0.0,-0.0,off
2.6,23.369935989379883,-3.8481249809265137,9.742998123168945,-1.5063860416412354,-1.5038354396820068,25.610309600830078,25.622339248657227,-0.0,-0.0,-0.0,-0.0,off
2.62,23.3240909576416,-3.863460063934326,9.688667297363281,-1.5128271579742432,-1.5047345161437988,25.55014419555664,25.6148624420166,-0.0,-0.0,-0.0,-0.0,off
2.64,23.31916618347168,-3.8915534019470215,9.665595054626465,-1.5236563682556152,-1.5066267251968384,25.54117202758789,25.60723876953125,-0.0,-0.0,-0.0,-0.0,off
2.66,23.344377517700195,-3.8988394737243652,9.635885238647461,-1.5166425704956055,-1.507628321647644,25.5540828704834,25.601688385009766,-0.0,-0.0,-0.0,-0.0,off
2.68,23.362783432006836,-3.9239439964294434,9.59803581237793,-1.5094205141067505,-1.5078074932098389,25.560503005981445,25.597326278686523,-0.0,-0.0,-0.0,-0.0,off
2.7,23.367847442626953,-3.9888548851013184,9.597763061523438,-1.52500319480896,-1.5095269680023193,25.575071334838867,25.594833374023438,0.0,-0.0,-0.0,0.0,off
2.72,23.40178108215332,-4.00729513168335,9.570713996887207,-1.5263797044754028,-1.5112122297286987,25.598834991455078,25.594972610473633,-0.0,0.0,-0.0,-0.0,off
2.74,23.424888610839844,-4.046016216278076,9.552055358886719,-1.5278671979904175,-1.5128777027130127,25.619083404541016,25.59711456298828,-0.0,-0.0,-0.0,-0.0,off
2.7600000000000002,23.43666648864746,-4.087429523468018,9.50240421295166,-1.5112595558166504,-1.5127158164978027,25.617963790893555,25.59889793395996,-0.0,-0.0,-0.0,-0.0,off
2.7800000000000002,23.418474197387695,-4.147984981536865,9.475693702697754,-1.531294822692871,-1.5145736932754517,25.60116195678711,25.598787307739258,-0.0,-0.0,-0.0,-0.0,off
2.8000000000000003,23.40067481994629,-4.189697742462158,9.44729232788086,-1.5464584827423096,-1.5177620649337769,25.581174850463867,25.596683502197266,-0.0,-0.0,-0.0,-0.0,off
2.82,23.404577255249023,-4.185522556304932,9.4110746383667,-1.5493550300598145,-1.5209213495254517,25.570709228515625,25.59378433227539,-0.0,-0.0,-0.0,-0.0,off
2.84,23.42470359802246,-4.220223903656006,9.373475074768066,-1.5384540557861328,-1.522674560546875,25.58102798461914,25.59218978881836,-0.0,-0.0,-0.0,-0.0,off
2.86,23.453073501586914,-4.289002895355225,9.342302322387695,-1.5311932563781738,-1.5235264301300049,25.607046127319336,25.593303680419922,-0.0,0.0,-0.0,-0.0,off
2.88,23.44585609436035,-4.341241359710693,9.325943946838379,-1.5451774597167969,-1.5256915092468262,25.6032772064209,25.59391975402832,-0.0,0.0,-0.0,-0.0,off
2.9,23.4363956451416,-4.36836576461792,9.302599906921387,-1.5448368787765503,-1.5276060104370117,25.59073257446289,25.59324073791504,-0.0,-0.0,-0.0,-0.0,off
2.92,23.442306518554688,-4.425954341888428,9.286276817321777,-1.5331077575683594,-1.5281561613082886,25.600112915039062,25.593547821044922,-0.0,-0.0,-0.0,-0.0,off
2.94,23.44829750061035,-4.445784091949463,9.272829055786133,-1.5282275676727295,-1.528163194656372,25.60416030883789,25.59426498413086,-0.0,-0.0,-0.0,-0.0,off
2.96,23.453157424926758,-4.474380016326904,9.262482643127441,-1.5278609991073608,-1.5281329154968262,25.609846115112305,25.595502853393555,-0.0,0.0,-0.0,-0.0,off
2.98,23.46048927307129,-4.556262493133545,9.238250732421875,-1.5338051319122314,-1.5287001132965088,25.622241973876953,25.597789764404297,-0.0,0.0,-0.0,-0.0,off
3.0,23.46916389465332,-4.605048656463623,9.238675117492676,-1.5491890907287598,-1.530748963356018,25.639057159423828,25.601539611816406,-0.0,-0.0,-0.0,-0.0,off
3.02,23.481233596801758,-4.638615131378174,9.205300331115723,-1.5429356098175049,-1.5319675207138062,25.644155502319336,25.605424880981445,-0.0,-0.0,-0.0,-0.0,off
3.04,23.46250343322754,-4.706614971160889,9.165688514709473,-1.533137321472168,-1.5320844650268555,25.62520408630371,25.606971740722656,-0.0,-0.0,-0.0,-0.0,off
3.06,23.481348037719727,-4.7515482902526855,9.164862632751465,-1.545884132385254,-1.5334644317626953,25.650449752807617,25.61090660095215,-0.0,-0.0,-0.0,-0.0,off
3.08,23.493009567260742,-4.817927837371826,9.176762580871582,-1.5608839988708496,-1.5362062454223633,25.677751541137695,25.61716651916504,-0.0,-0.0,-0.0,-0.0,off
3.1,23.460386276245117,-4.877997875213623,9.14376163482666,-1.5619181394577026,-1.5387773513793945,25.64747428894043,25.619739532470703,-0.0,-0.0,-0.0,-0.0,off
3.12,23.458824157714844,-4.866744518280029,9.115384101867676,-1.539088249206543,-1.5388084650039673,25.63380241394043,25.620771408081055,0.0,-0.0,-0.0,0.0,off
3.14,23.4599666595459,-4.898953914642334,9.122727394104004,-1.542957067489624,-1.539223313331604,25.64359474182129,25.622709274291992,-0.0,-0.0,-0.0,-0.0,off
3.16,23.457942962646484,-4.954150676727295,9.1065034866333,-1.550911784172058,-1.5403921604156494,25.64657974243164,25.624736785888672,-0.0,0.0,-0.0,-0.0,off
3.18,23.439451217651367,-4.9780707359313965,9.058286666870117,-1.5591723918914795,-1.5422701835632324,25.61721420288086,25.623624801635742,-0.0,0.0,-0.0,-0.0,off
3.2,23.44523811340332,-4.9817118644714355,9.05766487121582,-1.5632781982421875,-1.5443710088729858,25.622997283935547,25.623268127441406,-0.0,-0.0,-0.0,-0.0,off
3.22,23.475011825561523,-5.042359828948975,9.010241508483887,-1.5550589561462402,-1.5454397201538086,25.645389556884766,25.625131607055664,-0.0,0.0,-0.0,-0.0,off
3.24,23.435083389282227,-5.091622829437256,8.999406814575195,-1.5615094900131226,-1.5470466613769531,25.614782333374023,25.623743057250977,-0.0,-0.0,-0.0,-0.0,off
3.2600000000000002,23.462839126586914,-5.132155895233154,8.982203483581543,-1.560135841369629,-1.5483555793762207,25.642227172851562,25.6252384185791,-0.0,-0.0,-0.0,-0.0,off
3.2800000000000002,23.468507766723633,-5.186246395111084,8.978259086608887,-1.568954586982727,-1.5504155158996582,25.656911849975586,25.6280460357666,-0.0,-0.0,-0.0,-0.0,off
3.3000000000000003,23.47612762451172,-5.184382915496826,8.95285701751709,-1.566550374031067,-1.552029013633728,25.654630661010742,25.63039779663086,-0.0,-0.0,-0.0,-0.0,off
3.3200000000000003,23.445100784301758,-5.235044002532959,8.938222885131836,-1.565882921218872,-1.5534143447875977,25.63142967224121,25.63018035888672,-0.0,-0.0,-0.0,-0.0,off
3.34,23.42727279663086,-5.271442890167236,8.92021656036377,-1.5609248876571655,-1.5541653633117676,25.616313934326172,25.628475189208984,-0.0,-0.0,-0.0,-0.0,off
3.36,23.411928176879883,-5.323153972625732,8.908273696899414,-1.5684633255004883,-1.55559504032135,25.60881996154785,25.626174926757812,-0.0,-0.0,-0.0,-0.0,off
3.38,23.408315658569336,-5.360721111297607,8.873357772827148,-1.5505335330963135,-1.5550888776779175,25.60123062133789,25.62333869934082,-0.0,-0.0,-0.0,-0.0,off
3.4,23.43617820739746,-5.412290096282959,8.844647407531738,-1.5445274114608765,-1.554032802581787,25.62762451171875,25.623403549194336,-0.0,-0.0,-0.0,-0.0,off
3.42,23.41498374938965,-5.4457316398620605,8.84895133972168,-1.5542153120040894,-1.5540509223937988,25.616819381713867,25.622404098510742,-0.0,-0.0,-0.0,-0.0,off
3.44,23.410404205322266,-5.479857921600342,8.864609718322754,-1.5681469440460205,-1.5554604530334473,25.625322341918945,25.622385025024414,-0.0,-0.0,-0.0,-0.0,off
3.46,23.401498794555664,-5.501561641693115,8.869574546813965,-1.5718295574188232,-1.557097315788269,25.62355613708496,25.622222900390625,-0.0,-0.0,-0.0,-0.0,off
3.48,23.375757217407227,-5.5617804527282715,8.863387107849121,-1.5526745319366455,-1.5566550493240356,25.610916137695312,25.62078285217285,-0.0,-0.0,-0.0,-0.0,off
3.5,23.359159469604492,-5.640692234039307,8.849413871765137,-1.5513854026794434,-1.5561280250549316,25.608198165893555,25.61915397644043,-0.0,-0.0,-0.0,-0.0,off
3.52,23.328203201293945,-5.697845935821533,8.910775184631348,-1.5796891450881958,-1.5584840774536133,25.613910675048828,25.618253707885742,-0.0,-0.0,-0.0,-0.0,off
3.54,23.335437774658203,-5.714417934417725,8.938384056091309,-1.5843706130981445,-1.561072587966919,25.633804321289062,25.61948585510254,0.0,-0.0,-0.0,0.0,off
3.56,23.310129165649414,-5.755649089813232,8.997109413146973,-1.5648682117462158,-1.5614521503448486,25.640546798706055,25.621261596679688,-0.0,-0.0,-0.0,-0.0,off
3.58,23.280141830444336,-5.792368412017822,9.075618743896484,-1.5501199960708618,-1.560318946838379,25.64923858642578,25.623708724975586,-0.0,-0.0,-0.0,-0.0,off
3.6,23.235919952392578,-5.869584560394287,9.150755882263184,-1.535622000694275,-1.5578491687774658,25.65338706970215,25.626222610473633,-0.0,-0.0,-0.0,-0.0,off
3.62,23.15360450744629,-5.91762113571167,9.220547676086426,-1.5278908014297485,-1.5548533201217651,25.614959716796875,25.624557495117188,-0.0,-0.0,-0.0,-0.0,off
3.64,23.10600471496582,-5.926661968231201,9.25439167022705,-1.4963536262512207,-1.54900324344635,25.586257934570312,25.62021827697754,-0.0,-0.0,-0.0,-0.0,off
3.66,23.10784149169922,-5.978602886199951,9.279449462890625,-1.4816322326660156,-1.5422661304473877,25.609066009521484,25.61859130859375,-0.0,-0.0,-0.0,-0.0,off
3.68,23.11203956604004,-6.048242092132568,9.292254447937012,-1.4717209339141846,-1.5352115631103516,25.63383674621582,25.61959457397461,-0.0,-0.0,-0.0,-0.0,off
3.7,23.106578826904297,-6.107203960418701,9.301751136779785,-1.4764072895050049,-1.529331088066101,25.64633560180664,25.62174415588379,-0.0,-0.0,-0.0,-0.0,off
3.72,23.097049713134766,-6.1418776512146,9.31425666809082,-1.4591255187988281,-1.522310495376587,25.650569915771484,25.624135971069336,-0.0,-0.0,-0.0,-0.0,off
3.74,23.089834213256836,-6.180626392364502,9.327139854431152,-1.4450700283050537,-1.5145864486694336,25.658061981201172,25.627059936523438,-0.0,-0.0,-0.0,-0.0,off
3.7600000000000002,23.05942153930664,-6.2092509269714355,9.320423126220703,-1.4187812805175781,-1.5050058364868164,25.63517189025879,25.6274356842041,-0.0,-0.0,-0.0,-0.0,off
3.7800000000000002,23.019380569458008,-6.21686315536499,9.345776557922363,-1.411757469177246,-1.4956809282302856,25.610248565673828,25.625316619873047,-0.0,-0.0,-0.0,-0.0,off
3.8000000000000003,23.02778434753418,-6.226975917816162,9.355971336364746,-1.407900333404541,-1.4869028329849243,25.623979568481445,25.624841690063477,-0.0,-0.0,-0.0,-0.0,off
3.8200000000000003,23.033409118652344,-6.240624904632568,9.337630271911621,-1.3943790197372437,-1.4776504039764404,25.62566375732422,25.624645233154297,-0.0,-0.0,-0.0,-0.0,off
3.84,23.02348518371582,-6.26453161239624,9.251761436462402,-1.3643659353256226,-1.4663219451904297,25.591411590576172,25.621089935302734,-0.0,-0.0,-0.0,-0.0,off
3.86,22.99937629699707,-6.231029987335205,9.230441093444824,-1.341154932975769,-1.4538052082061768,25.5538272857666,25.614208221435547,-0.0,-0.0,-0.0,-0.0,off
3.88,22.985031127929688,-6.2366461753845215,9.211668968200684,-1.3399418592453003,-1.4424189329147339,25.53550910949707,25.606203079223633,-0.0,-0.0,-0.0,-0.0,off
3.9,22.98838233947754,-6.289855480194092,9.246344566345215,-1.3443183898925781,-1.4326088428497314,25.56409454345703,25.601831436157227,-0.0,-0.0,-0.0,-0.0,off
3.92,22.95762062072754,-6.343160152435303,9.253056526184082,-1.3327361345291138,-1.422621488571167,25.552047729492188,25.596654891967773,-0.0,-0.0,-0.0,-0.0,off
3.94,22.919618606567383,-6.320370197296143,9.251359939575195,-1.322507381439209,-1.4126100540161133,25.51163673400879,25.58800506591797,0.0,0.0,-0.0,0.0,off
3.96,22.916025161743164,-6.3563761711120605,9.284552574157715,-1.3169562816619873,-1.4030447006225586,25.529407501220703,25.58198356628418,-0.0,0.0,-0.0,-0.0,off
3.98,22.892675399780273,-6.409694194793701,9.253701210021973,-1.2843904495239258,-1.3911793231964111,25.51058006286621,25.57465934753418,-0.0,0.0,-0.0,-0.0,off
4.0,22.84520149230957,-6.451035022735596,9.24854850769043,-1.2589257955551147,-1.3779540061950684,25.476552963256836,25.564638137817383,-0.0,-0.0,-0.0,-0.0,off
4.0200000000000005,22.846010208129883,-6.481491565704346,9.175694465637207,-1.2270233631134033,-1.362860918045044,25.45865821838379,25.5538387298584,0.0,-0.0,-0.0,0.0,off
4.04,22.84035873413086,-6.541649341583252,9.170370101928711,-1.2267792224884033,-1.349252700805664,25.46705436706543,25.544931411743164,-0.0,-0.0,-0.0,-0.0,off
4.0600000000000005,22.839950561523438,-6.580236911773682,9.15428638458252,-1.226604700088501,-1.3369879722595215,25.470842361450195,25.53728485107422,-0.0,-0.0,-0.0,-0.0,off
4.08,22.86029624938965,-6.637385845184326,9.093977928161621,-1.200407862663269,-1.3233299255371094,25.482316970825195,25.531517028808594,-0.0,-0.0,-0.0,-0.0,off
4.1,22.83729362487793,-6.679152965545654,9.099967002868652,-1.1790419816970825,-1.308901071548462,25.474740982055664,25.525562286376953,-0.0,-0.0,-0.0,-0.0,off
4.12,22.860811233520508,-6.7078776359558105,9.059093475341797,-1.1931735277175903,-1.297328233718872,25.488811492919922,25.521617889404297,-0.0,-0.0,-0.0,-0.0,off
4.14,22.870088577270508,-6.728318691253662,9.046404838562012,-1.2033562660217285,-1.287930965423584,25.49801254272461,25.519010543823242,-0.0,-0.0,-0.0,-0.0,off
4.16,22.926448822021484,-6.796890735626221,9.020848274230957,-1.2016100883483887,-1.2792989015579224,25.557689666748047,25.522592544555664,-0.0,-0.0,-0.0,-0.0,off
4.18,22.91117286682129,-6.882150173187256,9.009013175964355,-1.1887426376342773,-1.2702432870864868,25.562631607055664,25.5262451171875,-0.0,-0.0,-0.0,-0.0,off
4.2,22.940690994262695,-6.971817493438721,8.978968620300293,-1.1657274961471558,-1.259791612625122,25.602800369262695,25.53347396850586,-0.0,0.0,-0.0,-0.0,off
4.22,22.964113235473633,-7.078366756439209,8.977953910827637,-1.1655504703521729,-1.250367522239685,25.652629852294922,25.544879913330078,-0.0,-0.0,-0.0,-0.0,off
4.24,22.941173553466797,-7.15523099899292,8.96308708190918,-1.153799295425415,-1.2407106161117554,25.648229598999023,25.554655075073242,-0.0,-0.0,-0.0,-0.0,off
4.26,22.94748306274414,-7.299611568450928,8.942072868347168,-1.1523951292037964,-1.2318789958953857,25.68719482421875,25.567169189453125,-0.0,-0.0,-0.0,-0.0,off
4.28,22.93010139465332,-7.372569561004639,8.882712364196777,-1.1298555135726929,-1.2216765880584717,25.67190933227539,25.576847076416016,-0.0,-0.0,-0.0,-0.0,off
4.3,22.927873611450195,-7.4371256828308105,8.838393211364746,-1.1238518953323364,-1.2118940353393555,25.673242568969727,25.585670471191406,-0.0,-0.0,-0.0,-0.0,off
4.32,22.94070053100586,-7.5289483070373535,8.776320457458496,-1.1304277181625366,-1.203747272491455,25.690166473388672,25.595211029052734,-0.0,-0.0,-0.0,-0.0,off
4.34,22.973894119262695,-7.538641452789307,8.698701858520508,-1.1259584426879883,-1.1959682703018188,25.696269989013672,25.60448455810547,-0.0,-0.0,-0.0,-0.0,off
4.36,22.989038467407227,-7.618407726287842,8.612902641296387,-1.1115270853042603,-1.1875240802764893,25.704437255859375,25.613542556762695,-0.0,-0.0,-0.0,-0.0,off
4.38,23.02393913269043,-7.673884868621826,8.507610321044922,-1.0857938528060913,-1.1773509979248047,25.71710968017578,25.622880935668945,-0.0,-0.0,-0.0,-0.0,off
4.4,23.043241500854492,-7.750010013580322,8.406630516052246,-1.0767546892166138,-1.167291283607483,25.724016189575195,25.63184356689453,-0.0,-0.0,-0.0,-0.0,off
4.42,23.018857955932617,-7.782019138336182,8.348899841308594,-1.0856809616088867,-1.1591302156448364,25.693029403686523,25.63686752319336,-0.0,-0.0,-0.0,-0.0,off
4.44,23.045101165771484,-7.821792125701904,8.285547256469727,-1.0967376232147217,-1.152890920639038,25.708120346069336,25.64291763305664,-0.0,-0.0,-0.0,-0.0,off
4.46,23.03658103942871,-7.878081798553467,8.174476623535156,-1.0728368759155273,-1.144885540008545,25.682100296020508,25.645648956298828,-0.0,-0.0,-0.0,-0.0,off
4.48,23.021120071411133,-7.942437648773193,8.096441268920898,-1.0571595430374146,-1.136112928390503,25.663333892822266,25.646181106567383,-0.0,-0.0,-0.0,-0.0,off
4.5,23.072669982910156,-8.004189491271973,8.030559539794922,-1.0529515743255615,-1.1277967691421509,25.708072662353516,25.651107788085938,-0.0,-0.0,-0.0,-0.0,off
4.5200000000000005,23.105546951293945,-8.034394264221191,7.9872355461120605,-1.065720796585083,-1.1215890645980835,25.73351287841797,25.658178329467773,-0.0,-0.0,-0.0,-0.0,off
4.54,23.112348556518555,-8.04666519165039,7.88853120803833,-1.0580542087554932,-1.1152355670928955,25.713001251220703,25.662485122680664,-0.0,-0.0,-0.0,-0.0,off
4.5600000000000005,23.097803115844727,-8.032066345214844,7.808035373687744,-1.0395443439483643,-1.1076663732528687,25.670761108398438,25.662216186523438,-0.0,-0.0,-0.0,-0.0,off
4.58,23.06804084777832,-8.05355453491211,7.725284099578857,-1.028944969177246,-1.0997942686080933,25.625656127929688,25.657466888427734,-0.0,-0.0,-0.0,-0.0,off
4.6000000000000005,23.09063720703125,-8.131416320800781,7.66279411315918,-1.035387396812439,-1.093353509902954,25.651819229125977,25.6557559967041,-0.0,-0.0,-0.0,-0.0,off
4.62,23.10191535949707,-8.14728832244873,7.588525772094727,-1.0273264646530151,-1.0867507457733154,25.64493179321289,25.6535587310791,-0.0,-0.0,-0.0,-0.0,off
4.64,23.087587356567383,-8.171342849731445,7.513051509857178,-1.0085229873657227,-1.0789278745651245,25.61744499206543,25.64884376525879,-0.0,-0.0,-0.0,-0.0,off
4.66,23.093355178833008,-8.172187805175781,7.470536708831787,-1.004692554473877,-1.0715043544769287,25.6104793548584,25.644018173217773,-0.0,-0.0,-0.0,-0.0,off
4.68,23.126020431518555,-8.23084545135498,7.424851894378662,-1.0185357332229614,-1.0662075281143188,25.645429611206055,25.643177032470703,-0.0,-0.0,-0.0,-0.0,off
4.7,23.15003776550293,-8.240413665771484,7.34999418258667,-1.0430257320404053,-1.0638892650604248,25.64860725402832,25.642745971679688,-0.0,-0.0,-0.0,-0.0,off
4.72,23.148433685302734,-8.191001892089844,7.292252540588379,-1.0260311365127563,-1.060103416442871,25.61482810974121,25.639097213745117,0.0,-0.0,-0.0,0.0,off
4.74,23.145814895629883,-8.215750694274902,7.24560546875,-0.9986687898635864,-1.0539599657058716,25.60715103149414,25.635087966918945,-0.0,-0.0,-0.0,-0.0,off
4.76,23.14637565612793,-8.259018898010254,7.194794654846191,-0.9893683195114136,-1.047500729560852,25.607248306274414,25.631498336791992,-0.0,-0.0,-0.0,-0.0,off
4.78,23.151233673095703,-8.27170181274414,7.116422176361084,-0.9846705198287964,-1.0412176847457886,25.593830108642578,25.626907348632812,-0.0,-0.0,-0.0,-0.0,off
4.8,23.19185447692871,-8.289911270141602,7.099544048309326,-0.9960970878601074,-1.0367056131362915,25.63178253173828,25.626663208007812,-0.0,0.0,-0.0,-0.0,off
4.82,23.19423484802246,-8.288280487060547,7.00905704498291,-0.9832966327667236,-1.0313646793365479,25.60849380493164,25.624073028564453,-0.0,-0.0,-0.0,-0.0,off
4.84,23.191015243530273,-8.296942710876465,6.95156717300415,-0.9768292307853699,-1.0259110927581787,25.592708587646484,25.620189666748047,-0.0,-0.0,-0.0,-0.0,off
4.86,23.17460823059082,-8.318382263183594,6.890135288238525,-0.9966096878051758,-1.0229809284210205,25.568180084228516,25.61425018310547,0.0,-0.0,-0.0,0.0,off
4.88,23.16765594482422,-8.312646865844727,6.842371463775635,-1.0190144777297974,-1.0225841999053955,25.54718017578125,25.606855392456055,0.0,-0.0,-0.0,0.0,off
4.9,23.1802921295166,-8.299273490905762,6.753653526306152,-0.9990350008010864,-1.0202292203903198,25.530681610107422,25.598512649536133,-0.0,-0.0,-0.0,-0.0,off
4.92,23.188892364501953,-8.308358192443848,6.683774471282959,-0.985081136226654,-1.016714334487915,25.523056030273438,25.59022331237793,-0.0,-0.0,-0.0,-0.0,off
4.94,23.19303321838379,-8.328634262084961,6.633808135986328,-0.9871737360954285,-1.0137602090835571,25.5203914642334,25.5825252532959,-0.0,0.0,-0.0,-0.0,off
4.96,23.20962905883789,-8.293712615966797,6.5831522941589355,-1.002382516860962,-1.012622356414795,25.510986328125,25.5747013092041,-0.0,-0.0,-0.0,-0.0,off
4.98,23.204519271850586,-8.281500816345215,6.5010986328125,-0.9950368404388428,-1.0108637809753418,25.481311798095703,25.56466293334961,-0.0,-0.0,-0.0,-0.0,off
5.0,23.1914005279541,-8.248834609985352,6.430349349975586,-0.981473982334137,-1.0079247951507568,25.44078826904297,25.551584243774414,-0.0,-0.0,-0.0,-0.0,off
5.0200000000000005,23.159116744995117,-8.177173614501953,6.3710527420043945,-0.9960287809371948,-1.00673508644104,25.37323760986328,25.533098220825195,-0.0,-0.0,-0.0,-0.0,off
5.04,23.195444107055664,-8.171955108642578,6.3256001472473145,-0.9996649026870728,-1.0060280561447144,25.393360137939453,25.51848602294922,-0.0,-0.0,-0.0,-0.0,off
5.0600000000000005,23.204259872436523,-8.146829605102539,6.274144649505615,-1.005079984664917,-1.0059332847595215,25.380571365356445,25.504074096679688,-0.0,-0.0,-0.0,-0.0,off
5.08,23.209341049194336,-8.147470474243164,6.20780611038208,-0.9911087155342102,-1.004450798034668,25.369108200073242,25.48994255065918,-0.0,-0.0,-0.0,-0.0,off
5.1000000000000005,23.17462730407715,-8.137603759765625,6.161612033843994,-0.9804201126098633,-1.0020477771759033,25.32290267944336,25.47265625,-0.0,-0.0,-0.0,-0.0,off
5.12,23.166345596313477,-8.137533187866211,6.106217861175537,-0.9868239164352417,-1.0005253553390503,25.301876068115234,25.455005645751953,-0.0,0.0,-0.0,-0.0,off
5.14,23.161523818969727,-8.13068962097168,6.040631294250488,-0.9949196577072144,-0.9999647736549377,25.279508590698242,25.436874389648438,-0.0,-0.0,-0.0,-0.0,off
5.16,23.162979125976562,-8.08812427520752,6.02257776260376,-1.0040446519851685,-1.0003727674484253,25.262874603271484,25.418964385986328,-0.0,-0.0,-0.0,-0.0,off
5.18,23.14982795715332,-8.030126571655273,5.949624538421631,-0.9930636286735535,-0.9996418356895447,25.21498680114746,25.39802360534668,-0.0,-0.0,-0.0,-0.0,off
5.2,23.142072677612305,-7.998294353485107,5.902951240539551,-0.9860453009605408,-0.9982821941375732,25.186763763427734,25.376371383666992,-0.0,-0.0,-0.0,-0.0,off
5.22,23.092327117919922,-7.988671779632568,5.865373134613037,-0.9893113374710083,-0.9973850846290588,25.129207611083984,25.35118865966797,-0.0,-0.0,-0.0,-0.0,off
5.24,23.041303634643555,-7.946997165679932,5.830073833465576,-0.9987055063247681,-0.9975171089172363,25.060850143432617,25.321735382080078,0.0,-0.0,-0.0,0.0,off
5.26,23.02689552307129,-7.904398441314697,5.7828545570373535,-0.9759476184844971,-0.9953601360321045,25.023164749145508,25.291460037231445,-0.0,-0.0,-0.0,-0.0,off
5.28,23.02429962158203,-7.875747203826904,5.751284599304199,-0.9656463861465454,-0.9923887252807617,25.004459381103516,25.262361526489258,-0.0,-0.0,-0.0,-0.0,off
5.3,23.018686294555664,-7.840235233306885,5.741987228393555,-0.9688137769699097,-0.9900312423706055,24.98598861694336,25.234373092651367,-0.0,-0.0,-0.0,-0.0,off
5.32,23.0047664642334,-7.777171611785889,5.7103166580200195,-0.9815789461135864,-0.9891859889030457,24.946170806884766,25.205202102661133,-0.0,-0.0,-0.0,-0.0,off
5.34,22.95734405517578,-7.676499843597412,5.687002658843994,-0.976760983467102,-0.9879434704780579,24.865846633911133,25.170907974243164,-0.0,0.0,-0.0,-0.0,off
5.36,22.935928344726562,-7.626716136932373,5.628318786621094,-0.9641588926315308,-0.9855650067329407,24.817365646362305,25.135162353515625,-0.0,0.0,-0.0,-0.0,off
5.38,22.950931549072266,-7.587844371795654,5.6023969650268555,-0.9621882438659668,-0.9832273125648499,24.813453674316406,25.102602005004883,-0.0,0.0,-0.0,-0.0,off
5.4,22.96833610534668,-7.581937313079834,5.558260917663574,-0.965669572353363,-0.9814715385437012,24.817825317382812,25.07373809814453,-0.0,-0.0,-0.0,-0.0,off
5.42,22.945863723754883,-7.502025127410889,5.53497838973999,-0.9846087694168091,-0.981785237789154,24.767499923706055,25.042713165283203,-0.0,-0.0,-0.0,-0.0,off
5.44,22.90877342224121,-7.423611164093018,5.478485107421875,-0.9789366126060486,-0.9815003275871277,24.696876525878906,25.0076847076416,-0.0,-0.0,-0.0,-0.0,off
5.46,22.92295265197754,-7.3839240074157715,5.450001239776611,-0.9559956192970276,-0.978949785232544,24.691831588745117,24.975650787353516,-0.0,-0.0,-0.0,-0.0,off
5.48,22.90781021118164,-7.360670566558838,5.413759708404541,-0.9531576633453369,-0.9763705134391785,24.6628475189209,24.94394874572754,-0.0,-0.0,-0.0,-0.0,off
5.5,22.866838455200195,-7.32017183303833,5.378977298736572,-0.9678846597671509,-0.9755219221115112,24.605093002319336,24.90966796875,-0.0,-0.0,-0.0,-0.0,off
5.5200000000000005,22.83604621887207,-7.268308162689209,5.342169284820557,-0.9714103937149048,-0.9751107096672058,24.55304527282715,24.873607635498047,-0.0,0.0,-0.0,-0.0,off
5.54,22.806228637695312,-7.1806817054748535,5.289541721343994,-0.941620945930481,-0.9717617034912109,24.488069534301758,24.834592819213867,-0.0,-0.0,-0.0,-0.0,off
5.5600000000000005,22.814044952392578,-7.136281490325928,5.24651575088501,-0.9247115850448608,-0.9670566916465759,24.47311019897461,24.797962188720703,-0.0,0.0,-0.0,-0.0,off
5.58,22.798921585083008,-7.089145183563232,5.229043483734131,-0.9379140138626099,-0.9641424417495728,24.441556930541992,24.76186180114746,-0.0,0.0,-0.0,-0.0,off
5.6000000000000005,22.7883243560791,-7.051307201385498,5.184505939483643,-0.9506744146347046,-0.962795615196228,24.411222457885742,24.726341247558594,-0.0,-0.0,-0.0,-0.0,off
5.62,22.752851486206055,-6.985086917877197,5.131555080413818,-0.9466875791549683,-0.9611847996711731,24.347824096679688,24.687997817993164,-0.0,-0.0,-0.0,-0.0,off
5.64,22.716510772705078,-6.90601110458374,5.078441143035889,-0.9273526668548584,-0.9578015804290771,24.28010368347168,24.646671295166016,-0.0,-0.0,-0.0,-0.0,off
5.66,22.71888542175293,-6.913467884063721,5.041869640350342,-0.9185276627540588,-0.9538741707801819,24.276824951171875,24.609214782714844,-0.0,-0.0,-0.0,-0.0,off
5.68,22.706411361694336,-6.8677802085876465,5.029187202453613,-0.9295835494995117,-0.9514450430870056,24.249540328979492,24.572803497314453,-0.0,-0.0,-0.0,-0.0,off
5.7,22.651670455932617,-6.794167995452881,4.996566295623779,-0.9183288812637329,-0.9481334090232849,24.170738220214844,24.532146453857422,-0.0,-0.0,-0.0,-0.0,off
5.72,22.630338668823242,-6.732421398162842,4.951381206512451,-0.8984213471412659,-0.943162202835083,24.124134063720703,24.490863800048828,-0.0,-0.0,-0.0,-0.0,off
5.74,22.645456314086914,-6.667129039764404,4.920219421386719,-0.8809083700180054,-0.9369367957115173,24.113811492919922,24.45263671875,-0.0,-0.0,-0.0,-0.0,off
5.76,22.629594802856445,-6.627479076385498,4.919020175933838,-0.8925409317016602,-0.9324972033500671,24.087732315063477,24.41567611694336,-0.0,-0.0,-0.0,-0.0,off
5.78,22.572999954223633,-6.5219950675964355,4.896345138549805,-0.8989320993423462,-0.9291406869888306,24.001060485839844,24.373693466186523,-0.0,-0.0,-0.0,-0.0,off
5.8,22.514259338378906,-6.445071697235107,4.8560357093811035,-0.890084445476532,-0.9252350330352783,23.916770935058594,24.32746124267578,-0.0,-0.0,-0.0,-0.0,off
5.82,22.492124557495117,-6.36448335647583,4.82380485534668,-0.8520529270172119,-0.9179168343544006,23.86779022216797,24.280908584594727,-0.0,-0.0,-0.0,-0.0,off
5.84,22.50503921508789,-6.340437412261963,4.81643009185791,-0.8431538343429565,-0.9104405045509338,23.872074127197266,24.2394962310791,-0.0,-0.0,-0.0,-0.0,off
5.86,22.513090133666992,-6.2960591316223145,4.7931599617004395,-0.8566156625747681,-0.9050580263137817,23.863235473632812,24.20134735107422,-0.0,-0.0,-0.0,-0.0,off
5.88,22.485963821411133,-6.213185787200928,4.778439998626709,-0.8544571399688721,-0.899997889995575,23.812931060791016,24.161951065063477,-0.0,-0.0,-0.0,-0.0,off
5.9,22.45225715637207,-6.146167278289795,4.727749824523926,-0.8310233354568481,-0.8931004405021667,23.753543853759766,24.120527267456055,-0.0,-0.0,-0.0,-0.0,off
5.92,22.435537338256836,-6.047544002532959,4.696231842041016,-0.8175027966499329,-0.8855406641960144,23.706132888793945,24.07842445373535,-0.0,-0.0,-0.0,-0.0,off
5.94,22.39753532409668,-5.947584629058838,4.696327209472656,-0.8219717144966125,-0.8791837692260742,23.644847869873047,24.03436279296875,-0.0,0.0,-0.0,-0.0,off
5.96,22.381885528564453,-5.871115207672119,4.65764045715332,-0.8251925706863403,-0.873784601688385,23.603229522705078,23.990509033203125,-0.0,-0.0,-0.0,-0.0,off
5.98,22.3304500579834,-5.763516902923584,4.617892742156982,-0.8125091791152954,-0.8676570057868958,23.520034790039062,23.94264030456543,-0.0,-0.0,-0.0,-0.0,off
6.0,22.28672981262207,-5.668893337249756,4.601786136627197,-0.7916468381881714,-0.8600559830665588,23.452316284179688,23.89275550842285,-0.0,-0.0,-0.0,-0.0,off
6.0200000000000005,22.277063369750977,-5.604930400848389,4.588265419006348,-0.79100501537323,-0.8531508445739746,23.425092697143555,23.845155715942383,-0.0,-0.0,-0.0,-0.0,off
6.04,22.21709632873535,-5.511307239532471,4.567657470703125,-0.7967007160186768,-0.8475058078765869,23.341751098632812,23.793956756591797,-0.0,-0.0,-0.0,-0.0,off
6.0600000000000005,22.1810245513916,-5.424544811248779,4.531210422515869,-0.7931500673294067,-0.8420702219009399,23.279935836791992,23.741661071777344,-0.0,-0.0,-0.0,-0.0,off
6.08,22.158517837524414,-5.317855358123779,4.492409706115723,-0.7717223763465881,-0.8350353837013245,23.22630500793457,23.689136505126953,-0.0,-0.0,-0.0,-0.0,off
6.1000000000000005,22.140037536621094,-5.18666410446167,4.4666829109191895,-0.7536059021949768,-0.8268924355506897,23.173994064331055,23.63648223876953,-0.0,0.0,-0.0,-0.0,off
6.12,22.14054298400879,-5.064742565155029,4.459255695343018,-0.7507975101470947,-0.8192828893661499,23.14606285095215,23.58617401123047,-0.0,-0.0,-0.0,-0.0,off
6.140000000000001,22.08869743347168,-4.9796977043151855,4.42933464050293,-0.7502880096435547,-0.8123833537101746,23.07221221923828,23.533536911010742,-0.0,-0.0,-0.0,-0.0,off
6.16,22.01820182800293,-4.831964015960693,4.401321887969971,-0.7467402219772339,-0.805819034576416,22.967819213867188,23.47556495666504,-0.0,0.0,-0.0,-0.0,off
6.18,22.004438400268555,-4.701308727264404,4.3915510177612305,-0.7349585294723511,-0.7987329959869385,22.92560386657715,23.419036865234375,-0.0,0.0,-0.0,-0.0,off
6.2,21.97884178161621,-4.615437984466553,4.383563995361328,-0.7260474562644958,-0.7914644479751587,22.88203239440918,23.363834381103516,-0.0,-0.0,-0.0,-0.0,off
6.22,21.945772171020508,-4.5139851570129395,4.361515522003174,-0.7315552234649658,-0.7854735255241394,22.82577133178711,23.308502197265625,-0.0,-0.0,-0.0,-0.0,off
6.24,21.919857025146484,-4.424581050872803,4.328461170196533,-0.7324349284172058,-0.780169665813446,22.777019500732422,23.253835678100586,-0.0,-0.0,-0.0,-0.0,off
6.26,21.875741958618164,-4.30791711807251,4.30117130279541,-0.7148681879043579,-0.7736395001411438,22.706966400146484,23.197561264038086,-0.0,-0.0,-0.0,-0.0,off
6.28,21.85661506652832,-4.165886402130127,4.2763237953186035,-0.7018710374832153,-0.7664626240730286,22.657297134399414,23.14177131652832,-0.0,-0.0,-0.0,-0.0,off
6.3,21.79822540283203,-4.058690547943115,4.27775764465332,-0.7051416039466858,-0.7603304982185364,22.581735610961914,23.084012985229492,-0.0,-0.0,-0.0,-0.0,off
6.32,21.75933074951172,-3.945192813873291,4.26101016998291,-0.7128477692604065,-0.7555822134017944,22.520862579345703,23.025897979736328,-0.0,-0.0,-0.0,-0.0,off
6.34,21.70885467529297,-3.8317036628723145,4.226846694946289,-0.7034519910812378,-0.7503691911697388,22.44599151611328,22.966066360473633,-0.0,-0.0,-0.0,-0.0,off
6.36,21.667543411254883,-3.6833653450012207,4.189297199249268,-0.6809172034263611,-0.7434239387512207,22.374088287353516,22.904848098754883,-0.0,-0.0,-0.0,-0.0,off
6.38,21.611967086791992,-3.534636974334717,4.186801910400391,-0.6775071024894714,-0.7368322014808655,22.29574203491211,22.841768264770508,-0.0,-0.0,-0.0,-0.0,off
6.4,21.578163146972656,-3.401904582977295,4.183664798736572,-0.6868210434913635,-0.7318310737609863,22.24169921875,22.779497146606445,-0.0,0.0,-0.0,-0.0,off
6.42,21.56067657470703,-3.2841620445251465,4.166497707366943,-0.68854820728302,-0.7275027632713318,22.203786849975586,22.71961784362793,-0.0,-0.0,-0.0,-0.0,off
6.44,21.5400390625,-3.1534924507141113,4.166113376617432,-0.6759186387062073,-0.7223443388938904,22.164709091186523,22.66172981262207,-0.0,-0.0,-0.0,-0.0,off
6.46,21.478174209594727,-2.94553804397583,4.13655948638916,-0.6700220108032227,-0.7171120643615723,22.07032585144043,22.599781036376953,-0.0,-0.0,-0.0,-0.0,off
6.48,21.446630477905273,-2.821437358856201,4.1407928466796875,-0.6767755746841431,-0.7130783796310425,22.02418327331543,22.539403915405273,-0.0,-0.0,-0.0,-0.0,off
6.5,21.422651290893555,-2.699894428253174,4.111442565917969,-0.6818339228630066,-0.7099539041519165,21.98006820678711,22.48063850402832,-0.0,-0.0,-0.0,-0.0,off
6.5200000000000005,21.39943504333496,-2.506804943084717,4.082246780395508,-0.6706587076187134,-0.7060244083404541,21.9290828704834,22.422286987304688,-0.0,-0.0,-0.0,-0.0,off
6.54,21.37112808227539,-2.365516185760498,4.087606430053711,-0.6622551679611206,-0.7016474604606628,21.886737823486328,22.365467071533203,0.0,-0.0,-0.0,0.0,off
6.5600000000000005,21.332693099975586,-2.2087817192077637,4.091047286987305,-0.6607399582862854,-0.697556734085083,21.83344268798828,22.308860778808594,-0.0,-0.0,-0.0,-0.0,off
6.58,21.273658752441406,-2.056334972381592,4.061479568481445,-0.6653887629508972,-0.6943399310112,21.755290985107422,22.249998092651367,-0.0,-0.0,-0.0,-0.0,off
6.6000000000000005,21.24342918395996,-1.8895279169082642,4.069581508636475,-0.6663033962249756,-0.6915363073348999,21.712095260620117,22.19251823425293,-0.0,0.0,-0.0,-0.0,off
6.62,21.138032913208008,-1.7061048746109009,4.055270195007324,-0.6581981778144836,-0.688202440738678,21.591026306152344,22.128454208374023,-0.0,0.0,-0.0,-0.0,off
6.640000000000001,21.131227493286133,-1.545066475868225,4.079458713531494,-0.6555445194244385,-0.6849366426467896,21.576791763305664,22.069223403930664,-0.0,-0.0,-0.0,-0.0,off
6.66,21.097631454467773,-1.3275057077407837,4.084644317626953,-0.6614912748336792,-0.6825920939445496,21.530364990234375,22.010812759399414,-0.0,-0.0,-0.0,-0.0,off
6.68,21.05380630493164,-1.1542145013809204,4.069665431976318,-0.6716470122337341,-0.6814975738525391,21.47456932067871,21.9525089263916,-0.0,-0.0,-0.0,-0.0,off
6.7,21.00872230529785,-0.9777733087539673,4.073290824890137,-0.6598044633865356,-0.6793282628059387,21.42228126525879,21.894636154174805,-0.0,-0.0,-0.0,-0.0,off
6.72,20.983489990234375,-0.8311372995376587,4.0614542961120605,-0.6452227830886841,-0.6759176850318909,21.389087677001953,21.83926010131836,-0.0,-0.0,-0.0,-0.0,off
6.74,20.951513290405273,-0.6448150873184204,4.042725086212158,-0.6332727670669556,-0.671653151512146,21.34772300720215,21.78505516052246,0.0,-0.0,-0.0,0.0,off
6.76,20.898962020874023,-0.4525858163833618,4.064807415008545,-0.6408031582832336,-0.6685681343078613,21.295400619506836,21.730789184570312,-0.0,-0.0,-0.0,-0.0,off
6.78,20.88141632080078,-0.20426331460475922,4.057252883911133,-0.6465322375297546,-0.6663645505905151,21.272907257080078,21.67906379699707,-0.0,-0.0,-0.0,-0.0,off
6.8,20.882600784301758,0.048472777009010315,4.0471272468566895,-0.6205530166625977,-0.6617833971977234,21.271215438842773,21.631698608398438,-0.0,0.0,-0.0,-0.0,off
6.82,20.808624267578125,0.26353585720062256,4.0324530601501465,-0.602573037147522,-0.6558623313903809,21.1973819732666,21.581384658813477,-0.0,-0.0,-0.0,-0.0,off
6.84,20.7979736328125,0.4824260473251343,4.0510993003845215,-0.6089783906936646,-0.6511738896369934,21.194334030151367,21.535470962524414,-0.0,0.0,-0.0,-0.0,off
6.86,20.721694946289062,0.7534574270248413,4.04866886138916,-0.6193602085113525,-0.6479924917221069,21.126951217651367,21.486692428588867,-0.0,0.0,-0.0,-0.0,off
6.88,20.625028610229492,0.9931396245956421,4.028616428375244,-0.6211707592010498,-0.6453103423118591,21.03824806213379,21.43349838256836,-0.0,-0.0,-0.0,-0.0,off
6.9,20.58684539794922,1.2478832006454468,4.019530296325684,-0.6264288425445557,-0.6434221863746643,21.012664794921875,21.38253402709961,-0.0,-0.0,-0.0,-0.0,off
6.92,20.575960159301758,1.5054982900619507,4.01977014541626,-0.6306370496749878,-0.6421436071395874,21.018924713134766,21.33677864074707,-0.0,-0.0,-0.0,-0.0,off
6.94,20.487163543701172,1.7614330053329468,4.004604816436768,-0.6500995755195618,-0.6429392099380493,20.949066162109375,21.288127899169922,-0.0,-0.0,-0.0,-0.0,off
6.96,20.405553817749023,2.0311532020568848,3.9897425174713135,-0.6710646152496338,-0.6457517743110657,20.890913009643555,21.237939834594727,-0.0,-0.0,-0.0,-0.0,off
6.98,20.396120071411133,2.2174839973449707,3.979646921157837,-0.6797506809234619,-0.649151623249054,20.89872169494629,21.19383430480957,-0.0,0.0,-0.0,-0.0,off
7.0,20.2804012298584,2.372016429901123,3.9733097553253174,-0.6873412132263184,-0.652970552444458,20.80164337158203,21.144908905029297,-0.0,-0.0,-0.0,-0.0,off
7.0200000000000005,20.205995559692383,2.4969162940979004,3.974900007247925,-0.7184150218963623,-0.6595149636268616,20.744075775146484,21.0958194732666,-0.0,-0.0,-0.0,-0.0,off
7.04,20.140609741210938,2.578705310821533,3.9579265117645264,-0.7581906318664551,-0.6693825125694275,20.687171936035156,21.046918869018555,-0.0,-0.0,-0.0,-0.0,off
7.0600000000000005,20.042709350585938,2.7010464668273926,3.942174196243286,-0.7675082087516785,-0.6791950464248657,20.604528427124023,20.995119094848633,-0.0,-0.0,-0.0,-0.0,off
7.08,19.992198944091797,2.833141803741455,3.9399731159210205,-0.7537211179733276,-0.6866476535797119,20.572751998901367,20.94569206237793,-0.0,-0.0,-0.0,-0.0,off
7.1000000000000005,19.872220993041992,2.9449925422668457,3.9653518199920654,-0.7637841701507568,-0.6943612694740295,20.476869583129883,20.892032623291016,-0.0,-0.0,-0.0,-0.0,off
7.12,19.816118240356445,3.073972225189209,3.9934966564178467,-0.7740720510482788,-0.7023323178291321,20.446903228759766,20.841022491455078,-0.0,-0.0,-0.0,-0.0,off
7.140000000000001,19.68178367614746,3.204916477203369,4.011677265167236,-0.7802783250808716,-0.7101269364356995,20.34054183959961,20.784624099731445,-0.0,-0.0,-0.0,-0.0,off
7.16,19.58830451965332,3.344916820526123,4.032922744750977,-0.782920241355896,-0.7174062132835388,20.276947021484375,20.727602005004883,-0.0,-0.0,-0.0,-0.0,off
7.18,19.54334831237793,3.4878554344177246,4.050922393798828,-0.7859847545623779,-0.7242640852928162,20.261234283447266,20.674819946289062,-0.0,0.0,-0.0,-0.0,off
7.2,19.451208114624023,3.6280484199523926,4.079846382141113,-0.8139965534210205,-0.7332373261451721,20.202905654907227,20.621538162231445,-0.0,-0.0,-0.0,-0.0,off
7.22,19.37119483947754,3.7667880058288574,4.0768327713012695,-0.8403445482254028,-0.7439480423927307,20.15074348449707,20.568456649780273,-0.0,-0.0,-0.0,-0.0,off
7.24,19.276071548461914,3.9510092735290527,4.076136112213135,-0.8522726893424988,-0.7547804713249207,20.09458351135254,20.514795303344727,-0.0,0.0,-0.0,-0.0,off
7.26,19.205171585083008,4.242745876312256,4.02883768081665,-0.8459029793739319,-0.7638927102088928,20.076629638671875,20.46367073059082,-0.0,0.0,-0.0,-0.0,off
7.28,19.11138153076172,4.471165180206299,4.008808135986328,-0.8564662933349609,-0.7731500267982483,20.032642364501953,20.41272735595703,-0.0,-0.0,-0.0,-0.0,off
7.3,19.060659408569336,4.772156238555908,3.9810359477996826,-0.8564918637275696,-0.7814841866493225,20.048213958740234,20.36738395690918,-0.0,-0.0,-0.0,-0.0,off
7.32,18.983152389526367,5.072116374969482,3.9594695568084717,-0.8500362634658813,-0.788339376449585,20.044048309326172,20.325109481811523,-0.0,0.0,-0.0,-0.0,off
7.34,18.86205291748047,5.279086589813232,3.9268105030059814,-0.8497210144996643,-0.7944775223731995,19.976627349853516,20.280113220214844,-0.0,-0.0,-0.0,-0.0,off
7.36,18.769981384277344,5.557667255401611,3.8956363201141357,-0.8472223877906799,-0.7997519969940186,19.959354400634766,20.237070083618164,-0.0,-0.0,-0.0,-0.0,off
7.38,18.644376754760742,5.792513370513916,3.8849937915802,-0.8470040559768677,-0.8044771552085876,19.906259536743164,20.192604064941406,-0.0,-0.0,-0.0,-0.0,off
7.4,18.51974105834961,6.0009541511535645,3.8672220706939697,-0.845658004283905,-0.8085952401161194,19.848114013671875,20.146638870239258,-0.0,-0.0,-0.0,-0.0,off
7.42,18.41236114501953,6.275853633880615,3.840989351272583,-0.8442721962928772,-0.8121629357337952,19.828125,20.102514266967773,-0.0,-0.0,-0.0,-0.0,off
7.44,18.289745330810547,6.525561809539795,3.8175747394561768,-0.836732029914856,-0.814619779586792,19.790695190429688,20.05857276916504,0.0,-0.0,-0.0,0.0,off
7.46,18.1426944732666,6.776334285736084,3.8041508197784424,-0.8387552499771118,-0.8170332908630371,19.736961364746094,20.01310920715332,0.0,-0.0,-0.0,0.0,off
7.48,17.941442489624023,7.031178951263428,3.799076795578003,-0.8555682897567749,-0.8208867311477661,19.64092254638672,19.961843490600586,-0.0,-0.0,-0.0,-0.0,off
7.5,17.828563690185547,7.294335842132568,3.776014566421509,-0.8513641953468323,-0.8239344358444214,19.629653930664062,19.91408348083496,-0.0,-0.0,-0.0,-0.0,off
7.5200000000000005,17.73627471923828,7.530989170074463,3.756909132003784,-0.8358824253082275,-0.8251292109489441,19.631750106811523,19.871231079101562,-0.0,-0.0,-0.0,-0.0,off
7.54,17.55888557434082,7.769838809967041,3.727961778640747,-0.8137369751930237,-0.823989987373352,19.559717178344727,19.82502555847168,-0.0,-0.0,-0.0,-0.0,off
7.5600000000000005,17.42674446105957,7.985388278961182,3.7446634769439697,-0.81299889087677,-0.8228908777236938,19.531522750854492,19.78066635131836,-0.0,-0.0,-0.0,-0.0,off
7.58,17.30877113342285,8.218024253845215,3.7255055904388428,-0.8148790597915649,-0.822089672088623,19.51944923400879,19.739429473876953,-0.0,-0.0,-0.0,-0.0,off
7.6000000000000005,17.129838943481445,8.456993103027344,3.6908719539642334,-0.8089253306388855,-0.8207732439041138,19.456995010375977,19.695621490478516,-0.0,0.0,-0.0,-0.0,off
7.62,16.977901458740234,8.67178726196289,3.672269105911255,-0.7935649156570435,-0.8180524110794067,19.414804458618164,19.651947021484375,-0.0,-0.0,-0.0,-0.0,off
7.640000000000001,16.913476943969727,8.92535400390625,3.635063886642456,-0.7959707379341125,-0.8158441781997681,19.466415405273438,19.617748260498047,-0.0,-0.0,-0.0,-0.0,off
7.66,16.731632232666016,9.095077514648438,3.5736520290374756,-0.8076838850975037,-0.8150281310081482,19.37624740600586,19.578245162963867,-0.0,-0.0,-0.0,-0.0,off
7.68,16.616329193115234,9.292304039001465,3.4677412509918213,-0.8076462745666504,-0.814289927482605,19.351343154907227,19.5404109954834,-0.0,-0.0,-0.0,-0.0,off
7.7,16.485807418823242,9.549970626831055,3.4834210872650146,-0.7897493839263916,-0.8118358850479126,19.367963790893555,19.50761604309082,-0.0,-0.0,-0.0,-0.0,off
7.72,16.28041648864746,9.798064231872559,3.5534651279449463,-0.7910028696060181,-0.8097525835037231,19.330833435058594,19.4737548828125,-0.0,-0.0,-0.0,-0.0,off
7.74,16.110729217529297,10.067792892456055,3.579571485519409,-0.796055018901825,-0.8083828091621399,19.332080841064453,19.442716598510742,-0.0,-0.0,-0.0,-0.0,off
7.76,15.945222854614258,10.308333396911621,3.6597282886505127,-0.7906649112701416,-0.8066110014915466,19.33663558959961,19.414958953857422,-0.0,-0.0,-0.0,-0.0,off
7.78,15.802811622619629,10.540243148803711,3.692925214767456,-0.7645939588546753,-0.802409291267395,19.35105323791504,19.391386032104492,-0.0,-0.0,-0.0,-0.0,off
7.8,15.67094612121582,10.810907363891602,3.709686040878296,-0.7254205346107483,-0.7947103977203369,19.396289825439453,19.374313354492188,-0.0,-0.0,-0.0,-0.0,off
7.82,15.512835502624512,11.074114799499512,3.823338747024536,-0.7112473845481873,-0.7863640785217285,19.439701080322266,19.362836837768555,-0.0,-0.0,-0.0,-0.0,off
7.84,15.328304290771484,11.298115730285645,3.8836915493011475,-0.7072765827178955,-0.7784553170204163,19.434181213378906,19.35179901123047,0.0,-0.0,-0.0,0.0,off
7.86,15.193656921386719,11.538244247436523,3.9547431468963623,-0.6934682726860046,-0.7699565887451172,19.483795166015625,19.346853256225586,0.0,-0.0,-0.0,0.0,off
7.88,15.06501579284668,11.753782272338867,3.9808719158172607,-0.6651919484138489,-0.7594801187515259,19.518028259277344,19.34620475769043,-0.0,0.0,-0.0,-0.0,off
7.9,14.871792793273926,12.017727851867676,4.007140159606934,-0.6272878050804138,-0.7462608218193054,19.535945892333984,19.346778869628906,-0.0,-0.0,-0.0,-0.0,off
7.92,14.754922866821289,12.206308364868164,4.0737152099609375,-0.6132806539535522,-0.7329627871513367,19.57796859741211,19.35225486755371,-0.0,-0.0,-0.0,-0.0,off
7.94,14.600484848022461,12.489137649536133,4.1043219566345215,-0.6048069596290588,-0.7201471924781799,19.646835327148438,19.36355209350586,-0.0,0.0,-0.0,-0.0,off
7.96,14.432260513305664,12.811503410339355,4.121330261230469,-0.5979236364364624,-0.7079247832298279,19.733476638793945,19.38143539428711,-0.0,0.0,-0.0,-0.0,off
7.98,14.25613021850586,12.965909957885742,4.1274495124816895,-0.5739765763282776,-0.6945299506187439,19.70755958557129,19.395755767822266,-0.0,-0.0,-0.0,-0.0,off
8.0,14.165244102478027,13.18002986907959,4.132556915283203,-0.547296404838562,-0.6798065900802612,19.784976959228516,19.417200088500977,-0.0,-0.0,-0.0,-0.0,off
8.02,14.046831130981445,13.378053665161133,4.140795707702637,-0.5306791663169861,-0.6648938655853271,19.835119247436523,19.442188262939453,-0.0,-0.0,-0.0,-0.0,off
8.040000000000001,13.87326431274414,13.625917434692383,4.153500556945801,-0.5095364451408386,-0.6493580937385559,19.884281158447266,19.46929168701172,-0.0,-0.0,-0.0,-0.0,off
8.06,13.771904945373535,13.876917839050293,4.143964767456055,-0.47694167494773865,-0.632116436958313,19.98516082763672,19.504093170166016,-0.0,-0.0,-0.0,-0.0,off
8.08,13.708617210388184,14.093507766723633,4.153873443603516,-0.4585956037044525,-0.6147643327713013,20.094970703125,19.547317504882812,-0.0,-0.0,-0.0,-0.0,off
8.1,13.559578895568848,14.34096908569336,4.153757095336914,-0.45085233449935913,-0.5983731150627136,20.16876983642578,19.593482971191406,-0.0,-0.0,-0.0,-0.0,off
8.120000000000001,13.44729995727539,14.503341674804688,4.16215181350708,-0.4720078110694885,-0.5857365727424622,20.211389541625977,19.64023208618164,-0.0,0.0,-0.0,-0.0,off
8.14,13.354909896850586,14.703948974609375,4.166842937469482,-0.48363643884658813,-0.5755265355110168,20.295869827270508,19.691425323486328,-0.0,-0.0,-0.0,-0.0,off
8.16,13.2337646484375,14.964607238769531,4.124146938323975,-0.4988458454608917,-0.5678583979606628,20.398052215576172,19.74761390686035,-0.0,-0.0,-0.0,-0.0,off
8.18,13.103450775146484,15.213737487792969,4.155556678771973,-0.5300295948982239,-0.5640754699707031,20.504314422607422,19.808780670166016,-0.0,-0.0,-0.0,-0.0,off
8.2,12.999937057495117,15.376748085021973,4.188372611999512,-0.5387631058692932,-0.5615441799163818,20.566604614257812,19.87093162536621,-0.0,0.0,-0.0,-0.0,off
8.22,12.910604476928711,15.522459030151367,4.197865962982178,-0.5390505194664001,-0.5592948198318481,20.62165069580078,19.933366775512695,-0.0,-0.0,-0.0,-0.0,off
8.24,12.790756225585938,15.676283836364746,4.192699909210205,-0.5478090047836304,-0.5581462383270264,20.6622371673584,19.994197845458984,-0.0,0.0,-0.0,-0.0,off
8.26,12.680068016052246,15.895525932312012,4.158713340759277,-0.561103105545044,-0.5584419369697571,20.754440307617188,20.05829620361328,-0.0,0.0,-0.0,-0.0,off
8.28,12.60793685913086,16.05885124206543,4.143487930297852,-0.5789100527763367,-0.560488760471344,20.833032608032227,20.1246337890625,-0.0,-0.0,-0.0,-0.0,off
8.3,12.555688858032227,16.213985443115234,4.152308464050293,-0.5938675403594971,-0.5638266205787659,20.923200607299805,20.19425392150879,-0.0,-0.0,-0.0,-0.0,off
8.32,12.505477905273438,16.341215133666992,4.145453929901123,-0.5729562044143677,-0.5647395849227905,20.990642547607422,20.26460838317871,-0.0,-0.0,-0.0,-0.0,off
8.34,12.465282440185547,16.44428253173828,4.150109767913818,-0.5324152708053589,-0.5615071654319763,21.048067092895508,20.33469581604004,-0.0,-0.0,-0.0,-0.0,off
8.36,12.509843826293945,16.56987190246582,4.151618957519531,-0.5017796158790588,-0.5555343627929688,21.17292594909668,20.411518096923828,-0.0,-0.0,-0.0,-0.0,off
8.38,12.493976593017578,16.644315719604492,4.150139808654785,-0.48501482605934143,-0.5484824180603027,21.221601486206055,20.486478805541992,-0.0,0.0,-0.0,-0.0,off
8.4,12.479585647583008,16.74452781677246,4.124300956726074,-0.4673064649105072,-0.5403648018836975,21.286828994750977,20.56114387512207,-0.0,-0.0,-0.0,-0.0,off
8.42,12.491472244262695,16.9014949798584,4.164573669433594,-0.43808457255363464,-0.53013676404953,21.425243377685547,20.642698287963867,-0.0,0.0,-0.0,-0.0,off
8.44,12.532478332519531,16.990478515625,4.190918922424316,-0.4002457559108734,-0.5171476602554321,21.524478912353516,20.726848602294922,-0.0,-0.0,-0.0,-0.0,off
8.46,12.571233749389648,17.070980072021484,4.2109479904174805,-0.3811909556388855,-0.5035519599914551,21.61449432373047,20.812278747558594,-0.0,-0.0,-0.0,-0.0,off
8.48,12.547019958496094,17.13010025024414,4.235684394836426,-0.36189690232276917,-0.4893864393234253,21.65199851989746,20.893310546875,-0.0,-0.0,-0.0,-0.0,off
8.5,12.535649299621582,17.238615036010742,4.240187644958496,-0.3327634036540985,-0.4737241268157959,21.732269287109375,20.974496841430664,-0.0,-0.0,-0.0,-0.0,off
8.52,12.555251121520996,17.321880340576172,4.237203598022461,-0.29638203978538513,-0.45598989725112915,21.8090763092041,21.055620193481445,-0.0,0.0,-0.0,-0.0,off
8.540000000000001,12.599042892456055,17.48793601989746,4.291413307189941,-0.27924516797065735,-0.43831539154052734,21.976806640625,21.145606994628906,-0.0,0.0,-0.0,-0.0,off
8.56,12.653816223144531,17.599998474121094,4.300248622894287,-0.26056182384490967,-0.4205400049686432,22.09912109375,21.239152908325195,-0.0,0.0,-0.0,-0.0,off
8.58,12.70114517211914,17.65065574645996,4.373934268951416,-0.24644331634044647,-0.40313035249710083,22.180984497070312,21.331920623779297,-0.0,0.0,-0.0,-0.0,off
8.6,12.728644371032715,17.73333740234375,4.385966777801514,-0.20586593449115753,-0.3834038972854614,22.26491355895996,21.423999786376953,-0.0,-0.0,-0.0,-0.0,off
8.620000000000001,12.782055854797363,17.808259963989258,4.45121955871582,-0.1592773199081421,-0.3609912395477295,22.368022918701172,21.517412185668945,-0.0,-0.0,-0.0,-0.0,off
8.64,12.815385818481445,17.93897819519043,4.5350470542907715,-0.15170012414455414,-0.34006211161613464,22.50794792175293,21.615524291992188,-0.0,-0.0,-0.0,-0.0,off
8.66,12.898597717285156,18.03350830078125,4.60435676574707,-0.1382775455713272,-0.31988364458084106,22.644676208496094,21.717695236206055,-0.0,-0.0,-0.0,-0.0,off
8.68,13.020877838134766,18.151081085205078,4.650094032287598,-0.09557212889194489,-0.29745247960090637,22.81728172302246,21.82710838317871,-0.0,-0.0,-0.0,-0.0,off
8.700000000000001,13.115304946899414,18.206974029541016,4.731845378875732,-0.06353060901165009,-0.27406027913093567,22.932411193847656,21.937244415283203,-0.0,-0.0,-0.0,-0.0,off
8.72,13.233185768127441,18.275718688964844,4.784248352050781,-0.035068292170763016,-0.2501610815525055,23.0653018951416,22.049789428710938,-0.0,-0.0,-0.0,-0.0,off
8.74,13.379737854003906,18.397916793823242,4.864398002624512,-0.03884361311793327,-0.2290293276309967,23.26291275024414,22.17091178894043,-0.0,-0.0,-0.0,-0.0,off
8.76,13.543975830078125,18.449857711791992,4.957241535186768,-0.010473284870386124,-0.20717372000217438,23.418170928955078,22.295499801635742,-0.0,-0.0,-0.0,-0.0,off
8.78,13.720121383666992,18.467880249023438,5.0200300216674805,0.009168434888124466,-0.18553949892520905,23.547929763793945,22.420618057250977,-0.0,-0.0,-0.0,-0.0,off
8.8,13.934996604919434,18.503433227539062,5.0535993576049805,0.03266938403248787,-0.1637185961008072,23.708648681640625,22.54926109313965,-0.0,0.0,-0.0,-0.0,off
8.82,14.14565658569336,18.54177474975586,5.182796001434326,0.022754985839128494,-0.14507123827934265,23.89055061340332,22.683048248291016,-0.0,-0.0,-0.0,-0.0,off
8.84,14.348222732543945,18.64876365661621,5.1576008796691895,0.0536072738468647,-0.12520338594913483,24.08835220336914,22.8232479095459,0.0,-0.0,-0.0,0.0,off
8.86,14.61465835571289,18.666973114013672,5.109292984008789,0.09692077338695526,-0.10299096256494522,24.25178337097168,22.965559005737305,0.0,-0.0,-0.0,0.0,off
8.88,14.891273498535156,18.54658317565918,5.116323947906494,0.12406842410564423,-0.08028502017259598,24.32904624938965,23.100799560546875,-0.0,-0.0,-0.0,-0.0,off
8.9,15.14801025390625,18.500656127929688,5.24216890335083,0.12605564296245575,-0.05965095013380051,24.478906631469727,23.237003326416016,-0.0,-0.0,-0.0,-0.0,off
8.92,15.291996002197266,18.49435806274414,5.353348255157471,0.1208191066980362,-0.041603945195674896,24.587491989135742,23.370323181152344,-0.0,-0.0,-0.0,-0.0,off
8.94,15.453975677490234,18.54422950744629,5.365956783294678,0.1330004185438156,-0.024143505841493607,24.728673934936523,23.50447654724121,-0.0,-0.0,-0.0,-0.0,off
8.96,15.655806541442871,18.51275634765625,5.344029426574707,0.15365548431873322,-0.006363606080412865,24.827102661132812,23.63482093811035,-0.0,-0.0,-0.0,-0.0,off
8.98,15.85985279083252,18.41134262084961,5.351372718811035,0.1688857078552246,0.011161326430737972,24.88271713256836,23.757251739501953,-0.0,-0.0,-0.0,-0.0,off
9.0,16.116804122924805,18.380151748657227,5.338630199432373,0.18219703435897827,0.02826489694416523,25.021636962890625,23.88092613220215,-0.0,-0.0,-0.0,-0.0,off
9.02,16.280113220214844,18.369308471679688,5.428851127624512,0.1671449989080429,0.04215290769934654,25.13853645324707,24.003896713256836,-0.0,-0.0,-0.0,-0.0,off
9.040000000000001,16.3927059173584,18.3280086517334,5.446103572845459,0.15722759068012238,0.053660374134778976,25.18524932861328,24.11932373046875,-0.0,-0.0,-0.0,-0.0,off
9.06,16.577531814575195,18.36017608642578,5.44044828414917,0.16108344495296478,0.06440268456935883,25.32802963256836,24.237537384033203,-0.0,-0.0,-0.0,-0.0,off
9.08,16.788419723510742,18.332012176513672,5.354939937591553,0.17489105463027954,0.07545152306556702,25.428115844726562,24.35371971130371,-0.0,-0.0,-0.0,-0.0,off
9.1,16.965524673461914,18.35186004638672,5.346751689910889,0.17229002714157104,0.08513537794351578,25.557926177978516,24.471317291259766,-0.0,-0.0,-0.0,-0.0,off
9.120000000000001,17.102943420410156,18.287906646728516,5.308701038360596,0.1660185307264328,0.0932236909866333,25.595712661743164,24.580862045288086,-0.0,-0.0,-0.0,-0.0,off
9.14,17.25950050354004,18.31429672241211,5.227725505828857,0.18493729829788208,0.10239505767822266,25.70277976989746,24.690256118774414,0.0,-0.0,-0.0,0.0,off
9.16,17.458232879638672,18.244789123535156,5.146935939788818,0.2020282745361328,0.11235837638378143,25.771169662475586,24.795194625854492,0.0,-0.0,-0.0,0.0,off
9.18,17.632110595703125,18.19381332397461,5.09741735458374,0.2158024162054062,0.12270277738571167,25.843564987182617,24.8967227935791,-0.0,-0.0,-0.0,-0.0,off
9.200000000000001,17.798625946044922,18.127986907958984,4.9866251945495605,0.2374066859483719,0.1341731697320938,25.889793395996094,24.992477416992188,-0.0,-0.0,-0.0,-0.0,off
9.22,17.95512580871582,18.05512046813965,4.982943058013916,0.23877643048763275,0.14463350176811218,25.9461669921875,25.084228515625,-0.0,-0.0,-0.0,-0.0,off
9.24,18.075380325317383,18.023679733276367,4.912384510040283,0.24696941673755646,0.15486709773540497,25.994304656982422,25.17172622680664,-0.0,-0.0,-0.0,-0.0,off
9.26,18.231592178344727,17.946563720703125,4.886178493499756,0.24253983795642853,0.16363435983657837,26.045053482055664,25.25543975830078,-0.0,-0.0,-0.0,-0.0,off
9.28,18.378931045532227,17.879737854003906,4.843425273895264,0.23640049993991852,0.17091096937656403,26.094614028930664,25.335678100585938,-0.0,-0.0,-0.0,-0.0,off
9.3,18.52184295654297,17.83612823486328,4.7584919929504395,0.23361138999462128,0.17718100547790527,26.150131225585938,25.413415908813477,-0.0,-0.0,-0.0,-0.0,off
9.32,18.666053771972656,17.78986930847168,4.6915507316589355,0.2325865775346756,0.1827215552330017,26.208999633789062,25.489253997802734,-0.0,0.0,-0.0,-0.0,off
9.34,18.78373146057129,17.76730728149414,4.571670055389404,0.24196691811084747,0.1886460781097412,26.256540298461914,25.562313079833984,-0.0,-0.0,-0.0,-0.0,off
9.36,18.828418731689453,17.688722610473633,4.538506031036377,0.23532278835773468,0.19331374764442444,26.229721069335938,25.625673294067383,-0.0,-0.0,-0.0,-0.0,off
9.38,18.978689193725586,17.67765235900879,4.429201602935791,0.2450195699930191,0.19848433136940002,26.311744689941406,25.690841674804688,-0.0,-0.0,-0.0,-0.0,off
9.4,19.07122230529785,17.60645294189453,4.338865756988525,0.2533136010169983,0.20396725833415985,26.315858840942383,25.74990463256836,-0.0,-0.0,-0.0,-0.0,off
9.42,19.186574935913086,17.6072998046875,4.275806903839111,0.2670334279537201,0.210273876786232,26.389850616455078,25.81064796447754,-0.0,-0.0,-0.0,-0.0,off
9.44,19.286142349243164,17.557477951049805,4.2415032386779785,0.27018535137176514,0.2162650227546692,26.423677444458008,25.868837356567383,-0.0,-0.0,-0.0,-0.0,off
9.46,19.4185848236084,17.50640869140625,4.2456746101379395,0.2662544548511505,0.22126396000385284,26.487384796142578,25.927675247192383,-0.0,-0.0,-0.0,-0.0,off
9.48,19.513769149780273,17.4902400970459,4.201920032501221,0.2665264904499054,0.22579020261764526,26.539628982543945,25.98604965209961,-0.0,-0.0,-0.0,-0.0,off
9.5,19.57777976989746,17.479568481445312,4.141468524932861,0.2740583121776581,0.2306170016527176,26.570219039916992,26.041885375976562,-0.0,-0.0,-0.0,-0.0,off
9.52,19.658872604370117,17.471416473388672,4.037399768829346,0.2914411127567291,0.2366994023323059,26.608688354492188,26.096052169799805,-0.0,-0.0,-0.0,-0.0,off
9.540000000000001,19.735137939453125,17.45644760131836,4.06618070602417,0.2863338589668274,0.24166284501552582,26.659652709960938,26.150222778320312,-0.0,-0.0,-0.0,-0.0,off
9.56,19.85906982421875,17.400554656982422,4.035192966461182,0.2817007601261139,0.24566663801670074,26.710386276245117,26.204002380371094,-0.0,-0.0,-0.0,-0.0,off
9.58,19.954925537109375,17.31853675842285,4.003443241119385,0.28068235516548157,0.24916820228099823,26.72374153137207,26.253704071044922,-0.0,-0.0,-0.0,-0.0,off
9.6,20.02739143371582,17.27686882019043,3.9404380321502686,0.2843281328678131,0.25268417596817017,26.741609573364258,26.3002872467041,-0.0,-0.0,-0.0,-0.0,off
9.620000000000001,20.10969352722168,17.274517059326172,3.8960330486297607,0.2883003056049347,0.25624579191207886,26.7952938079834,26.347740173339844,-0.0,-0.0,-0.0,-0.0,off
9.64,20.174354553222656,17.25494384765625,3.8595664501190186,0.29245513677597046,0.25986671447753906,26.825992584228516,26.393667221069336,-0.0,0.0,-0.0,-0.0,off
9.66,20.286252975463867,17.210285186767578,3.8366992473602295,0.2880820333957672,0.2626882493495941,26.878360748291016,26.440235137939453,-0.0,0.0,-0.0,-0.0,off
9.68,20.333375930786133,17.179988861083984,3.741502523422241,0.29869160056114197,0.2662885785102844,26.88116455078125,26.48247718811035,-0.0,-0.0,-0.0,-0.0,off
9.700000000000001,20.411035537719727,17.169830322265625,3.6767261028289795,0.3099077343940735,0.2706504762172699,26.924556732177734,26.524898529052734,-0.0,-0.0,-0.0,-0.0,off
9.72,20.475217819213867,17.169490814208984,3.661069631576538,0.3051038086414337,0.2740958034992218,26.97089958190918,26.56790542602539,-0.0,-0.0,-0.0,-0.0,off
9.74,20.53509521484375,17.08651351928711,3.6292293071746826,0.2968873083591461,0.2763749361038208,26.959421157836914,26.605451583862305,-0.0,-0.0,-0.0,-0.0,off
9.76,20.634912490844727,17.09646224975586,3.5725390911102295,0.30305835604667664,0.2790432870388031,27.034269332885742,26.646778106689453,-0.0,-0.0,-0.0,-0.0,off
9.78,20.678712844848633,17.046672821044922,3.5164783000946045,0.3101200759410858,0.2821509540081024,27.02894401550293,26.6834774017334,-0.0,0.0,-0.0,-0.0,off
9.8,20.744394302368164,17.067218780517578,3.4690959453582764,0.31340521574020386,0.2852763533592224,27.086057662963867,26.722352981567383,-0.0,-0.0,-0.0,-0.0,off
9.82,20.793718338012695,17.001920700073242,3.4456021785736084,0.3063380718231201,0.2873825132846832,27.07981300354004,26.756752014160156,-0.0,-0.0,-0.0,-0.0,off
9.84,20.868854522705078,16.96428680419922,3.4175193309783936,0.29979851841926575,0.288624107837677,27.110431671142578,26.790800094604492,-0.0,0.0,-0.0,-0.0,off
9.86,20.8839168548584,16.918188095092773,3.322613477706909,0.3118976354598999,0.2909514605998993,27.081411361694336,26.818544387817383,-0.0,0.0,-0.0,-0.0,off
9.88,20.925617218017578,16.908340454101562,3.248685598373413,0.32550671696662903,0.2944069802761078,27.09847640991211,26.84526824951172,-0.0,-0.0,-0.0,-0.0,off
9.9,20.98480796813965,16.869792938232422,3.2072560787200928,0.327769011259079,0.29774317145347595,27.11528205871582,26.871023178100586,-0.0,0.0,-0.0,-0.0,off
9.92,21.003324508666992,16.851125717163086,3.1813600063323975,0.3210756778717041,0.3000763952732086,27.114961624145508,26.894311904907227,-0.0,-0.0,-0.0,-0.0,off
9.94,21.041757583618164,16.836669921875,3.1236979961395264,0.3257891833782196,0.3026476502418518,27.129072189331055,26.916728973388672,-0.0,-0.0,-0.0,-0.0,off
9.96,21.08934783935547,16.829883575439453,3.0508153438568115,0.33539244532585144,0.30592212080955505,27.15350914001465,26.939353942871094,-0.0,-0.0,-0.0,-0.0,off
9.98,21.151657104492188,16.797645568847656,3.0091493129730225,0.34329453110694885,0.30965933203697205,27.177352905273438,26.96211051940918,-0.0,-0.0,-0.0,-0.0,off
10.0,21.148311614990234,16.763256072998047,3.0076653957366943,0.33756932616233826,0.3124503195285797,27.15334129333496,26.980348587036133,-0.0,-0.0,-0.0,-0.0,off
10.02,21.151222229003906,16.798513412475586,2.964437246322632,0.3327271044254303,0.31447798013687134,27.172636032104492,26.99883270263672,-0.0,-0.0,-0.0,-0.0,off
10.040000000000001,21.172483444213867,16.750492095947266,2.9016730785369873,0.33601751923561096,0.316631942987442,27.15276527404785,27.013456344604492,-0.0,-0.0,-0.0,-0.0,off
10.06,21.228376388549805,16.745615005493164,2.8513810634613037,0.341452032327652,0.31911394000053406,27.188047409057617,27.030149459838867,-0.0,-0.0,-0.0,-0.0,off
10.08,21.25273895263672,16.716081619262695,2.82373309135437,0.34326913952827454,0.32152944803237915,27.18602180480957,27.045021057128906,-0.0,-0.0,-0.0,-0.0,off
10.1,21.253705978393555,16.698043823242188,2.775231122970581,0.3446403443813324,0.32384052872657776,27.17069435119629,27.056917190551758,-0.0,-0.0,-0.0,-0.0,off
10.120000000000001,21.300926208496094,16.72067642211914,2.7314746379852295,0.34656617045402527,0.3261130750179291,27.217117309570312,27.072307586669922,-0.0,-0.0,-0.0,-0.0,off
10.14,21.301450729370117,16.681537628173828,2.6814897060394287,0.3493853509426117,0.3284403085708618,27.18852424621582,27.083311080932617,-0.0,-0.0,-0.0,-0.0,off
10.16,21.324331283569336,16.68054962158203,2.6211211681365967,0.35657086968421936,0.3312533497810364,27.199966430664062,27.094364166259766,-0.0,-0.0,-0.0,-0.0,off
10.18,21.32137107849121,16.636526107788086,2.604811429977417,0.3561726212501526,0.3337452709674835,27.169097900390625,27.101285934448242,-0.0,-0.0,-0.0,-0.0,off
10.200000000000001,21.33647918701172,16.604610443115234,2.5626485347747803,0.3570435047149658,0.3360750675201416,27.15742301940918,27.10635757446289,-0.0,0.0,-0.0,-0.0,off
10.22,21.319822311401367,16.585601806640625,2.4953668117523193,0.3641907274723053,0.3388866186141968,27.126441955566406,27.10782814025879,-0.0,-0.0,-0.0,-0.0,off
10.24,21.342422485351562,16.610885620117188,2.4391114711761475,0.37234964966773987,0.34223291277885437,27.154552459716797,27.111982345581055,-0.0,-0.0,-0.0,-0.0,off
10.26,21.38779640197754,16.59238052368164,2.4192683696746826,0.3722246587276459,0.3452320992946625,27.177154541015625,27.11800765991211,-0.0,-0.0,-0.0,-0.0,off
10.28,21.390851974487305,16.56035614013672,2.4328629970550537,0.3569495975971222,0.3464038372039795,27.161235809326172,27.12192726135254,0.0,-0.0,-0.0,0.0,off
10.3,21.386402130126953,16.498884201049805,2.37349009513855,0.35711154341697693,0.3474745750427246,27.11503028869629,27.12079620361328,-0.0,-0.0,-0.0,-0.0,off
10.32,21.379728317260742,16.47785186767578,2.2681758403778076,0.37364527583122253,0.3500916361808777,27.087947845458984,27.11699867248535,-0.0,-0.0,-0.0,-0.0,off
10.34,21.429916381835938,16.44698715209961,2.2392737865448,0.3801474869251251,0.35309720039367676,27.1064395904541,27.115428924560547,-0.0,0.0,-0.0,-0.0,off
10.36,21.43163299560547,16.378173828125,2.2388312816619873,0.3739212155342102,0.3551795780658722,27.066064834594727,27.110023498535156,-0.0,0.0,-0.0,-0.0,off
10.38,21.404184341430664,16.34724998474121,2.200291395187378,0.3713509738445282,0.3567967116832733,27.02245330810547,27.100831985473633,-0.0,-0.0,-0.0,-0.0,off
10.4,21.413848876953125,16.285350799560547,2.134089231491089,0.37835294008255005,0.3589523434638977,26.987401962280273,27.08899688720703,-0.0,-0.0,-0.0,-0.0,off
10.42,21.40884017944336,16.296165466308594,2.076890707015991,0.38688912987709045,0.36174601316452026,26.98549461364746,27.078182220458984,-0.0,-0.0,-0.0,-0.0,off
10.44,21.418325424194336,16.26507568359375,2.05035662651062,0.3882656395435333,0.36439797282218933,26.972230911254883,27.06714630126953,-0.0,-0.0,-0.0,-0.0,off
10.46,21.3998966217041,16.236427307128906,2.015467405319214,0.38422664999961853,0.36638084053993225,26.937692642211914,27.053791046142578,-0.0,-0.0,-0.0,-0.0,off
10.48,21.405933380126953,16.207077026367188,1.9609543085098267,0.39099839329719543,0.36884260177612305,26.920785903930664,27.040061950683594,-0.0,-0.0,-0.0,-0.0,off
10.5,21.439666748046875,16.175983428955078,1.8996788263320923,0.3984086811542511,0.37179920077323914,26.92453384399414,27.028038024902344,-0.0,-0.0,-0.0,-0.0,off
10.52,21.40566062927246,16.149621963500977,1.8541542291641235,0.40250614285469055,0.3748698830604553,26.87843894958496,27.012636184692383,-0.0,-0.0,-0.0,-0.0,off
10.540000000000001,21.430002212524414,16.12744903564453,1.8289943933486938,0.4029349982738495,0.3776763677597046,26.882797241210938,26.999229431152344,-0.0,0.0,-0.0,-0.0,off
10.56,21.410985946655273,16.095304489135742,1.7999569177627563,0.3974374830722809,0.3796524703502655,26.846397399902344,26.983558654785156,-0.0,0.0,-0.0,-0.0,off
10.58,21.412683486938477,16.06397819519043,1.7312265634536743,0.4011887311935425,0.38180607557296753,26.824459075927734,26.967222213745117,-0.0,-0.0,-0.0,-0.0,off
10.6,21.416418075561523,15.982686996459961,1.6755462884902954,0.4046306908130646,0.38408851623535156,26.775299072265625,26.947551727294922,-0.0,-0.0,-0.0,-0.0,off
10.620000000000001,21.395933151245117,15.954486846923828,1.6441112756729126,0.40150320529937744,0.38582995533943176,26.74013328552246,26.926372528076172,-0.0,-0.0,-0.0,-0.0,off
10.64,21.374204635620117,15.95132064819336,1.5917917490005493,0.4035840332508087,0.38760533928871155,26.71769142150879,26.905086517333984,-0.0,-0.0,-0.0,-0.0,off
10.66,21.337148666381836,15.89461898803711,1.521356225013733,0.4074227511882782,0.38958707451820374,26.65009117126465,26.87913703918457,-0.0,-0.0,-0.0,-0.0,off
10.68,21.335613250732422,15.8621826171875,1.4622255563735962,0.414349764585495,0.39206331968307495,26.6262149810791,26.853374481201172,-0.0,-0.0,-0.0,-0.0,off
10.700000000000001,21.28111457824707,15.807929992675781,1.4004331827163696,0.41601046919822693,0.39445799589157104,26.54689598083496,26.822248458862305,-0.0,-0.0,-0.0,-0.0,off
10.72,21.306509017944336,15.814108848571777,1.3959861993789673,0.41235604882240295,0.3962477743625641,26.570701599121094,26.796689987182617,0.0,-0.0,-0.0,0.0,off
10.74,21.310232162475586,15.74853515625,1.3303810358047485,0.4159984290599823,0.39822283387184143,26.53134536743164,26.76969337463379,-0.0,-0.0,-0.0,-0.0,off
10.76,21.2662296295166,15.672666549682617,1.250827431678772,0.4232345521450043,0.40072399377822876,26.44710922241211,26.736921310424805,-0.0,-0.0,-0.0,-0.0,off
10.78,21.230749130249023,15.63500690460205,1.163507103919983,0.435437947511673,0.4041953682899475,26.392271041870117,26.70189094543457,-0.0,-0.0,-0.0,-0.0,off
10.8,21.238569259643555,15.6030855178833,1.1612831354141235,0.42936238646507263,0.40671205520629883,26.379568099975586,26.669174194335938,-0.0,-0.0,-0.0,-0.0,off
10.82,21.21376609802246,15.573739051818848,1.121285080909729,0.4217199683189392,0.408212810754776,26.340511322021484,26.635847091674805,-0.0,-0.0,-0.0,-0.0,off
10.84,21.19783592224121,15.525491714477539,1.01583731174469,0.4316778779029846,0.4105593264102936,26.29488754272461,26.6011905670166,-0.0,-0.0,-0.0,-0.0,off
10.86,21.17377471923828,15.462021827697754,0.9385439157485962,0.4407685399055481,0.4135802388191223,26.23516082763672,26.56397247314453,-0.0,-0.0,-0.0,-0.0,off
10.88,21.131052017211914,15.486740112304688,0.9091087579727173,0.44310078024864197,0.4165322780609131,26.214250564575195,26.528486251831055,-0.0,-0.0,-0.0,-0.0,off
10.9,21.16444206237793,15.420615196228027,0.869031548500061,0.4409547746181488,0.41897451877593994,26.200843811035156,26.49518585205078,-0.0,-0.0,-0.0,-0.0,off
10.92,21.12775993347168,15.336893081665039,0.8215175867080688,0.4352830946445465,0.4206053614616394,26.120439529418945,26.45716667175293,-0.0,-0.0,-0.0,-0.0,off
10.94,21.068716049194336,15.24886703491211,0.7177168130874634,0.4444226324558258,0.42298707365989685,26.01795196533203,26.412601470947266,-0.0,-0.0,-0.0,-0.0,off
10.96,21.001035690307617,15.232111930847168,0.6374965906143188,0.4524434208869934,0.42593270540237427,25.951244354248047,26.365816116333008,-0.0,-0.0,-0.0,-0.0,off
10.98,20.99566078186035,15.174901962280273,0.5942226648330688,0.4500047266483307,0.4283398985862732,25.912324905395508,26.3198299407959,-0.0,-0.0,-0.0,-0.0,off
11.0,21.01994514465332,15.158424377441406,0.5645166635513306,0.4465244710445404,0.4301583170890808,25.921701431274414,26.279422760009766,-0.0,-0.0,-0.0,-0.0,off
11.02,20.99125862121582,15.109769821166992,0.48778024315834045,0.44968321919441223,0.4321107864379883,25.868436813354492,26.237686157226562,-0.0,-0.0,-0.0,-0.0,off
11.040000000000001,20.9569149017334,15.047823905944824,0.3996483385562897,0.4579789936542511,0.43469756841659546,25.802886962890625,26.19350242614746,-0.0,-0.0,-0.0,-0.0,off
11.06,20.901758193969727,14.954405784606934,0.3345161974430084,0.46162596344947815,0.43739041686058044,25.702716827392578,26.14369010925293,-0.0,-0.0,-0.0,-0.0,off
11.08,20.861549377441406,14.899097442626953,0.28671994805336,0.455857515335083,0.439237117767334,25.637269973754883,26.092344284057617,-0.0,-0.0,-0.0,-0.0,off
11.1,20.86390495300293,14.839960098266602,0.2179953157901764,0.45744457840919495,0.44105783104896545,25.604188919067383,26.04277801513672,-0.0,-0.0,-0.0,-0.0,off
11.120000000000001,20.830636978149414,14.774578094482422,0.13738790154457092,0.46068963408470154,0.4430209994316101,25.538646697998047,25.99156379699707,-0.0,-0.0,-0.0,-0.0,off
11.14,20.791147232055664,14.763442993164062,0.07340016961097717,0.46535977721214294,0.4452548623085022,25.49973487854004,25.94161033630371,0.0,-0.0,-0.0,0.0,off
11.16,20.730222702026367,14.74525260925293,0.014563232660293579,0.4648091495037079,0.44721028208732605,25.439434051513672,25.890661239624023,0.0,-0.0,-0.0,0.0,off
11.18,20.6918888092041,14.665949821472168,-0.04311594367027283,0.4606257677078247,0.44855183362960815,25.3622989654541,25.837085723876953,-0.0,-0.0,-0.0,-0.0,off
11.200000000000001,20.647186279296875,14.5845947265625,-0.11998304724693298,0.4624272286891937,0.4499393403530121,25.279064178466797,25.78049087524414,-0.0,-0.0,-0.0,-0.0,off
11.22,20.648090362548828,14.521764755249023,-0.18594679236412048,0.4645595848560333,0.45140135288238525,25.24400520324707,25.726015090942383,-0.0,-0.0,-0.0,-0.0,off
11.24,20.59869956970215,14.373202323913574,-0.2699321210384369,0.46680107712745667,0.45294129848480225,25.119081497192383,25.664369583129883,-0.0,-0.0,-0.0,-0.0,off
11.26,20.574037551879883,14.34050464630127,-0.31850942969322205,0.46138957142829895,0.45378613471984863,25.080720901489258,25.60511016845703,-0.0,-0.0,-0.0,-0.0,off
11.28,20.52482032775879,14.295815467834473,-0.413409560918808,0.46155574917793274,0.45456308126449585,25.016185760498047,25.545270919799805,-0.0,-0.0,-0.0,-0.0,off
11.3,20.47940444946289,14.270488739013672,-0.4898122251033783,0.46408823132514954,0.455515593290329,24.965831756591797,25.486385345458984,-0.0,-0.0,-0.0,-0.0,off
11.32,20.445011138916016,14.223752975463867,-0.569632887840271,0.4705507457256317,0.4570190906524658,24.912609100341797,25.428035736083984,-0.0,0.0,-0.0,-0.0,off
11.34,20.39910316467285,14.131819725036621,-0.6275495290756226,0.4652595818042755,0.4578431248664856,24.823890686035156,25.366647720336914,0.0,-0.0,-0.0,0.0,off
11.36,20.33363151550293,14.08073902130127,-0.7235387563705444,0.46266868710517883,0.45832568407058716,24.74363136291504,25.303316116333008,0.0,-0.0,-0.0,0.0,off
11.38,20.2823543548584,13.963593482971191,-0.8129581212997437,0.4642879068851471,0.4589219093322754,24.63770866394043,25.235628128051758,-0.0,-0.0,-0.0,-0.0,off
11.4,20.276609420776367,13.908480644226074,-0.9093431234359741,0.4694801867008209,0.4599777162075043,24.605154037475586,25.171363830566406,-0.0,-0.0,-0.0,-0.0,off
11.42,20.252595901489258,13.812163352966309,-0.9726003408432007,0.4690684378147125,0.46088677644729614,24.533435821533203,25.106338500976562,-0.0,-0.0,-0.0,-0.0,off
11.44,20.208984375,13.724776268005371,-1.041765570640564,0.45783761143684387,0.46058183908462524,24.451129913330078,25.039569854736328,-0.0,-0.0,-0.0,-0.0,off
11.46,20.1751651763916,13.618827819824219,-1.1412862539291382,0.4546089470386505,0.45998454093933105,24.36826515197754,24.97106170654297,-0.0,-0.0,-0.0,-0.0,off
11.48,20.111974716186523,13.562820434570312,-1.2436212301254272,0.4564959704875946,0.4596356749534607,24.2896728515625,24.901498794555664,-0.0,0.0,-0.0,-0.0,off
11.5,20.069257736206055,13.475537300109863,-1.3349117040634155,0.460222989320755,0.45969438552856445,24.210477828979492,24.830902099609375,-0.0,-0.0,-0.0,-0.0,off
11.52,20.003509521484375,13.378355026245117,-1.4159082174301147,0.4593304395675659,0.4596579670906067,24.10654640197754,24.756942749023438,-0.0,-0.0,-0.0,-0.0,off
11.540000000000001,19.95401954650879,13.331160545349121,-1.4903377294540405,0.4490906894207001,0.4586012065410614,24.043790817260742,24.684146881103516,-0.0,0.0,-0.0,-0.0,off
11.56,19.92435646057129,13.250860214233398,-1.5743011236190796,0.44417983293533325,0.45715904235839844,23.98006820678711,24.612213134765625,-0.0,0.0,-0.0,-0.0,off
11.58,19.8554744720459,13.210067749023438,-1.6825860738754272,0.4462340772151947,0.4560665190219879,23.907672882080078,24.540185928344727,-0.0,-0.0,-0.0,-0.0,off
11.6,19.78386688232422,13.08979320526123,-1.7655118703842163,0.43933355808258057,0.454393208026886,23.78783416748047,24.463315963745117,0.0,-0.0,-0.0,0.0,off
11.620000000000001,19.76122283935547,12.9965238571167,-1.8561843633651733,0.42625054717063904,0.45157891511917114,23.72469139099121,24.387739181518555,-0.0,-0.0,-0.0,-0.0,off
11.64,19.718244552612305,12.873820304870605,-1.9490960836410522,0.41700980067253113,0.4481219947338104,23.629291534423828,24.310068130493164,-0.0,-0.0,-0.0,-0.0,off
11.66,19.67047882080078,12.8198881149292,-2.0470049381256104,0.42103174328804016,0.4454129636287689,23.568357467651367,24.234050750732422,-0.0,-0.0,-0.0,-0.0,off
11.68,19.59672737121582,12.7430419921875,-2.1498167514801025,0.4228949546813965,0.44316115975379944,23.474210739135742,24.15616226196289,-0.0,-0.0,-0.0,-0.0,off
11.700000000000001,19.51667022705078,12.688387870788574,-2.2445766925811768,0.4220404028892517,0.44104909896850586,23.386613845825195,24.07731056213379,0.0,-0.0,-0.0,0.0,off
11.72,19.48000144958496,12.610038757324219,-2.345860719680786,0.4142380356788635,0.43836796283721924,23.32352066040039,23.999956130981445,-0.0,-0.0,-0.0,-0.0,off
11.74,19.427204132080078,12.51121997833252,-2.454983949661255,0.41114744544029236,0.4356459081172943,23.237337112426758,23.921600341796875,-0.0,-0.0,-0.0,-0.0,off
11.76,19.408187866210938,12.510729789733887,-2.566992998123169,0.4157145619392395,0.43365278840065,23.233285903930664,23.850664138793945,-0.0,-0.0,-0.0,-0.0,off
11.78,19.351078033447266,12.369322776794434,-2.6848127841949463,0.4147803783416748,0.43176552653312683,23.122989654541016,23.77558708190918,-0.0,-0.0,-0.0,-0.0,off
11.8,19.266847610473633,12.291184425354004,-2.7802975177764893,0.40606775879859924,0.42919573187828064,23.022048950195312,23.697919845581055,-0.0,-0.0,-0.0,-0.0,off
11.82,19.151012420654297,12.207045555114746,-2.890260934829712,0.39263710379600525,0.42553985118865967,22.893817901611328,23.615135192871094,-0.0,0.0,-0.0,-0.0,off
11.84,19.086305618286133,12.088432312011719,-3.005361795425415,0.3892315924167633,0.42190903425216675,22.791433334350586,23.530235290527344,-0.0,-0.0,-0.0,-0.0,off
11.86,19.020349502563477,12.003602981567383,-3.1227190494537354,0.38499560952186584,0.4182176887989044,22.707082748413086,23.445283889770508,-0.0,-0.0,-0.0,-0.0,off
11.88,18.94666290283203,11.907452583312988,-3.255397081375122,0.38216647505760193,0.4146125614643097,22.61329460144043,23.35926628112793,-0.0,-0.0,-0.0,-0.0,off
11.9,18.93889045715332,11.804746627807617,-3.3724453449249268,0.37038812041282654,0.4101901054382324,22.57004737854004,23.27738380432129,-0.0,0.0,-0.0,-0.0,off
11.92,18.931413650512695,11.739494323730469,-3.520962953567505,0.365856796503067,0.40575677156448364,22.552412033081055,23.20171546936035,-0.0,-0.0,-0.0,-0.0,off
11.94,18.92606544494629,11.704224586486816,-3.644359827041626,0.3664498031139374,0.40182608366012573,22.5491943359375,23.133268356323242,-0.0,-0.0,-0.0,-0.0,off
11.96,18.871173858642578,11.565873146057129,-3.78829026222229,0.36490198969841003,0.39813366532325745,22.4553279876709,23.06198501586914,-0.0,-0.0,-0.0,-0.0,off
11.98,18.7722110748291,11.43680191040039,-3.9076168537139893,0.35655534267425537,0.3939758241176605,22.32634735107422,22.984806060791016,-0.0,-0.0,-0.0,-0.0,off
12.0,18.66208267211914,11.335700035095215,-4.049720287322998,0.35168424248695374,0.38974666595458984,22.207468032836914,22.903278350830078,-0.0,-0.0,-0.0,-0.0,off
12.02,18.62315559387207,11.273405075073242,-4.183271884918213,0.3504634499549866,0.38581833243370056,22.16779899597168,22.825862884521484,-0.0,-0.0,-0.0,-0.0,off
12.040000000000001,18.516096115112305,11.18527889251709,-4.321757793426514,0.3548664152622223,0.3827231228351593,22.05978012084961,22.745254516601562,-0.0,-0.0,-0.0,-0.0,off
12.06,18.388338088989258,11.051653861999512,-4.4270758628845215,0.3481920659542084,0.3792700171470642,21.905914306640625,22.657276153564453,-0.0,-0.0,-0.0,-0.0,off
12.08,18.26102066040039,10.997796058654785,-4.53141450881958,0.3410797715187073,0.375450998544693,21.793350219726562,22.56694984436035,-0.0,-0.0,-0.0,-0.0,off
12.1,18.213260650634766,10.961325645446777,-4.679497241973877,0.3401944041252136,0.37192532420158386,21.766286849975586,22.48283576965332,-0.0,-0.0,-0.0,-0.0,off
12.120000000000001,18.09644317626953,10.915771484375,-4.795691967010498,0.3371739089488983,0.3684501647949219,21.67104148864746,22.397640228271484,-0.0,-0.0,-0.0,-0.0,off
12.14,17.973203659057617,10.807968139648438,-4.922434329986572,0.3340667188167572,0.3650118112564087,21.542482376098633,22.307966232299805,-0.0,-0.0,-0.0,-0.0,off
12.16,17.81150245666504,10.630638122558594,-5.020432949066162,0.32178807258605957,0.3606894314289093,21.34162139892578,22.207063674926758,-0.0,-0.0,-0.0,-0.0,off
12.18,17.739089965820312,10.5132474899292,-5.156796455383301,0.32074829936027527,0.3566953241825104,21.2554988861084,22.107437133789062,-0.0,-0.0,-0.0,-0.0,off
12.200000000000001,17.611059188842773,10.352497100830078,-5.2973175048828125,0.32524946331977844,0.3535507321357727,21.104150772094727,22.002309799194336,-0.0,-0.0,-0.0,-0.0,off
12.22,17.442668914794922,10.213335037231445,-5.402480602264404,0.31962069869041443,0.3501577079296112,20.922372817993164,21.889446258544922,-0.0,0.0,-0.0,-0.0,off
12.24,17.234230041503906,10.037471771240234,-5.5111165046691895,0.3113131523132324,0.3462732434272766,20.69158935546875,21.76458740234375,-0.0,0.0,-0.0,-0.0,off
12.26,17.116796493530273,9.883626937866211,-5.625613689422607,0.30382078886032104,0.3420279920101166,20.550384521484375,21.637937545776367,-0.0,0.0,-0.0,-0.0,off
12.280000000000001,17.023372650146484,9.648177146911621,-5.773773193359375,0.3052110970020294,0.33834630250930786,20.401445388793945,21.508464813232422,-0.0,-0.0,-0.0,-0.0,off
12.3,16.929903030395508,9.427886009216309,-5.926041603088379,0.3249433636665344,0.33700600266456604,20.263874053955078,21.377586364746094,-0.0,-0.0,-0.0,-0.0,off
12.32,16.598098754882812,9.13111400604248,-6.068958759307861,0.37362176179885864,0.34066757559776306,19.892370223999023,21.221784591674805,-0.0,-0.0,-0.0,-0.0,off
12.34,16.36598777770996,8.904772758483887,-6.183330535888672,0.39693811535835266,0.3462946116924286,19.63094711303711,21.055044174194336,-0.0,-0.0,-0.0,-0.0,off
12.36,15.903829574584961,8.610452651977539,-6.348459243774414,0.4359387457370758,0.3552590310573578,19.16701889038086,20.857391357421875,-0.0,-0.0,-0.0,-0.0,off
12.38,15.27042007446289,8.306909561157227,-6.485884666442871,0.5536977648735046,0.3751028776168823,18.554168701171875,20.61691665649414,-0.0,-0.0,-0.0,-0.0,off
12.4,14.860719680786133,8.133552551269531,-6.603572845458984,0.6535539627075195,0.40294796228408813,18.18248748779297,20.36282730102539,-0.0,-0.0,-0.0,-0.0,off
12.42,14.708725929260254,7.994786739349365,-6.756458759307861,0.7071030139923096,0.4333634674549103,18.05306053161621,20.120887756347656,-0.0,-0.0,-0.0,-0.0,off
12.44,14.874542236328125,7.79815149307251,-6.844583988189697,0.6513557434082031,0.4551626741886139,18.13591766357422,19.91201400756836,-0.0,-0.0,-0.0,-0.0,off
12.46,14.899775505065918,7.67334508895874,-7.007415294647217,0.6163356900215149,0.47127994894981384,18.165555953979492,19.72687530517578,-0.0,-0.0,-0.0,-0.0,off
12.48,14.576963424682617,7.587414264678955,-7.239814758300781,0.6861984133720398,0.49277180433273315,17.957494735717773,19.538360595703125,-0.0,-0.0,-0.0,-0.0,off
12.5,14.509743690490723,7.416392803192139,-7.420205593109131,0.6881721019744873,0.5123118162155151,17.905166625976562,19.362953186035156,-0.0,-0.0,-0.0,-0.0,off
12.52,14.686030387878418,7.173943996429443,-7.574336528778076,0.6346524357795715,0.5245458483695984,18.014314651489258,19.215778350830078,-0.0,-0.0,-0.0,-0.0,off
12.540000000000001,14.714152336120605,7.012871265411377,-7.7663140296936035,0.6160889863967896,0.533700168132782,18.055532455444336,19.08704376220703,-0.0,-0.0,-0.0,-0.0,off
12.56,14.284448623657227,6.892058849334717,-8.040070533752441,0.7155015468597412,0.5518803000450134,17.781696319580078,18.94207000732422,-0.0,-0.0,-0.0,-0.0,off
12.58,14.08160400390625,6.725735187530518,-8.343121528625488,0.7874164581298828,0.5754339098930359,17.695613861083984,18.80101776123047,-0.0,0.0,-0.0,-0.0,off
12.6,14.120668411254883,6.529928684234619,-8.517837524414062,0.7692287564277649,0.5948134064674377,17.736595153808594,18.678224563598633,-0.0,-0.0,-0.0,-0.0,off
12.620000000000001,14.363255500793457,6.323303699493408,-8.727171897888184,0.7364535331726074,0.6089773774147034,17.9569149017334,18.58976936340332,-0.0,0.0,-0.0,-0.0,off
12.64,14.366203308105469,6.151777744293213,-8.981474876403809,0.7705259919166565,0.6251322031021118,18.02495574951172,18.516239166259766,-0.0,0.0,-0.0,-0.0,off
12.66,14.401317596435547,5.938961505889893,-9.286654472351074,0.8119769096374512,0.6438166499137878,18.135908126831055,18.459741592407227,-0.0,-0.0,-0.0,-0.0,off
12.68,14.422843933105469,5.774280071258545,-9.584219932556152,0.834585964679718,0.6628935933113098,18.254261016845703,18.4199161529541,-0.0,-0.0,-0.0,-0.0,off
12.700000000000001,14.50466251373291,5.570193767547607,-9.804040908813477,0.8334569334983826,0.679949939250946,18.37203025817871,18.395809173583984,-0.0,-0.0,-0.0,-0.0,off
12.72,14.478591918945312,5.403719425201416,-10.073746681213379,0.8472446203231812,0.696679413318634,18.447498321533203,18.381200790405273,-0.0,-0.0,-0.0,-0.0,off
12.74,14.490490913391113,5.2556681632995605,-10.323258399963379,0.8990675806999207,0.7169182300567627,18.551712036132812,18.37858009338379,-0.0,-0.0,-0.0,-0.0,off
12.76,14.462030410766602,5.06373929977417,-10.525055885314941,0.9391795992851257,0.7391443848609924,18.589475631713867,18.380109786987305,-0.0,-0.0,-0.0,-0.0,off
12.780000000000001,14.416415214538574,4.878279209136963,-10.733762741088867,0.978569746017456,0.7630869150161743,18.623756408691406,18.38496971130371,-0.0,-0.0,-0.0,-0.0,off
12.8,14.344463348388672,4.7540106773376465,-10.854955673217773,1.0242811441421509,0.789206326007843,18.60629653930664,18.388959884643555,-0.0,-0.0,-0.0,-0.0,off
12.82,14.47515869140625,4.700915813446045,-10.895556449890137,1.0132842063903809,0.8116140961647034,18.717424392700195,18.406723022460938,-0.0,-0.0,-0.0,-0.0,off
12.84,14.313633918762207,4.473410129547119,-11.005253791809082,1.0449483394622803,0.8349474668502808,18.601266860961914,18.41090202331543,-0.0,-0.0,-0.0,-0.0,off
12.86,14.245290756225586,4.433857440948486,-10.908432960510254,1.0253239870071411,0.853985071182251,18.481918334960938,18.4058895111084,-0.0,-0.0,-0.0,-0.0,off
12.88,14.016901969909668,4.256351947784424,-10.956294059753418,1.0149860382080078,0.8700851202011108,18.29290771484375,18.382606506347656,-0.0,-0.0,-0.0,-0.0,off
12.9,13.62495231628418,3.925199031829834,-11.101899147033691,1.0387446880340576,0.8869510293006897,18.0082950592041,18.330766677856445,-0.0,-0.0,-0.0,-0.0,off
12.92,13.167495727539062,3.7779269218444824,-10.939114570617676,1.1644188165664673,0.9146978259086609,17.530542373657227,18.23764991760254,-0.0,-0.0,-0.0,-0.0,off
12.94,12.533422470092773,3.8749184608459473,-10.13427448272705,1.4653538465499878,0.9697633981704712,16.57724952697754,18.064937591552734,-0.0,-0.0,-0.0,-0.0,off
12.96,12.151124000549316,3.822889804840088,-9.571600914001465,1.6721832752227783,1.0400054454803467,15.933608055114746,17.848039627075195,-0.0,-0.0,-0.0,-0.0,off
12.98,11.983097076416016,3.7545371055603027,-9.306954383850098,1.7353692054748535,1.1095417737960815,15.630436897277832,17.6236572265625,-0.0,-0.0,-0.0,-0.0,off
13.0,11.970651626586914,3.5428690910339355,-9.337075233459473,1.724305510520935,1.171018123626709,15.589400291442871,17.41706657409668,-0.0,-0.0,-0.0,-0.0,off
13.02,12.06648063659668,3.367358684539795,-9.601021766662598,1.649690866470337,1.2188854217529297,15.783493995666504,17.249361038208008,-0.0,-0.0,-0.0,-0.0,off
13.040000000000001,12.281838417053223,3.1411948204040527,-10.066072463989258,1.532283067703247,1.2502251863479614,16.18754005432129,17.136560440063477,-0.0,-0.0,-0.0,-0.0,off
13.06,12.436405181884766,2.951577663421631,-10.474143028259277,1.424646258354187,1.267667293548584,16.52524185180664,17.066965103149414,-0.0,-0.0,-0.0,-0.0,off
13.08,12.445093154907227,2.77443265914917,-10.626465797424316,1.4102503061294556,1.2819255590438843,16.598180770874023,17.0111026763916,-0.0,-0.0,-0.0,-0.0,off
13.1,12.439371109008789,2.7619967460632324,-10.754058837890625,1.454760193824768,1.2992089986801147,16.6738224029541,16.969289779663086,-0.0,-0.0,-0.0,-0.0,off
13.120000000000001,12.386483192443848,2.5534825325012207,-10.801369667053223,1.5076830387115479,1.3200563192367554,16.631742477416992,16.9271240234375,-0.0,-0.0,-0.0,-0.0,off
13.14,12.603340148925781,2.3943982124328613,-11.117880821228027,1.5043587684631348,1.3384865522384644,16.97599983215332,16.922922134399414,-0.0,-0.0,-0.0,-0.0,off
13.16,12.688891410827637,2.251277446746826,-11.2996187210083,1.484735369682312,1.3531113862991333,17.139358520507812,16.9354305267334,-0.0,-0.0,-0.0,-0.0,off
13.18,12.619526863098145,2.04982328414917,-11.289149284362793,1.4885485172271729,1.3666551113128662,17.05576515197754,16.938411712646484,-0.0,-0.0,-0.0,-0.0,off
13.200000000000001,12.568120956420898,2.056352138519287,-11.330368041992188,1.4975333213806152,1.3797428607940674,17.045923233032227,16.94159698486328,-0.0,0.0,-0.0,-0.0,off
13.22,12.575220108032227,2.016369342803955,-11.367947578430176,1.4919772148132324,1.3909662961959839,17.071382522583008,16.948043823242188,-0.0,0.0,-0.0,-0.0,off
13.24,12.575973510742188,1.7678407430648804,-11.408615112304688,1.5005226135253906,1.4019219875335693,17.071521759033203,16.953250885009766,-0.0,0.0,-0.0,-0.0,off
13.26,12.567456245422363,1.733594298362732,-11.473328590393066,1.5105252265930176,1.4127821922302246,17.10507583618164,16.962173461914062,-0.0,-0.0,-0.0,-0.0,off
13.280000000000001,12.561710357666016,1.6093181371688843,-11.4879732131958,1.510598063468933,1.4225637912750244,17.09853744506836,16.96986961364746,-0.0,0.0,-0.0,-0.0,off
13.3,12.597801208496094,1.554862380027771,-11.558806419372559,1.533042550086975,1.4336116313934326,17.167648315429688,16.98433494567871,-0.0,-0.0,-0.0,-0.0,off
13.32,12.612060546875,1.4872792959213257,-11.559786796569824,1.529073715209961,1.4431577920913696,17.17279052734375,16.99849510192871,-0.0,-0.0,-0.0,-0.0,off
13.34,12.476712226867676,1.3638509511947632,-11.398856163024902,1.4882032871246338,1.4476622343063354,16.954715728759766,16.989824295043945,-0.0,-0.0,-0.0,-0.0,off
13.36,12.358999252319336,1.3079274892807007,-11.284100532531738,1.4503366947174072,1.4479297399520874,16.786497116088867,16.965810775756836,0.0,-0.0,-0.0,0.0,off
13.38,12.306931495666504,1.249843955039978,-11.294797897338867,1.472148060798645,1.4503514766693115,16.750974655151367,16.940948486328125,-0.0,-0.0,-0.0,-0.0,off
13.4,12.10987663269043,1.1945775747299194,-11.1051607131958,1.4733978509902954,1.4526561498641968,16.474245071411133,16.89141273498535,-0.0,-0.0,-0.0,-0.0,off
13.42,12.025707244873047,1.0573686361312866,-11.017242431640625,1.4729411602020264,1.4546846151351929,16.34366226196289,16.833688735961914,-0.0,-0.0,-0.0,-0.0,off
13.44,11.914590835571289,0.9374593496322632,-10.914042472839355,1.456676959991455,1.4548838138580322,16.184951782226562,16.7658634185791,-0.0,-0.0,-0.0,-0.0,off
13.46,11.833751678466797,0.9005941152572632,-10.871630668640137,1.4831244945526123,1.4577078819274902,16.09475326538086,16.6961612701416,0.0,-0.0,-0.0,0.0,off
13.48,11.809318542480469,0.7664855718612671,-10.858478546142578,1.5115958452224731,1.4630966186523438,16.060949325561523,16.629852294921875,-0.0,-0.0,-0.0,-0.0,off
13.5,11.76979923248291,0.6003268957138062,-10.787861824035645,1.5193705558776855,1.4687238931655884,15.977062225341797,16.561477661132812,-0.0,-0.0,-0.0,-0.0,off
13.52,11.72262191772461,0.5835937261581421,-10.682757377624512,1.4943898916244507,1.4712904691696167,15.870782852172852,16.4898738861084,-0.0,-0.0,-0.0,-0.0,off
13.540000000000001,11.685909271240234,0.4844592809677124,-10.698376655578613,1.4787591695785522,1.4720373153686523,15.85088062286377,16.423376083374023,-0.0,-0.0,-0.0,-0.0,off
13.56,11.557933807373047,0.489071249961853,-10.61777114868164,1.5030567646026611,1.4751391410827637,15.702295303344727,16.34918212890625,-0.0,0.0,-0.0,-0.0,off
13.58,11.428375244140625,0.576809287071228,-10.478758811950684,1.5009691715240479,1.4777220487594604,15.515954971313477,16.264568328857422,-0.0,-0.0,-0.0,-0.0,off
13.6,11.219532012939453,0.5443576574325562,-10.310450553894043,1.4823530912399292,1.4781851768493652,15.247282028198242,16.16170883178711,-0.0,-0.0,-0.0,-0.0,off
13.620000000000001,11.042052268981934,0.5556463003158569,-10.13757038116455,1.4673079252243042,1.4770973920822144,15.000200271606445,16.04471206665039,-0.0,-0.0,-0.0,-0.0,off
13.64,10.947196960449219,0.40562570095062256,-10.041516304016113,1.489050030708313,1.47829270362854,14.86060905456543,15.92514419555664,-0.0,-0.0,-0.0,-0.0,off
13.66,10.868478775024414,0.3837703466415405,-9.985225677490234,1.5071529150009155,1.4811787605285645,14.764004707336426,15.808012962341309,-0.0,-0.0,-0.0,-0.0,off
13.68,10.840066909790039,0.2725728750228882,-9.980299949645996,1.5113755464553833,1.4841984510421753,14.737290382385254,15.699710845947266,-0.0,0.0,-0.0,-0.0,off
13.700000000000001,10.764102935791016,0.18901671469211578,-9.904372215270996,1.4982625246047974,1.4856048822402954,14.628678321838379,15.591304779052734,-0.0,-0.0,-0.0,-0.0,off
13.72,10.672744750976562,0.0440763384103775,-9.822283744812012,1.4984508752822876,1.4868894815444946,14.504712104797363,15.481001853942871,-0.0,0.0,-0.0,-0.0,off
13.74,10.570549011230469,-0.02354489266872406,-9.764901161193848,1.5138139724731445,1.489581823348999,14.390633583068848,15.370322227478027,-0.0,0.0,-0.0,-0.0,off
13.76,10.570942878723145,-0.02302895486354828,-9.704842567443848,1.5249689817428589,1.493120551109314,14.350237846374512,15.266990661621094,-0.0,-0.0,-0.0,-0.0,off
13.780000000000001,10.688826560974121,-0.09472523629665375,-9.80918025970459,1.512667179107666,1.4950751066207886,14.507928848266602,15.189708709716797,-0.0,-0.0,-0.0,-0.0,off
13.8,10.705904960632324,-0.058267220854759216,-9.808021545410156,1.5048896074295044,1.4960565567016602,14.519540786743164,15.121702194213867,-0.0,-0.0,-0.0,-0.0,off
13.82,10.66490364074707,-0.10712204873561859,-9.800799369812012,1.497456669807434,1.4961966276168823,14.484726905822754,15.057028770446777,0.0,-0.0,-0.0,0.0,off
13.84,10.659550666809082,-0.14216576516628265,-9.753203392028809,1.5001120567321777,1.496588110923767,14.448917388916016,14.99531364440918,0.0,-0.0,-0.0,0.0,off
13.86,10.627100944519043,-0.2837167978286743,-9.70876693725586,1.4888927936553955,1.4958186149597168,14.397080421447754,14.934259414672852,-0.0,0.0,-0.0,-0.0,off
13.88,10.64128589630127,-0.3754974603652954,-9.722041130065918,1.4738237857818604,1.4936190843582153,14.418600082397461,14.88133716583252,-0.0,-0.0,-0.0,-0.0,off
13.9,10.675028800964355,-0.4003797769546509,-9.79047966003418,1.4848288297653198,1.4927400350570679,14.49034309387207,14.84103775024414,-0.0,-0.0,-0.0,-0.0,off
13.92,10.634291648864746,-0.5194984674453735,-9.720396995544434,1.4885706901550293,1.4923231601715088,14.416800498962402,14.797174453735352,-0.0,-0.0,-0.0,-0.0,off
13.94,10.626774787902832,-0.6238647699356079,-9.726310729980469,1.5230584144592285,1.495396614074707,14.419384956359863,14.75778865814209,-0.0,-0.0,-0.0,-0.0,off
13.96,10.59056568145752,-0.7488628625869751,-9.71843433380127,1.533831000328064,1.4992400407791138,14.39336109161377,14.719476699829102,-0.0,0.0,-0.0,-0.0,off
13.98,10.571102142333984,-0.8852335214614868,-9.70936107635498,1.529231071472168,1.5022391080856323,14.380664825439453,14.683417320251465,-0.0,-0.0,-0.0,-0.0,off
14.0,10.47252368927002,-0.9566179513931274,-9.638970375061035,1.5550575256347656,1.5075209140777588,14.265294075012207,14.639451026916504,-0.0,-0.0,-0.0,-0.0,off
14.02,10.479732513427734,-1.1277824640274048,-9.642192840576172,1.5980608463287354,1.5165748596191406,14.285257339477539,14.601384162902832,-0.0,-0.0,-0.0,-0.0,off
14.040000000000001,10.43486213684082,-1.3062540292739868,-9.578444480895996,1.6020067930221558,1.5251179933547974,14.224599838256836,14.560497283935547,-0.0,-0.0,-0.0,-0.0,off
14.06,10.389771461486816,-1.3672453165054321,-9.49333667755127,1.5872496366500854,1.5313310623168945,14.140019416809082,14.515437126159668,-0.0,-0.0,-0.0,-0.0,off
14.08,10.386882781982422,-1.4523149728775024,-9.50045394897461,1.5857852697372437,1.5367764234542847,14.151155471801758,14.476058959960938,-0.0,-0.0,-0.0,-0.0,off
14.1,10.439692497253418,-1.5358244180679321,-9.560051918029785,1.6248646974563599,1.5455851554870605,14.23869800567627,14.44947624206543,-0.0,-0.0,-0.0,-0.0,off
14.120000000000001,10.370219230651855,-1.5819374322891235,-9.502242088317871,1.6329238414764404,1.5543190240859985,14.154030799865723,14.417319297790527,-0.0,-0.0,-0.0,-0.0,off
14.14,10.320718765258789,-1.6290632486343384,-9.451397895812988,1.6297985315322876,1.5618668794631958,14.08900260925293,14.382078170776367,-0.0,-0.0,-0.0,-0.0,off
14.16,10.261792182922363,-1.7211910486221313,-9.4307222366333,1.6330974102020264,1.568989872932434,14.042984008789062,14.34568977355957,-0.0,-0.0,-0.0,-0.0,off
14.18,10.156166076660156,-1.7565494775772095,-9.342215538024902,1.6346336603164673,1.5755542516708374,13.91079330444336,14.299925804138184,-0.0,-0.0,-0.0,-0.0,off
14.200000000000001,10.215795516967773,-1.9263750314712524,-9.388100624084473,1.6745063066482544,1.585449457168579,14.007492065429688,14.267958641052246,-0.0,-0.0,-0.0,-0.0,off
14.22,10.205055236816406,-2.033449649810791,-9.386549949645996,1.6839081048965454,1.5952951908111572,14.01375675201416,14.23971176147461,-0.0,-0.0,-0.0,-0.0,off
14.24,10.19428825378418,-2.0961480140686035,-9.392237663269043,1.676558256149292,1.6034214496612549,14.01896858215332,14.214984893798828,-0.0,-0.0,-0.0,-0.0,off
14.26,10.218879699707031,-2.1599926948547363,-9.465534210205078,1.690926432609558,1.6121718883514404,14.09565258026123,14.20058536529541,-0.0,-0.0,-0.0,-0.0,off
14.280000000000001,10.299124717712402,-2.3015904426574707,-9.545523643493652,1.7139438390731812,1.6223490238189697,14.229768753051758,14.200819969177246,-0.0,-0.0,-0.0,-0.0,off
14.3,10.334851264953613,-2.420642375946045,-9.618990898132324,1.742512583732605,1.6343653202056885,14.32458209991455,14.21041202545166,-0.0,-0.0,-0.0,-0.0,off
14.32,10.396065711975098,-2.47013521194458,-9.723448753356934,1.7693548202514648,1.6478642225265503,14.447324752807617,14.231657028198242,-0.0,-0.0,-0.0,-0.0,off
14.34,10.430471420288086,-2.5460734367370605,-9.809372901916504,1.7838327884674072,1.6614609956741333,14.543074607849121,14.260472297668457,-0.0,-0.0,-0.0,-0.0,off
14.36,10.39057445526123,-2.6423192024230957,-9.784489631652832,1.7960234880447388,1.674917221069336,14.514893531799316,14.283512115478516,-0.0,-0.0,-0.0,-0.0,off
14.38,10.518099784851074,-2.771048069000244,-10.002095222473145,1.8130600452423096,1.6887314319610596,14.776705741882324,14.330371856689453,-0.0,-0.0,-0.0,-0.0,off
14.4,10.528261184692383,-2.7807135581970215,-10.101378440856934,1.8315645456314087,1.7030147314071655,14.853096961975098,14.380594253540039,-0.0,-0.0,-0.0,-0.0,off
14.42,10.574729919433594,-2.800014019012451,-10.195263862609863,1.8548583984375,1.7181990146636963,14.95354175567627,14.436177253723145,-0.0,-0.0,-0.0,-0.0,off
14.44,10.627785682678223,-2.8955235481262207,-10.319293022155762,1.8668066263198853,1.7330597639083862,15.09376335144043,14.50018310546875,-0.0,-0.0,-0.0,-0.0,off
14.46,10.741602897644043,-2.9789443016052246,-10.525412559509277,1.9028512239456177,1.7500388622283936,15.331028938293457,14.581571578979492,-0.0,-0.0,-0.0,-0.0,off
14.48,10.758878707885742,-3.034914493560791,-10.620972633361816,1.9246526956558228,1.7675002813339233,15.419768333435059,14.663772583007812,-0.0,-0.0,-0.0,-0.0,off
14.5,10.764263153076172,-3.037275791168213,-10.68183422088623,1.9335030317306519,1.7841005325317383,15.465962409973145,14.74263858795166,-0.0,-0.0,-0.0,-0.0,off
14.52,10.860610961914062,-3.1365246772766113,-10.834090232849121,1.9417668581008911,1.7998671531677246,15.657846450805664,14.832781791687012,-0.0,-0.0,-0.0,-0.0,off
14.540000000000001,10.940826416015625,-3.153648853302002,-11.01701831817627,1.97847580909729,1.817728042602539,15.843669891357422,14.932666778564453,-0.0,-0.0,-0.0,-0.0,off
14.56,11.098292350769043,-3.2458291053771973,-11.24868106842041,2.026515245437622,1.8386067152023315,16.13196563720703,15.051411628723145,-0.0,-0.0,-0.0,-0.0,off
14.58,11.208253860473633,-3.256831645965576,-11.438196182250977,2.0542757511138916,1.8601735830307007,16.342100143432617,15.179478645324707,-0.0,-0.0,-0.0,-0.0,off
14.6,11.26784610748291,-3.2505621910095215,-11.54248046875,2.0714755058288574,1.8813037872314453,16.45476722717285,15.306195259094238,-0.0,-0.0,-0.0,-0.0,off
14.620000000000001,11.321028709411621,-3.30226469039917,-11.686355590820312,2.087921380996704,1.9019654989242554,16.602455139160156,15.434990882873535,-0.0,-0.0,-0.0,-0.0,off
14.64,11.362850189208984,-3.3489155769348145,-11.866240501403809,2.145930290222168,1.9263619184494019,16.767148971557617,15.567290306091309,-0.0,-0.0,-0.0,-0.0,off
14.66,11.339847564697266,-3.364819049835205,-11.924639701843262,2.1801183223724365,1.9517375230789185,16.796165466308594,15.689287185668945,-0.0,0.0,-0.0,-0.0,off
14.68,11.355061531066895,-3.289973735809326,-11.925368309020996,2.1700916290283203,1.9735729694366455,16.792133331298828,15.798975944519043,-0.0,-0.0,-0.0,-0.0,off
14.700000000000001,11.341840744018555,-3.2615675926208496,-11.951047897338867,2.1483821868896484,1.9910539388656616,16.795913696289062,15.898159980773926,-0.0,-0.0,-0.0,-0.0,off
14.72,11.320556640625,-3.243025302886963,-12.025394439697266,2.174781084060669,2.0094265937805176,16.83099365234375,15.99090576171875,-0.0,-0.0,-0.0,-0.0,off
14.74,11.405701637268066,-3.2656025886535645,-12.134988784790039,2.195323944091797,2.0280163288116455,16.97092056274414,16.088449478149414,-0.0,-0.0,-0.0,-0.0,off
14.76,11.472207069396973,-3.285017490386963,-12.201793670654297,2.2048120498657227,2.0456957817077637,17.067121505737305,16.185951232910156,-0.0,-0.0,-0.0,-0.0,off
14.780000000000001,11.493379592895508,-3.256805896759033,-12.231687545776367,2.182602882385254,2.0593864917755127,17.097332000732422,16.276796340942383,-0.0,0.0,-0.0,-0.0,off
14.8,11.503731727600098,-3.23576021194458,-12.272649765014648,2.1851494312286377,2.071962833404541,17.129621505737305,16.361814498901367,-0.0,-0.0,-0.0,-0.0,off
14.82,11.52010440826416,-3.2513012886047363,-12.374850273132324,2.2047412395477295,2.085240602493286,17.21687126159668,16.447011947631836,-0.0,-0.0,-0.0,-0.0,off
14.84,11.582938194274902,-3.18544340133667,-12.528016090393066,2.242077112197876,2.100924253463745,17.35692024230957,16.537628173828125,-0.0,-0.0,-0.0,-0.0,off
14.86,11.720937728881836,-3.2202277183532715,-12.71409797668457,2.2602763175964355,2.1168594360351562,17.5897274017334,16.642486572265625,-0.0,-0.0,-0.0,-0.0,off
14.88,11.742862701416016,-3.2922720909118652,-12.81030559539795,2.2598981857299805,2.1311631202697754,17.68722152709961,16.746606826782227,-0.0,-0.0,-0.0,-0.0,off
14.9,11.71902084350586,-3.27903413772583,-12.875252723693848,2.2931833267211914,2.147365093231201,17.71608543395996,16.843154907226562,-0.0,-0.0,-0.0,-0.0,off
14.92,11.69525146484375,-3.265198230743408,-12.925674438476562,2.324951410293579,2.165123701095581,17.734527587890625,16.931867599487305,-0.0,-0.0,-0.0,-0.0,off
14.94,11.710036277770996,-3.2667927742004395,-12.934175491333008,2.362577199935913,2.1848690509796143,17.750768661499023,17.013427734375,-0.0,-0.0,-0.0,-0.0,off
14.96,11.768988609313965,-3.309913158416748,-12.970271110534668,2.3611488342285156,2.2024970054626465,17.823932647705078,17.09424591064453,-0.0,-0.0,-0.0,-0.0,off
14.98,11.708406448364258,-3.2676758766174316,-12.917210578918457,2.357726573944092,2.218019962310791,17.737497329711914,17.158369064331055,-0.0,-0.0,-0.0,-0.0,off
15.0,11.751927375793457,-3.24961519241333,-12.92258358001709,2.361713409423828,2.232389211654663,17.7668514251709,17.21908187866211,-0.0,-0.0,-0.0,-0.0,off
15.02,11.744573593139648,-3.2207531929016113,-12.925704002380371,2.3609142303466797,2.245241641998291,17.759000778198242,17.27294921875,-0.0,-0.0,-0.0,-0.0,off
15.040000000000001,11.721505165100098,-3.123055934906006,-12.850640296936035,2.3303394317626953,2.253751277923584,17.671619415283203,17.312694549560547,-0.0,-0.0,-0.0,-0.0,off
15.06,11.696821212768555,-3.1434521675109863,-12.8143892288208,2.2951526641845703,2.2578914165496826,17.63251304626465,17.344600677490234,-0.0,-0.0,-0.0,-0.0,off
15.08,11.701151847839355,-3.1502747535705566,-12.845831871032715,2.2766385078430176,2.259765863418579,17.659461975097656,17.376014709472656,-0.0,-0.0,-0.0,-0.0,off
15.1,11.686180114746094,-3.1210217475891113,-12.901385307312012,2.2840583324432373,2.262195110321045,17.684833526611328,17.406784057617188,-0.0,-0.0,-0.0,-0.0,off
15.120000000000001,11.788064002990723,-3.0797581672668457,-13.035552024841309,2.2976183891296387,2.265737295150757,17.842897415161133,17.450241088867188,-0.0,-0.0,-0.0,-0.0,off
15.14,11.808345794677734,-3.1579737663269043,-13.111641883850098,2.316244125366211,2.2707879543304443,17.925539016723633,17.497657775878906,-0.0,-0.0,-0.0,-0.0,off
15.16,11.848628997802734,-3.2503294944763184,-13.131977081298828,2.3486812114715576,2.2785770893096924,17.983421325683594,17.546175003051758,-0.0,-0.0,-0.0,-0.0,off
15.18,11.881664276123047,-3.3146586418151855,-13.181621551513672,2.372875690460205,2.2880067825317383,18.053144454956055,17.596813201904297,-0.0,-0.0,-0.0,-0.0,off
15.200000000000001,12.062945365905762,-3.332228183746338,-13.341572761535645,2.4089126586914062,2.3000972270965576,18.292510986328125,17.666353225708008,-0.0,-0.0,-0.0,-0.0,off
15.22,12.249505996704102,-3.4014763832092285,-13.55630111694336,2.449585437774658,2.3150460720062256,18.58477210998535,17.758169174194336,0.0,-0.0,-0.0,0.0,off
15.24,12.327727317810059,-3.4625535011291504,-13.731603622436523,2.4662954807281494,2.3301708698272705,18.77549171447754,17.859838485717773,0.0,-0.0,-0.0,0.0,off
15.26,12.462356567382812,-3.463209629058838,-13.917471885681152,2.50656795501709,2.3478105068206787,19.0000057220459,17.97379493713379,-0.0,-0.0,-0.0,-0.0,off
15.280000000000001,12.558730125427246,-3.456869602203369,-14.010382652282715,2.5389182567596436,2.3669214248657227,19.130146026611328,18.089384078979492,-0.0,-0.0,-0.0,-0.0,off
15.3,12.631912231445312,-3.430783748626709,-14.119903564453125,2.5264923572540283,2.382878541946411,19.25375747680664,18.20576286315918,-0.0,-0.0,-0.0,-0.0,off
15.32,12.722000122070312,-3.3743643760681152,-14.220614433288574,2.4940457344055176,2.3939952850341797,19.376829147338867,18.322784423828125,0.0,0.0,-0.0,0.0,off
15.34,12.839738845825195,-3.3645997047424316,-14.360581398010254,2.4867758750915527,2.403273105621338,19.55519676208496,18.445926666259766,0.0,0.0,-0.0,0.0,off
15.36,12.96986198425293,-3.3625941276550293,-14.556118965148926,2.5007266998291016,2.4130184650421143,19.78395652770996,18.57959747314453,-0.0,-0.0,-0.0,-0.0,off
15.38,13.112044334411621,-3.3135218620300293,-14.68421459197998,2.5070409774780273,2.4224205017089844,19.963247299194336,18.717788696289062,-0.0,-0.0,-0.0,-0.0,off
15.4,13.235795021057129,-3.27034330368042,-14.812210083007812,2.497358798980713,2.4299142360687256,20.131641387939453,18.858951568603516,-0.0,-0.0,-0.0,-0.0,off
15.42,13.382800102233887,-3.2532105445861816,-14.819273948669434,2.4768102169036865,2.434603691101074,20.231006622314453,18.995946884155273,-0.0,-0.0,-0.0,-0.0,off
15.44,13.50416374206543,-3.2606472969055176,-14.909737586975098,2.4988112449645996,2.4410243034362793,20.37877655029297,19.134035110473633,-0.0,-0.0,-0.0,-0.0,off
15.46,13.498417854309082,-3.2156310081481934,-14.912798881530762,2.52380108833313,2.4493019580841064,20.370054244995117,19.257429122924805,-0.0,-0.0,-0.0,-0.0,off
15.48,13.608224868774414,-3.2092604637145996,-14.969101905822754,2.5312018394470215,2.457491874694824,20.48309326171875,19.379783630371094,-0.0,-0.0,-0.0,-0.0,off
15.5,13.580416679382324,-3.256340503692627,-14.929691314697266,2.500736713409424,2.4618163108825684,20.443265914916992,19.486021041870117,-0.0,-0.0,-0.0,-0.0,off
15.52,13.706167221069336,-3.2950892448425293,-14.983315467834473,2.4926598072052,2.464900493621826,20.572223663330078,19.594539642333984,-0.0,-0.0,-0.0,-0.0,off
15.540000000000001,13.782511711120605,-3.2946791648864746,-15.000943183898926,2.512929916381836,2.469703435897827,20.635910034179688,19.698562622070312,-0.0,-0.0,-0.0,-0.0,off
15.56,13.862293243408203,-3.2576184272766113,-14.957919120788574,2.5061891078948975,2.4733519554138184,20.652231216430664,19.793739318847656,-0.0,-0.0,-0.0,-0.0,off
15.58,13.918279647827148,-3.2387547492980957,-14.978182792663574,2.504101037979126,2.476426839828491,20.70154571533203,19.88431739807129,-0.0,-0.0,-0.0,-0.0,off
15.6,13.977493286132812,-3.303837299346924,-14.951115608215332,2.480346202850342,2.476818799972534,20.73213768005371,19.96891212463379,-0.0,-0.0,-0.0,-0.0,off
15.620000000000001,14.20772647857666,-3.3455758094787598,-14.9657621383667,2.4688637256622314,2.4760231971740723,20.905176162719727,20.06217384338379,-0.0,-0.0,-0.0,-0.0,off
15.64,14.315292358398438,-3.430772304534912,-14.908323287963867,2.470956802368164,2.4755163192749023,20.951274871826172,20.150592803955078,-0.0,-0.0,-0.0,-0.0,off
15.66,14.514761924743652,-3.4895501136779785,-14.821747779846191,2.4627864360809326,2.4742431640625,21.036623001098633,20.238332748413086,-0.0,-0.0,-0.0,-0.0,off
15.68,14.818211555480957,-3.602385997772217,-14.77113151550293,2.416888952255249,2.468507766723633,21.2307071685791,20.336097717285156,0.0,-0.0,-0.0,0.0,off
15.700000000000001,15.071320533752441,-3.6693978309631348,-14.779067993164062,2.390498638153076,2.460706949234009,21.424985885620117,20.44317626953125,-0.0,-0.0,-0.0,-0.0,off
15.72,15.389878273010254,-3.757450580596924,-14.722394943237305,2.3882434368133545,2.453460454940796,21.62673568725586,20.558982849121094,-0.0,-0.0,-0.0,-0.0,off
15.74,15.655108451843262,-3.711921215057373,-14.631085395812988,2.3835554122924805,2.446470022201538,21.74694061279297,20.67462158203125,-0.0,-0.0,-0.0,-0.0,off
15.76,15.850521087646484,-3.620055675506592,-14.60107707977295,2.3397819995880127,2.4358012676239014,21.852581024169922,20.789133071899414,-0.0,-0.0,-0.0,-0.0,off
15.780000000000001,15.912138938903809,-3.5674424171447754,-14.549609184265137,2.276643753051758,2.4198856353759766,21.854381561279297,20.89263153076172,-0.0,-0.0,-0.0,-0.0,off
15.8,16.070093154907227,-3.5110230445861816,-14.494185447692871,2.253326654434204,2.4032297134399414,21.92388153076172,20.992589950561523,-0.0,-0.0,-0.0,-0.0,off
15.82,16.185829162597656,-3.4433140754699707,-14.419486045837402,2.25040340423584,2.3879470825195312,21.949010848999023,21.085002899169922,-0.0,-0.0,-0.0,-0.0,off
15.84,16.27492332458496,-3.4266819953918457,-14.35546588897705,2.2253801822662354,2.371690273284912,21.970314025878906,21.170412063598633,-0.0,-0.0,-0.0,-0.0,off
15.860000000000001,16.288087844848633,-3.5051541328430176,-14.28847599029541,2.1876606941223145,2.3532872200012207,21.948768615722656,21.24551773071289,-0.0,-0.0,-0.0,-0.0,off
15.88,16.200700759887695,-3.5419411659240723,-14.194588661193848,2.1508312225341797,2.3330416679382324,21.828750610351562,21.30161476135254,-0.0,-0.0,-0.0,-0.0,off
15.9,16.11659049987793,-3.6327967643737793,-14.150845527648926,2.15868878364563,2.3156063556671143,21.752887725830078,21.345027923583984,-0.0,-0.0,-0.0,-0.0,off
15.92,16.0135498046875,-3.6571507453918457,-14.0649995803833,2.1420857906341553,2.2982542514801025,21.624818801879883,21.371625900268555,-0.0,0.0,-0.0,-0.0,off
15.94,15.851040840148926,-3.732308864593506,-13.964056968688965,2.1131832599639893,2.2797470092773438,21.451818466186523,21.37856101989746,-0.0,0.0,-0.0,-0.0,off
15.96,15.594537734985352,-3.765420436859131,-13.851468086242676,2.050652027130127,2.2568376064300537,21.1950740814209,21.359474182128906,-0.0,-0.0,-0.0,-0.0,off
15.98,15.452276229858398,-3.758091449737549,-13.739718437194824,2.004347801208496,2.231588363647461,21.016088485717773,21.32453727722168,-0.0,-0.0,-0.0,-0.0,off
16.0,15.281404495239258,-3.7187676429748535,-13.654646873474121,1.9388771057128906,2.202317237854004,20.827863693237305,21.274477005004883,-0.0,-0.0,-0.0,-0.0,off
16.02,15.06014633178711,-3.7535929679870605,-13.547659873962402,1.8760226964950562,2.1696877479553223,20.601858139038086,21.20690155029297,-0.0,-0.0,-0.0,-0.0,off
16.04,14.678722381591797,-3.732128620147705,-13.427924156188965,1.8471838235855103,2.137437343597412,20.241117477416992,21.110122680664062,-0.0,-0.0,-0.0,-0.0,off
16.06,14.246164321899414,-3.6382784843444824,-13.24771785736084,1.843761920928955,2.108069658279419,19.791217803955078,20.978065490722656,-0.0,-0.0,-0.0,-0.0,off
16.080000000000002,13.859576225280762,-3.57381010055542,-13.058271408081055,1.852656364440918,2.0825283527374268,19.374685287475586,20.817485809326172,-0.0,-0.0,-0.0,-0.0,off
16.1,13.683232307434082,-3.6007237434387207,-12.970099449157715,1.8933556079864502,2.0636110305786133,19.194257736206055,20.65483856201172,-0.0,-0.0,-0.0,-0.0,off
16.12,13.618741989135742,-3.6231064796447754,-12.837552070617676,1.9043258428573608,2.047682523727417,19.063047409057617,20.49538230895996,-0.0,0.0,-0.0,-0.0,off
16.14,13.542882919311523,-3.620103359222412,-12.76443862915039,1.8857086896896362,2.031485080718994,18.959054946899414,20.341501235961914,-0.0,0.0,-0.0,-0.0,off
16.16,13.331006050109863,-3.5796351432800293,-12.645549774169922,1.8377569913864136,2.0121121406555176,18.720027923583984,20.179096221923828,-0.0,-0.0,-0.0,-0.0,off
16.18,13.07147216796875,-3.5692458152770996,-12.516467094421387,1.8113154172897339,1.992032527923584,18.44626808166504,20.00545883178711,-0.0,-0.0,-0.0,-0.0,off
16.2,12.905580520629883,-3.57261323928833,-12.40218448638916,1.797071099281311,1.972536325454712,18.25189781188965,19.82971954345703,-0.0,-0.0,-0.0,-0.0,off
16.22,12.813114166259766,-3.5779213905334473,-12.329190254211426,1.7540355920791626,1.9506862163543701,18.13797950744629,19.66017723083496,-0.0,-0.0,-0.0,-0.0,off
16.240000000000002,12.735794067382812,-3.5500807762145996,-12.25249195098877,1.7398018836975098,1.9295977354049683,18.025733947753906,19.496440887451172,-0.0,-0.0,-0.0,-0.0,off
16.26,12.631729125976562,-3.554386615753174,-12.148714065551758,1.7474381923675537,1.911381721496582,17.88254737854004,19.334775924682617,-0.0,-0.0,-0.0,-0.0,off
16.28,12.574353218078613,-3.5344624519348145,-12.051188468933105,1.7620123624801636,1.8964446783065796,17.77182960510254,19.17827796936035,-0.0,-0.0,-0.0,-0.0,off
16.3,12.468984603881836,-3.5162034034729004,-11.91472339630127,1.7364145517349243,1.880441665649414,17.601133346557617,19.020397186279297,-0.0,-0.0,-0.0,-0.0,off
16.32,12.427181243896484,-3.4407877922058105,-11.802323341369629,1.7049163579940796,1.862889051437378,17.48052406311035,18.86634063720703,-0.0,-0.0,-0.0,-0.0,off
16.34,12.35814094543457,-3.3393921852111816,-11.687505722045898,1.6882705688476562,1.84542715549469,17.334156036376953,18.713111877441406,-0.0,-0.0,-0.0,-0.0,off
16.36,12.259719848632812,-3.2141928672790527,-11.589824676513672,1.6962825059890747,1.8305126428604126,17.174278259277344,18.559223175048828,-0.0,-0.0,-0.0,-0.0,off
16.38,12.20179271697998,-3.150911808013916,-11.500123023986816,1.7209906578063965,1.8195604085922241,17.06062126159668,18.409345626831055,-0.0,-0.0,-0.0,-0.0,off
16.4,12.102296829223633,-3.0432000160217285,-11.36900806427002,1.7114169597625732,1.808746099472046,16.881380081176758,18.256486892700195,-0.0,-0.0,-0.0,-0.0,off
16.42,11.945838928222656,-2.88612699508667,-11.188982963562012,1.690666913986206,1.7969380617141724,16.620052337646484,18.092670440673828,-0.0,-0.0,-0.0,-0.0,off
16.44,11.800179481506348,-2.738208293914795,-11.053690910339355,1.6938883066177368,1.786633014678955,16.39896583557129,17.922992706298828,-0.0,-0.0,-0.0,-0.0,off
16.46,11.673139572143555,-2.6805882453918457,-10.929850578308105,1.7159991264343262,1.7795695066452026,16.214479446411133,17.751842498779297,-0.0,-0.0,-0.0,-0.0,off
16.48,11.575007438659668,-2.5889382362365723,-10.83596134185791,1.7026225328445435,1.7718747854232788,16.065536499023438,17.582843780517578,-0.0,-0.0,-0.0,-0.0,off
16.5,11.353679656982422,-2.4588370323181152,-10.655224800109863,1.6819623708724976,1.7628834247589111,15.76343059539795,17.400436401367188,-0.0,-0.0,-0.0,-0.0,off
16.52,11.217761993408203,-2.365845203399658,-10.549799919128418,1.6855003833770752,1.7551450729370117,15.579913139343262,17.21785545349121,-0.0,-0.0,-0.0,-0.0,off
16.54,11.01323127746582,-2.2485833168029785,-10.332752227783203,1.7059288024902344,1.7502233982086182,15.268043518066406,17.022268295288086,-0.0,-0.0,-0.0,-0.0,off
16.56,10.864875793457031,-2.163506031036377,-10.22530460357666,1.6885855197906494,1.7440595626831055,15.075912475585938,16.826988220214844,-0.0,-0.0,-0.0,-0.0,off
16.580000000000002,10.687135696411133,-2.095885753631592,-10.069368362426758,1.661069631576538,1.7357604503631592,14.832389831542969,16.626914978027344,-0.0,-0.0,-0.0,-0.0,off
16.6,10.543074607849121,-1.957971215248108,-9.913588523864746,1.6310909986495972,1.7252933979034424,14.603743553161621,16.42379379272461,-0.0,-0.0,-0.0,-0.0,off
16.62,10.341455459594727,-1.8400150537490845,-9.69239330291748,1.6277782917022705,1.7155418395996094,14.292440414428711,16.209762573242188,-0.0,-0.0,-0.0,-0.0,off
16.64,10.22081470489502,-1.6811949014663696,-9.591179847717285,1.6269276142120361,1.706680417060852,14.116734504699707,15.999239921569824,-0.0,-0.0,-0.0,-0.0,off
16.66,9.963465690612793,-1.5072866678237915,-9.36316967010498,1.592910885810852,1.6953034400939941,13.755416870117188,15.773335456848145,-0.0,-0.0,-0.0,-0.0,off
16.68,9.771093368530273,-1.3601919412612915,-9.139931678771973,1.5525093078613281,1.6810239553451538,13.448522567749023,15.539095878601074,-0.0,-0.0,-0.0,-0.0,off
16.7,9.598808288574219,-1.233030915260315,-8.95503044128418,1.538246989250183,1.6667462587356567,13.185221672058105,15.301778793334961,-0.0,-0.0,-0.0,-0.0,off
16.72,9.537591934204102,-1.005334496498108,-8.90202808380127,1.546303153038025,1.6547019481658936,13.085200309753418,15.077323913574219,-0.0,-0.0,-0.0,-0.0,off
16.740000000000002,9.33017635345459,-0.8312526941299438,-8.696060180664062,1.5023791790008545,1.6394696235656738,12.781417846679688,14.844507217407227,-0.0,-0.0,-0.0,-0.0,off
16.76,9.145952224731445,-0.6612821817398071,-8.4722261428833,1.4718490839004517,1.6227076053619385,12.484564781188965,14.604842185974121,-0.0,-0.0,-0.0,-0.0,off
16.78,9.012367248535156,-0.41577398777008057,-8.31455135345459,1.4495234489440918,1.60538911819458,12.268960952758789,14.366450309753418,-0.0,-0.0,-0.0,-0.0,off
16.8,8.951099395751953,-0.1980358213186264,-8.234480857849121,1.47391676902771,1.592241883277893,12.164213180541992,14.140409469604492,-0.0,-0.0,-0.0,-0.0,off
16.82,8.796950340270996,-0.037934884428977966,-8.055525779724121,1.459252953529358,1.578942894935608,11.92808723449707,13.91296100616455,-0.0,-0.0,-0.0,-0.0,off
16.84,8.661587715148926,0.06860102713108063,-7.862732410430908,1.4236488342285156,1.563413381576538,11.6983060836792,13.6853609085083,-0.0,-0.0,-0.0,-0.0,off
16.86,8.483339309692383,0.1776193529367447,-7.710226535797119,1.389126181602478,1.5459845066070557,11.464999198913574,13.457270622253418,-0.0,-0.0,-0.0,-0.0,off
16.88,8.344443321228027,0.3766731023788452,-7.563941478729248,1.3817155361175537,1.5295575857162476,11.268754959106445,13.231451988220215,-0.0,-0.0,-0.0,-0.0,off
16.9,8.265786170959473,0.5270599126815796,-7.414863109588623,1.3746333122253418,1.514065146446228,11.116708755493164,13.012547492980957,-0.0,-0.0,-0.0,-0.0,off
16.92,8.299417495727539,0.6526988744735718,-7.411705017089844,1.3595527410507202,1.4986138343811035,11.146286964416504,12.818353652954102,-0.0,-0.0,-0.0,-0.0,off
16.94,8.305425643920898,0.8655904531478882,-7.413994789123535,1.3308504819869995,1.4818373918533325,11.166766166687012,12.644561767578125,-0.0,-0.0,-0.0,-0.0,off
16.96,8.234884262084961,1.0064605474472046,-7.368860721588135,1.3037607669830322,1.4640296697616577,11.096233367919922,12.480952262878418,-0.0,-0.0,-0.0,-0.0,off
16.98,8.143051147460938,1.161943793296814,-7.302525997161865,1.2923295497894287,1.4468597173690796,10.99937629699707,12.323676109313965,-0.0,-0.0,-0.0,-0.0,off
17.0,8.070856094360352,1.354040503501892,-7.33772611618042,1.294924020767212,1.4316661357879639,10.991559028625488,12.18063735961914,-0.0,-0.0,-0.0,-0.0,off
17.02,8.00128173828125,1.546155333518982,-7.314096927642822,1.2743558883666992,1.4159350395202637,10.950210571289062,12.047027587890625,-0.0,-0.0,-0.0,-0.0,off
17.04,7.957534313201904,1.6723026037216187,-7.262059211730957,1.2395858764648438,1.398300051689148,10.902131080627441,11.922148704528809,-0.0,-0.0,-0.0,-0.0,off
17.06,7.893945217132568,1.8512624502182007,-7.240641117095947,1.2109073400497437,1.3795608282089233,10.870530128479004,11.80606746673584,-0.0,0.0,-0.0,-0.0,off
17.080000000000002,7.840057849884033,2.1036791801452637,-7.328359127044678,1.206513524055481,1.3622560501098633,10.936033248901367,11.706707000732422,-0.0,-0.0,-0.0,-0.0,off
17.1,7.856139183044434,2.322904109954834,-7.4158616065979,1.198475956916809,1.3458781242370605,11.050331115722656,11.627991676330566,-0.0,-0.0,-0.0,-0.0,off
17.12,7.799733638763428,2.54807710647583,-7.445103168487549,1.1391783952713013,1.325208067893982,11.079625129699707,11.55916690826416,-0.0,-0.0,-0.0,-0.0,off
17.14,7.755539894104004,2.7270121574401855,-7.4404730796813965,1.0775823593139648,1.300445556640625,11.088085174560547,11.497960090637207,-0.0,-0.0,-0.0,-0.0,off
17.16,7.699833393096924,2.9095282554626465,-7.442940711975098,1.0397083759307861,1.274371862411499,11.097304344177246,11.443624496459961,-0.0,-0.0,-0.0,-0.0,off
17.18,7.701772689819336,3.105132579803467,-7.537291049957275,1.0178594589233398,1.2487205266952515,11.214717864990234,11.406394004821777,-0.0,-0.0,-0.0,-0.0,off
17.2,7.664100646972656,3.29594087600708,-7.603692054748535,1.009403109550476,1.224788784980774,11.287948608398438,11.380107879638672,-0.0,-0.0,-0.0,-0.0,off
17.22,7.668225288391113,3.4752602577209473,-7.635739803314209,0.9695085287094116,1.1992607116699219,11.365898132324219,11.364522933959961,-0.0,-0.0,-0.0,-0.0,off
17.240000000000002,7.626339435577393,3.5589537620544434,-7.655447483062744,0.9377701878547668,1.1731116771697998,11.37686538696289,11.353004455566406,-0.0,-0.0,-0.0,-0.0,off
17.26,7.693416118621826,3.7391419410705566,-7.756666660308838,0.9393613338470459,1.1497365236282349,11.54710865020752,11.36013412475586,-0.0,0.0,-0.0,-0.0,off
17.28,7.820674419403076,4.017063617706299,-7.792043209075928,0.91652911901474,1.126415729522705,11.748007774353027,11.386043548583984,-0.0,-0.0,-0.0,-0.0,off
17.3,7.964531421661377,4.2896952629089355,-7.8165669441223145,0.8917019963264465,1.1029443740844727,11.955498695373535,11.42971134185791,-0.0,-0.0,-0.0,-0.0,off
17.32,8.10505199432373,4.586019992828369,-7.822310924530029,0.8698680400848389,1.0796366930007935,12.161908149719238,11.48893928527832,-0.0,-0.0,-0.0,-0.0,off
17.34,8.249387741088867,4.932735919952393,-7.828720569610596,0.8718621730804443,1.0588592290878296,12.396496772766113,11.564409255981445,-0.0,-0.0,-0.0,-0.0,off
17.36,8.378299713134766,5.204627513885498,-7.799022197723389,0.8650945425033569,1.0394827127456665,12.574132919311523,11.64983081817627,-0.0,-0.0,-0.0,-0.0,off
17.38,8.585453033447266,5.529662609100342,-7.793943881988525,0.8431167602539062,1.0198460817337036,12.846506118774414,11.75333023071289,-0.0,-0.0,-0.0,-0.0,off
17.400000000000002,8.767032623291016,5.7742533683776855,-7.809473514556885,0.8111931681632996,0.9989807605743408,13.083988189697266,11.870893478393555,-0.0,-0.0,-0.0,-0.0,off
17.42,9.060371398925781,6.085978031158447,-7.837859630584717,0.8139816522598267,0.9804808497428894,13.437317848205566,12.012088775634766,-0.0,-0.0,-0.0,-0.0,off
17.44,9.243773460388184,6.347480297088623,-7.859818935394287,0.8068401217460632,0.9631167650222778,13.693596839904785,12.165348052978516,-0.0,-0.0,-0.0,-0.0,off
17.46,9.460619926452637,6.610004901885986,-7.883015155792236,0.8114656805992126,0.9479516744613647,13.976316452026367,12.332155227661133,-0.0,-0.0,-0.0,-0.0,off
17.48,9.674240112304688,6.988399028778076,-7.918107509613037,0.7837784886360168,0.9315343499183655,14.322187423706055,12.5162353515625,-0.0,-0.0,-0.0,-0.0,off
17.5,9.865365028381348,7.3258280754089355,-7.919980525970459,0.750200629234314,0.9134009480476379,14.619140625,12.711385726928711,0.0,0.0,-0.0,0.0,off
17.52,10.203022956848145,7.681920528411865,-7.94207239151001,0.7466943860054016,0.8967302441596985,15.039617538452148,12.92909049987793,0.0,0.0,-0.0,0.0,off
17.54,10.396788597106934,7.997753620147705,-7.969695568084717,0.7653776407241821,0.8835949897766113,15.348398208618164,13.156386375427246,-0.0,-0.0,-0.0,-0.0,off
17.56,10.629542350769043,8.279609680175781,-7.997739315032959,0.7807645797729492,0.8733119368553162,15.668533325195312,13.393856048583984,-0.0,-0.0,-0.0,-0.0,off
17.580000000000002,10.799449920654297,8.540393829345703,-7.966250896453857,0.7571274638175964,0.8616934418678284,15.906841278076172,13.63194751739502,-0.0,-0.0,-0.0,-0.0,off
17.6,11.041136741638184,8.824557304382324,-7.933002948760986,0.7194288969039917,0.8474669456481934,16.208393096923828,13.876712799072266,-0.0,-0.0,-0.0,-0.0,off
17.62,11.31442928314209,9.151888847351074,-7.920578479766846,0.7220815420150757,0.8349283933639526,16.56831169128418,14.133133888244629,-0.0,-0.0,-0.0,-0.0,off
17.64,11.636148452758789,9.385653495788574,-7.9004225730896,0.7308793663978577,0.8245234489440918,16.908788681030273,14.398849487304688,-0.0,-0.0,-0.0,-0.0,off
17.66,11.853801727294922,9.60837173461914,-7.8430352210998535,0.7202537655830383,0.8140964508056641,17.156532287597656,14.663328170776367,-0.0,-0.0,-0.0,-0.0,off
17.68,12.111656188964844,9.826554298400879,-7.778491497039795,0.6851414442062378,0.8012009263038635,17.42866325378418,14.929021835327148,-0.0,-0.0,-0.0,-0.0,off
17.7,12.477027893066406,10.016976356506348,-7.703307151794434,0.6382424831390381,0.7849050760269165,17.75829315185547,15.201480865478516,-0.0,0.0,-0.0,-0.0,off
17.72,12.819013595581055,10.321185111999512,-7.661896705627441,0.6050649881362915,0.7669210433959961,18.153749465942383,15.48618221282959,-0.0,0.0,-0.0,-0.0,off
17.740000000000002,13.183881759643555,10.573152542114258,-7.629880428314209,0.6007103323936462,0.7502999901771545,18.542421340942383,15.781611442565918,-0.0,-0.0,-0.0,-0.0,off
17.76,13.418844223022461,10.802786827087402,-7.580353260040283,0.575753390789032,0.7328453063964844,18.8209285736084,16.075822830200195,-0.0,-0.0,-0.0,-0.0,off
17.78,13.63454818725586,11.007622718811035,-7.525909900665283,0.5494937896728516,0.7145101428031921,19.071128845214844,16.366172790527344,-0.0,-0.0,-0.0,-0.0,off
17.8,13.845624923706055,11.189958572387695,-7.452573299407959,0.5323426127433777,0.6962934136390686,19.29915428161621,16.65073013305664,-0.0,0.0,-0.0,-0.0,off
17.82,14.006030082702637,11.390119552612305,-7.377572536468506,0.5183509588241577,0.678499162197113,19.50210952758789,16.927501678466797,-0.0,0.0,-0.0,-0.0,off
17.84,14.202592849731445,11.602584838867188,-7.262948989868164,0.5152020454406738,0.6621694564819336,19.7252140045166,17.1988582611084,-0.0,-0.0,-0.0,-0.0,off
17.86,14.44799518585205,11.745733261108398,-7.1639323234558105,0.5011088252067566,0.6460633873939514,19.95065689086914,17.46590232849121,-0.0,-0.0,-0.0,-0.0,off
17.88,14.641071319580078,11.854632377624512,-7.024896144866943,0.49562957882881165,0.6310199499130249,20.10578155517578,17.721872329711914,-0.0,-0.0,-0.0,-0.0,off
17.900000000000002,14.861377716064453,12.005141258239746,-6.898788928985596,0.4999838173389435,0.6179163455963135,20.31199836730957,17.972890853881836,-0.0,-0.0,-0.0,-0.0,off
17.92,15.109533309936523,12.077792167663574,-6.732299327850342,0.5225188136100769,0.6083765625953674,20.48157501220703,18.215621948242188,-0.0,-0.0,-0.0,-0.0,off
17.94,15.410511016845703,12.149089813232422,-6.543995380401611,0.562187671661377,0.6037576198577881,20.68593978881836,18.45404815673828,-0.0,-0.0,-0.0,-0.0,off
17.96,15.779796600341797,12.200127601623535,-6.3422465324401855,0.6309949159622192,0.6064813733100891,20.93010139465332,18.692289352416992,-0.0,-0.0,-0.0,-0.0,off
17.98,16.212133407592773,12.139605522155762,-6.117752552032471,0.7129662036895752,0.6171298623085022,21.157272338867188,18.928285598754883,-0.0,-0.0,-0.0,-0.0,off
18.0,16.613018035888672,12.256479263305664,-5.919826984405518,0.8142670392990112,0.6368435621261597,21.476917266845703,19.171783447265625,-0.0,-0.0,-0.0,-0.0,off
18.02,17.04043197631836,12.283462524414062,-5.74057149887085,0.9397473931312561,0.6671339273452759,21.776453018188477,19.420150756835938,-0.0,-0.0,-0.0,-0.0,off
18.04,17.552248001098633,12.224248886108398,-5.572507381439209,1.076242208480835,0.7080447673797607,22.103540420532227,19.675302505493164,-0.0,-0.0,-0.0,-0.0,off
18.06,18.024635314941406,12.134706497192383,-5.383272647857666,1.192798137664795,0.7565200924873352,22.385669708251953,19.93195915222168,-0.0,-0.0,-0.0,-0.0,off
18.080000000000002,18.43411636352539,12.061698913574219,-5.122655391693115,1.2736637592315674,0.808234453201294,22.617311477661133,20.184673309326172,-0.0,0.0,-0.0,-0.0,off
18.1,18.77852439880371,12.139226913452148,-4.886237621307373,1.3608601093292236,0.8634970188140869,22.888187408447266,20.438947677612305,-0.0,-0.0,-0.0,-0.0,off
18.12,18.987125396728516,12.208426475524902,-4.622910022735596,1.3677470684051514,0.9139220118522644,23.041873931884766,20.683374404907227,-0.0,-0.0,-0.0,-0.0,off
18.14,19.105484008789062,12.269075393676758,-4.3904242515563965,1.3478202819824219,0.9573118090629578,23.12629508972168,20.912649154663086,-0.0,-0.0,-0.0,-0.0,off
18.16,19.227216720581055,12.263644218444824,-4.197635173797607,1.3072547912597656,0.992306113243103,23.18842315673828,21.126110076904297,-0.0,-0.0,-0.0,-0.0,off
18.18,19.318281173706055,12.179256439208984,-4.017176151275635,1.2834997177124023,1.021425485610962,23.187667846679688,21.3189640045166,-0.0,-0.0,-0.0,-0.0,off
18.2,19.371410369873047,12.032506942749023,-3.8206875324249268,1.248206377029419,1.0441035032272339,23.1220760345459,21.486494064331055,-0.0,-0.0,-0.0,-0.0,off
18.22,19.47088623046875,11.891867637634277,-3.6403133869171143,1.2134177684783936,1.061034917831421,23.103761672973633,21.635818481445312,-0.0,-0.0,-0.0,-0.0,off
18.240000000000002,19.55489730834961,11.851807594299316,-3.4538156986236572,1.1771879196166992,1.0726501941680908,23.12548828125,21.772979736328125,-0.0,-0.0,-0.0,-0.0,off
18.26,19.611770629882812,11.844290733337402,-3.2888033390045166,1.1353100538253784,1.0789161920547485,23.145732879638672,21.899314880371094,-0.0,-0.0,-0.0,-0.0,off
18.28,19.74715232849121,11.928292274475098,-3.080150842666626,1.0765652656555176,1.0786811113357544,23.274911880493164,22.026283264160156,-0.0,-0.0,-0.0,-0.0,off
18.3,19.833208084106445,11.992406845092773,-2.889117479324341,0.9906558990478516,1.0698785781860352,23.35638999938965,22.149232864379883,-0.0,-0.0,-0.0,-0.0,off
18.32,19.95018196105957,12.130265235900879,-2.6957170963287354,0.8759775161743164,1.0504884719848633,23.503616333007812,22.27507781982422,-0.0,-0.0,-0.0,-0.0,off
18.34,20.03311538696289,12.20965576171875,-2.511596918106079,0.776860773563385,1.0231256484985352,23.59469223022461,22.39788818359375,-0.0,-0.0,-0.0,-0.0,off
18.36,20.099821090698242,12.29854965209961,-2.328936815261841,0.6956332325935364,0.9903764128684998,23.6787052154541,22.517242431640625,-0.0,-0.0,-0.0,-0.0,off
18.38,20.22715950012207,12.278841018676758,-2.1349575519561768,0.598210871219635,0.9511598348617554,23.75849151611328,22.6326904296875,-0.0,-0.0,-0.0,-0.0,off
18.400000000000002,20.318836212158203,12.234898567199707,-1.9550107717514038,0.5092917084693909,0.9069730043411255,23.79852867126465,22.74078369140625,-0.0,-0.0,-0.0,-0.0,off
18.42,20.423307418823242,12.186199188232422,-1.7890390157699585,0.438649445772171,0.8601406216621399,23.849855422973633,22.843435287475586,-0.0,-0.0,-0.0,-0.0,off
18.44,20.487382888793945,12.138457298278809,-1.6466230154037476,0.4054488241672516,0.8146713972091675,23.87019920349121,22.93830680847168,-0.0,-0.0,-0.0,-0.0,off
18.46,20.53078269958496,12.135135650634766,-1.4567521810531616,0.37490400671958923,0.7706946730613708,23.893444061279297,23.026166915893555,-0.0,-0.0,-0.0,-0.0,off
18.48,20.63762855529785,12.031579971313477,-1.3225091695785522,0.35640060901641846,0.7292652726173401,23.92529296875,23.10868263244629,-0.0,-0.0,-0.0,-0.0,off
18.5,20.781152725219727,11.937435150146484,-1.0974048376083374,0.32871055603027344,0.6892098188400269,23.990894317626953,23.189022064208984,-0.0,0.0,-0.0,-0.0,off
18.52,20.870880126953125,11.81430721282959,-0.9382985830307007,0.29907211661338806,0.6501960754394531,24.001081466674805,23.262392044067383,-0.0,0.0,-0.0,-0.0,off
18.54,20.936378479003906,11.651473045349121,-0.7108854055404663,0.28609856963157654,0.6137863397598267,23.970693588256836,23.32486915588379,-0.0,-0.0,-0.0,-0.0,off
18.56,20.975154876708984,11.451165199279785,-0.5044206380844116,0.2529881000518799,0.577706515789032,23.902734756469727,23.373897552490234,-0.0,-0.0,-0.0,-0.0,off
18.580000000000002,21.065214157104492,11.220002174377441,-0.3395589292049408,0.22321893274784088,0.5422577261924744,23.869373321533203,23.414337158203125,-0.0,-0.0,-0.0,-0.0,off
18.6,21.153867721557617,10.964606285095215,-0.1217702329158783,0.19624851644039154,0.5076568126678467,23.826950073242188,23.445627212524414,-0.0,-0.0,-0.0,-0.0,off
18.62,21.286100387573242,10.693327903747559,0.08693090081214905,0.17517204582691193,0.4744083285331726,23.821269989013672,23.47222328186035,-0.0,-0.0,-0.0,-0.0,off
18.64,21.375640869140625,10.482353210449219,0.3126322329044342,0.14247368276119232,0.44121482968330383,23.809568405151367,23.494306564331055,-0.0,-0.0,-0.0,-0.0,off
18.66,21.48317527770996,10.321950912475586,0.5332237482070923,0.11422465741634369,0.4085157811641693,23.840171813964844,23.5168514251709,-0.0,-0.0,-0.0,-0.0,off
18.68,21.605924606323242,10.145356178283691,0.7746855020523071,0.09123274683952332,0.3767874538898468,23.88188362121582,23.54067611694336,-0.0,-0.0,-0.0,-0.0,off
18.7,21.69462776184082,10.017476081848145,0.9716688394546509,0.08131609857082367,0.3472403287887573,23.91549301147461,23.56559944152832,-0.0,-0.0,-0.0,-0.0,off
18.72,21.7816104888916,9.959238052368164,1.1612039804458618,0.06838274002075195,0.3193545639514923,23.97860336303711,23.594890594482422,-0.0,-0.0,-0.0,-0.0,off
18.740000000000002,21.86704444885254,9.84329605102539,1.342431664466858,0.04496831074357033,0.2919159531593323,24.017913818359375,23.625438690185547,-0.0,-0.0,-0.0,-0.0,off
18.76,21.986677169799805,9.702139854431152,1.5194545984268188,0.014960814267396927,0.2642204165458679,24.080162048339844,23.659204483032227,-0.0,-0.0,-0.0,-0.0,off
18.78,22.065135955810547,9.596452713012695,1.6852794885635376,-0.018214967101812363,0.23597685992717743,24.12057876586914,23.694055557250977,-0.0,-0.0,-0.0,-0.0,off
18.8,22.12799072265625,9.486074447631836,1.833245873451233,-0.028248291462659836,0.20955434441566467,24.14527702331543,23.7283935546875,-0.0,-0.0,-0.0,-0.0,off
18.82,22.225194931030273,9.364577293395996,1.9918285608291626,-0.05799036845564842,0.18279986083507538,24.199626922607422,23.764978408813477,-0.0,-0.0,-0.0,-0.0,off
18.84,22.333148956298828,9.282389640808105,2.151132345199585,-0.113295778632164,0.15319029986858368,24.28084945678711,23.806432723999023,-0.0,-0.0,-0.0,-0.0,off
18.86,22.443500518798828,9.195812225341797,2.3012607097625732,-0.17861731350421906,0.12000953406095505,24.36328125,23.852388381958008,-0.0,-0.0,-0.0,-0.0,off
18.88,22.49639892578125,9.114295959472656,2.4441068172454834,-0.22454933822155,0.08555364608764648,24.395328521728516,23.897483825683594,-0.0,-0.0,-0.0,-0.0,off
18.900000000000002,22.589017868041992,9.066513061523438,2.5974347591400146,-0.26680701971054077,0.05031757801771164,24.47880744934082,23.946916580200195,-0.0,-0.0,-0.0,-0.0,off
18.92,22.71697235107422,8.991142272949219,2.785862684249878,-0.3089679777622223,0.014389019459486008,24.589887619018555,24.002565383911133,-0.0,-0.0,-0.0,-0.0,off
18.94,22.8206844329834,8.892731666564941,2.937276601791382,-0.36358726024627686,-0.02340860851109028,24.667627334594727,24.060636520385742,-0.0,-0.0,-0.0,-0.0,off
18.96,22.849214553833008,8.746159553527832,3.0422732830047607,-0.39631834626197815,-0.06069958209991455,24.65435791015625,24.111923217773438,-0.0,-0.0,-0.0,-0.0,off
18.98,22.861248016357422,8.64291000366211,3.0916783809661865,-0.3927434980869293,-0.09390397369861603,24.635238647460938,24.156993865966797,-0.0,-0.0,-0.0,-0.0,off
19.0,22.91016960144043,8.560952186584473,3.2159183025360107,-0.4019711911678314,-0.12471069395542145,24.667951583862305,24.20118522644043,-0.0,-0.0,-0.0,-0.0,off
19.02,22.965755462646484,8.450750350952148,3.4074370861053467,-0.4417324364185333,-0.15641286969184875,24.707321166992188,24.244707107543945,-0.0,-0.0,-0.0,-0.0,off
19.04,23.029924392700195,8.314657211303711,3.580660581588745,-0.48729225993156433,-0.1895008087158203,24.745344161987305,24.28748893737793,-0.0,-0.0,-0.0,-0.0,off
19.06,23.04835319519043,8.21888256072998,3.7623212337493896,-0.5379607677459717,-0.2243468016386032,24.757455825805664,24.32721710205078,-0.0,-0.0,-0.0,-0.0,off
19.080000000000002,23.042469024658203,8.153849601745605,3.8857476711273193,-0.5592803955078125,-0.2578401565551758,24.74953842163086,24.36266326904297,-0.0,0.0,-0.0,-0.0,off
19.1,23.039262771606445,8.072230339050293,4.020025730133057,-0.5745033025741577,-0.2895064651966095,24.741243362426758,24.39402198791504,-0.0,-0.0,-0.0,-0.0,off
19.12,23.070955276489258,7.994907855987549,4.172373294830322,-0.61070317029953,-0.32162612676620483,24.770875930786133,24.425350189208984,-0.0,-0.0,-0.0,-0.0,off
19.14,23.135892868041992,7.95097017288208,4.31272554397583,-0.6479663848876953,-0.3542601466178894,24.841236114501953,24.460887908935547,-0.0,-0.0,-0.0,-0.0,off
19.16,23.15224838256836,7.8994526863098145,4.435800075531006,-0.6829718947410583,-0.38713133335113525,24.861703872680664,24.495271682739258,-0.0,-0.0,-0.0,-0.0,off
19.18,23.131866455078125,7.87183141708374,4.589949131011963,-0.74617600440979,-0.42303577065467834,24.86195182800293,24.5264892578125,-0.0,-0.0,-0.0,-0.0,off
19.2,23.196674346923828,7.83997106552124,4.729678630828857,-0.8020362854003906,-0.4609358012676239,24.938337326049805,24.56245994567871,-0.0,-0.0,-0.0,-0.0,off
19.22,23.21510124206543,7.844074726104736,4.88838529586792,-0.8692960739135742,-0.5017718076705933,24.98733139038086,24.59996795654297,-0.0,-0.0,-0.0,-0.0,off
19.240000000000002,23.195222854614258,7.842832088470459,4.972017765045166,-0.8950831294059753,-0.541102945804596,24.984981536865234,24.634044647216797,-0.0,-0.0,-0.0,-0.0,off
19.26,23.24595069885254,7.838231563568115,5.070027828216553,-0.9079127907752991,-0.5777838826179504,25.050294876098633,24.671634674072266,-0.0,-0.0,-0.0,-0.0,off
19.28,23.306947708129883,7.806787967681885,5.236257076263428,-0.9536038041114807,-0.6153658628463745,25.13121795654297,24.713510513305664,-0.0,-0.0,-0.0,-0.0,off
19.3,23.375043869018555,7.792969226837158,5.402233600616455,-1.0064812898635864,-0.6544773578643799,25.225130081176758,24.760597229003906,-0.0,0.0,-0.0,-0.0,off
19.32,23.424835205078125,7.750199794769287,5.554074764251709,-1.0554072856903076,-0.6945703625679016,25.291030883789062,24.809568405151367,-0.0,0.0,-0.0,-0.0,off
19.34,23.467409133911133,7.684825420379639,5.637832164764404,-1.0689373016357422,-0.7320070266723633,25.32905387878418,24.85771369934082,-0.0,-0.0,-0.0,-0.0,off
19.36,23.44084358215332,7.640160083770752,5.745193004608154,-1.09515380859375,-0.768321692943573,25.3150634765625,24.899812698364258,-0.0,-0.0,-0.0,-0.0,off
19.38,23.41449546813965,7.5778889656066895,5.844668865203857,-1.1132643222808838,-0.8028159737586975,25.29472541809082,24.93580436706543,-0.0,-0.0,-0.0,-0.0,off
19.400000000000002,23.355186462402344,7.529677867889404,5.91045618057251,-1.1165962219238281,-0.834194004535675,25.240726470947266,24.963085174560547,-0.0,-0.0,-0.0,-0.0,off
19.42,23.35988426208496,7.458138942718506,5.96687650680542,-1.1000280380249023,-0.8607773780822754,25.237110137939453,24.98752212524414,-0.0,-0.0,-0.0,-0.0,off
19.44,23.345861434936523,7.405452251434326,6.0749664306640625,-1.1098430156707764,-0.8856839537620544,25.234403610229492,25.00929069519043,-0.0,-0.0,-0.0,-0.0,off
19.46,23.283052444458008,7.376098155975342,6.1662278175354,-1.1269831657409668,-0.9098138809204102,25.18987274169922,25.024564743041992,-0.0,-0.0,-0.0,-0.0,off
19.48,23.27290916442871,7.311848163604736,6.289135932922363,-1.1749966144561768,-0.936332106590271,25.192153930664062,25.038482666015625,-0.0,-0.0,-0.0,-0.0,off
19.5,23.231422424316406,7.241531848907471,6.365307331085205,-1.2236236333847046,-0.9650612473487854,25.152650833129883,25.047163009643555,-0.0,-0.0,-0.0,-0.0,off
19.52,23.161386489868164,7.231653690338135,6.396793365478516,-1.2365682125091553,-0.9922119379043579,25.093137741088867,25.049392700195312,-0.0,-0.0,-0.0,-0.0,off
19.54,23.139312744140625,7.278595447540283,6.458639621734619,-1.2677280902862549,-1.019763469696045,25.10218620300293,25.052608489990234,-0.0,-0.0,-0.0,-0.0,off
19.56,23.097293853759766,7.33394193649292,6.540214538574219,-1.319242238998413,-1.0497113466262817,25.100719451904297,25.055524826049805,-0.0,-0.0,-0.0,-0.0,off
19.580000000000002,23.05318832397461,7.386301517486572,6.556600093841553,-1.3501300811767578,-1.0797531604766846,25.079790115356445,25.0563907623291,-0.0,-0.0,-0.0,-0.0,off
19.6,22.99776840209961,7.4468092918396,6.622157573699951,-1.3833351135253906,-1.1101113557815552,25.064023971557617,25.05569839477539,-0.0,-0.0,-0.0,-0.0,off
19.62,22.9642391204834,7.51623010635376,6.650036811828613,-1.3919281959533691,-1.1382930278778076,25.061384201049805,25.055009841918945,-0.0,-0.0,-0.0,-0.0,off
19.64,22.980175018310547,7.613905429840088,6.778061389923096,-1.4449726343154907,-1.1689609289169312,25.139652252197266,25.06211280822754,-0.0,-0.0,-0.0,-0.0,off
19.66,22.9616641998291,7.716984272003174,6.869735240936279,-1.4950199127197266,-1.2015668153762817,25.17902183532715,25.072399139404297,-0.0,-0.0,-0.0,-0.0,off
19.68,22.951906204223633,7.7749924659729,6.943572521209717,-1.5318827629089355,-1.2345982789993286,25.208206176757812,25.084604263305664,0.0,-0.0,-0.0,0.0,off
19.7,22.911897659301758,7.806524753570557,6.950827121734619,-1.5214539766311646,-1.2632838487625122,25.183544158935547,25.09330940246582,-0.0,-0.0,-0.0,-0.0,off
19.72,22.927335739135742,7.847898006439209,7.060893535614014,-1.5468930006027222,-1.2916446924209595,25.24100685119629,25.106822967529297,-0.0,-0.0,-0.0,-0.0,off
19.740000000000002,22.934179306030273,7.88026762008667,7.146730899810791,-1.5763649940490723,-1.3201167583465576,25.281435012817383,25.123031616210938,-0.0,-0.0,-0.0,-0.0,off
19.76,22.890363693237305,7.909754276275635,7.204294681549072,-1.6077525615692139,-1.348880410194397,25.26726722717285,25.13623046875,-0.0,0.0,-0.0,-0.0,off
19.78,22.848594665527344,7.919989109039307,7.279604434967041,-1.6315233707427979,-1.377144694328308,25.254249572753906,25.146804809570312,-0.0,-0.0,-0.0,-0.0,off
19.8,22.81830596923828,7.937567234039307,7.294797420501709,-1.6259138584136963,-1.4020215272903442,25.23676300048828,25.154727935791016,-0.0,-0.0,-0.0,-0.0,off
19.82,22.80828094482422,7.949061870574951,7.422086238861084,-1.6748100519180298,-1.429300308227539,25.26841163635254,25.164899826049805,-0.0,-0.0,-0.0,-0.0,off
19.84,22.802448272705078,7.963980197906494,7.492308616638184,-1.703062653541565,-1.4566764831542969,25.28856086730957,25.17610740661621,-0.0,-0.0,-0.0,-0.0,off
19.86,22.796663284301758,7.989531993865967,7.563259601593018,-1.713876485824585,-1.4823964834213257,25.312515258789062,25.188615798950195,-0.0,-0.0,-0.0,-0.0,off
19.88,22.749258041381836,8.028867721557617,7.56730842590332,-1.6908049583435059,-1.503237247467041,25.283504486083984,25.19710922241211,-0.0,-0.0,-0.0,-0.0,off
19.900000000000002,22.77907371520996,8.021112442016602,7.63692045211792,-1.691645860671997,-1.522078037261963,25.328777313232422,25.2093448638916,-0.0,-0.0,-0.0,-0.0,off
19.92,22.770221710205078,8.011876106262207,7.725522994995117,-1.712094783782959,-1.5410796403884888,25.344758987426758,25.22193145751953,-0.0,-0.0,-0.0,-0.0,off
19.94,22.81731605529785,8.075467109680176,7.7598042488098145,-1.7120370864868164,-1.5581753253936768,25.41766357421875,25.240671157836914,-0.0,-0.0,-0.0,-0.0,off
19.96,22.842344284057617,8.096259117126465,7.788980007171631,-1.6918830871582031,-1.571545958518982,25.45565414428711,25.261445999145508,-0.0,-0.0,-0.0,-0.0,off
19.98,22.839811325073242,8.161820411682129,7.831511974334717,-1.6908771991729736,-1.5834790468215942,25.487346649169922,25.28333282470703,-0.0,-0.0,-0.0,-0.0,off
20.0,22.807920455932617,8.181609153747559,7.899737358093262,-1.6966439485549927,-1.5947954654693604,25.486188888549805,25.302881240844727,-0.0,-0.0,-0.0,-0.0,off
20.02,22.77155303955078,8.238563537597656,7.9535675048828125,-1.7001817226409912,-1.6053340435028076,25.488758087158203,25.32069969177246,-0.0,-0.0,-0.0,-0.0,off
20.04,22.752023696899414,8.241710662841797,7.941805839538574,-1.6772514581680298,-1.6125257015228271,25.46866226196289,25.334875106811523,-0.0,-0.0,-0.0,-0.0,off
20.06,22.748798370361328,8.253677368164062,8.047578811645508,-1.6903681755065918,-1.6203099489212036,25.50283432006836,25.35097312927246,-0.0,-0.0,-0.0,-0.0,off
20.080000000000002,22.76912498474121,8.246651649475098,8.083064079284668,-1.6809661388397217,-1.6263755559921265,25.529909133911133,25.368261337280273,-0.0,-0.0,-0.0,-0.0,off
20.1,22.77027130126953,8.207221984863281,8.211397171020508,-1.7051488161087036,-1.6342527866363525,25.559162139892578,25.386642456054688,-0.0,-0.0,-0.0,-0.0,off
20.12,22.76554298400879,8.123846054077148,8.226673126220703,-1.6835312843322754,-1.6391805410385132,25.533214569091797,25.400707244873047,-0.0,-0.0,-0.0,-0.0,off
20.14,22.761999130249023,8.066507339477539,8.237924575805664,-1.6492983102798462,-1.6401922702789307,25.51549530029297,25.411678314208984,-0.0,0.0,-0.0,-0.0,off
20.16,22.748653411865234,8.035416603088379,8.30851936340332,-1.631346344947815,-1.6393077373504639,25.516674041748047,25.421632766723633,-0.0,-0.0,-0.0,-0.0,off
20.18,22.755964279174805,8.01312255859375,8.349913597106934,-1.6193650960922241,-1.6373134851455688,25.529691696166992,25.431922912597656,-0.0,-0.0,-0.0,-0.0,off
20.2,22.77337074279785,7.942530155181885,8.397697448730469,-1.605804681777954,-1.6341626644134521,25.5388240814209,25.442094802856445,-0.0,-0.0,-0.0,-0.0,off
20.22,22.74077606201172,7.859481334686279,8.4649019241333,-1.5987815856933594,-1.630624532699585,25.50625228881836,25.447908401489258,-0.0,-0.0,-0.0,-0.0,off
20.240000000000002,22.740365982055664,7.774547100067139,8.51121711730957,-1.5968880653381348,-1.6272509098052979,25.495267868041992,25.452003479003906,-0.0,-0.0,-0.0,-0.0,off
20.26,22.762529373168945,7.744176387786865,8.577961921691895,-1.6013414859771729,-1.6246600151062012,25.52815055847168,25.45895767211914,-0.0,-0.0,-0.0,-0.0,off
20.28,22.74593162536621,7.70189905166626,8.677464485168457,-1.620041847229004,-1.6241981983184814,25.53419303894043,25.465715408325195,0.0,-0.0,-0.0,0.0,off
20.3,22.725872039794922,7.683382511138916,8.730542182922363,-1.6251510381698608,-1.624293327331543,25.528846740722656,25.471281051635742,-0.0,-0.0,-0.0,-0.0,off
20.32,22.689044952392578,7.656591892242432,8.79662036895752,-1.6211004257202148,-1.623974084854126,25.510717391967773,25.474451065063477,-0.0,-0.0,-0.0,-0.0,off
20.34,22.658164978027344,7.707495212554932,8.888083457946777,-1.6385610103607178,-1.6254327297210693,25.53029441833496,25.479249954223633,-0.0,0.0,-0.0,-0.0,off
20.36,22.65385627746582,7.642628192901611,9.024151802062988,-1.6599451303482056,-1.628883957862854,25.5546932220459,25.485811233520508,0.0,-0.0,-0.0,0.0,off
20.38,22.67388343811035,7.618813991546631,9.10206127166748,-1.68515944480896,-1.6345114707946777,25.592945098876953,25.495542526245117,-0.0,-0.0,-0.0,-0.0,off
20.400000000000002,22.705957412719727,7.537542819976807,9.225081443786621,-1.704576015472412,-1.6415178775787354,25.64131736755371,25.508974075317383,-0.0,-0.0,-0.0,-0.0,off
20.42,22.697465896606445,7.4728522300720215,9.271164894104004,-1.6948870420455933,-1.6468547582626343,25.631484985351562,25.520109176635742,-0.0,-0.0,-0.0,-0.0,off
20.44,22.707223892211914,7.395806789398193,9.377984046936035,-1.7071783542633057,-1.6528871059417725,25.656627655029297,25.53251075744629,-0.0,-0.0,-0.0,-0.0,off
20.46,22.753259658813477,7.309497356414795,9.52684497833252,-1.7375202178955078,-1.6613503694534302,25.72742462158203,25.550514221191406,-0.0,0.0,-0.0,-0.0,off
20.48,22.748348236083984,7.278404712677002,9.601129531860352,-1.7539674043655396,-1.670612096786499,25.74187660217285,25.568206787109375,-0.0,-0.0,-0.0,-0.0,off
20.5,22.74505043029785,7.267032146453857,9.689806938171387,-1.762990951538086,-1.6798499822616577,25.768962860107422,25.586870193481445,0.0,0.0,-0.0,0.0,off
20.52,22.74268913269043,7.241677761077881,9.765714645385742,-1.7674903869628906,-1.6886138916015625,25.788389205932617,25.605649948120117,0.0,0.0,-0.0,0.0,off
20.54,22.77031135559082,7.227707386016846,9.888988494873047,-1.7814849615097046,-1.6979010105133057,25.855731964111328,25.629234313964844,-0.0,-0.0,-0.0,-0.0,off
20.56,22.7970027923584,7.22642183303833,9.996546745300293,-1.8158754110336304,-1.7096984386444092,25.92017364501953,25.656911849975586,-0.0,0.0,-0.0,-0.0,off
20.580000000000002,22.84886932373047,7.10908842086792,10.08564281463623,-1.8089351654052734,-1.7196221351623535,25.967866897583008,25.686492919921875,-0.0,-0.0,-0.0,-0.0,off
20.6,22.87957191467285,7.039417743682861,10.138298988342285,-1.7642220258712769,-1.724082112312317,25.996408462524414,25.716033935546875,0.0,-0.0,-0.0,0.0,off
20.62,22.8730525970459,7.0004048347473145,10.1515474319458,-1.7127516269683838,-1.7229490280151367,25.985305786132812,25.741687774658203,0.0,-0.0,-0.0,0.0,off
20.64,22.899864196777344,6.857479572296143,10.209460258483887,-1.6895893812179565,-1.719612956047058,25.993497848510742,25.765459060668945,-0.0,-0.0,-0.0,-0.0,off
20.66,22.939250946044922,6.719460964202881,10.250646591186523,-1.674290657043457,-1.715080738067627,26.008386611938477,25.788246154785156,-0.0,-0.0,-0.0,-0.0,off
20.68,22.96174430847168,6.582361698150635,10.325837135314941,-1.669252634048462,-1.7104979753494263,26.02291488647461,25.81001853942871,-0.0,-0.0,-0.0,-0.0,off
20.7,22.9849796295166,6.458492755889893,10.395679473876953,-1.6473681926727295,-1.7041850090026855,26.040191650390625,25.831205368041992,-0.0,-0.0,-0.0,-0.0,off
20.72,23.0251407623291,6.324265003204346,10.459419250488281,-1.6537749767303467,-1.6991440057754517,26.068235397338867,25.852933883666992,-0.0,-0.0,-0.0,-0.0,off
20.740000000000002,23.110578536987305,6.163715839385986,10.605623245239258,-1.7048791646957397,-1.699717402458191,26.164278030395508,25.881681442260742,-0.0,-0.0,-0.0,-0.0,off
20.76,23.1899356842041,5.9823222160339355,10.656147003173828,-1.7114386558532715,-1.7008894681930542,26.212873458862305,25.912160873413086,-0.0,-0.0,-0.0,-0.0,off
20.78,23.22962760925293,5.832397937774658,10.727302551269531,-1.692380428314209,-1.7000385522842407,26.243236541748047,25.94245719909668,-0.0,-0.0,-0.0,-0.0,off
20.8,23.213226318359375,5.683517932891846,10.819074630737305,-1.6663557291030884,-1.6966702938079834,26.23373031616211,25.968570709228516,-0.0,-0.0,-0.0,-0.0,off
20.82,23.240877151489258,5.620686054229736,10.834010124206543,-1.6570943593978882,-1.6927125453948975,26.25083351135254,25.994096755981445,-0.0,-0.0,-0.0,-0.0,off
20.84,23.288175582885742,5.508154392242432,10.907137870788574,-1.6659798622131348,-1.6900391578674316,26.299135208129883,26.02187156677246,-0.0,-0.0,-0.0,-0.0,off
20.86,23.34538459777832,5.349808216094971,10.976534843444824,-1.674060583114624,-1.688441276550293,26.345998764038086,26.051349639892578,-0.0,-0.0,-0.0,-0.0,off
20.88,23.38570213317871,5.232880115509033,11.040204048156738,-1.6639509201049805,-1.6859921216964722,26.38484764099121,26.08176040649414,-0.0,-0.0,-0.0,-0.0,off
20.900000000000002,23.4507999420166,5.1241888999938965,11.086255073547363,-1.6741583347320557,-1.6848087310791016,26.44054412841797,26.11475944519043,-0.0,-0.0,-0.0,-0.0,off
20.92,23.4937801361084,5.0063300132751465,11.159926414489746,-1.720844030380249,-1.6884123086929321,26.487071990966797,26.149080276489258,-0.0,-0.0,-0.0,-0.0,off
20.94,23.5396671295166,4.888493061065674,11.219976425170898,-1.7452609539031982,-1.6940971612930298,26.53113555908203,26.184370040893555,-0.0,-0.0,-0.0,-0.0,off
20.96,23.551359176635742,4.760177135467529,11.26362133026123,-1.7271857261657715,-1.6974059343338013,26.536672592163086,26.216672897338867,-0.0,-0.0,-0.0,-0.0,off
20.98,23.590293884277344,4.696694850921631,11.278918266296387,-1.7070302963256836,-1.6983683109283447,26.566423416137695,26.249013900756836,-0.0,0.0,-0.0,-0.0,off
21.0,23.630643844604492,4.6076741218566895,11.351832389831543,-1.7145614624023438,-1.699987530708313,26.61770248413086,26.283313751220703,0.0,-0.0,-0.0,0.0,off
21.02,23.65538787841797,4.559047222137451,11.380561828613281,-1.7240365743637085,-1.7023924589157104,26.643564224243164,26.317047119140625,0.0,-0.0,-0.0,0.0,off
21.04,23.69404411315918,4.523979663848877,11.397582054138184,-1.716413974761963,-1.7037944793701172,26.67918586730957,26.35126495361328,0.0,-0.0,-0.0,0.0,off
21.06,23.665014266967773,4.49459981918335,11.414191246032715,-1.7055543661117554,-1.7039704322814941,26.65554428100586,26.37997055053711,-0.0,-0.0,-0.0,-0.0,off
21.080000000000002,23.682096481323242,4.451681613922119,11.423905372619629,-1.6989481449127197,-1.7034682035446167,26.66767120361328,26.40721321105957,-0.0,-0.0,-0.0,-0.0,off
21.1,23.682132720947266,4.445522785186768,11.429120063781738,-1.7217562198638916,-1.7052969932556152,26.66891098022461,26.4321231842041,-0.0,-0.0,-0.0,-0.0,off
21.12,23.702425003051758,4.409666538238525,11.415316581726074,-1.730121374130249,-1.7077794075012207,26.675073623657227,26.455322265625,-0.0,-0.0,-0.0,-0.0,off
21.14,23.72218132019043,4.378259181976318,11.412352561950684,-1.7122323513031006,-1.7082246541976929,26.68619155883789,26.477449417114258,-0.0,-0.0,-0.0,-0.0,off
21.16,23.72123146057129,4.316512584686279,11.386517524719238,-1.6854796409606934,-1.705950140953064,26.664243698120117,26.49523162841797,-0.0,-0.0,-0.0,-0.0,off
21.18,23.730146408081055,4.325046062469482,11.42635440826416,-1.7063864469528198,-1.7059937715530396,26.690587997436523,26.51403045654297,-0.0,-0.0,-0.0,-0.0,off
21.2,23.7613582611084,4.297852993011475,11.411735534667969,-1.7218236923217773,-1.7075766324996948,26.70770263671875,26.532752990722656,0.0,-0.0,-0.0,0.0,off
21.22,23.764678955078125,4.265418529510498,11.371851921081543,-1.712148904800415,-1.7080339193344116,26.688438415527344,26.547758102416992,0.0,-0.0,-0.0,0.0,off
21.240000000000002,23.766864776611328,4.2412543296813965,11.347453117370605,-1.680133581161499,-1.7052438259124756,26.6761474609375,26.560104370117188,-0.0,-0.0,-0.0,-0.0,off
21.26,23.780466079711914,4.229806423187256,11.360892295837402,-1.6742773056030273,-1.702147126197815,26.69216537475586,26.572887420654297,-0.0,-0.0,-0.0,-0.0,off
21.28,23.79950523376465,4.214903354644775,11.34315013885498,-1.692068099975586,-1.701139211654663,26.699230194091797,26.585155487060547,-0.0,-0.0,-0.0,-0.0,off
21.3,23.843393325805664,4.162376880645752,11.32266902923584,-1.7010116577148438,-1.7011264562606812,26.721445083618164,26.59840202331543,-0.0,-0.0,-0.0,-0.0,off
21.32,23.872793197631836,4.082579135894775,11.290834426879883,-1.6962831020355225,-1.7006419897079468,26.721914291381836,26.610313415527344,-0.0,-0.0,-0.0,-0.0,off
21.34,23.877710342407227,4.034424304962158,11.277695655822754,-1.6775684356689453,-1.6983345746994019,26.713443756103516,26.620189666748047,-0.0,0.0,-0.0,-0.0,off
21.36,23.87718391418457,3.9762444496154785,11.274474143981934,-1.6731783151626587,-1.6958189010620117,26.70288848876953,26.62801170349121,-0.0,-0.0,-0.0,-0.0,off
21.38,23.876794815063477,3.8851962089538574,11.2593355178833,-1.6793560981750488,-1.6941726207733154,26.682741165161133,26.632966995239258,-0.0,-0.0,-0.0,-0.0,off
21.400000000000002,23.888967514038086,3.768859386444092,11.234904289245605,-1.6777414083480835,-1.6925294399261475,26.66664695739746,26.635696411132812,-0.0,-0.0,-0.0,-0.0,off
21.42,23.90618133544922,3.6715645790100098,11.224016189575195,-1.6715888977050781,-1.6904352903366089,26.663915634155273,26.637798309326172,-0.0,-0.0,-0.0,-0.0,off
21.44,23.9516544342041,3.5589871406555176,11.215291976928711,-1.6692702770233154,-1.6883187294006348,26.685781478881836,26.64175033569336,-0.0,-0.0,-0.0,-0.0,off
21.46,23.9676456451416,3.508415699005127,11.198452949523926,-1.6876304149627686,-1.6882498264312744,26.686370849609375,26.64540672302246,-0.0,-0.0,-0.0,-0.0,off
21.48,24.00872230529785,3.4205880165100098,11.200674057006836,-1.7026973962783813,-1.6896945238113403,26.712810516357422,26.651283264160156,-0.0,-0.0,-0.0,-0.0,off
21.5,24.034875869750977,3.3302931785583496,11.142109870910645,-1.6723294258117676,-1.687958002090454,26.70042610168457,26.655263900756836,-0.0,-0.0,-0.0,-0.0,off
21.52,24.04144287109375,3.2780165672302246,11.082318305969238,-1.653001070022583,-1.684462308883667,26.674972534179688,26.656328201293945,-0.0,0.0,-0.0,-0.0,off
21.54,24.06825828552246,3.168830394744873,11.093133926391602,-1.6669058799743652,-1.682706594467163,26.69045066833496,26.658748626708984,-0.0,-0.0,-0.0,-0.0,off
21.56,24.10581398010254,3.101065158843994,11.028810501098633,-1.6695575714111328,-1.6813915967941284,26.689727783203125,26.66082763671875,-0.0,-0.0,-0.0,-0.0,off
21.580000000000002,24.13683319091797,3.053684711456299,10.983439445495605,-1.6661760807037354,-1.6798700094223022,26.693588256835938,26.663118362426758,-0.0,0.0,-0.0,-0.0,off
21.6,24.17231559753418,2.9618287086486816,10.93484115600586,-1.6505675315856934,-1.6769397258758545,26.69539451599121,26.665279388427734,-0.0,0.0,-0.0,-0.0,off
21.62,24.18534278869629,2.874189853668213,10.88120174407959,-1.632544994354248,-1.6725002527236938,26.675687789916992,26.665197372436523,-0.0,-0.0,-0.0,-0.0,off
21.64,24.200363159179688,2.783719539642334,10.84610652923584,-1.620661973953247,-1.6673164367675781,26.665422439575195,26.664052963256836,-0.0,-0.0,-0.0,-0.0,off
21.66,24.216886520385742,2.6968674659729004,10.884939193725586,-1.6465266942977905,-1.6652374267578125,26.68731117248535,26.665239334106445,-0.0,-0.0,-0.0,-0.0,off
21.68,24.21686363220215,2.6195149421691895,10.823843955993652,-1.6546192169189453,-1.6641755104064941,26.65471649169922,26.663028717041016,-0.0,-0.0,-0.0,-0.0,off
21.7,24.22515296936035,2.5500779151916504,10.771093368530273,-1.636234998703003,-1.6613813638687134,26.634140014648438,26.658985137939453,-0.0,-0.0,-0.0,-0.0,off
21.72,24.245851516723633,2.47202730178833,10.788779258728027,-1.6452372074127197,-1.6597669124603271,26.652767181396484,26.657238006591797,-0.0,-0.0,-0.0,-0.0,off
21.740000000000002,24.281612396240234,2.373359203338623,10.768782615661621,-1.6544897556304932,-1.6592391729354858,26.66826057434082,26.657148361206055,0.0,0.0,-0.0,0.0,off
21.76,24.289836883544922,2.2871298789978027,10.712154388427734,-1.6539057493209839,-1.6587058305740356,26.645401000976562,26.654739379882812,-0.0,-0.0,-0.0,-0.0,off
21.78,24.309953689575195,2.2230944633483887,10.672179222106934,-1.6483807563781738,-1.6576732397079468,26.64228630065918,26.652286529541016,-0.0,-0.0,-0.0,-0.0,off
21.8,24.315364837646484,2.133422374725342,10.658164024353027,-1.6567237377166748,-1.6575783491134644,26.634281158447266,26.649267196655273,-0.0,-0.0,-0.0,-0.0,off
21.82,24.33074188232422,2.0460314750671387,10.641241073608398,-1.679449439048767,-1.659765362739563,26.63469886779785,26.64657974243164,-0.0,-0.0,-0.0,-0.0,off
21.84,24.346803665161133,1.9504340887069702,10.616138458251953,-1.682509422302246,-1.6620397567749023,26.63218879699707,26.64386558532715,-0.0,-0.0,-0.0,-0.0,off
21.86,24.341379165649414,1.8567060232162476,10.577580451965332,-1.677520990371704,-1.6635879278182983,26.605175018310547,26.638689041137695,0.0,0.0,-0.0,0.0,off
21.88,24.352006912231445,1.7674401998519897,10.52566146850586,-1.650895595550537,-1.6623187065124512,26.588224411010742,26.632299423217773,-0.0,-0.0,-0.0,-0.0,off
21.900000000000002,24.354578018188477,1.701062560081482,10.521218299865723,-1.6658978462219238,-1.6626765727996826,26.584489822387695,26.62624740600586,-0.0,-0.0,-0.0,-0.0,off
21.92,24.372468948364258,1.57038152217865,10.502431869506836,-1.6727080345153809,-1.663679599761963,26.585416793823242,26.620758056640625,-0.0,-0.0,-0.0,-0.0,off
21.94,24.371923446655273,1.4651378393173218,10.464507102966309,-1.6703546047210693,-1.6643470525741577,26.563945770263672,26.61361312866211,-0.0,-0.0,-0.0,-0.0,off
21.96,24.355119705200195,1.3457568883895874,10.43637752532959,-1.6673916578292847,-1.6646513938903809,26.531131744384766,26.603822708129883,-0.0,-0.0,-0.0,-0.0,off
21.98,24.33589744567871,1.2296327352523804,10.399975776672363,-1.6628494262695312,-1.66447114944458,26.4935359954834,26.5911808013916,-0.0,-0.0,-0.0,-0.0,off
22.0,24.3178653717041,1.0878995656967163,10.39414119720459,-1.6722006797790527,-1.6652441024780273,26.468477249145508,26.577171325683594,-0.0,-0.0,-0.0,-0.0,off
22.02,24.231630325317383,0.8486379384994507,10.415810585021973,-1.6813395023345947,-1.666853666305542,26.389036178588867,26.556182861328125,-0.0,-0.0,-0.0,-0.0,off
22.04,24.142017364501953,0.5865997076034546,10.412195205688477,-1.6471792459487915,-1.6648861169815063,26.298192977905273,26.527639389038086,-0.0,-0.0,-0.0,-0.0,off
22.06,24.027902603149414,0.3979419469833374,10.437155723571777,-1.6063967943191528,-1.6590371131896973,26.199859619140625,26.491872787475586,-0.0,-0.0,-0.0,-0.0,off
22.080000000000002,23.938833236694336,0.25297868251800537,10.437804222106934,-1.5860424041748047,-1.6517375707626343,26.11665153503418,26.451309204101562,-0.0,-0.0,-0.0,-0.0,off
22.1,23.856487274169922,0.1365884691476822,10.44196605682373,-1.5708577632904053,-1.6436495780944824,26.041990280151367,26.407411575317383,-0.0,-0.0,-0.0,-0.0,off
22.12,23.828580856323242,0.059686079621315,10.449969291687012,-1.5289329290390015,-1.6321778297424316,26.019351959228516,26.365875244140625,-0.0,-0.0,-0.0,-0.0,off
22.14,23.825716018676758,-0.021972283720970154,10.463911056518555,-1.4663126468658447,-1.615591287612915,26.02227210998535,26.328960418701172,-0.0,-0.0,-0.0,-0.0,off
22.16,23.794918060302734,-0.23381005227565765,10.465110778808594,-1.408216118812561,-1.5948536396026611,25.995603561401367,26.29266929626465,-0.0,-0.0,-0.0,-0.0,off
22.18,23.809904098510742,-0.4172579050064087,10.410249710083008,-1.4017300605773926,-1.5755411386489868,25.989593505859375,26.259164810180664,-0.0,-0.0,-0.0,-0.0,off
22.2,23.83201026916504,-0.733798623085022,10.38823413848877,-1.3911230564117432,-1.5570993423461914,26.00804901123047,26.229936599731445,-0.0,-0.0,-0.0,-0.0,off
22.22,23.860214233398438,-0.9274507761001587,10.330672264099121,-1.390493631362915,-1.5404387712478638,26.017162322998047,26.20431137084961,-0.0,-0.0,-0.0,-0.0,off
22.240000000000002,23.899202346801758,-0.9724746942520142,10.278170585632324,-1.3919910192489624,-1.5255939960479736,26.03379249572754,26.183481216430664,-0.0,-0.0,-0.0,-0.0,off
22.26,23.968534469604492,-0.9772936105728149,10.250093460083008,-1.3695592880249023,-1.5099905729293823,26.086589813232422,26.170682907104492,0.0,0.0,-0.0,0.0,off
22.28,24.019765853881836,-0.9495559930801392,10.223937034606934,-1.354813814163208,-1.494472861289978,26.122398376464844,26.16341781616211,-0.0,-0.0,-0.0,-0.0,off
22.3,24.019746780395508,-0.9496666193008423,10.168818473815918,-1.3052406311035156,-1.475549578666687,26.100862503051758,26.155149459838867,-0.0,-0.0,-0.0,-0.0,off
22.32,23.978689193725586,-0.9904695749282837,10.12151050567627,-1.2644814252853394,-1.4544427394866943,26.046180725097656,26.1424617767334,-0.0,-0.0,-0.0,-0.0,off
22.34,23.89019203186035,-1.1191173791885376,10.06120777130127,-1.2122695446014404,-1.4302253723144531,25.946514129638672,26.12096405029297,-0.0,-0.0,-0.0,-0.0,off
22.36,23.8177490234375,-1.7156015634536743,9.96949291229248,-1.1589550971984863,-1.4030983448028564,25.87700080871582,26.092437744140625,-0.0,0.0,-0.0,-0.0,off
22.38,23.773618698120117,-2.3922600746154785,9.899399757385254,-1.120582938194275,-1.3748468160629272,25.863216400146484,26.06208610534668,0.0,0.0,-0.0,0.0,off
22.400000000000002,23.802892684936523,-3.0360922813415527,9.892877578735352,-1.0511672496795654,-1.34247887134552,25.955049514770508,26.040517807006836,0.0,0.0,-0.0,0.0,off
22.42,23.909631729125977,-3.379281520843506,9.881718635559082,-0.9947150349617004,-1.3077024221420288,26.09096336364746,26.03391456604004,-0.0,-0.0,-0.0,-0.0,off
22.44,24.016813278198242,-3.4604992866516113,9.840459823608398,-0.9721326231956482,-1.2741453647613525,26.184289932250977,26.038835525512695,-0.0,-0.0,-0.0,-0.0,off
22.46,24.088937759399414,-3.1410698890686035,9.722029685974121,-0.9747732877731323,-1.2442080974578857,26.16602897644043,26.045381546020508,-0.0,-0.0,-0.0,-0.0,off
22.48,24.141380310058594,-2.680060863494873,9.627636909484863,-0.9809727072715759,-1.2178845405578613,26.12815284729004,26.050748825073242,-0.0,-0.0,-0.0,-0.0,off
22.5,24.164894104003906,-2.4058566093444824,9.538484573364258,-0.9756774306297302,-1.1936638355255127,26.09047508239746,26.05307960510254,-0.0,-0.0,-0.0,-0.0,off
22.52,24.160917282104492,-2.3010573387145996,9.427002906799316,-0.9920845031738281,-1.1735059022903442,26.036766052246094,26.050159454345703,-0.0,-0.0,-0.0,-0.0,off
22.54,24.115156173706055,-2.3890128135681152,9.284239768981934,-0.9928736686706543,-1.155442714691162,25.950822830200195,26.038742065429688,-0.0,-0.0,-0.0,-0.0,off
22.56,24.084012985229492,-2.6297736167907715,9.176751136779785,-0.9674290418624878,-1.136641263961792,25.90691375732422,26.023555755615234,-0.0,-0.0,-0.0,-0.0,off
22.580000000000002,24.104890823364258,-2.857459545135498,9.085554122924805,-0.9298286437988281,-1.1159600019454956,25.918296813964844,26.010509490966797,0.0,-0.0,-0.0,0.0,off
22.6,24.1538028717041,-3.248788356781006,9.039676666259766,-0.8609671592712402,-1.0904607772827148,25.9937801361084,26.005218505859375,0.0,-0.0,-0.0,0.0,off
22.62,24.208877563476562,-3.5000481605529785,8.975960731506348,-0.8308291435241699,-1.0644975900650024,26.055479049682617,26.006052017211914,-0.0,-0.0,-0.0,-0.0,off
22.64,24.246906280517578,-3.675706386566162,8.912659645080566,-0.8210849761962891,-1.040156364440918,26.093271255493164,26.010408401489258,-0.0,0.0,-0.0,-0.0,off
22.66,24.3133602142334,-3.7687296867370605,8.807913780212402,-0.8225297927856445,-1.0183937549591064,26.13277816772461,26.01841163635254,-0.0,-0.0,-0.0,-0.0,off
22.68,24.327327728271484,-3.7844443321228027,8.659459114074707,-0.811396598815918,-0.9976940155029297,26.098411560058594,26.02252197265625,-0.0,-0.0,-0.0,-0.0,off
22.7,24.327539443969727,-3.768235683441162,8.528279304504395,-0.8065351843833923,-0.9785780906677246,26.053028106689453,26.02212142944336,-0.0,-0.0,-0.0,-0.0,off
22.72,24.34731674194336,-3.7981314659118652,8.428370475769043,-0.7934926152229309,-0.9600695371627808,26.043331146240234,26.021045684814453,-0.0,-0.0,-0.0,-0.0,off
22.740000000000002,24.355329513549805,-3.721951961517334,8.289443969726562,-0.7776311635971069,-0.9418256878852844,25.995189666748047,26.015689849853516,-0.0,-0.0,-0.0,-0.0,off
22.76,24.36833953857422,-3.7754101753234863,8.184308052062988,-0.7586114406585693,-0.9235042333602905,25.981775283813477,26.00958251953125,0.0,-0.0,-0.0,0.0,off
22.78,24.398895263671875,-3.7886624336242676,8.06129264831543,-0.7523105144500732,-0.9063848853111267,25.973918914794922,26.00337791442871,-0.0,-0.0,-0.0,-0.0,off
22.8,24.397390365600586,-3.849274158477783,7.937463283538818,-0.7368512749671936,-0.8894314765930176,25.94326400756836,25.99468994140625,-0.0,-0.0,-0.0,-0.0,off
22.82,24.3919620513916,-3.895634174346924,7.814929485321045,-0.7418966293334961,-0.8746779561042786,25.907854080200195,25.98333168029785,-0.0,0.0,-0.0,-0.0,off
22.84,24.405683517456055,-3.980412006378174,7.69659423828125,-0.7278940677642822,-0.8599995970726013,25.898235321044922,25.972055435180664,-0.0,0.0,-0.0,-0.0,off
22.86,24.398303985595703,-4.12624979019165,7.591811180114746,-0.7103541493415833,-0.8450350761413574,25.883174896240234,25.9602108001709,-0.0,-0.0,-0.0,-0.0,off
22.88,24.436548233032227,-4.266612529754639,7.481359004974365,-0.7291701436042786,-0.8334485292434692,25.909835815429688,25.951993942260742,-0.0,-0.0,-0.0,-0.0,off
22.900000000000002,24.461389541625977,-4.420577526092529,7.351844787597656,-0.7432558536529541,-0.8244292140007019,25.922012329101562,25.945499420166016,-0.0,-0.0,-0.0,-0.0,off
22.92,24.50687026977539,-4.607649326324463,7.234289646148682,-0.7458420991897583,-0.8165704607963562,25.96443748474121,25.94352149963379,-0.0,-0.0,-0.0,-0.0,off
22.94,24.517244338989258,-4.748401165008545,7.099785804748535,-0.7386378049850464,-0.8087772130966187,25.962465286254883,25.941307067871094,-0.0,-0.0,-0.0,-0.0,off
22.96,24.52686882019043,-4.8785834312438965,6.999975204467773,-0.7357710003852844,-0.8014765977859497,25.96858787536621,25.939878463745117,-0.0,-0.0,-0.0,-0.0,off
22.98,24.555402755737305,-5.032203197479248,6.889090538024902,-0.7575505971908569,-0.7970839738845825,25.995201110839844,25.941076278686523,-0.0,-0.0,-0.0,-0.0,off
23.0,24.571958541870117,-5.1535515785217285,6.773097515106201,-0.7706617712974548,-0.7944417595863342,26.004135131835938,25.9429874420166,-0.0,-0.0,-0.0,-0.0,off
23.02,24.568944931030273,-5.292596340179443,6.665145397186279,-0.7595298290252686,-0.79095059633255,26.001323699951172,25.944347381591797,-0.0,-0.0,-0.0,-0.0,off
23.04,24.57936668395996,-5.429138660430908,6.5550665855407715,-0.7304633855819702,-0.7849018573760986,26.01133918762207,25.946495056152344,-0.0,-0.0,-0.0,-0.0,off
23.06,24.570785522460938,-5.554927349090576,6.422861099243164,-0.7231706380844116,-0.778728723526001,25.99680519104004,25.946866989135742,-0.0,-0.0,-0.0,-0.0,off
23.080000000000002,24.57795524597168,-5.67059850692749,6.2749342918396,-0.7346524596214294,-0.7743210792541504,25.992429733276367,25.946636199951172,-0.0,-0.0,-0.0,-0.0,off
23.1,24.568878173828125,-5.7949442863464355,6.062984943389893,-0.7146111726760864,-0.7683500647544861,25.96095085144043,25.942861557006836,-0.0,-0.0,-0.0,-0.0,off
23.12,24.564910888671875,-5.917452335357666,5.87125301361084,-0.6936053037643433,-0.7608755826950073,25.940753936767578,25.937135696411133,-0.0,-0.0,-0.0,-0.0,off
23.14,24.57354736328125,-6.062230587005615,5.721041202545166,-0.6873601675033569,-0.7535240054130554,25.94879913330078,25.932600021362305,-0.0,-0.0,-0.0,-0.0,off
23.16,24.56389617919922,-6.205724239349365,5.6146016120910645,-0.6848173141479492,-0.7466533184051514,25.950332641601562,25.9287052154541,-0.0,-0.0,-0.0,-0.0,off
23.18,24.567747116088867,-6.426743030548096,5.501213550567627,-0.6664079427719116,-0.7386287450790405,25.983469009399414,25.92816734313965,-0.0,-0.0,-0.0,-0.0,off
23.2,24.569393157958984,-6.608372211456299,5.3685712814331055,-0.6447929739952087,-0.729245126247406,26.002830505371094,25.929384231567383,-0.0,-0.0,-0.0,-0.0,off
23.22,24.571569442749023,-6.747315883636475,5.232662677764893,-0.6209021806716919,-0.7184107899665833,26.012863159179688,25.93145751953125,-0.0,-0.0,-0.0,-0.0,off
23.240000000000002,24.568750381469727,-6.887415409088135,5.119853496551514,-0.6160134077072144,-0.708171010017395,26.02446746826172,25.934560775756836,-0.0,0.0,-0.0,-0.0,off
23.26,24.556615829467773,-7.052770137786865,5.038548469543457,-0.6326461434364319,-0.7006185054779053,26.041427612304688,25.93913459777832,-0.0,-0.0,-0.0,-0.0,off
23.28,24.54231834411621,-7.180786609649658,4.844094753265381,-0.6097704768180847,-0.6915336847305298,26.026031494140625,25.94145965576172,-0.0,0.0,-0.0,-0.0,off
23.3,24.533618927001953,-7.3582282066345215,4.682435035705566,-0.5843143463134766,-0.6808117628097534,26.03780174255371,25.944408416748047,-0.0,0.0,-0.0,-0.0,off
23.32,24.49642562866211,-7.49368143081665,4.51307487487793,-0.5589529275894165,-0.6686258316040039,26.011497497558594,25.944297790527344,0.0,-0.0,-0.0,0.0,off
23.34,24.50090789794922,-7.698570728302002,4.375784397125244,-0.5514861941337585,-0.6569118499755859,26.05206298828125,25.947954177856445,-0.0,-0.0,-0.0,-0.0,off
23.36,24.47541618347168,-7.864683628082275,4.273472785949707,-0.556181788444519,-0.6468388438224792,26.060733795166016,25.952192306518555,-0.0,-0.0,-0.0,-0.0,off
23.38,24.478551864624023,-8.047674179077148,4.092562198638916,-0.5323948860168457,-0.6353943943977356,26.09048843383789,25.95860481262207,-0.0,-0.0,-0.0,-0.0,off
23.400000000000002,24.470434188842773,-8.189754486083984,3.9997990131378174,-0.5229282379150391,-0.6241477727890015,26.112689971923828,25.96688461303711,-0.0,-0.0,-0.0,-0.0,off
23.42,24.447649002075195,-8.347620010375977,3.92443585395813,-0.5166112184524536,-0.6133941411972046,26.129898071289062,25.976303100585938,-0.0,-0.0,-0.0,-0.0,off
23.44,24.42634391784668,-8.558876991271973,3.859537363052368,-0.5246148109436035,-0.6045162081718445,26.168621063232422,25.988630294799805,-0.0,-0.0,-0.0,-0.0,off
23.46,24.412290573120117,-8.763100624084473,3.7189910411834717,-0.5101876854896545,-0.5950833559036255,26.20272445678711,26.00282096862793,-0.0,-0.0,-0.0,-0.0,off
23.48,24.39249610900879,-8.928872108459473,3.6073195934295654,-0.48822450637817383,-0.5843974947929382,26.224632263183594,26.0178279876709,-0.0,0.0,-0.0,-0.0,off
23.5,24.333288192749023,-9.101212501525879,3.518601655960083,-0.4744738042354584,-0.5734050869941711,26.21681785583496,26.03061294555664,-0.0,0.0,-0.0,-0.0,off
23.52,24.29329490661621,-9.325759887695312,3.5105483531951904,-0.47054508328437805,-0.563119113445282,26.257532119750977,26.04629135131836,-0.0,-0.0,-0.0,-0.0,off
23.54,24.24876594543457,-9.534001350402832,3.568135976791382,-0.4715731739997864,-0.5539644956588745,26.298885345458984,26.06489372253418,-0.0,-0.0,-0.0,-0.0,off
23.56,24.169185638427734,-9.73060417175293,3.583116292953491,-0.4685797393321991,-0.5454260110855103,26.29967498779297,26.081838607788086,-0.0,-0.0,-0.0,-0.0,off
23.580000000000002,24.107669830322266,-9.887131690979004,3.610182523727417,-0.4619128406047821,-0.5370746850967407,26.305295944213867,26.09801483154297,-0.0,-0.0,-0.0,-0.0,off
23.6,24.055021286010742,-10.131492614746094,3.658795118331909,-0.4747556149959564,-0.5308427810668945,26.35674476623535,26.117563247680664,-0.0,-0.0,-0.0,-0.0,off
23.62,24.0615291595459,-10.300464630126953,3.689776659011841,-0.49188920855522156,-0.5269474387168884,26.432390213012695,26.14306640625,-0.0,-0.0,-0.0,-0.0,off
23.64,24.020986557006836,-10.45962142944336,3.727076292037964,-0.5240722298622131,-0.5266599059104919,26.463232040405273,26.16936492919922,-0.0,-0.0,-0.0,-0.0,off
23.66,23.9644718170166,-10.577549934387207,3.719869375228882,-0.5335744023323059,-0.5273513197898865,26.45785140991211,26.192846298217773,-0.0,-0.0,-0.0,-0.0,off
23.68,23.875459671020508,-10.586006164550781,3.752092123031616,-0.546789288520813,-0.5292950868606567,26.385210037231445,26.207576751708984,0.0,-0.0,-0.0,0.0,off
23.7,23.82011604309082,-10.665813446044922,3.765415906906128,-0.535629153251648,-0.5299285054206848,26.36922264099121,26.219633102416992,0.0,-0.0,-0.0,0.0,off
23.72,23.80046272277832,-10.685970306396484,3.7796857357025146,-0.5475140810012817,-0.5316870808601379,26.361677169799805,26.230403900146484,-0.0,-0.0,-0.0,-0.0,off
23.740000000000002,23.756284713745117,-10.721412658691406,3.7481372356414795,-0.5414434671401978,-0.5326626896858215,26.331697463989258,26.237512588500977,-0.0,-0.0,-0.0,-0.0,off
23.76,23.6909122467041,-10.696353912353516,3.7041776180267334,-0.5336644649505615,-0.5327628254890442,26.25628089904785,26.236907958984375,-0.0,-0.0,-0.0,-0.0,off
23.78,23.690109252929688,-10.698578834533691,3.671095609664917,-0.5445998907089233,-0.5339465141296387,26.251813888549805,26.236352920532227,-0.0,0.0,-0.0,-0.0,off
23.8,23.667200088500977,-10.705584526062012,3.6322782039642334,-0.5451412200927734,-0.5350659489631653,26.22859764099121,26.233837127685547,-0.0,0.0,-0.0,-0.0,off
23.82,23.691396713256836,-10.858911514282227,3.559555768966675,-0.5241792798042297,-0.5339772701263428,26.30339813232422,26.23887825012207,-0.0,-0.0,-0.0,-0.0,off
23.84,23.642107009887695,-10.880270004272461,3.483630895614624,-0.520630419254303,-0.5326425433158875,26.257667541503906,26.239004135131836,-0.0,-0.0,-0.0,-0.0,off
23.86,23.629562377929688,-11.05759048461914,3.40397047996521,-0.507706880569458,-0.530148983001709,26.30994987487793,26.244033813476562,-0.0,-0.0,-0.0,-0.0,off
23.88,23.65427017211914,-11.111591339111328,3.330864667892456,-0.5241667032241821,-0.5295507311820984,26.345523834228516,26.252273559570312,-0.0,-0.0,-0.0,-0.0,off
23.900000000000002,23.682025909423828,-11.20971393585205,3.2351911067962646,-0.524982750415802,-0.5290939211845398,26.400047302246094,26.26510238647461,-0.0,-0.0,-0.0,-0.0,off
23.92,23.671873092651367,-11.263944625854492,3.123504400253296,-0.5325465202331543,-0.5294391512870789,26.400575637817383,26.276716232299805,-0.0,-0.0,-0.0,-0.0,off
23.94,23.642335891723633,-11.32018756866455,3.0121943950653076,-0.53636234998703,-0.530131459236145,26.385223388671875,26.285606384277344,-0.0,-0.0,-0.0,-0.0,off
23.96,23.622608184814453,-11.430459022521973,2.9314610958099365,-0.5486090183258057,-0.5319792032241821,26.40599250793457,26.295576095581055,-0.0,0.0,-0.0,-0.0,off
23.98,23.66536521911621,-11.5385160446167,2.8333327770233154,-0.5649334192276001,-0.5352746248245239,26.480457305908203,26.311927795410156,-0.0,-0.0,-0.0,-0.0,off
24.0,23.66115951538086,-11.687605857849121,2.7204625606536865,-0.5790345668792725,-0.5396506190299988,26.53019905090332,26.331350326538086,-0.0,-0.0,-0.0,-0.0,off
24.02,23.69040870666504,-11.819995880126953,2.6189115047454834,-0.5872944593429565,-0.5444149971008301,26.604631423950195,26.356142044067383,-0.0,-0.0,-0.0,-0.0,off
24.04,23.749536514282227,-11.903585433959961,2.5176808834075928,-0.5993688702583313,-0.5499103665351868,26.684724807739258,26.386520385742188,-0.0,-0.0,-0.0,-0.0,off
24.060000000000002,23.80808448791504,-12.006397247314453,2.4246633052825928,-0.6051506996154785,-0.5554344058036804,26.774194717407227,26.42282485961914,-0.0,-0.0,-0.0,-0.0,off
24.080000000000002,23.86419105529785,-12.05671501159668,2.327244520187378,-0.6150851249694824,-0.5613994598388672,26.83803367614746,26.46201515197754,-0.0,-0.0,-0.0,-0.0,off
24.1,23.919538497924805,-12.141251564025879,2.213066816329956,-0.6171443462371826,-0.5669739246368408,26.915645599365234,26.50503158569336,-0.0,-0.0,-0.0,-0.0,off
24.12,23.992706298828125,-12.143198013305664,2.097151517868042,-0.608584463596344,-0.5711349248886108,26.972305297851562,26.549579620361328,-0.0,-0.0,-0.0,-0.0,off
24.14,24.032705307006836,-12.155900955200195,2.014599561691284,-0.6128624081611633,-0.5753076076507568,27.007322311401367,26.593358993530273,-0.0,-0.0,-0.0,-0.0,off
24.16,24.062808990478516,-12.135209083557129,1.8915983438491821,-0.6142038106918335,-0.5791972279548645,27.015926361083984,26.633691787719727,-0.0,-0.0,-0.0,-0.0,off
24.18,24.069746017456055,-12.129508018493652,1.7868314981460571,-0.6096779108047485,-0.5822452902793884,27.012413024902344,26.669708251953125,0.0,-0.0,-0.0,0.0,off
24.2,24.114227294921875,-12.108620643615723,1.6851106882095337,-0.5953762531280518,-0.5835583806037903,27.03616714477539,26.704587936401367,0.0,-0.0,-0.0,0.0,off
24.22,24.14268684387207,-12.057568550109863,1.583814263343811,-0.5821743011474609,-0.583419919013977,27.032623291015625,26.7357120513916,-0.0,-0.0,-0.0,-0.0,off
24.240000000000002,24.135175704956055,-12.003015518188477,1.4793802499771118,-0.5781252384185791,-0.5828904509544373,26.995697021484375,26.760072708129883,-0.0,-0.0,-0.0,-0.0,off
24.26,24.13455581665039,-11.989764213562012,1.3696810007095337,-0.5675061941146851,-0.5813519954681396,26.983463287353516,26.780759811401367,-0.0,0.0,-0.0,-0.0,off
24.28,24.1077823638916,-11.981815338134766,1.2681766748428345,-0.5590552687644958,-0.5791223049163818,26.951017379760742,26.79613494873047,-0.0,-0.0,-0.0,-0.0,off
24.3,24.09513282775879,-11.972570419311523,1.1747633218765259,-0.5446862578392029,-0.5756787061691284,26.93135643005371,26.80803680419922,-0.0,-0.0,-0.0,-0.0,off
24.32,24.095399856567383,-12.000412940979004,1.0717874765396118,-0.5291107296943665,-0.5710219144821167,26.9396915435791,26.819557189941406,-0.0,0.0,-0.0,-0.0,off
24.34,24.05689239501953,-12.005247116088867,0.9695354700088501,-0.5288744568824768,-0.5668071508407593,26.903532028198242,26.826303482055664,-0.0,-0.0,-0.0,-0.0,off
24.36,24.031723022460938,-11.947344779968262,0.8663049936294556,-0.522599995136261,-0.5623863935470581,26.851688385009766,26.82720375061035,-0.0,-0.0,-0.0,-0.0,off
24.38,23.965757369995117,-11.921242713928223,0.761172890663147,-0.5022714734077454,-0.5563749074935913,26.77784538269043,26.820619583129883,-0.0,-0.0,-0.0,-0.0,off
24.400000000000002,23.918458938598633,-11.889915466308594,0.6592508554458618,-0.4847572147846222,-0.549213171005249,26.718856811523438,26.808795928955078,-0.0,-0.0,-0.0,-0.0,off
24.42,23.899751663208008,-11.846195220947266,0.5708271265029907,-0.47964170575141907,-0.5422559976577759,26.680635452270508,26.79437828063965,-0.0,-0.0,-0.0,-0.0,off
24.44,23.84378433227539,-11.806424140930176,0.47151055932044983,-0.4746415317058563,-0.5354945063591003,26.61090087890625,26.77442741394043,-0.0,-0.0,-0.0,-0.0,off
24.46,23.785892486572266,-11.812297821044922,0.3682381212711334,-0.47034063935279846,-0.5289791226387024,26.56001853942871,26.751367568969727,-0.0,-0.0,-0.0,-0.0,off
24.48,23.721593856811523,-11.759222030639648,0.2477213442325592,-0.4522433578968048,-0.521305501461029,26.477436065673828,26.7222843170166,-0.0,-0.0,-0.0,-0.0,off
24.5,23.723989486694336,-11.736271858215332,0.14962926506996155,-0.4387017786502838,-0.5130451321601868,26.468664169311523,26.695236206054688,-0.0,-0.0,-0.0,-0.0,off
24.52,23.699214935302734,-11.717723846435547,0.043131500482559204,-0.4343600571155548,-0.5051766037940979,26.43784523010254,26.66778564453125,-0.0,-0.0,-0.0,-0.0,off
24.54,23.677898406982422,-11.706502914428711,-0.05988726019859314,-0.43167179822921753,-0.49782609939575195,26.41379737854004,26.640663146972656,-0.0,-0.0,-0.0,-0.0,off
24.560000000000002,23.650653839111328,-11.733905792236328,-0.15551790595054626,-0.42885658144950867,-0.49092912673950195,26.401935577392578,26.615081787109375,0.0,-0.0,-0.0,0.0,off
24.580000000000002,23.651639938354492,-11.701942443847656,-0.26923879981040955,-0.41460391879081726,-0.48329660296440125,26.389543533325195,26.590770721435547,-0.0,0.0,-0.0,-0.0,off
24.6,23.65712547302246,-11.745590209960938,-0.3570283353328705,-0.40664389729499817,-0.4756312966346741,26.414880752563477,26.571468353271484,-0.0,0.0,-0.0,-0.0,off
24.62,23.599531173706055,-11.713701248168945,-0.44164785742759705,-0.41164854168891907,-0.4692330062389374,26.35040283203125,26.547698974609375,-0.0,-0.0,-0.0,-0.0,off
24.64,23.601049423217773,-11.67855167388916,-0.536734938621521,-0.40536797046661377,-0.4628464877605438,26.337923049926758,26.525068283081055,-0.0,-0.0,-0.0,-0.0,off
24.66,23.599716186523438,-11.69459342956543,-0.6452754735946655,-0.39294731616973877,-0.4558565616607666,26.34627914428711,26.50550079345703,-0.0,-0.0,-0.0,-0.0,off
