t,Fx_hat,Fy_hat,Fz_hat,tau_yaw_hat,tau_yaw_ema,force_mag,force_mag_ema,wz_obs,vx_cmd,vy_cmd,wz_cmd,compliance_mode
0.0,13.478814125061035,-2.708040714263916,-4.527349948883057,0.1882982850074768,0.41013285517692566,14.474419593811035,15.92953872680664,-0.0,-0.0,-0.0,-0.0,off
0.02,13.42141342163086,-2.948188304901123,-4.253185272216797,0.12449627369642258,0.38156917691230774,14.384566307067871,15.747647285461426,0.0,-0.0,-0.0,0.0,off
0.04,13.4448823928833,-3.3507232666015625,-4.021703243255615,0.07755594700574875,0.35116785764694214,14.427969932556152,15.584556579589844,-0.0,-0.0,-0.0,-0.0,off
0.06,13.391053199768066,-3.725081443786621,-3.7374513149261475,0.0482059046626091,0.32087165117263794,14.393230438232422,15.430802345275879,-0.0,-0.0,-0.0,-0.0,off
0.08,13.407220840454102,-4.124850749969482,-3.465749979019165,0.03542657941579819,0.2923271358013153,14.449200630187988,15.294331550598145,-0.0,-0.0,-0.0,-0.0,off
0.1,13.50095272064209,-4.469456195831299,-3.297780752182007,0.026847921311855316,0.2657792270183563,14.59887409210205,15.18537425994873,-0.0,-0.0,-0.0,-0.0,off
0.12,13.512224197387695,-4.853640556335449,-3.0288307666778564,0.006905876100063324,0.2398918867111206,14.673508644104004,15.091960906982422,-0.0,-0.0,-0.0,-0.0,off
0.14,13.53191089630127,-5.130784034729004,-2.72228741645813,-0.02039632946252823,0.2138630598783493,14.725773811340332,15.012249946594238,-0.0,-0.0,-0.0,-0.0,off
0.16,13.647387504577637,-5.484714508056641,-2.4628405570983887,-0.06664804369211197,0.18581195175647736,14.913043022155762,14.957841873168945,-0.0,-0.0,-0.0,-0.0,off
0.18,13.67536449432373,-5.851827621459961,-2.1736226081848145,-0.0907672867178917,0.15815402567386627,15.032768249511719,14.918933868408203,-0.0,-0.0,-0.0,-0.0,off
0.2,13.587325096130371,-6.109870910644531,-1.8714699745178223,-0.10448653250932693,0.1318899691104889,15.014937400817871,14.882018089294434,-0.0,-0.0,-0.0,-0.0,off
0.22,13.751226425170898,-6.451878547668457,-1.609882116317749,-0.10286372154951096,0.10841459035873413,15.274641990661621,14.874617576599121,-0.0,-0.0,-0.0,-0.0,off
0.24,13.782120704650879,-6.763737201690674,-1.3144898414611816,-0.09163249284029007,0.08840988576412201,15.408533096313477,14.881041526794434,-0.0,-0.0,-0.0,-0.0,off
0.26,13.769791603088379,-7.0032854080200195,-0.9829229712486267,-0.06818952411413193,0.07274994254112244,15.479641914367676,14.894299507141113,-0.0,-0.0,-0.0,-0.0,off
0.28,13.74073600769043,-7.273237228393555,-0.6651028990745544,-0.06327307969331741,0.05914764106273651,15.561175346374512,14.914374351501465,-0.0,-0.0,-0.0,-0.0,off
0.3,13.708216667175293,-7.551845550537109,-0.3254548907279968,-0.08033991605043411,0.04519888386130333,15.654120445251465,14.94128704071045,-0.0,-0.0,-0.0,-0.0,off
0.32,13.724319458007812,-7.905896186828613,0.009681031107902527,-0.1209789291024208,0.028581099584698677,15.838567733764648,14.982817649841309,-0.0,-0.0,-0.0,-0.0,off
0.34,13.72096061706543,-8.101478576660156,0.35920172929763794,-0.15356585383415222,0.010366404429078102,15.938247680664062,15.031384468078613,-0.0,-0.0,-0.0,-0.0,off
0.36,13.719406127929688,-8.309386253356934,0.7410739064216614,-0.1741962432861328,-0.008089860901236534,16.056686401367188,15.087333679199219,-0.0,-0.0,-0.0,-0.0,off
0.38,13.735394477844238,-8.485373497009277,1.0935251712799072,-0.17776110768318176,-0.025056986138224602,16.18204116821289,15.151649475097656,-0.0,-0.0,-0.0,-0.0,off
0.4,13.647332191467285,-8.640103340148926,1.4531371593475342,-0.18054154515266418,-0.040605440735816956,16.21766471862793,15.213850975036621,-0.0,-0.0,-0.0,-0.0,off
0.42,13.518450736999512,-8.817394256591797,1.823091745376587,-0.19507437944412231,-0.05605233460664749,16.242494583129883,15.272215843200684,0.0,-0.0,-0.0,0.0,off
0.44,13.539518356323242,-9.0141019821167,2.22273588180542,-0.19778472185134888,-0.07022557407617569,16.416854858398438,15.3424072265625,-0.0,-0.0,-0.0,-0.0,off
0.46,13.60280990600586,-9.222901344299316,2.607445001602173,-0.18696779012680054,-0.08189979195594788,16.640226364135742,15.428693771362305,-0.0,-0.0,-0.0,-0.0,off
0.48,13.589438438415527,-9.323209762573242,2.933305025100708,-0.1987764835357666,-0.09358745813369751,16.73915672302246,15.518577575683594,-0.0,-0.0,-0.0,-0.0,off
0.5,13.650680541992188,-9.39361572265625,3.2547338008880615,-0.23724353313446045,-0.10795306414365768,16.88710594177246,15.61715030670166,-0.0,-0.0,-0.0,-0.0,off
0.52,13.719388008117676,-9.624811172485352,3.557842969894409,-0.25945037603378296,-0.12310279160737991,17.132333755493164,15.732088088989258,-0.0,-0.0,-0.0,-0.0,off
0.54,13.633318901062012,-9.88890552520752,3.8628556728363037,-0.26123133301734924,-0.1369156390428543,17.27945327758789,15.850509643554688,-0.0,-0.0,-0.0,-0.0,off
0.56,13.705645561218262,-10.070956230163574,4.16146993637085,-0.25347548723220825,-0.14857162535190582,17.509618759155273,15.982312202453613,0.0,-0.0,-0.0,0.0,off
0.58,13.785801887512207,-10.254847526550293,4.459996223449707,-0.26568567752838135,-0.16028301417827606,17.75110626220703,16.127178192138672,-0.0,-0.0,-0.0,-0.0,off
0.6,13.788146018981934,-10.431608200073242,4.7999701499938965,-0.2818481922149658,-0.17243953049182892,17.943553924560547,16.277597427368164,-0.0,-0.0,-0.0,-0.0,off
0.62,13.771889686584473,-10.51949691772461,5.121683597564697,-0.2758008539676666,-0.18277566134929657,18.070871353149414,16.427087783813477,-0.0,-0.0,-0.0,-0.0,off
0.64,13.962615013122559,-10.70879077911377,5.433579444885254,-0.2844513952732086,-0.19294323027133942,18.41620445251465,16.598552703857422,-0.0,-0.0,-0.0,-0.0,off
0.66,14.070975303649902,-10.837464332580566,5.702038288116455,-0.29984140396118164,-0.20363305509090424,18.653583526611328,16.779050827026367,-0.0,0.0,-0.0,-0.0,off
0.68,14.124543190002441,-10.964445114135742,5.957664489746094,-0.32196786999702454,-0.21546652913093567,18.8471622467041,16.962812423706055,-0.0,-0.0,-0.0,-0.0,off
0.7000000000000001,14.227134704589844,-11.161426544189453,6.239029884338379,-0.3288451135158539,-0.22680437564849854,19.128887176513672,17.157880783081055,-0.0,-0.0,-0.0,-0.0,off
0.72,14.335650444030762,-11.327167510986328,6.5065178871154785,-0.3302963972091675,-0.2371535748243332,19.394596099853516,17.361692428588867,-0.0,-0.0,-0.0,-0.0,off
0.74,14.402194023132324,-11.503302574157715,6.82504940032959,-0.31989845633506775,-0.24542805552482605,19.655290603637695,17.57184410095215,-0.0,-0.0,-0.0,-0.0,off
0.76,14.470760345458984,-11.640386581420898,7.174292087554932,-0.32030999660491943,-0.25291624665260315,19.90909194946289,17.78675651550293,-0.0,-0.0,-0.0,-0.0,off
0.78,14.528788566589355,-11.785823822021484,7.432082176208496,-0.3191143572330475,-0.2595360577106476,20.1302547454834,18.003625869750977,-0.0,-0.0,-0.0,-0.0,off
0.8,14.615494728088379,-11.949967384338379,7.7245659828186035,-0.31193697452545166,-0.2647761404514313,20.398120880126953,18.22655487060547,-0.0,-0.0,-0.0,-0.0,off
0.8200000000000001,14.741323471069336,-12.172745704650879,8.073524475097656,-0.2946985363960266,-0.26776838302612305,20.75244903564453,18.46308708190918,-0.0,-0.0,-0.0,-0.0,off
0.84,14.939000129699707,-12.28757095336914,8.325382232666016,-0.2853432297706604,-0.2695258557796478,21.058731079101562,18.708545684814453,-0.0,-0.0,-0.0,-0.0,off
0.86,15.000533103942871,-12.451430320739746,8.585577011108398,-0.2649466395378113,-0.2690679132938385,21.301790237426758,18.95461654663086,-0.0,-0.0,-0.0,-0.0,off
0.88,15.231846809387207,-12.712801933288574,8.87278938293457,-0.25343966484069824,-0.26750507950782776,21.73363494873047,19.22057342529297,-0.0,-0.0,-0.0,-0.0,off
0.9,15.372355461120605,-12.917977333068848,9.111856460571289,-0.22890770435333252,-0.26364532113075256,22.050155639648438,19.492752075195312,-0.0,-0.0,-0.0,-0.0,off
0.92,15.433844566345215,-13.055191993713379,9.393497467041016,-0.20860114693641663,-0.25814089179039,22.29079246520996,19.76215362548828,0.0,-0.0,-0.0,0.0,off
0.9400000000000001,15.494688987731934,-13.23924732208252,9.690558433532715,-0.20683157444000244,-0.25300994515419006,22.5670108795166,20.032442092895508,-0.0,-0.0,-0.0,-0.0,off
0.96,15.613396644592285,-13.390206336975098,9.945575714111328,-0.21015378832817078,-0.2487243264913559,22.847105026245117,20.30451774597168,-0.0,-0.0,-0.0,-0.0,off
0.98,15.589737892150879,-13.519103050231934,10.246269226074219,-0.2139742374420166,-0.24524931609630585,23.038925170898438,20.56833267211914,-0.0,-0.0,-0.0,-0.0,off
1.0,15.606128692626953,-13.756301879882812,10.56173324584961,-0.2122058868408203,-0.24194496870040894,23.331037521362305,20.834810256958008,-0.0,-0.0,-0.0,-0.0,off
1.02,15.814826965332031,-13.866456985473633,10.891820907592773,-0.20397818088531494,-0.2381482720375061,23.685842514038086,21.11085319519043,-0.0,-0.0,-0.0,-0.0,off
1.04,15.932520866394043,-14.028183937072754,11.212194442749023,-0.20173048973083496,-0.2345064878463745,24.00725746154785,21.391738891601562,-0.0,-0.0,-0.0,-0.0,off
1.06,16.092622756958008,-14.128728866577148,11.502771377563477,-0.1791214942932129,-0.22896797955036163,24.308584213256836,21.675321578979492,-0.0,-0.0,-0.0,-0.0,off
1.08,16.264408111572266,-14.229645729064941,11.782805442810059,-0.14718443155288696,-0.22078962624073029,24.613985061645508,21.961753845214844,-0.0,0.0,-0.0,-0.0,off
1.1,16.490392684936523,-14.343049049377441,12.056161880493164,-0.11552313715219498,-0.2102629840373993,24.960111618041992,22.25495719909668,-0.0,0.0,-0.0,-0.0,off
1.12,16.67207908630371,-14.40006160736084,12.338471412658691,-0.11047983914613724,-0.2002846747636795,25.249908447265625,22.548240661621094,-0.0,0.0,-0.0,-0.0,off
1.1400000000000001,16.69221305847168,-14.53848934173584,12.617585182189941,-0.11544785648584366,-0.19180098176002502,25.47942543029785,22.835132598876953,-0.0,-0.0,-0.0,-0.0,off
1.16,16.787521362304688,-14.624910354614258,12.886844635009766,-0.1208835318684578,-0.18470923602581024,25.725078582763672,23.118133544921875,-0.0,0.0,-0.0,-0.0,off
1.18,16.938331604003906,-14.663434982299805,13.121253967285156,-0.10775960236787796,-0.17701426148414612,25.9632568359375,23.39715003967285,-0.0,-0.0,-0.0,-0.0,off
1.2,17.165502548217773,-14.69599437713623,13.307615280151367,-0.104554183781147,-0.16976824402809143,26.224403381347656,23.675199508666992,-0.0,-0.0,-0.0,-0.0,off
1.22,17.376516342163086,-14.73983097076416,13.479166030883789,-0.10074395686388016,-0.1628658026456833,26.47439956665039,23.951128005981445,-0.0,-0.0,-0.0,-0.0,off
1.24,17.509828567504883,-14.774422645568848,13.648905754089355,-0.10383624583482742,-0.15696284174919128,26.667776107788086,24.219202041625977,-0.0,-0.0,-0.0,-0.0,off
1.26,17.54773712158203,-14.813071250915527,13.844413757324219,-0.09285864979028702,-0.1505524218082428,26.814510345458984,24.475229263305664,-0.0,-0.0,-0.0,-0.0,off
1.28,17.792064666748047,-14.843001365661621,13.974041938781738,-0.0695987418293953,-0.1424570530653,27.058198928833008,24.730640411376953,-0.0,-0.0,-0.0,-0.0,off
1.3,18.011308670043945,-14.928404808044434,14.115821838378906,-0.05137009173631668,-0.13334836065769196,27.322534561157227,24.987442016601562,-0.0,-0.0,-0.0,-0.0,off
1.32,18.137126922607422,-14.961432456970215,14.26833724975586,-0.05421612411737442,-0.12543512880802155,27.502460479736328,25.23674201965332,-0.0,-0.0,-0.0,-0.0,off
1.34,18.306209564208984,-15.00097370147705,14.449605941772461,-0.04398886114358902,-0.11729049682617188,27.729724884033203,25.483949661254883,-0.0,-0.0,-0.0,-0.0,off
1.36,18.44772720336914,-15.021283149719238,14.541461944580078,-0.020150013267993927,-0.10757644474506378,27.882102966308594,25.721967697143555,-0.0,-0.0,-0.0,-0.0,off
1.3800000000000001,18.60106086730957,-15.153806686401367,14.668922424316406,-0.0015332773327827454,-0.09697212278842926,28.12142562866211,25.96047019958496,-0.0,-0.0,-0.0,-0.0,off
1.4000000000000001,18.69146728515625,-15.181090354919434,14.787805557250977,0.012802891433238983,-0.08599461615085602,28.258018493652344,26.188888549804688,-0.0,-0.0,-0.0,-0.0,off
1.42,18.67230224609375,-15.26096248626709,14.912346839904785,0.028720788657665253,-0.07452307641506195,28.35365867614746,26.404136657714844,-0.0,-0.0,-0.0,-0.0,off
1.44,18.912506103515625,-15.216050148010254,14.985211372375488,0.04859616607427597,-0.06221115216612816,28.526613235473633,26.61527442932129,-0.0,-0.0,-0.0,-0.0,off
1.46,19.114553451538086,-15.209039688110352,15.133963584899902,0.07528474181890488,-0.048461563885211945,28.735307693481445,26.826112747192383,-0.0,-0.0,-0.0,-0.0,off
1.48,19.22909927368164,-15.268668174743652,15.333478927612305,0.08901356905698776,-0.034714046865701675,28.948335647583008,27.037145614624023,-0.0,-0.0,-0.0,-0.0,off
1.5,19.328815460205078,-15.309930801391602,15.46247673034668,0.09882050007581711,-0.021360591053962708,29.10472869873047,27.242794036865234,-0.0,-0.0,-0.0,-0.0,off
1.52,19.409255981445312,-15.380118370056152,15.59116268157959,0.09141149371862411,-0.01008338201791048,29.263484954833984,27.443870544433594,-0.0,0.0,-0.0,-0.0,off
1.54,19.52582550048828,-15.43431282043457,15.733776092529297,0.09613566845655441,0.0005385233089327812,29.445331573486328,27.64307975769043,-0.0,-0.0,-0.0,-0.0,off
1.56,19.739463806152344,-15.453506469726562,15.804244041442871,0.09395655244588852,0.009880326688289642,29.63496971130371,27.841434478759766,-0.0,-0.0,-0.0,-0.0,off
1.58,19.827667236328125,-15.531783103942871,15.891155242919922,0.08986084908246994,0.017878379672765732,29.78089141845703,28.034704208374023,-0.0,-0.0,-0.0,-0.0,off
1.6,20.069290161132812,-15.517765045166016,16.023460388183594,0.08321826905012131,0.02441236935555935,30.005477905273438,28.231000900268555,-0.0,-0.0,-0.0,-0.0,off
1.62,20.36894416809082,-15.564194679260254,16.160770416259766,0.09775464981794357,0.03174659609794617,30.303606033325195,28.437423706054688,0.0,-0.0,-0.0,0.0,off
1.6400000000000001,20.504928588867188,-15.602439880371094,16.30385398864746,0.127243310213089,0.04129626601934433,30.491044998168945,28.641963958740234,-0.0,-0.0,-0.0,-0.0,off
1.6600000000000001,20.557720184326172,-15.671442031860352,16.417627334594727,0.12282853573560715,0.04944949597120285,30.622743606567383,28.839357376098633,-0.0,-0.0,-0.0,-0.0,off
1.68,20.706066131591797,-15.73183822631836,16.507761001586914,0.09410520642995834,0.05391506850719452,30.801591873168945,29.034976959228516,-0.0,-0.0,-0.0,-0.0,off
1.7,20.96368980407715,-15.65318775177002,16.568883895874023,0.07277040928602219,0.055800601840019226,30.96815299987793,29.22747802734375,-0.0,-0.0,-0.0,-0.0,off
1.72,21.073793411254883,-15.729018211364746,16.6346435546875,0.07332324236631393,0.05755286663770676,31.11620330810547,29.415695190429688,-0.0,0.0,-0.0,-0.0,off
1.74,21.233234405517578,-15.722966194152832,16.72163200378418,0.08010467141866684,0.059808045625686646,31.267793655395508,29.600200653076172,-0.0,-0.0,-0.0,-0.0,off
1.76,21.349098205566406,-15.706687927246094,16.77647590637207,0.07941185683012009,0.06176842749118805,31.367725372314453,29.7762393951416,-0.0,0.0,-0.0,-0.0,off
1.78,21.473310470581055,-15.654780387878418,16.86259651184082,0.06966745108366013,0.06255833059549332,31.472564697265625,29.945056915283203,-0.0,0.0,-0.0,-0.0,off
1.8,21.61882781982422,-15.516797065734863,16.996536254882812,0.06123291701078415,0.06242578849196434,31.575733184814453,30.106985092163086,0.0,-0.0,-0.0,0.0,off
1.82,21.764055252075195,-15.368380546569824,17.1253604888916,0.0846714898943901,0.06465035676956177,31.672372817993164,30.26202964782715,-0.0,-0.0,-0.0,-0.0,off
1.84,21.79153060913086,-15.347665786743164,17.204126358032227,0.10239469259977341,0.06842479109764099,31.723865509033203,30.406869888305664,-0.0,-0.0,-0.0,-0.0,off
1.86,21.71063804626465,-15.246947288513184,17.268651962280273,0.10566364973783493,0.07214868068695068,31.654817581176758,30.530370712280273,-0.0,-0.0,-0.0,-0.0,off
1.8800000000000001,21.728633880615234,-15.21323013305664,17.318063735961914,0.09729640930891037,0.07466345280408859,31.67793083190918,30.64394760131836,-0.0,-0.0,-0.0,-0.0,off
1.9000000000000001,21.759906768798828,-15.116909980773926,17.394044876098633,0.0905572697520256,0.07625283300876617,31.694908142089844,30.747787475585938,-0.0,-0.0,-0.0,-0.0,off
1.92,21.924802780151367,-14.976201057434082,17.472087860107422,0.08984135836362839,0.07761168479919434,31.784547805786133,30.849910736083984,0.0,-0.0,-0.0,0.0,off
1.94,22.000383377075195,-14.939303398132324,17.5237979888916,0.07308360189199448,0.0771588683128357,31.84781265258789,30.948246002197266,-0.0,-0.0,-0.0,-0.0,off
1.96,22.069185256958008,-14.925824165344238,17.540176391601562,0.05558081716299057,0.075001060962677,31.8980712890625,31.041950225830078,-0.0,-0.0,-0.0,-0.0,off
1.98,22.174707412719727,-14.811920166015625,17.57935905456543,0.037342630326747894,0.07123521715402603,31.939701080322266,31.13030242919922,-0.0,-0.0,-0.0,-0.0,off
2.0,22.341964721679688,-14.666448593139648,17.64027214050293,0.03537093847990036,0.06764879077672958,32.022605895996094,31.21779441833496,-0.0,-0.0,-0.0,-0.0,off
2.02,22.517227172851562,-14.5260648727417,17.68167495727539,0.0445876345038414,0.06534267216920853,32.10410690307617,31.304391860961914,-0.0,-0.0,-0.0,-0.0,off
2.04,22.671751022338867,-14.462591171264648,17.720048904418945,0.042457304894924164,0.06305413693189621,32.2052001953125,31.392417907714844,-0.0,-0.0,-0.0,-0.0,off
2.06,22.819135665893555,-14.426859855651855,17.7342586517334,0.0350550040602684,0.06025422364473343,32.30094909667969,31.481290817260742,-0.0,-0.0,-0.0,-0.0,off
2.08,22.843263626098633,-14.390899658203125,17.748952865600586,0.023461543023586273,0.05657495558261871,32.310028076171875,31.562435150146484,-0.0,-0.0,-0.0,-0.0,off
2.1,22.933578491210938,-14.33113956451416,17.774354934692383,0.020909719169139862,0.05300842970609665,32.36137008666992,31.64064598083496,-0.0,-0.0,-0.0,-0.0,off
2.12,23.03813362121582,-14.154854774475098,17.796316146850586,0.005380742251873016,0.04824565723538399,32.370113372802734,31.71161460876465,-0.0,-0.0,-0.0,-0.0,off
2.14,23.113433837890625,-14.101478576660156,17.812936782836914,-0.019735701382160187,0.04144752025604248,32.40961837768555,31.779558181762695,-0.0,-0.0,-0.0,-0.0,off
2.16,23.204883575439453,-13.919474601745605,17.82050895690918,-0.02306348830461502,0.03499641641974449,32.400447845458984,31.83950424194336,0.0,-0.0,-0.0,0.0,off
2.18,23.238727569580078,-13.748003959655762,17.854677200317383,-0.004008837044239044,0.03109589032828808,32.37028884887695,31.890289306640625,0.0,-0.0,-0.0,0.0,off
2.2,23.293270111083984,-13.606766700744629,17.890548706054688,0.008492164313793182,0.028835518285632133,32.3696174621582,31.93584442138672,-0.0,-0.0,-0.0,-0.0,off
2.22,23.346960067749023,-13.49073314666748,17.87355613708496,0.016990534961223602,0.027651019394397736,32.350337982177734,31.974943161010742,-0.0,-0.0,-0.0,-0.0,off
2.24,23.361501693725586,-13.345694541931152,17.887197494506836,0.01906328648328781,0.026792244985699654,32.308189392089844,32.005897521972656,-0.0,-0.0,-0.0,-0.0,off
2.2600000000000002,23.3934268951416,-13.196688652038574,17.932729721069336,0.027835391461849213,0.026896558701992035,32.29532241821289,32.03239059448242,-0.0,-0.0,-0.0,-0.0,off
2.2800000000000002,23.483150482177734,-13.037928581237793,17.95921516418457,0.023937217891216278,0.02660062536597252,32.3106689453125,32.057579040527344,-0.0,-0.0,-0.0,-0.0,off
2.3000000000000003,23.509511947631836,-12.915812492370605,17.966476440429688,0.01309233158826828,0.025249794125556946,32.284820556640625,32.07773208618164,-0.0,-0.0,-0.0,-0.0,off
2.32,23.524444580078125,-12.824417114257812,17.98415184020996,-0.007130034267902374,0.022011810913681984,32.269100189208984,32.09446334838867,-0.0,-0.0,-0.0,-0.0,off
2.34,23.596832275390625,-12.554682731628418,18.018400192260742,-0.025723345577716827,0.017238294705748558,32.23497009277344,32.10554504394531,-0.0,-0.0,-0.0,-0.0,off
2.36,23.67431640625,-12.368705749511719,18.053590774536133,-0.04230055958032608,0.01128440909087658,32.23957443237305,32.11573791503906,-0.0,0.0,-0.0,-0.0,off
2.38,23.687564849853516,-12.206634521484375,18.08665657043457,-0.050748325884342194,0.005081135779619217,32.206050872802734,32.12153244018555,-0.0,0.0,-0.0,-0.0,off
2.4,23.688608169555664,-12.045087814331055,18.09366798400879,-0.0529068186879158,-0.0007176599465310574,32.14988327026367,32.12114334106445,-0.0,-0.0,-0.0,-0.0,off
2.42,23.736135482788086,-11.887472152709961,18.116161346435547,-0.05296695977449417,-0.005942590069025755,32.138938903808594,32.1196403503418,-0.0,-0.0,-0.0,-0.0,off
2.44,23.766075134277344,-11.720551490783691,18.14451026916504,-0.05624271184206009,-0.010972602292895317,32.11574172973633,32.11589813232422,-0.0,-0.0,-0.0,-0.0,off
2.46,23.721797943115234,-11.565003395080566,18.158239364624023,-0.06298810988664627,-0.016174152493476868,32.034271240234375,32.1044807434082,-0.0,-0.0,-0.0,-0.0,off
2.48,23.725296020507812,-11.430768013000488,18.163110733032227,-0.07378543168306351,-0.02193528041243553,31.99141502380371,32.090030670166016,-0.0,-0.0,-0.0,-0.0,off
2.5,23.734712600708008,-11.250039100646973,18.193580627441406,-0.09176219254732132,-0.02891797199845314,31.95162582397461,32.07292556762695,-0.0,-0.0,-0.0,-0.0,off
2.52,23.722461700439453,-11.065136909484863,18.209260940551758,-0.10646135360002518,-0.036672309041023254,31.886825561523438,32.05096435546875,-0.0,0.0,-0.0,-0.0,off
2.54,23.70123863220215,-10.873271942138672,18.216716766357422,-0.1017923429608345,-0.0431843101978302,31.8092041015625,32.023345947265625,-0.0,-0.0,-0.0,-0.0,off
2.56,23.65743637084961,-10.67387580871582,18.22496223449707,-0.1041678860783577,-0.04928267002105713,31.71364402770996,31.988834381103516,-0.0,-0.0,-0.0,-0.0,off
2.58,23.643510818481445,-10.480091094970703,18.258638381958008,-0.10438821464776993,-0.05479322373867035,31.65795135498047,31.952072143554688,-0.0,-0.0,-0.0,-0.0,off
2.6,23.655519485473633,-10.364974021911621,18.27412223815918,-0.10961104184389114,-0.06027500331401825,31.637948989868164,31.91718864440918,0.0,-0.0,-0.0,0.0,off
2.62,23.595895767211914,-10.1264066696167,18.287647247314453,-0.11268220096826553,-0.06551571935415268,31.52377700805664,31.874109268188477,-0.0,-0.0,-0.0,-0.0,off
2.64,23.56321144104004,-9.912718772888184,18.29416847229004,-0.11729688197374344,-0.07069383561611176,31.435068130493164,31.826303482055664,-0.0,-0.0,-0.0,-0.0,off
2.66,23.54588508605957,-9.698664665222168,18.321636199951172,-0.12428421527147293,-0.07605287432670593,31.371246337890625,31.776695251464844,-0.0,-0.0,-0.0,-0.0,off
2.68,23.548198699951172,-9.390093803405762,18.35550880432129,-0.13246691226959229,-0.08169427514076233,31.29882049560547,31.724132537841797,-0.0,-0.0,-0.0,-0.0,off
2.7,23.535531997680664,-9.128682136535645,18.372289657592773,-0.13202792406082153,-0.08672764152288437,31.221708297729492,31.668745040893555,-0.0,-0.0,-0.0,-0.0,off
2.72,23.51516342163086,-8.781691551208496,18.397043228149414,-0.11601153761148453,-0.08965602517127991,31.12125015258789,31.608028411865234,-0.0,-0.0,-0.0,-0.0,off
2.74,23.512651443481445,-8.52916431427002,18.409488677978516,-0.12047956138849258,-0.09273837506771088,31.056411743164062,31.546648025512695,0.0,-0.0,-0.0,0.0,off
2.7600000000000002,23.47222900390625,-8.298550605773926,18.418916702270508,-0.12670665979385376,-0.0961351990699768,30.968822479248047,31.482582092285156,-0.0,-0.0,-0.0,-0.0,off
2.7800000000000002,23.52320098876953,-7.9093122482299805,18.43046760559082,-0.13268685340881348,-0.09979036450386047,30.91246223449707,31.418155670166016,-0.0,-0.0,-0.0,-0.0,off
2.8000000000000003,23.50545310974121,-7.613213539123535,18.45880126953125,-0.12421173602342606,-0.10223250091075897,30.84144401550293,31.352636337280273,-0.0,-0.0,-0.0,-0.0,off
2.82,23.486347198486328,-7.325581073760986,18.466997146606445,-0.12497130781412125,-0.10450637340545654,30.762033462524414,31.285409927368164,0.0,-0.0,-0.0,0.0,off
2.84,23.486961364746094,-7.01112174987793,18.466018676757812,-0.1334502100944519,-0.10740075260400772,30.688549041748047,31.217060089111328,-0.0,-0.0,-0.0,-0.0,off
2.86,23.452695846557617,-6.70020055770874,18.463098526000977,-0.1423177719116211,-0.11089245229959488,30.590972900390625,31.145389556884766,-0.0,-0.0,-0.0,-0.0,off
2.88,23.423564910888672,-6.33311653137207,18.441495895385742,-0.14701807498931885,-0.11450500786304474,30.47721290588379,31.06873893737793,-0.0,-0.0,-0.0,-0.0,off
2.9,23.34722137451172,-5.970048904418945,18.42429542541504,-0.14366799592971802,-0.11742129921913147,30.33461570739746,30.984838485717773,-0.0,-0.0,-0.0,-0.0,off
2.92,23.241233825683594,-5.532918930053711,18.39143180847168,-0.14035743474960327,-0.11971491575241089,30.14984130859375,30.889678955078125,-0.0,0.0,-0.0,-0.0,off
2.94,23.141353607177734,-5.172523498535156,18.362550735473633,-0.13930484652519226,-0.12167390435934067,29.99100685119629,30.78763771057129,-0.0,-0.0,-0.0,-0.0,off
2.96,22.96376609802246,-4.7904558181762695,18.324777603149414,-0.14490261673927307,-0.12399677187204361,29.767105102539062,30.67281150817871,-0.0,-0.0,-0.0,-0.0,off
2.98,22.899560928344727,-4.3280415534973145,18.290409088134766,-0.14155444502830505,-0.1257525384426117,29.625341415405273,30.55385971069336,-0.0,-0.0,-0.0,-0.0,off
3.0,22.771013259887695,-3.821113109588623,18.236204147338867,-0.14182722568511963,-0.127360001206398,29.42242431640625,30.424787521362305,-0.0,-0.0,-0.0,-0.0,off
3.02,22.60934066772461,-3.3435654640197754,18.171464920043945,-0.1557934284210205,-0.13020333647727966,29.19869613647461,30.28489112854004,-0.0,-0.0,-0.0,-0.0,off
3.04,22.286884307861328,-2.825963020324707,18.081605911254883,-0.1704046130180359,-0.13422346115112305,28.83809471130371,30.121301651000977,-0.0,0.0,-0.0,-0.0,off
3.06,22.037654876708984,-2.328517436981201,17.97081756591797,-0.18796733021736145,-0.1395978480577469,28.531219482421875,29.941953659057617,-0.0,0.0,-0.0,-0.0,off
3.08,21.7793025970459,-1.6855031251907349,17.928863525390625,-0.20652148127555847,-0.14629019796848297,28.259920120239258,29.75009536743164,-0.0,-0.0,-0.0,-0.0,off
3.1,21.655057907104492,-0.8340803384780884,17.845857620239258,-0.2291947603225708,-0.15458065271377563,28.07332992553711,29.552717208862305,-0.0,-0.0,-0.0,-0.0,off
3.12,21.52727699279785,-0.06917154788970947,17.828927993774414,-0.24859091639518738,-0.16398167610168457,27.95172691345215,29.357877731323242,0.0,-0.0,-0.0,0.0,off
3.14,21.20838165283203,0.6685498952865601,17.865989685058594,-0.2607138156890869,-0.17365488409996033,27.73870849609375,29.156469345092773,-0.0,-0.0,-0.0,-0.0,off
3.16,21.094221115112305,1.5835756063461304,17.861709594726562,-0.2664164900779724,-0.182931050658226,27.685998916625977,28.962444305419922,-0.0,-0.0,-0.0,-0.0,off
3.18,20.828630447387695,2.745543956756592,17.843048095703125,-0.2622129023075104,-0.19085922837257385,27.563457489013672,28.763256072998047,-0.0,-0.0,-0.0,-0.0,off
3.2,21.241172790527344,3.8806724548339844,17.82193946838379,-0.26264530420303345,-0.19803783297538757,27.997652053833008,28.6166934967041,-0.0,-0.0,-0.0,-0.0,off
3.22,21.403514862060547,4.934316158294678,17.808061599731445,-0.260759174823761,-0.20430995523929596,28.276933670043945,28.50400161743164,-0.0,-0.0,-0.0,-0.0,off
3.24,21.5736026763916,5.837261199951172,17.763113021850586,-0.23303872346878052,-0.20718282461166382,28.548593521118164,28.425283432006836,-0.0,-0.0,-0.0,-0.0,off
3.2600000000000002,21.878602981567383,6.718722343444824,17.612459182739258,-0.17950832843780518,-0.20441536605358124,28.879287719726562,28.384248733520508,-0.0,-0.0,-0.0,-0.0,off
3.2800000000000002,22.226091384887695,7.371982574462891,17.56233787536621,-0.11978719383478165,-0.19595253467559814,29.27082061767578,28.389307022094727,-0.0,-0.0,-0.0,-0.0,off
3.3000000000000003,22.294111251831055,8.1037015914917,17.569623947143555,-0.09794122725725174,-0.186151385307312,29.519298553466797,28.419567108154297,0.0,-0.0,-0.0,0.0,off
3.3200000000000003,22.219924926757812,8.837627410888672,17.559385299682617,-0.11503613740205765,-0.1790398508310318,29.667503356933594,28.462217330932617,-0.0,-0.0,-0.0,-0.0,off
3.34,22.309659957885742,9.750615119934082,17.468591690063477,-0.16005754470825195,-0.17714162170886993,29.96576690673828,28.52737045288086,-0.0,-0.0,-0.0,-0.0,off
3.36,22.433269500732422,10.711470603942871,17.452919006347656,-0.20628482103347778,-0.18005593121051788,30.374191284179688,28.62383270263672,-0.0,0.0,-0.0,-0.0,off
3.38,22.620208740234375,11.283019065856934,17.344266891479492,-0.23768413066864014,-0.18581874668598175,30.656221389770508,28.744775772094727,-0.0,0.0,-0.0,-0.0,off
3.4,22.6533203125,12.470046043395996,17.247526168823242,-0.26228344440460205,-0.1934652030467987,31.08298683166504,28.888261795043945,-0.0,-0.0,-0.0,-0.0,off
3.42,22.686006546020508,13.043791770935059,17.11649513244629,-0.2615918517112732,-0.20027786493301392,31.269309997558594,29.04204559326172,-0.0,-0.0,-0.0,-0.0,off
3.44,22.749771118164062,13.82827377319336,17.095571517944336,-0.2385098934173584,-0.2041010707616806,31.63908576965332,29.21933364868164,-0.0,-0.0,-0.0,-0.0,off
3.46,23.002958297729492,14.292975425720215,17.004344940185547,-0.21489912271499634,-0.20518088340759277,31.97769546508789,29.42133903503418,-0.0,-0.0,-0.0,-0.0,off
3.48,23.0036563873291,15.018973350524902,16.971208572387695,-0.23353654146194458,-0.20801644027233124,32.29179000854492,29.636594772338867,-0.0,-0.0,-0.0,-0.0,off
3.5,22.96138572692871,15.411881446838379,16.808837890625,-0.2629830837249756,-0.2135131061077118,32.36183547973633,29.84416389465332,-0.0,0.0,-0.0,-0.0,off
3.52,22.828937530517578,16.098100662231445,16.743619918823242,-0.2756454348564148,-0.2197263240814209,32.567745208740234,30.052656173706055,-0.0,-0.0,-0.0,-0.0,off
3.54,22.740285873413086,16.367578506469727,16.578214645385742,-0.26547420024871826,-0.22430109977722168,32.555419921875,30.2464599609375,-0.0,-0.0,-0.0,-0.0,off
3.56,22.769752502441406,16.834026336669922,16.52853775024414,-0.2200356125831604,-0.2238745391368866,32.78778076171875,30.44856071472168,-0.0,-0.0,-0.0,-0.0,off
3.58,22.956527709960938,17.04409408569336,16.456985473632812,-0.17966115474700928,-0.21945320069789886,32.989933013916016,30.658708572387695,-0.0,-0.0,-0.0,-0.0,off
3.6,22.947843551635742,17.2119140625,16.551448822021484,-0.154809832572937,-0.21298885345458984,33.1180305480957,30.86794090270996,-0.0,-0.0,-0.0,-0.0,off
3.62,22.930774688720703,17.231950759887695,16.489439010620117,-0.10542012006044388,-0.2022319734096527,33.08567810058594,31.05982208251953,-0.0,-0.0,-0.0,-0.0,off
3.64,22.782447814941406,17.46517562866211,16.381256103515625,-0.03793282061815262,-0.18580205738544464,33.0517463684082,31.23170280456543,-0.0,-0.0,-0.0,-0.0,off
3.66,22.623891830444336,17.461565017700195,16.27476692199707,0.020978443324565887,-0.16512399911880493,32.88791275024414,31.374492645263672,-0.0,-0.0,-0.0,-0.0,off
3.68,22.339963912963867,17.220863342285156,16.18809700012207,0.08245634287595749,-0.14036595821380615,32.5220947265625,31.471765518188477,-0.0,-0.0,-0.0,-0.0,off
3.7,22.169286727905273,17.008398056030273,16.023488998413086,0.13457649946212769,-0.11287171393632889,32.21048355102539,31.532140731811523,-0.0,-0.0,-0.0,-0.0,off
3.72,22.32940101623535,16.857894897460938,15.925313949584961,0.1978430151939392,-0.08180023729801178,32.193267822265625,31.588417053222656,-0.0,0.0,-0.0,-0.0,off
3.74,22.57048988342285,16.77667236328125,15.921378135681152,0.24549752473831177,-0.049070462584495544,32.316776275634766,31.65415382385254,-0.0,-0.0,-0.0,-0.0,off
3.7600000000000002,22.726825714111328,16.62386131286621,15.958900451660156,0.28423523902893066,-0.015739889815449715,32.3658447265625,31.720561981201172,-0.0,-0.0,-0.0,-0.0,off
3.7800000000000002,22.65062141418457,16.772174835205078,15.968860626220703,0.31188327074050903,0.017022427171468735,32.39384460449219,31.78340721130371,-0.0,0.0,-0.0,-0.0,off
3.8000000000000003,22.66124153137207,16.665054321289062,15.9923677444458,0.3748178482055664,0.05280196666717529,32.35755920410156,31.837656021118164,0.0,-0.0,-0.0,0.0,off
3.8200000000000003,22.640796661376953,16.420440673828125,16.033239364624023,0.4452728033065796,0.09204904735088348,32.238197326660156,31.875913619995117,-0.0,-0.0,-0.0,-0.0,off
3.84,22.57668113708496,16.19828987121582,16.047836303710938,0.5117456912994385,0.1340187042951584,32.0877571105957,31.896108627319336,-0.0,-0.0,-0.0,-0.0,off
3.86,22.557567596435547,15.756442070007324,16.115102767944336,0.5777270793914795,0.1783895343542099,31.887393951416016,31.895051956176758,-0.0,-0.0,-0.0,-0.0,off
3.88,22.000600814819336,15.403261184692383,16.117769241333008,0.6492838263511658,0.22547896206378937,31.3220272064209,31.8376407623291,-0.0,-0.0,-0.0,-0.0,off
3.9,21.733400344848633,15.004740715026855,16.139907836914062,0.7399508357048035,0.2769261598587036,30.951244354248047,31.748821258544922,-0.0,-0.0,-0.0,-0.0,off
3.92,21.53956413269043,14.672982215881348,16.150346755981445,0.8208791017532349,0.33132144808769226,30.6607723236084,31.639629364013672,-0.0,0.0,-0.0,-0.0,off
3.94,21.584026336669922,14.398629188537598,16.23573875427246,0.9021634459495544,0.38840562105178833,30.607023239135742,31.535673141479492,0.0,-0.0,-0.0,0.0,off
3.96,21.592144012451172,14.07900333404541,16.281591415405273,0.9961056113243103,0.449175626039505,30.488182067871094,31.429765701293945,-0.0,-0.0,-0.0,-0.0,off
3.98,21.678516387939453,13.704561233520508,16.373685836791992,1.0832903385162354,0.5125870704650879,30.428123474121094,31.327594757080078,-0.0,-0.0,-0.0,-0.0,off
4.0,21.643779754638672,13.459128379821777,16.457542419433594,1.1756399869918823,0.5788923501968384,30.338953018188477,31.226242065429688,-0.0,-0.0,-0.0,-0.0,off
4.0200000000000005,21.556222915649414,13.19983959197998,16.5516414642334,1.2568687200546265,0.6466900110244751,30.2136287689209,31.121971130371094,-0.0,-0.0,-0.0,-0.0,off
4.04,21.56855583190918,12.884612083435059,16.660749435424805,1.3547269105911255,0.7174937129020691,30.146249771118164,31.020551681518555,-0.0,-0.0,-0.0,-0.0,off
4.0600000000000005,21.351470947265625,12.49602222442627,16.7720890045166,1.4695833921432495,0.7927026748657227,29.888774871826172,30.9024658203125,-0.0,-0.0,-0.0,-0.0,off
4.08,21.161029815673828,12.248749732971191,16.87615394592285,1.5733813047409058,0.8707705140113831,29.709014892578125,30.777786254882812,0.0,-0.0,-0.0,0.0,off
4.1,20.96784210205078,11.876703262329102,16.989591598510742,1.6591887474060059,0.9496123194694519,29.484786987304688,30.642065048217773,-0.0,-0.0,-0.0,-0.0,off
4.12,20.82554054260254,11.603633880615234,17.085140228271484,1.73457670211792,1.0281087160110474,29.33000946044922,30.50393295288086,-0.0,-0.0,-0.0,-0.0,off
4.14,20.730682373046875,11.297986030578613,17.138784408569336,1.8126128911972046,1.1065590381622314,29.174365997314453,30.363557815551758,-0.0,-0.0,-0.0,-0.0,off
4.16,20.62278175354004,10.976288795471191,17.206714630126953,1.8919752836227417,1.1851006746292114,29.01463508605957,30.22062110900879,-0.0,-0.0,-0.0,-0.0,off
4.18,20.4658203125,10.734023094177246,17.24012565612793,1.9549942016601562,1.2620899677276611,28.832117080688477,30.07372283935547,-0.0,-0.0,-0.0,-0.0,off
4.2,20.36556053161621,10.475144386291504,17.288583755493164,2.0025391578674316,1.336134910583496,28.694595336914062,29.927593231201172,-0.0,-0.0,-0.0,-0.0,off
4.22,20.22933578491211,10.299860000610352,17.328134536743164,2.0411646366119385,1.4066379070281982,28.55831527709961,29.782798767089844,-0.0,-0.0,-0.0,-0.0,off
4.24,20.18434715270996,10.14174747467041,17.36252784729004,2.0816729068756104,1.4741413593292236,28.490705490112305,29.646163940429688,-0.0,-0.0,-0.0,-0.0,off
4.26,20.09858512878418,9.927643775939941,17.402660369873047,2.1079931259155273,1.5375264883041382,28.37893295288086,29.51205825805664,-0.0,-0.0,-0.0,-0.0,off
4.28,20.125850677490234,9.783051490783691,17.42182159423828,2.1455700397491455,1.5983308553695679,28.359792709350586,29.38996696472168,-0.0,-0.0,-0.0,-0.0,off
4.3,19.980762481689453,9.55087947845459,17.444488525390625,2.1823294162750244,1.6567307710647583,28.19149398803711,29.263187408447266,-0.0,-0.0,-0.0,-0.0,off
4.32,19.91638946533203,9.273717880249023,17.453458786010742,2.235856056213379,1.7146432399749756,28.05864715576172,29.135530471801758,-0.0,-0.0,-0.0,-0.0,off
4.34,19.824764251708984,9.103453636169434,17.44852638244629,2.312570333480835,1.7744359970092773,27.934659957885742,29.00864028930664,-0.0,0.0,-0.0,-0.0,off
4.36,19.674854278564453,8.935013771057129,17.401762008666992,2.3907594680786133,1.8360682725906372,27.744470596313477,28.87590217590332,-0.0,0.0,-0.0,-0.0,off
4.38,19.568872451782227,8.753334999084473,17.363523483276367,2.440770149230957,1.8965383768081665,27.587200164794922,28.741029739379883,-0.0,-0.0,-0.0,-0.0,off
4.4,19.460365295410156,8.568594932556152,17.309812545776367,2.4928808212280273,1.9561725854873657,27.41817283630371,28.603044509887695,-0.0,-0.0,-0.0,-0.0,off
4.42,19.335060119628906,8.346467018127441,17.279367446899414,2.5393569469451904,2.014491081237793,27.241230010986328,28.461149215698242,-0.0,0.0,-0.0,-0.0,off
4.44,19.164134979248047,8.191143035888672,17.22477912902832,2.595442771911621,2.0725862979888916,27.03797149658203,28.313508987426758,0.0,-0.0,-0.0,0.0,off
4.46,18.937725067138672,7.970054626464844,17.199153900146484,2.631650447845459,2.128492593765259,26.794963836669922,28.156219482421875,0.0,-0.0,-0.0,0.0,off
4.48,18.815078735351562,7.803165435791016,17.170595169067383,2.67083477973938,2.1827268600463867,26.640682220458984,27.999433517456055,-0.0,-0.0,-0.0,-0.0,off
4.5,18.660415649414062,7.599928379058838,17.158964157104492,2.712454319000244,2.2356996536254883,26.465072631835938,27.84069061279297,-0.0,0.0,-0.0,-0.0,off
4.5200000000000005,18.402759552001953,7.384337902069092,17.116880416870117,2.761909008026123,2.288320541381836,26.194992065429688,27.670698165893555,0.0,-0.0,-0.0,0.0,off
4.54,18.19436264038086,7.192768096923828,17.086965560913086,2.8123629093170166,2.3407249450683594,25.975664138793945,27.495756149291992,-0.0,-0.0,-0.0,-0.0,off
4.5600000000000005,18.035768508911133,6.988890647888184,17.04471778869629,2.84371018409729,2.391023635864258,25.780921936035156,27.318822860717773,-0.0,-0.0,-0.0,-0.0,off
4.58,17.965505599975586,6.813523769378662,17.009220123291016,2.8799171447753906,2.439913034439087,25.661197662353516,27.147781372070312,-0.0,-0.0,-0.0,-0.0,off
4.6000000000000005,17.825546264648438,6.681713581085205,16.985069274902344,2.9153101444244385,2.487452745437622,25.51250648498535,26.9792537689209,-0.0,-0.0,-0.0,-0.0,off
4.62,17.688081741333008,6.46146297454834,16.95038414001465,2.95943284034729,2.5346505641937256,25.336421966552734,26.809799194335938,-0.0,-0.0,-0.0,-0.0,off
4.64,17.46107292175293,6.270961761474609,16.9394474029541,2.9967503547668457,2.5808603763580322,25.12287712097168,26.635759353637695,-0.0,-0.0,-0.0,-0.0,off
4.66,17.269981384277344,6.095104217529297,16.920604705810547,3.0259580612182617,2.6253700256347656,24.934101104736328,26.460201263427734,-0.0,-0.0,-0.0,-0.0,off
4.68,17.106719970703125,5.894402027130127,16.895183563232422,3.048715114593506,2.6677045822143555,24.75542449951172,26.284198760986328,-0.0,-0.0,-0.0,-0.0,off
4.7,16.98538589477539,5.694363594055176,16.873950958251953,3.0776400566101074,2.708698034286499,24.610145568847656,26.111177444458008,-0.0,-0.0,-0.0,-0.0,off
4.72,16.772262573242188,5.610016345977783,16.8297119140625,3.1052088737487793,2.7483489513397217,24.41352653503418,25.93626594543457,-0.0,-0.0,-0.0,-0.0,off
4.74,16.45707893371582,5.355292320251465,16.783069610595703,3.119953155517578,2.7855093479156494,24.107799530029297,25.747644424438477,0.0,0.0,-0.0,0.0,off
4.76,16.241474151611328,5.143629550933838,16.728668212890625,3.1289496421813965,2.8198533058166504,23.87657356262207,25.554561614990234,0.0,0.0,-0.0,0.0,off
4.78,16.12887191772461,4.950756549835205,16.69327735900879,3.1387741565704346,2.851745367050171,23.734277725219727,25.366559982299805,-0.0,-0.0,-0.0,-0.0,off
4.8,16.056745529174805,4.757548809051514,16.639230728149414,3.154879093170166,2.882058620452881,23.60757064819336,25.18480110168457,-0.0,-0.0,-0.0,-0.0,off
4.82,15.912468910217285,4.534840106964111,16.605030059814453,3.155977725982666,2.9094505310058594,23.441383361816406,25.00433349609375,-0.0,-0.0,-0.0,-0.0,off
4.84,15.84070110321045,4.3881707191467285,16.56306266784668,3.1566476821899414,2.9341702461242676,23.334928512573242,24.83158302307129,-0.0,-0.0,-0.0,-0.0,off
4.86,15.623977661132812,4.259291172027588,16.506689071655273,3.1364355087280273,2.9543967247009277,23.124034881591797,24.655237197875977,-0.0,-0.0,-0.0,-0.0,off
4.88,15.537995338439941,4.088380813598633,16.456132888793945,3.1052465438842773,2.9694817066192627,22.99888038635254,24.484121322631836,-0.0,-0.0,-0.0,-0.0,off
4.9,15.306344985961914,3.8455281257629395,16.394929885864258,3.067688465118408,2.979302406311035,22.756669998168945,24.305391311645508,0.0,-0.0,-0.0,0.0,off
4.92,15.263808250427246,3.633143424987793,16.29947853088379,3.012977123260498,2.9826698303222656,22.62424659729004,24.1313533782959,-0.0,-0.0,-0.0,-0.0,off
4.94,15.162492752075195,3.4778895378112793,16.23353385925293,2.961850643157959,2.9805877208709717,22.483871459960938,23.960893630981445,0.0,-0.0,-0.0,0.0,off
4.96,15.133450508117676,3.174572467803955,16.12672233581543,2.910857677459717,2.9736146926879883,22.342121124267578,23.792709350585938,0.0,-0.0,-0.0,0.0,off
4.98,15.03006649017334,2.9946041107177734,15.996191024780273,2.8695168495178223,2.963204860687256,22.152849197387695,23.62261390686035,0.0,-0.0,-0.0,0.0,off
5.0,14.91052532196045,2.724254608154297,15.799089431762695,2.8133544921875,2.9482197761535645,21.89421272277832,23.443315505981445,-0.0,-0.0,-0.0,-0.0,off
5.0200000000000005,14.81653881072998,2.3995494842529297,15.593119621276855,2.746086597442627,2.928006410598755,21.643314361572266,23.256065368652344,-0.0,-0.0,-0.0,-0.0,off
5.04,14.75294303894043,2.1076889038085938,15.414121627807617,2.6782355308532715,2.903029203414917,21.4403076171875,23.066598892211914,-0.0,-0.0,-0.0,-0.0,off
5.0600000000000005,14.479859352111816,1.7688044309616089,15.137359619140625,2.619999408721924,2.8747260570526123,21.022241592407227,22.853382110595703,-0.0,-0.0,-0.0,-0.0,off
5.08,14.416492462158203,1.5455302000045776,14.881433486938477,2.551966905593872,2.8424501419067383,20.776933670043945,22.63692855834961,-0.0,-0.0,-0.0,-0.0,off
5.1000000000000005,14.287703514099121,1.2868026494979858,14.565042495727539,2.4531002044677734,2.8035151958465576,20.443452835083008,22.408405303955078,-0.0,-0.0,-0.0,-0.0,off
5.12,14.20328426361084,1.0670746564865112,14.306503295898438,2.368842601776123,2.7600479125976562,20.187816619873047,22.177003860473633,-0.0,-0.0,-0.0,-0.0,off
5.14,14.119372367858887,0.8199852705001831,14.086167335510254,2.2846896648406982,2.7125120162963867,19.961191177368164,21.945600509643555,-0.0,-0.0,-0.0,-0.0,off
5.16,14.140158653259277,0.5720046758651733,13.868029594421387,2.216550588607788,2.6629159450531006,19.81397247314453,21.72191619873047,-0.0,-0.0,-0.0,-0.0,off
5.18,14.18224811553955,0.19068992137908936,13.708874702453613,2.1312527656555176,2.6097495555877686,19.72576332092285,21.509706497192383,-0.0,-0.0,-0.0,-0.0,off
5.2,14.09290599822998,-0.1548229455947876,13.567501068115234,2.023022174835205,2.551076650619507,19.56300163269043,21.301090240478516,-0.0,-0.0,-0.0,-0.0,off
5.22,13.974228858947754,-0.548923134803772,13.416769027709961,1.9517461061477661,2.4911437034606934,19.380146026611328,21.093177795410156,-0.0,0.0,-0.0,-0.0,off
5.24,13.84676456451416,-0.9137026071548462,13.352142333984375,1.9249331951141357,2.4345226287841797,19.257400512695312,20.89240264892578,-0.0,-0.0,-0.0,-0.0,off
5.26,13.875458717346191,-1.4161955118179321,13.318726539611816,1.9102340936660767,2.382093667984009,19.285289764404297,20.711105346679688,-0.0,-0.0,-0.0,-0.0,off
5.28,13.947131156921387,-1.9093323945999146,13.293127059936523,1.8741263151168823,2.331296920776367,19.3616943359375,20.55238151550293,-0.0,0.0,-0.0,-0.0,off
5.3,14.034497261047363,-2.470855712890625,13.215730667114258,1.8344022035598755,2.2816073894500732,19.43522071838379,20.412662506103516,-0.0,0.0,-0.0,-0.0,off
5.32,14.2179594039917,-2.999605655670166,13.230964660644531,1.8203707933425903,2.2354836463928223,19.652135848999023,20.305282592773438,-0.0,-0.0,-0.0,-0.0,off
5.34,14.37224006652832,-3.5354509353637695,13.293338775634766,1.8046003580093384,2.1923952102661133,19.894058227539062,20.229936599731445,-0.0,-0.0,-0.0,-0.0,off
5.36,14.520915031433105,-4.007199764251709,13.326761245727539,1.7813040018081665,2.1512861251831055,20.112613677978516,20.182538986206055,-0.0,-0.0,-0.0,-0.0,off
5.38,14.591572761535645,-4.565430164337158,13.321564674377441,1.7496899366378784,2.11112642288208,20.27859115600586,20.153690338134766,-0.0,-0.0,-0.0,-0.0,off
5.4,14.53278636932373,-5.170446395874023,13.317912101745605,1.7110844850540161,2.071122169494629,20.378963470458984,20.134397506713867,-0.0,-0.0,-0.0,-0.0,off
5.42,14.568459510803223,-5.7667436599731445,13.270479202270508,1.7058669328689575,2.0345964431762695,20.532922744750977,20.129436492919922,-0.0,-0.0,-0.0,-0.0,off
5.44,14.738764762878418,-6.287146091461182,13.19143295288086,1.7076694965362549,2.001903533935547,20.75507926940918,20.146074295043945,-0.0,-0.0,-0.0,-0.0,off
5.46,14.827346801757812,-6.653929710388184,13.211004257202148,1.7011064291000366,1.9718236923217773,20.944107055664062,20.18244743347168,-0.0,-0.0,-0.0,-0.0,off
5.48,14.850996971130371,-7.245970249176025,13.182859420776367,1.6753484010696411,1.942176103591919,21.138683319091797,20.232481002807617,-0.0,-0.0,-0.0,-0.0,off
5.5,14.905516624450684,-7.74116325378418,13.254741668701172,1.6521594524383545,1.9131743907928467,21.395986557006836,20.30386734008789,-0.0,-0.0,-0.0,-0.0,off
5.5200000000000005,15.016136169433594,-8.033886909484863,13.299406051635742,1.6260360479354858,1.8844605684280396,21.607912063598633,20.393680572509766,-0.0,-0.0,-0.0,-0.0,off
5.54,15.06187629699707,-8.17923355102539,13.316640853881836,1.586633324623108,1.8546779155731201,21.704673767089844,20.49013900756836,-0.0,0.0,-0.0,-0.0,off
5.5600000000000005,15.014138221740723,-8.64183235168457,13.276569366455078,1.554339051246643,1.8246439695358276,21.82596778869629,20.58865737915039,-0.0,0.0,-0.0,-0.0,off
5.58,14.751761436462402,-8.75544548034668,13.406949996948242,1.5093179941177368,1.7931113243103027,21.771968841552734,20.677000045776367,0.0,-0.0,-0.0,0.0,off
5.6000000000000005,14.589688301086426,-9.054804801940918,13.46259880065918,1.4528356790542603,1.7590837478637695,21.819488525390625,20.76266860961914,-0.0,-0.0,-0.0,-0.0,off
5.62,14.750697135925293,-9.251049995422363,13.587133407592773,1.3952317237854004,1.722698450088501,22.085634231567383,20.87047576904297,-0.0,-0.0,-0.0,-0.0,off
5.64,14.834562301635742,-9.489418983459473,13.594125747680664,1.3125089406967163,1.681679368019104,22.246652603149414,20.98590660095215,-0.0,-0.0,-0.0,-0.0,off
5.66,14.885279655456543,-9.666830062866211,13.476215362548828,1.2610738277435303,1.6396187543869019,22.285140991210938,21.09580421447754,-0.0,-0.0,-0.0,-0.0,off
5.68,14.713089942932129,-9.782705307006836,13.393144607543945,1.2218029499053955,1.597837209701538,22.170988082885742,21.185224533081055,-0.0,-0.0,-0.0,-0.0,off
5.7,14.557024955749512,-10.057398796081543,13.276678085327148,1.1874421834945679,1.556797742843628,22.120769500732422,21.26047134399414,-0.0,-0.0,-0.0,-0.0,off
5.72,14.46274185180664,-10.399330139160156,13.168338775634766,1.1213880777359009,1.5132567882537842,22.15224838256836,21.330608367919922,-0.0,0.0,-0.0,-0.0,off
5.74,14.164250373840332,-10.591585159301758,12.96062183380127,1.0265475511550903,1.464585781097412,21.92681884765625,21.37105941772461,-0.0,-0.0,-0.0,-0.0,off
5.76,14.35398006439209,-11.052220344543457,12.792943954467773,0.9771790504455566,1.4158450365066528,22.177640914916992,21.43128204345703,-0.0,-0.0,-0.0,-0.0,off
5.78,14.774022102355957,-11.323907852172852,12.568848609924316,0.9778742790222168,1.3720479011535645,22.460599899291992,21.514928817749023,-0.0,-0.0,-0.0,-0.0,off
5.8,15.271023750305176,-11.795930862426758,12.288369178771973,1.0140324831008911,1.336246371269226,22.87689208984375,21.629919052124023,0.0,-0.0,-0.0,0.0,off
5.82,15.560465812683105,-12.362565040588379,12.407296180725098,1.0413917303085327,1.3067609071731567,23.428659439086914,21.788318634033203,-0.0,-0.0,-0.0,-0.0,off
5.84,15.565567970275879,-12.46346378326416,12.613513946533203,1.051119327545166,1.2811967134475708,23.595033645629883,21.952194213867188,-0.0,0.0,-0.0,-0.0,off
5.86,15.560490608215332,-12.840678215026855,12.820319175720215,1.0522624254226685,1.2583032846450806,23.903398513793945,22.131690979003906,-0.0,0.0,-0.0,-0.0,off
5.88,15.799593925476074,-13.022629737854004,13.084465980529785,1.0460578203201294,1.2370786666870117,24.298545837402344,22.336185455322266,-0.0,0.0,-0.0,-0.0,off
5.9,16.036056518554688,-13.106951713562012,13.187102317810059,1.0319983959197998,1.2165706157684326,24.552942276000977,22.548431396484375,-0.0,-0.0,-0.0,-0.0,off
5.92,16.323888778686523,-13.351249694824219,13.284807205200195,1.0317414999008179,1.1980876922607422,24.924110412597656,22.777782440185547,-0.0,-0.0,-0.0,-0.0,off
5.94,16.494264602661133,-13.5797758102417,13.348031044006348,1.017951250076294,1.1800739765167236,25.192081451416016,23.011823654174805,-0.0,0.0,-0.0,-0.0,off
5.96,16.53455352783203,-13.810736656188965,13.610107421875,1.0112756490707397,1.163194179534912,25.482601165771484,23.252716064453125,-0.0,0.0,-0.0,-0.0,off
5.98,16.6993350982666,-13.801435470581055,13.938854217529297,0.9916258454322815,1.1460373401641846,25.761192321777344,23.499771118164062,-0.0,-0.0,-0.0,-0.0,off
6.0,16.808170318603516,-13.83807373046875,14.324373245239258,0.9467281103134155,1.1261063814163208,26.06136131286621,23.753559112548828,-0.0,-0.0,-0.0,-0.0,off
6.0200000000000005,16.891780853271484,-13.883988380432129,14.639264106750488,0.8926776647567749,1.1027634143829346,26.3135986328125,24.007925033569336,-0.0,-0.0,-0.0,-0.0,off
6.04,16.763629913330078,-13.941499710083008,14.921158790588379,0.8569456338882446,1.0781816244125366,26.420175552368164,24.247472763061523,-0.0,-0.0,-0.0,-0.0,off
6.0600000000000005,16.924091339111328,-13.93982982635498,15.143835067749023,0.8323922753334045,1.053602695465088,26.647315979003906,24.486345291137695,-0.0,-0.0,-0.0,-0.0,off
6.08,16.992563247680664,-14.098554611206055,15.380692481994629,0.80431067943573,1.028673529624939,26.908775329589844,24.727413177490234,-0.0,-0.0,-0.0,-0.0,off
6.1000000000000005,17.27981948852539,-14.187833786010742,15.575902938842773,0.7793892025947571,1.0037450790405273,27.24877166748047,24.978849411010742,0.0,0.0,-0.0,0.0,off
6.12,17.50602149963379,-14.236233711242676,15.691387176513672,0.7593019604682922,0.9793007373809814,27.483646392822266,25.22895050048828,0.0,-0.0,-0.0,0.0,off
6.140000000000001,17.792097091674805,-14.270402908325195,15.660842895507812,0.747115969657898,0.956082284450531,27.66703987121582,25.47266960144043,-0.0,-0.0,-0.0,-0.0,off
6.16,17.974912643432617,-14.330384254455566,15.572413444519043,0.7312638759613037,0.9336004257202148,27.76612091064453,25.701953887939453,-0.0,-0.0,-0.0,-0.0,off
6.18,17.94643783569336,-14.390982627868652,15.530591011047363,0.6801155805587769,0.908251941204071,27.755617141723633,25.907215118408203,-0.0,-0.0,-0.0,-0.0,off
6.2,18.00250816345215,-14.51795768737793,15.502412796020508,0.6452992558479309,0.8819566965103149,27.842166900634766,26.100526809692383,-0.0,0.0,-0.0,-0.0,off
6.22,18.066226959228516,-14.672456741333008,15.455469131469727,0.6189444661140442,0.8556554317474365,27.93816566467285,26.283973693847656,-0.0,-0.0,-0.0,-0.0,off
6.24,18.18293571472168,-14.791606903076172,15.399153709411621,0.6047782897949219,0.8305677175521851,28.0454044342041,26.459678649902344,-0.0,-0.0,-0.0,-0.0,off
6.26,18.287141799926758,-14.90902042388916,15.40621566772461,0.598483145236969,0.8073592185974121,28.178892135620117,26.63111686706543,-0.0,-0.0,-0.0,-0.0,off
6.28,18.275375366210938,-14.963447570800781,15.36929988861084,0.5945394039154053,0.7860772609710693,28.179948806762695,26.785507202148438,-0.0,-0.0,-0.0,-0.0,off
6.3,18.188121795654297,-14.991531372070312,15.339197158813477,0.5709179043769836,0.7645612955093384,28.12196159362793,26.91868782043457,-0.0,-0.0,-0.0,-0.0,off
6.32,18.218830108642578,-14.98382568359375,15.449252128601074,0.572463870048523,0.7453515529632568,28.1978759765625,27.046344757080078,-0.0,-0.0,-0.0,-0.0,off
6.34,18.425806045532227,-14.998123168945312,15.49129581451416,0.5602588057518005,0.7268422245979309,28.362550735473633,27.177772521972656,-0.0,-0.0,-0.0,-0.0,off
6.36,18.399080276489258,-15.028742790222168,15.441164016723633,0.5222491025924683,0.7063829302787781,28.33405876159668,27.29318618774414,-0.0,-0.0,-0.0,-0.0,off
6.38,18.28213119506836,-15.038325309753418,15.508711814880371,0.4832490086555481,0.6840695142745972,28.300312042236328,27.393760681152344,-0.0,-0.0,-0.0,-0.0,off
6.4,18.381771087646484,-14.975716590881348,15.459522247314453,0.45388829708099365,0.6610513925552368,28.30474281311035,27.484758377075195,-0.0,-0.0,-0.0,-0.0,off
6.42,18.490859985351562,-14.9817476272583,15.484184265136719,0.4345698654651642,0.6384032368659973,28.392333984375,27.57542610168457,-0.0,-0.0,-0.0,-0.0,off
6.44,18.519718170166016,-14.803181648254395,15.39422607421875,0.4088895618915558,0.6154518723487854,28.268291473388672,27.644588470458984,-0.0,-0.0,-0.0,-0.0,off
6.46,18.487215042114258,-14.766590118408203,15.359748840332031,0.3702201247215271,0.5909286737442017,28.209062576293945,27.700929641723633,-0.0,-0.0,-0.0,-0.0,off
6.48,18.557615280151367,-14.712273597717285,15.337403297424316,0.34120720624923706,0.5659565329551697,28.21474838256836,27.752159118652344,-0.0,0.0,-0.0,-0.0,off
6.5,18.724918365478516,-14.799036979675293,15.307008743286133,0.3318372070789337,0.5425445437431335,28.353811264038086,27.81207275390625,0.0,0.0,-0.0,0.0,off
6.5200000000000005,18.985910415649414,-14.673441886901855,15.226926803588867,0.3244970142841339,0.5207397937774658,28.418901443481445,27.872119903564453,-0.0,-0.0,-0.0,-0.0,off
6.54,19.113990783691406,-14.691012382507324,15.122817993164062,0.3050084710121155,0.49916666746139526,28.45821762084961,27.92991065979004,-0.0,-0.0,-0.0,-0.0,off
6.5600000000000005,19.188682556152344,-14.80437183380127,15.045796394348145,0.27621990442276,0.47687196731567383,28.526321411132812,27.988712310791016,-0.0,-0.0,-0.0,-0.0,off
6.58,19.06194496154785,-14.869391441345215,14.992548942565918,0.2415337860584259,0.4533381462097168,28.447023391723633,28.033960342407227,-0.0,-0.0,-0.0,-0.0,off
6.6000000000000005,19.165950775146484,-14.888566970825195,14.877816200256348,0.213607519865036,0.4293650686740875,28.466691970825195,28.07645606994629,-0.0,-0.0,-0.0,-0.0,off
6.62,19.421092987060547,-15.005573272705078,14.805503845214844,0.1841011643409729,0.4048386812210083,28.662677764892578,28.133947372436523,-0.0,-0.0,-0.0,-0.0,off
6.640000000000001,19.618436813354492,-15.04653263092041,14.765013694763184,0.15932130813598633,0.38028693199157715,28.797340393066406,28.198974609375,-0.0,-0.0,-0.0,-0.0,off
6.66,19.812339782714844,-15.098067283630371,14.719226837158203,0.12817871570587158,0.3550760746002197,28.933303833007812,28.270912170410156,-0.0,-0.0,-0.0,-0.0,off
6.68,19.908174514770508,-15.094175338745117,14.73594856262207,0.11374067515134811,0.3309425115585327,29.005477905273438,28.343032836914062,-0.0,-0.0,-0.0,-0.0,off
6.7,20.082612991333008,-15.01032543182373,14.810262680053711,0.1000814363360405,0.30785641074180603,29.119840621948242,28.419435501098633,-0.0,-0.0,-0.0,-0.0,off
6.72,20.143301010131836,-15.0159273147583,14.848868370056152,0.0786021277308464,0.2849309742450714,29.184234619140625,28.494848251342773,-0.0,-0.0,-0.0,-0.0,off
6.74,20.25432014465332,-15.020939826965332,14.941494941711426,0.07166003435850143,0.2636038661003113,29.310653686523438,28.57552719116211,-0.0,-0.0,-0.0,-0.0,off
6.76,20.406587600708008,-15.035710334777832,14.999776840209961,0.07060115784406662,0.24430358409881592,29.453262329101562,28.662425994873047,-0.0,-0.0,-0.0,-0.0,off
6.78,20.519479751586914,-14.996781349182129,15.049125671386719,0.06073307245969772,0.22594653069972992,29.536903381347656,28.749013900756836,-0.0,-0.0,-0.0,-0.0,off
6.8,20.493274688720703,-14.882672309875488,15.110758781433105,0.043424926698207855,0.20769436657428741,29.492427825927734,28.822641372680664,-0.0,-0.0,-0.0,-0.0,off
6.82,20.549819946289062,-14.881081581115723,15.19312572479248,0.01495932787656784,0.1884208470582962,29.57317543029785,28.897092819213867,-0.0,-0.0,-0.0,-0.0,off
6.84,20.681013107299805,-14.952757835388184,15.260323524475098,-0.008671410381793976,0.1687116175889969,29.734941482543945,28.980348587036133,-0.0,-0.0,-0.0,-0.0,off
6.86,20.695466995239258,-14.905516624450684,15.292983055114746,-0.03055686503648758,0.14878475666046143,29.73805809020996,29.055644989013672,-0.0,0.0,-0.0,-0.0,off
6.88,20.77909278869629,-14.93526554107666,15.42769718170166,-0.04233536869287491,0.12967273592948914,29.88054084777832,29.137737274169922,-0.0,-0.0,-0.0,-0.0,off
6.9,20.955547332763672,-14.856831550598145,15.57601261138916,-0.04638747125864029,0.11206671595573425,30.041181564331055,29.22749900817871,-0.0,-0.0,-0.0,-0.0,off
6.92,21.127811431884766,-14.816798210144043,15.708634376525879,-0.05232376605272293,0.09562766551971436,30.21064567565918,29.325092315673828,-0.0,-0.0,-0.0,-0.0,off
6.94,21.27278709411621,-14.781880378723145,15.815788269042969,-0.052544184029102325,0.08081047981977463,30.350858688354492,29.42685317993164,-0.0,-0.0,-0.0,-0.0,off
6.96,21.30466651916504,-14.767474174499512,15.930615425109863,-0.04428858309984207,0.06830057501792908,30.426166534423828,29.52603530883789,-0.0,-0.0,-0.0,-0.0,off
6.98,21.34949493408203,-14.664188385009766,16.048095703125,-0.04307717829942703,0.057162798941135406,30.469341278076172,29.619474411010742,-0.0,-0.0,-0.0,-0.0,off
7.0,21.481170654296875,-14.558574676513672,16.085769653320312,-0.05463201552629471,0.045983314514160156,30.53104591369629,29.709556579589844,-0.0,-0.0,-0.0,-0.0,off
7.0200000000000005,21.604089736938477,-14.522551536560059,16.16238784790039,-0.06742233783006668,0.03464274853467941,30.640888214111328,29.801578521728516,-0.0,-0.0,-0.0,-0.0,off
7.04,21.709556579589844,-14.546826362609863,16.21857452392578,-0.07036186009645462,0.02414228580892086,30.75641632080078,29.89607810974121,-0.0,-0.0,-0.0,-0.0,off
7.0600000000000005,21.71302032470703,-14.46383285522461,16.325334548950195,-0.07805205136537552,0.013922851532697678,30.776195526123047,29.98306655883789,-0.0,-0.0,-0.0,-0.0,off
7.08,21.857187271118164,-14.440960884094238,16.33574867248535,-0.11636275798082352,0.0008942903950810432,30.872879028320312,30.071035385131836,-0.0,0.0,-0.0,-0.0,off
7.1000000000000005,21.998924255371094,-14.504390716552734,16.382585525512695,-0.1489558219909668,-0.014090721495449543,31.0277156829834,30.165851593017578,-0.0,-0.0,-0.0,-0.0,off
7.12,22.08365249633789,-14.489479064941406,16.476469039916992,-0.16678965091705322,-0.029360614717006683,31.13047981262207,30.261484146118164,-0.0,-0.0,-0.0,-0.0,off
7.140000000000001,22.25335121154785,-14.454541206359863,16.555635452270508,-0.1897956132888794,-0.045404113829135895,31.2767391204834,30.36208152770996,-0.0,-0.0,-0.0,-0.0,off
7.16,22.4237117767334,-14.443159103393555,16.661733627319336,-0.21423083543777466,-0.06228678673505783,31.449024200439453,30.469797134399414,-0.0,-0.0,-0.0,-0.0,off
7.18,22.506155014038086,-14.447650909423828,16.793245315551758,-0.23900175094604492,-0.07995828241109848,31.57965660095215,30.579866409301758,-0.0,0.0,-0.0,-0.0,off
7.2,22.57054328918457,-14.387147903442383,16.920576095581055,-0.23818457126617432,-0.09578090906143188,31.66583824157715,30.687475204467773,-0.0,-0.0,-0.0,-0.0,off
7.22,22.569534301757812,-14.417387008666992,17.02110481262207,-0.24120479822158813,-0.11032329499721527,31.73267936706543,30.791187286376953,-0.0,-0.0,-0.0,-0.0,off
7.24,22.793546676635742,-14.318078994750977,17.11373519897461,-0.24745124578475952,-0.12403608858585358,31.897226333618164,30.90072250366211,-0.0,-0.0,-0.0,-0.0,off
7.26,22.957536697387695,-14.268826484680176,17.187902450561523,-0.2662624716758728,-0.13825872540473938,32.03235626220703,31.012733459472656,0.0,-0.0,-0.0,0.0,off
7.28,23.040489196777344,-14.211816787719727,17.261106491088867,-0.28136080503463745,-0.15256892144680023,32.10585021972656,31.120874404907227,-0.0,-0.0,-0.0,-0.0,off
7.3,23.094501495361328,-14.168822288513184,17.344593048095703,-0.29514598846435547,-0.16682662069797516,32.17058181762695,31.22470474243164,0.0,-0.0,-0.0,0.0,off
7.32,23.220169067382812,-14.128724098205566,17.40496253967285,-0.31628096103668213,-0.18177205324172974,32.275840759277344,31.328672409057617,-0.0,-0.0,-0.0,-0.0,off
7.34,23.288850784301758,-14.138961791992188,17.447702407836914,-0.3394031524658203,-0.19753515720367432,32.35279083251953,31.430097579956055,-0.0,-0.0,-0.0,-0.0,off
7.36,23.33964729309082,-14.104646682739258,17.499662399291992,-0.3743656277656555,-0.2152182012796402,32.402442932128906,31.52640151977539,-0.0,-0.0,-0.0,-0.0,off
7.38,23.415842056274414,-14.050021171569824,17.536970138549805,-0.40955567359924316,-0.23465195298194885,32.45381164550781,31.618209838867188,-0.0,-0.0,-0.0,-0.0,off
7.4,23.445175170898438,-14.010418891906738,17.573711395263672,-0.4257888197898865,-0.25376564264297485,32.47773742675781,31.703290939331055,-0.0,-0.0,-0.0,-0.0,off
7.42,23.505443572998047,-13.951781272888184,17.62440299987793,-0.4409773349761963,-0.2724868059158325,32.523494720458984,31.784427642822266,-0.0,-0.0,-0.0,-0.0,off
7.44,23.586275100708008,-13.913658142089844,17.65369987487793,-0.46243107318878174,-0.29148122668266296,32.581520080566406,31.863277435302734,-0.0,-0.0,-0.0,-0.0,off
7.46,23.64522933959961,-13.91125774383545,17.70798683166504,-0.480154812335968,-0.3103485703468323,32.65260696411133,31.941444396972656,-0.0,-0.0,-0.0,-0.0,off
7.48,23.721046447753906,-13.917372703552246,17.753570556640625,-0.48830658197402954,-0.328144371509552,32.7348518371582,32.020103454589844,-0.0,0.0,-0.0,-0.0,off
7.5,23.82633399963379,-13.829798698425293,17.789278030395508,-0.4951431155204773,-0.344844251871109,32.79353713989258,32.09666061401367,-0.0,-0.0,-0.0,-0.0,off
7.5200000000000005,23.872318267822266,-13.746309280395508,17.81220817565918,-0.5128939747810364,-0.36164921522140503,32.804317474365234,32.16659164428711,-0.0,-0.0,-0.0,-0.0,off
7.54,23.94137954711914,-13.682095527648926,17.846866607666016,-0.5392909049987793,-0.379413366317749,32.846614837646484,32.233741760253906,-0.0,-0.0,-0.0,-0.0,off
7.5600000000000005,23.97577667236328,-13.56712532043457,17.904380798339844,-0.5497844815254211,-0.3964504897594452,32.855316162109375,32.2949333190918,-0.0,0.0,-0.0,-0.0,off
7.58,24.02494239807129,-13.566518783569336,17.957124710083008,-0.5303358435630798,-0.40983903408050537,32.919700622558594,32.356571197509766,-0.0,-0.0,-0.0,-0.0,off
7.6000000000000005,24.030975341796875,-13.47138786315918,17.996652603149414,-0.5160046815872192,-0.42045557498931885,32.906620025634766,32.41069030761719,-0.0,-0.0,-0.0,-0.0,off
7.62,24.05121421813965,-13.300179481506348,18.016834259033203,-0.5234429240226746,-0.43075430393218994,32.86277389526367,32.45481872558594,-0.0,0.0,-0.0,-0.0,off
7.640000000000001,24.10392951965332,-13.139674186706543,18.036863327026367,-0.532352864742279,-0.4409141540527344,32.84781265258789,32.49283981323242,-0.0,0.0,-0.0,-0.0,off
7.66,24.129560470581055,-13.054388999938965,18.053380966186523,-0.544030487537384,-0.45122575759887695,32.84170150756836,32.52646255493164,-0.0,-0.0,-0.0,-0.0,off
7.68,24.142465591430664,-13.010149955749512,18.061235427856445,-0.5575847625732422,-0.46186164021492004,32.837947845458984,32.556480407714844,-0.0,-0.0,-0.0,-0.0,off
7.7,24.17972755432129,-12.956414222717285,18.08348274230957,-0.5690920948982239,-0.47258466482162476,32.85635757446289,32.58539581298828,-0.0,-0.0,-0.0,-0.0,off
7.72,24.183420181274414,-12.806157112121582,18.07465171813965,-0.5874444842338562,-0.48407065868377686,32.79525375366211,32.605194091796875,-0.0,-0.0,-0.0,-0.0,off
7.74,24.25697898864746,-12.713151931762695,18.0948543548584,-0.6036374568939209,-0.4960273206233978,32.82451629638672,32.62588119506836,-0.0,-0.0,-0.0,-0.0,off
7.76,24.319095611572266,-12.625269889831543,18.130598068237305,-0.6110817790031433,-0.5075327754020691,32.85626983642578,32.647640228271484,-0.0,-0.0,-0.0,-0.0,off
7.78,24.334665298461914,-12.487741470336914,18.14386558532715,-0.6242277026176453,-0.5192022323608398,32.82254409790039,32.663753509521484,-0.0,-0.0,-0.0,-0.0,off
7.8,24.379735946655273,-12.273569107055664,18.15071678161621,-0.6472834944725037,-0.5320103168487549,32.77896499633789,32.67356872558594,-0.0,-0.0,-0.0,-0.0,off
7.82,24.399309158325195,-12.19225025177002,18.174341201782227,-0.6894415616989136,-0.5477534532546997,32.77627182006836,32.68220901489258,-0.0,-0.0,-0.0,-0.0,off
7.84,24.456783294677734,-12.066889762878418,18.198896408081055,-0.7092741131782532,-0.5639054775238037,32.786338806152344,32.69090270996094,-0.0,-0.0,-0.0,-0.0,off
7.86,24.49154281616211,-11.936230659484863,18.23479652404785,-0.7241465449333191,-0.579929530620575,32.78440475463867,32.698448181152344,-0.0,-0.0,-0.0,-0.0,off
7.88,24.517696380615234,-11.844400405883789,18.25763511657715,-0.7458591461181641,-0.5965224504470825,32.783355712890625,32.7051887512207,-0.0,-0.0,-0.0,-0.0,off
7.9,24.533222198486328,-11.738887786865234,18.271554946899414,-0.774853527545929,-0.6143555641174316,32.7647705078125,32.70941925048828,-0.0,-0.0,-0.0,-0.0,off
7.92,24.588041305541992,-11.60557746887207,18.293134689331055,-0.7903797030448914,-0.6319579482078552,32.77041244506836,32.713687896728516,-0.0,-0.0,-0.0,-0.0,off
7.94,24.574447631835938,-11.43582534790039,18.325353622436523,-0.7806354761123657,-0.6468256711959839,32.71849822998047,32.71219253540039,-0.0,-0.0,-0.0,-0.0,off
7.96,24.569904327392578,-11.340567588806152,18.32554054260254,-0.7810023427009583,-0.6602432727813721,32.68201446533203,32.707305908203125,-0.0,-0.0,-0.0,-0.0,off
7.98,24.571359634399414,-11.217822074890137,18.322092056274414,-0.7900061011314392,-0.6732195019721985,32.63878631591797,32.69858932495117,-0.0,-0.0,-0.0,-0.0,off
8.0,24.587488174438477,-11.085680961608887,18.338605880737305,-0.7933654189109802,-0.6852340698242188,32.615047454833984,32.68832015991211,-0.0,-0.0,-0.0,-0.0,off
8.02,24.562564849853516,-10.919676780700684,18.34834098815918,-0.788356602191925,-0.6955463290214539,32.54566955566406,32.67203140258789,-0.0,0.0,-0.0,-0.0,off
8.040000000000001,24.546903610229492,-10.77884578704834,18.369394302368164,-0.7622734308242798,-0.7022190690040588,32.498748779296875,32.65263748168945,-0.0,0.0,-0.0,-0.0,off
8.06,24.523332595825195,-10.55631160736084,18.376195907592773,-0.7484295964241028,-0.7068401575088501,32.41163635253906,32.626182556152344,-0.0,-0.0,-0.0,-0.0,off
8.08,24.46533966064453,-10.332597732543945,18.35890007019043,-0.7541679739952087,-0.7115729451179504,32.28567123413086,32.58953857421875,-0.0,-0.0,-0.0,-0.0,off
8.1,24.39683723449707,-10.024176597595215,18.394180297851562,-0.7626142501831055,-0.7166770100593567,32.15642547607422,32.54304122924805,-0.0,-0.0,-0.0,-0.0,off
8.120000000000001,24.318727493286133,-9.774916648864746,18.412935256958008,-0.7680181264877319,-0.7218111157417297,32.03101348876953,32.48832702636719,-0.0,-0.0,-0.0,-0.0,off
8.14,24.248308181762695,-9.483525276184082,18.410524368286133,-0.7784678339958191,-0.7274767756462097,31.888322830200195,32.42433166503906,-0.0,-0.0,-0.0,-0.0,off
8.16,24.19445037841797,-9.188963890075684,18.412334442138672,-0.7952613234519958,-0.7342551946640015,31.761966705322266,32.35359573364258,-0.0,-0.0,-0.0,-0.0,off
8.18,24.11505889892578,-8.865050315856934,18.405534744262695,-0.8067863583564758,-0.7415083050727844,31.60520362854004,32.273651123046875,-0.0,-0.0,-0.0,-0.0,off
8.2,24.008501052856445,-8.534802436828613,18.395048141479492,-0.8106842041015625,-0.7484258413314819,31.42656135559082,32.18324279785156,-0.0,-0.0,-0.0,-0.0,off
8.22,24.017127990722656,-8.158883094787598,18.388540267944336,-0.8137650489807129,-0.754959762096405,31.3293514251709,32.0911865234375,-0.0,0.0,-0.0,-0.0,off
8.24,23.97599983215332,-7.753389358520508,18.37434959411621,-0.8175947666168213,-0.7612231969833374,31.186220169067383,31.992950439453125,-0.0,0.0,-0.0,-0.0,off
8.26,23.926265716552734,-7.394067764282227,18.339441299438477,-0.8316060900688171,-0.7682614326477051,31.03986930847168,31.889198303222656,-0.0,0.0,-0.0,-0.0,off
8.28,23.831851959228516,-7.0334625244140625,18.331144332885742,-0.854114294052124,-0.776846706867218,30.878108978271484,31.77896499633789,-0.0,-0.0,-0.0,-0.0,off
8.3,23.743240356445312,-6.620768070220947,18.316312789916992,-0.8554291725158691,-0.7847049236297607,30.70933723449707,31.661836624145508,-0.0,-0.0,-0.0,-0.0,off
8.32,23.656421661376953,-6.164234161376953,18.326688766479492,-0.8555009365081787,-0.7917844653129578,30.5530948638916,31.539386749267578,-0.0,-0.0,-0.0,-0.0,off
8.34,23.638317108154297,-5.736654281616211,18.307863235473633,-0.8613199591636658,-0.7987380027770996,30.444326400756836,31.417146682739258,-0.0,-0.0,-0.0,-0.0,off
8.36,23.540809631347656,-5.253271579742432,18.285348892211914,-0.8620176911354065,-0.8050659894943237,30.267484664916992,31.287925720214844,0.0,-0.0,-0.0,0.0,off
8.38,23.46239471435547,-4.811329364776611,18.260761260986328,-0.8584744334220886,-0.8104068040847778,30.11790657043457,31.15555763244629,-0.0,-0.0,-0.0,-0.0,off
8.4,23.373485565185547,-4.2666168212890625,18.24747085571289,-0.8339365124702454,-0.8127597570419312,29.95820426940918,31.01835823059082,-0.0,0.0,-0.0,-0.0,off
8.42,23.320995330810547,-3.7053518295288086,18.200639724731445,-0.8380575180053711,-0.8152894973754883,29.813785552978516,30.87822151184082,-0.0,-0.0,-0.0,-0.0,off
8.44,23.241661071777344,-3.1352553367614746,18.150636672973633,-0.8582630753517151,-0.8195868730545044,29.655527114868164,30.734041213989258,-0.0,-0.0,-0.0,-0.0,off
8.46,23.110332489013672,-2.4255833625793457,18.128232955932617,-0.8787376880645752,-0.8255019187927246,29.472084045410156,30.58205223083496,0.0,-0.0,-0.0,0.0,off
8.48,23.02411460876465,-1.4954930543899536,18.131444931030273,-0.9049190878868103,-0.8334435820579529,29.344430923461914,30.42551612854004,-0.0,-0.0,-0.0,-0.0,off
8.5,23.082849502563477,-0.43327438831329346,18.162755966186523,-0.9126328825950623,-0.841362476348877,29.37501335144043,30.278343200683594,-0.0,-0.0,-0.0,-0.0,off
8.52,23.1489200592041,0.6496638059616089,18.18199920654297,-0.941088855266571,-0.8513351082801819,29.442819595336914,30.142873764038086,-0.0,-0.0,-0.0,-0.0,off
8.540000000000001,23.29840087890625,1.6831034421920776,18.246503829956055,-0.9398600459098816,-0.8601875305175781,29.640905380249023,30.032005310058594,-0.0,-0.0,-0.0,-0.0,off
8.56,23.36467170715332,2.6272969245910645,18.338212966918945,-0.8781573176383972,-0.8619844913482666,29.817790985107422,29.943464279174805,-0.0,-0.0,-0.0,-0.0,off
8.58,23.246353149414062,3.548342704772949,18.37929344177246,-0.8104119300842285,-0.8568272590637207,29.845972061157227,29.861112594604492,-0.0,-0.0,-0.0,-0.0,off
8.6,23.281579971313477,4.6443705558776855,18.34212303161621,-0.7343311309814453,-0.8445776104927063,30.000593185424805,29.793716430664062,-0.0,-0.0,-0.0,-0.0,off
8.620000000000001,23.14363670349121,5.419563293457031,18.24053382873535,-0.6904551386833191,-0.8291653394699097,29.9619197845459,29.72803497314453,-0.0,-0.0,-0.0,-0.0,off
8.64,23.021942138671875,6.359441757202148,18.195819854736328,-0.6593902111053467,-0.8121877908706665,30.025657653808594,29.670560836791992,-0.0,-0.0,-0.0,-0.0,off
8.66,23.166706085205078,7.091858863830566,18.142942428588867,-0.6617428064346313,-0.797143280506134,30.26808738708496,29.644163131713867,-0.0,0.0,-0.0,-0.0,off
8.68,23.221172332763672,8.287353515625,18.0313720703125,-0.6544627547264099,-0.7828751802444458,30.545597076416016,29.63846778869629,-0.0,-0.0,-0.0,-0.0,off
8.700000000000001,23.32356071472168,9.184778213500977,17.929101943969727,-0.6924925446510315,-0.7738369107246399,30.81884765625,29.659198760986328,-0.0,-0.0,-0.0,-0.0,off
8.72,23.32392692565918,9.903080940246582,17.75650405883789,-0.7325841784477234,-0.7697116136550903,30.941396713256836,29.69266128540039,-0.0,-0.0,-0.0,-0.0,off
8.74,23.282360076904297,11.06026554107666,17.61986541748047,-0.738791286945343,-0.7666195631027222,31.222707748413086,29.743175506591797,-0.0,-0.0,-0.0,-0.0,off
8.76,23.277725219726562,11.646174430847168,17.444229125976562,-0.7141691446304321,-0.7613744735717773,31.333480834960938,29.80620002746582,-0.0,-0.0,-0.0,-0.0,off
8.78,23.216989517211914,12.527618408203125,17.37482261657715,-0.6780179738998413,-0.753038763999939,31.58883285522461,29.887948989868164,0.0,-0.0,-0.0,0.0,off
8.8,23.08458137512207,12.945900917053223,17.282522201538086,-0.649725615978241,-0.7427074313163757,31.609806060791016,29.97301483154297,-0.0,-0.0,-0.0,-0.0,off
8.82,23.130294799804688,13.48852825164795,17.178640365600586,-0.6306648254394531,-0.7315031290054321,31.812837600708008,30.076152801513672,-0.0,-0.0,-0.0,-0.0,off
8.84,23.070894241333008,14.208281517028809,17.065689086914062,-0.611012876033783,-0.7194540500640869,32.021541595458984,30.191417694091797,-0.0,-0.0,-0.0,-0.0,off
8.86,23.085773468017578,14.661101341247559,16.953039169311523,-0.6025804877281189,-0.7077666521072388,32.176177978515625,30.31761360168457,-0.0,-0.0,-0.0,-0.0,off
8.88,23.119970321655273,15.016453742980957,16.8309383392334,-0.5793567895889282,-0.6949256062507629,32.300270080566406,30.4514102935791,-0.0,-0.0,-0.0,-0.0,off
8.9,23.032541275024414,15.33396053314209,16.72081184387207,-0.5369083881378174,-0.6791238784790039,32.329769134521484,30.581546783447266,-0.0,0.0,-0.0,-0.0,off
8.92,23.13556480407715,15.800019264221191,16.65670394897461,-0.4873032569885254,-0.6599417924880981,32.59356689453125,30.729591369628906,-0.0,-0.0,-0.0,-0.0,off
8.94,23.098411560058594,15.952691078186035,16.567441940307617,-0.4153444766998291,-0.6354820132255554,32.596092224121094,30.87089729309082,-0.0,-0.0,-0.0,-0.0,off
8.96,23.050594329833984,16.13352394104004,16.53584861755371,-0.3349810838699341,-0.6054319143295288,32.63517761230469,31.0082950592041,-0.0,-0.0,-0.0,-0.0,off
8.98,23.045164108276367,16.26080322265625,16.357280731201172,-0.24952960014343262,-0.5698416829109192,32.60450744628906,31.134231567382812,-0.0,-0.0,-0.0,-0.0,off
9.0,22.788772583007812,16.14548683166504,16.171415328979492,-0.18507421016693115,-0.531364917755127,32.2725830078125,31.220561981201172,-0.0,-0.0,-0.0,-0.0,off
9.02,22.426753997802734,16.023780822753906,16.012744903564453,-0.1463058590888977,-0.49285900592803955,31.87677574157715,31.26342010498047,-0.0,0.0,-0.0,-0.0,off
9.040000000000001,22.113582611083984,15.768539428710938,15.759675979614258,-0.10486305505037308,-0.4540593922138214,31.401031494140625,31.259214401245117,-0.0,0.0,-0.0,-0.0,off
9.06,22.169361114501953,15.491713523864746,15.608673095703125,-0.07043499499559402,-0.4156969487667084,31.226661682128906,31.243183135986328,-0.0,0.0,-0.0,-0.0,off
9.08,22.24713706970215,15.490132331848145,15.44395637512207,-0.06851065903902054,-0.3809783160686493,31.199281692504883,31.22804069519043,0.0,-0.0,-0.0,0.0,off
9.1,22.38286781311035,15.352303504943848,15.400972366333008,-0.05002719908952713,-0.3478831946849823,31.206985473632812,31.21807861328125,-0.0,-0.0,-0.0,-0.0,off
9.120000000000001,22.34577178955078,15.30423641204834,15.354500770568848,-0.004085429012775421,-0.3135033845901489,31.133806228637695,31.203346252441406,-0.0,-0.0,-0.0,-0.0,off
9.14,22.257171630859375,15.12519359588623,15.23921012878418,0.06510370224714279,-0.27564266324043274,30.92550277709961,31.170841217041016,-0.0,-0.0,-0.0,-0.0,off
9.16,22.293527603149414,14.885456085205078,15.181109428405762,0.15011876821517944,-0.23306651413440704,30.806562423706055,31.131324768066406,-0.0,0.0,-0.0,-0.0,off
9.18,22.26474380493164,14.59154224395752,15.21025276184082,0.25189656019210815,-0.18457020819187164,30.65915298461914,31.08245277404785,-0.0,-0.0,-0.0,-0.0,off
9.200000000000001,21.967647552490234,14.191662788391113,15.102293014526367,0.371284544467926,-0.1289847195148468,30.200332641601562,30.993450164794922,-0.0,-0.0,-0.0,-0.0,off
9.22,21.507251739501953,13.830486297607422,14.99500560760498,0.4877166152000427,-0.06731458008289337,29.642780303955078,30.858057022094727,-0.0,-0.0,-0.0,-0.0,off
9.24,21.037439346313477,13.422503471374512,14.899794578552246,0.5787303447723389,-0.0027100853621959686,29.064434051513672,30.678619384765625,-0.0,-0.0,-0.0,-0.0,off
9.26,20.711456298828125,13.04893684387207,14.833515167236328,0.6559628844261169,0.06315721571445465,28.622934341430664,30.47300910949707,-0.0,-0.0,-0.0,-0.0,off
9.28,20.462894439697266,12.702828407287598,14.822612762451172,0.7312044501304626,0.12996193766593933,28.2807674407959,30.253589630126953,-0.0,-0.0,-0.0,-0.0,off
9.3,20.477567672729492,12.488890647888184,14.850951194763184,0.8152304887771606,0.19848880171775818,28.21088409423828,30.0489559173584,0.0,-0.0,-0.0,0.0,off
9.32,20.306697845458984,12.201537132263184,14.927637100219727,0.8856313228607178,0.26720306277275085,28.001317977905273,29.84340476989746,-0.0,-0.0,-0.0,-0.0,off
9.34,20.174110412597656,12.024333000183105,15.009708404541016,0.957712709903717,0.3362540304660797,27.872400283813477,29.645200729370117,-0.0,-0.0,-0.0,-0.0,off
9.36,19.937488555908203,11.754118919372559,15.057262420654297,1.0516093969345093,0.40778955817222595,27.611299514770508,29.440214157104492,-0.0,-0.0,-0.0,-0.0,off
9.38,19.834131240844727,11.484712600708008,15.156417846679688,1.1525132656097412,0.48226192593574524,27.477415084838867,29.241710662841797,-0.0,-0.0,-0.0,-0.0,off
9.4,19.66388511657715,11.230813026428223,15.259468078613281,1.2449402809143066,0.5585297346115112,27.306608200073242,29.045320510864258,-0.0,-0.0,-0.0,-0.0,off
9.42,19.528610229492188,10.969320297241211,15.281652450561523,1.317212700843811,0.6343979835510254,27.114967346191406,28.848987579345703,-0.0,0.0,-0.0,-0.0,off
9.44,19.218008041381836,10.633198738098145,15.37702465057373,1.3709429502487183,0.7080525159835815,26.811372756958008,28.640867233276367,-0.0,0.0,-0.0,-0.0,off
9.46,18.98811912536621,10.43575382232666,15.418214797973633,1.4326006174087524,0.7805073261260986,26.592761993408203,28.43142318725586,-0.0,0.0,-0.0,-0.0,off
9.48,18.78445053100586,10.067949295043945,15.411903381347656,1.492212176322937,0.8516778349876404,26.301063537597656,28.212993621826172,0.0,-0.0,-0.0,0.0,off
9.5,18.71433448791504,9.866479873657227,15.332069396972656,1.5459601879119873,0.9211060404777527,26.12749671936035,27.999422073364258,-0.0,-0.0,-0.0,-0.0,off
9.52,18.48539161682129,9.682861328125,15.261350631713867,1.592759370803833,0.9882713556289673,25.852975845336914,27.78000831604004,-0.0,-0.0,-0.0,-0.0,off
9.540000000000001,18.26348114013672,9.468840599060059,15.182912826538086,1.638752818107605,1.0533194541931152,25.568233489990234,27.554176330566406,-0.0,-0.0,-0.0,-0.0,off
9.56,18.09905433654785,9.296774864196777,15.1275634765625,1.6936067342758179,1.1173481941223145,25.354467391967773,27.32976531982422,-0.0,-0.0,-0.0,-0.0,off
9.58,17.953907012939453,9.11997127532959,15.041511535644531,1.7446967363357544,1.1800830364227295,25.134910583496094,27.106122970581055,-0.0,-0.0,-0.0,-0.0,off
9.6,17.93699836730957,8.892524719238281,14.970985412597656,1.7936246395111084,1.2414370775222778,24.998865127563477,26.891254425048828,-0.0,-0.0,-0.0,-0.0,off
9.620000000000001,17.825345993041992,8.65551471710205,14.889738082885742,1.8202954530715942,1.2993228435516357,24.78639030456543,26.676551818847656,-0.0,-0.0,-0.0,-0.0,off
9.64,17.765140533447266,8.459240913391113,14.82292366027832,1.8550359010696411,1.3548941612243652,24.63489532470703,26.468229293823242,-0.0,-0.0,-0.0,-0.0,off
9.66,17.624691009521484,8.205483436584473,14.70451545715332,1.8862131834030151,1.4080259799957275,24.375858306884766,26.254741668701172,-0.0,0.0,-0.0,-0.0,off
9.68,17.494300842285156,7.993821144104004,14.577221870422363,1.915785551071167,1.4588018655776978,24.133941650390625,26.03852081298828,-0.0,-0.0,-0.0,-0.0,off
9.700000000000001,17.346099853515625,7.759058952331543,14.49976921081543,1.9374885559082031,1.5066704750061035,23.902584075927734,25.820632934570312,-0.0,-0.0,-0.0,-0.0,off
9.72,17.145843505859375,7.55162239074707,14.410928726196289,1.9720253944396973,1.553205966949463,23.636451721191406,25.59795379638672,-0.0,-0.0,-0.0,-0.0,off
9.74,16.80922508239746,7.320540428161621,14.30439281463623,2.000148296356201,1.597900152206421,23.254159927368164,25.359275817871094,-0.0,-0.0,-0.0,-0.0,off
9.76,16.641115188598633,7.157723903656006,14.136070251464844,2.024385452270508,1.6405487060546875,22.977994918823242,25.117273330688477,-0.0,-0.0,-0.0,-0.0,off
9.78,16.488895416259766,6.961513042449951,14.010372161865234,2.029754161834717,1.6794692277908325,22.729646682739258,24.874717712402344,-0.0,-0.0,-0.0,-0.0,off
9.8,16.214569091796875,6.764853000640869,13.82380485534668,2.036543607711792,1.7151767015457153,22.35560417175293,24.61924171447754,-0.0,-0.0,-0.0,-0.0,off
9.82,16.005847930908203,6.548985958099365,13.61380386352539,2.042310953140259,1.7478901147842407,22.009363174438477,24.354814529418945,-0.0,-0.0,-0.0,-0.0,off
9.84,15.769180297851562,6.264455318450928,13.353935241699219,2.0485146045684814,1.7779525518417358,21.592546463012695,24.075002670288086,-0.0,-0.0,-0.0,-0.0,off
9.86,15.425058364868164,6.01255464553833,13.083553314208984,2.0534982681274414,1.8055070638656616,21.101245880126953,23.77411460876465,-0.0,-0.0,-0.0,-0.0,off
9.88,15.236105918884277,5.735641002655029,12.767305374145508,2.0440707206726074,1.829363465309143,20.68914222717285,23.46196174621582,-0.0,-0.0,-0.0,-0.0,off
9.9,14.992924690246582,5.444720268249512,12.430119514465332,2.0253915786743164,1.8489662408828735,20.222280502319336,23.134111404418945,-0.0,-0.0,-0.0,-0.0,off
9.92,14.859149932861328,5.146046161651611,12.036590576171875,1.9866644144058228,1.8627359867095947,19.802919387817383,22.796581268310547,-0.0,0.0,-0.0,-0.0,off
9.94,14.699419975280762,4.878049373626709,11.548935890197754,1.9052037000656128,1.8669826984405518,19.319581985473633,22.44395637512207,-0.0,0.0,-0.0,-0.0,off
9.96,14.534847259521484,4.6109161376953125,11.059510231018066,1.7979333400726318,1.8600777387619019,18.837066650390625,22.07754898071289,-0.0,-0.0,-0.0,-0.0,off
9.98,14.339386940002441,4.270782470703125,10.493598937988281,1.6853581666946411,1.842605710029602,18.274932861328125,21.689964294433594,-0.0,0.0,-0.0,-0.0,off
10.0,14.174299240112305,3.9408998489379883,9.89734172821045,1.5691492557525635,1.8152600526809692,17.731294631958008,21.284624099731445,-0.0,0.0,-0.0,-0.0,off
10.02,14.02075481414795,3.630744457244873,9.322633743286133,1.468652367591858,1.7805992364883423,17.224266052246094,20.866731643676758,-0.0,-0.0,-0.0,-0.0,off
10.040000000000001,13.973052024841309,3.2123937606811523,8.706964492797852,1.3724225759506226,1.7397816181182861,16.7742919921875,20.44091033935547,-0.0,-0.0,-0.0,-0.0,off
10.06,13.874772071838379,2.8009939193725586,8.154993057250977,1.2648470401763916,1.6922881603240967,16.335811614990234,20.009431838989258,-0.0,-0.0,-0.0,-0.0,off
10.08,13.69365406036377,2.4932498931884766,7.6634650230407715,1.155722737312317,1.6386315822601318,15.889025688171387,19.57402992248535,-0.0,-0.0,-0.0,-0.0,off
10.1,13.539558410644531,2.1161999702453613,7.073851108551025,1.0334972143173218,1.578118085861206,15.421975135803223,19.130788803100586,-0.0,-0.0,-0.0,-0.0,off
10.120000000000001,13.314435005187988,1.8794511556625366,6.4768595695495605,0.9093195199966431,1.5112380981445312,14.925020217895508,18.679351806640625,-0.0,-0.0,-0.0,-0.0,off
10.14,13.098078727722168,1.4522966146469116,5.895524978637695,0.7894687056541443,1.4390610456466675,14.436967849731445,18.218679428100586,-0.0,-0.0,-0.0,-0.0,off
10.16,12.917040824890137,1.1615756750106812,5.314820766448975,0.6801354885101318,1.363168478012085,14.015937805175781,17.757383346557617,-0.0,-0.0,-0.0,-0.0,off
10.18,12.821661949157715,0.902819037437439,4.754746913909912,0.6231421828269958,1.2891658544540405,13.704660415649414,17.305923461914062,-0.0,-0.0,-0.0,-0.0,off
10.200000000000001,12.684107780456543,0.6365164518356323,4.345949649810791,0.5927113890647888,1.2195203304290771,13.423078536987305,16.86908531188965,-0.0,-0.0,-0.0,-0.0,off
10.22,12.436942100524902,0.4417051076889038,4.087258338928223,0.5504616498947144,1.1526144742965698,13.098791122436523,16.44594383239746,-0.0,-0.0,-0.0,-0.0,off
10.24,12.338020324707031,0.037574172019958496,3.6683497428894043,0.486876904964447,1.086040735244751,12.871866226196289,16.036653518676758,-0.0,-0.0,-0.0,-0.0,off
10.26,12.163372993469238,-0.2340484857559204,3.3802907466888428,0.4002511501312256,1.0174617767333984,12.626511573791504,15.643409729003906,-0.0,-0.0,-0.0,-0.0,off
10.28,12.085174560546875,-0.5670489072799683,3.070822238922119,0.36066216230392456,0.9517818093299866,12.482104301452637,15.272089958190918,-0.0,-0.0,-0.0,-0.0,off
10.3,11.889155387878418,-0.8511472940444946,2.7700846195220947,0.31493818759918213,0.8880974650382996,12.237232208251953,14.912477493286133,-0.0,-0.0,-0.0,-0.0,off
10.32,11.767878532409668,-1.147518277168274,2.4170165061950684,0.29315346479415894,0.8286030292510986,12.068211555480957,14.568848609924316,-0.0,-0.0,-0.0,-0.0,off
10.34,11.543143272399902,-1.5150798559188843,2.0970840454101562,0.2586771249771118,0.7716103792190552,11.829512596130371,14.232438087463379,-0.0,-0.0,-0.0,-0.0,off
10.36,11.346095085144043,-1.8955801725387573,1.801790714263916,0.2171323299407959,0.7161625623703003,11.64360523223877,13.907567977905273,-0.0,-0.0,-0.0,-0.0,off
10.38,11.33320140838623,-2.2366318702697754,1.420264482498169,0.15778112411499023,0.6603243947029114,11.638776779174805,13.609188079833984,-0.0,-0.0,-0.0,-0.0,off
10.4,11.305514335632324,-2.475454330444336,1.1294782161712646,0.08658265322446823,0.6029502153396606,11.628337860107422,13.3391752243042,-0.0,-0.0,-0.0,-0.0,off
10.42,11.029447555541992,-2.9160709381103516,0.8016183972358704,0.00781356543302536,0.5434365272521973,11.436553955078125,13.071378707885742,-0.0,-0.0,-0.0,-0.0,off
10.44,10.869640350341797,-3.339108467102051,0.5731745362281799,-0.026954330503940582,0.4863974153995514,11.385396957397461,12.822154998779297,-0.0,-0.0,-0.0,-0.0,off
10.46,10.877212524414062,-3.7760868072509766,0.358364999294281,-0.03142354637384415,0.4346153140068054,11.51959228515625,12.608423233032227,-0.0,-0.0,-0.0,-0.0,off
10.48,10.615923881530762,-4.046481132507324,0.2710804343223572,-0.03171742707490921,0.387982040643692,11.364212989807129,12.405059814453125,-0.0,-0.0,-0.0,-0.0,off
10.5,10.610557556152344,-4.491745471954346,0.05667810142040253,-0.019645102322101593,0.347219318151474,11.522279739379883,12.234975814819336,-0.0,-0.0,-0.0,-0.0,off
10.52,10.554604530334473,-4.89957332611084,-0.05383367836475372,-0.027876146137714386,0.309709757566452,11.636510848999023,12.094231605529785,0.0,-0.0,-0.0,0.0,off
10.540000000000001,10.474587440490723,-5.249279975891113,-0.12876279652118683,-0.0408516600728035,0.2746536135673523,11.71701717376709,11.978854179382324,0.0,-0.0,-0.0,0.0,off
10.56,10.550189018249512,-5.518803596496582,-0.19658072292804718,-0.05585280805826187,0.24160295724868774,11.90807819366455,11.900693893432617,-0.0,-0.0,-0.0,-0.0,off
10.58,10.609709739685059,-5.893171310424805,-0.1909164935350418,-0.06437591463327408,0.2110050767660141,12.138033866882324,11.858031272888184,-0.0,-0.0,-0.0,-0.0,off
10.6,10.793169975280762,-6.131036758422852,0.00029639899730682373,-0.05937615782022476,0.18396694958209991,12.412981986999512,11.85855484008789,-0.0,-0.0,-0.0,-0.0,off
10.620000000000001,10.658066749572754,-6.6130900382995605,0.033208057284355164,-0.05375894159078598,0.16019435226917267,12.543063163757324,11.871230125427246,-0.0,-0.0,-0.0,-0.0,off
10.64,10.749077796936035,-6.8447747230529785,0.11112229526042938,-0.05473829060792923,0.13870109617710114,12.74385929107666,11.910367012023926,-0.0,-0.0,-0.0,-0.0,off
10.66,10.765780448913574,-7.213807106018066,0.2583072781562805,-0.060148246586322784,0.11881615966558456,12.961780548095703,11.970902442932129,-0.0,-0.0,-0.0,-0.0,off
10.68,10.736026763916016,-7.398376941680908,0.5581875443458557,-0.07480386644601822,0.09945414960384369,13.050280570983887,12.041252136230469,-0.0,-0.0,-0.0,-0.0,off
10.700000000000001,10.85550594329834,-7.616868495941162,0.8007803559303284,-0.05923577398061752,0.08358515799045563,13.285327911376953,12.133874893188477,-0.0,-0.0,-0.0,-0.0,off
10.72,11.008877754211426,-7.832752704620361,1.0976595878601074,-0.05842577666044235,0.06938406825065613,13.555524826049805,12.249216079711914,0.0,-0.0,-0.0,0.0,off
10.74,11.102307319641113,-8.003381729125977,1.3133149147033691,-0.07130777090787888,0.05531488358974457,13.749187469482422,12.376289367675781,0.0,-0.0,-0.0,0.0,off
10.76,11.121071815490723,-8.228846549987793,1.5940990447998047,-0.10766250640153885,0.03901714086532593,13.925993919372559,12.509872436523438,0.0,-0.0,-0.0,0.0,off
10.78,11.202486991882324,-8.448036193847656,1.8298134803771973,-0.15462103486061096,0.0196533203125,14.149672508239746,12.65425968170166,-0.0,-0.0,-0.0,-0.0,off
10.8,11.259692192077637,-8.698426246643066,2.151756525039673,-0.19982486963272095,-0.0022944994270801544,14.390043258666992,12.808714866638184,-0.0,-0.0,-0.0,-0.0,off
10.82,11.307997703552246,-8.881241798400879,2.476670742034912,-0.25003886222839355,-0.027068935334682465,14.590447425842285,12.968603134155273,-0.0,-0.0,-0.0,-0.0,off
10.84,11.39526081085205,-9.128750801086426,2.802011489868164,-0.289788156747818,-0.0533408559858799,14.867324829101562,13.140338897705078,-0.0,-0.0,-0.0,-0.0,off
10.86,11.532026290893555,-9.353045463562012,3.0726001262664795,-0.3350673317909241,-0.08151350170373917,15.162715911865234,13.325511932373047,-0.0,0.0,-0.0,-0.0,off
10.88,11.59582805633545,-9.5385103225708,3.4090521335601807,-0.38257095217704773,-0.1116192489862442,15.397013664245605,13.515745162963867,0.0,-0.0,-0.0,0.0,off
10.9,11.733126640319824,-9.837669372558594,3.6334545612335205,-0.38913872838020325,-0.13937118649482727,15.736835479736328,13.72160530090332,-0.0,-0.0,-0.0,-0.0,off
10.92,11.878182411193848,-10.151165008544922,3.9203054904937744,-0.3599357008934021,-0.16142764687538147,16.109195709228516,13.944267272949219,-0.0,0.0,-0.0,-0.0,off
10.94,11.913552284240723,-10.393953323364258,4.201910972595215,-0.34462904930114746,-0.1797477900981903,16.359188079833984,14.169596672058105,-0.0,0.0,-0.0,-0.0,off
10.96,12.111273765563965,-10.70822525024414,4.4583258628845215,-0.3450789451599121,-0.19628091156482697,16.769784927368164,14.414426803588867,-0.0,-0.0,-0.0,-0.0,off
10.98,12.353150367736816,-10.972821235656738,4.6670823097229,-0.3434582054615021,-0.21099863946437836,17.16929817199707,14.6766357421875,-0.0,0.0,-0.0,-0.0,off
11.0,12.53509521484375,-11.15390396118164,4.940340042114258,-0.3377710282802582,-0.22367587685585022,17.491287231445312,14.94599723815918,-0.0,-0.0,-0.0,-0.0,off
11.02,12.610201835632324,-11.33366870880127,5.198120594024658,-0.33519574999809265,-0.23482786118984222,17.733856201171875,15.21313190460205,-0.0,-0.0,-0.0,-0.0,off
11.040000000000001,12.807204246520996,-11.578217506408691,5.404466152191162,-0.34315383434295654,-0.2456604540348053,18.09109878540039,15.490543365478516,-0.0,-0.0,-0.0,-0.0,off
11.06,12.884018898010254,-11.86063003540039,5.686952590942383,-0.34002622961997986,-0.25509703159332275,18.412330627441406,15.772082328796387,-0.0,-0.0,-0.0,-0.0,off
11.08,13.127911567687988,-12.057625770568848,5.9271135330200195,-0.3291173279285431,-0.26249903440475464,18.784543991088867,16.064050674438477,-0.0,-0.0,-0.0,-0.0,off
11.1,13.38559627532959,-12.241087913513184,6.169947624206543,-0.31168678402900696,-0.2674177885055542,19.15950584411621,16.365520477294922,-0.0,-0.0,-0.0,-0.0,off
11.120000000000001,13.61394214630127,-12.492049217224121,6.46218204498291,-0.30219316482543945,-0.2708953022956848,19.574230194091797,16.678707122802734,-0.0,-0.0,-0.0,-0.0,off
11.14,13.735678672790527,-12.70911979675293,6.732814311981201,-0.3118723928928375,-0.27499300241470337,19.887720108032227,16.992034912109375,-0.0,-0.0,-0.0,-0.0,off
11.16,13.86654281616211,-12.899025917053223,7.071573257446289,-0.33607348799705505,-0.2811010479927063,20.21566390991211,17.30657196044922,-0.0,-0.0,-0.0,-0.0,off
11.18,14.020638465881348,-13.19716739654541,7.3392157554626465,-0.35103100538253784,-0.28809404373168945,20.606008529663086,17.628921508789062,-0.0,-0.0,-0.0,-0.0,off
11.200000000000001,14.177682876586914,-13.298686981201172,7.685652256011963,-0.36201637983322144,-0.2954862713813782,20.902894973754883,17.948698043823242,-0.0,-0.0,-0.0,-0.0,off
11.22,14.407655715942383,-13.494004249572754,8.030275344848633,-0.35906991362571716,-0.30184462666511536,21.310888290405273,18.277462005615234,-0.0,-0.0,-0.0,-0.0,off
11.24,14.710225105285645,-13.645133972167969,8.39976692199707,-0.3558717668056488,-0.3072473406791687,21.75170135498047,18.617671966552734,-0.0,-0.0,-0.0,-0.0,off
11.26,14.899863243103027,-13.813901901245117,8.793390274047852,-0.3376350402832031,-0.31028610467910767,22.1394100189209,18.96227264404297,-0.0,-0.0,-0.0,-0.0,off
11.28,15.173874855041504,-13.948172569274902,9.166251182556152,-0.31380367279052734,-0.31063783168792725,22.556997299194336,19.314258575439453,-0.0,-0.0,-0.0,-0.0,off
11.3,15.33701229095459,-14.101662635803223,9.500062942504883,-0.3117923438549042,-0.3107532858848572,22.898298263549805,19.665212631225586,-0.0,0.0,-0.0,-0.0,off
11.32,15.48020076751709,-14.3086576461792,9.791374206542969,-0.31597381830215454,-0.31127533316612244,23.24317741394043,20.015907287597656,-0.0,0.0,-0.0,-0.0,off
11.34,15.540637016296387,-14.513924598693848,10.085058212280273,-0.3146388530731201,-0.31161168217658997,23.534523010253906,20.360719680786133,-0.0,-0.0,-0.0,-0.0,off
11.36,15.720552444458008,-14.7114839553833,10.441354751586914,-0.3291725516319275,-0.3133677542209625,23.92875862121582,20.710500717163086,-0.0,-0.0,-0.0,-0.0,off
11.38,15.899169921875,-14.881360054016113,10.780496597290039,-0.336125910282135,-0.3156435489654541,24.299333572387695,21.0624942779541,-0.0,-0.0,-0.0,-0.0,off
11.4,16.121583938598633,-15.047347068786621,11.089672088623047,-0.34458833932876587,-0.31853803992271423,24.684185028076172,21.418224334716797,-0.0,-0.0,-0.0,-0.0,off
11.42,16.25589370727539,-15.198382377624512,11.410417556762695,-0.3449004292488098,-0.3211742639541626,25.00885009765625,21.770923614501953,-0.0,-0.0,-0.0,-0.0,off
11.44,16.410364151000977,-15.317136764526367,11.69250774383545,-0.3250831365585327,-0.3215651512145996,25.310659408569336,22.118860244750977,-0.0,-0.0,-0.0,-0.0,off
11.46,16.58011245727539,-15.427821159362793,12.042760848999023,-0.2809183895587921,-0.3175004720687866,25.650455474853516,22.46591567993164,-0.0,-0.0,-0.0,-0.0,off
11.48,16.747373580932617,-15.494086265563965,12.385075569152832,-0.264232337474823,-0.31217366456985474,25.960187911987305,22.809152603149414,-0.0,0.0,-0.0,-0.0,off
11.5,16.92589569091797,-15.543013572692871,12.707003593444824,-0.2660914659500122,-0.30756545066833496,26.259077072143555,23.147987365722656,-0.0,-0.0,-0.0,-0.0,off
11.52,16.90521812438965,-15.660225868225098,13.06799030303955,-0.26329559087753296,-0.3031384348869324,26.491535186767578,23.475675582885742,-0.0,-0.0,-0.0,-0.0,off
11.540000000000001,16.994428634643555,-15.639246940612793,13.382108688354492,-0.26661574840545654,-0.2994861602783203,26.69227409362793,23.790483474731445,-0.0,-0.0,-0.0,-0.0,off
11.56,17.133014678955078,-15.685729026794434,13.605982780456543,-0.258309006690979,-0.2953684329986572,26.920347213745117,24.097225189208984,-0.0,-0.0,-0.0,-0.0,off
11.58,17.244091033935547,-15.608085632324219,13.779354095458984,-0.24632519483566284,-0.2904641032218933,27.034082412719727,24.385108947753906,-0.0,-0.0,-0.0,-0.0,off
11.6,17.39438819885254,-15.538225173950195,14.02869987487793,-0.22748839855194092,-0.28416651487350464,27.217744827270508,24.662580490112305,-0.0,-0.0,-0.0,-0.0,off
11.620000000000001,17.48392105102539,-15.529790878295898,14.250720024108887,-0.19244521856307983,-0.2749943733215332,27.385122299194336,24.92925453186035,-0.0,-0.0,-0.0,-0.0,off
11.64,17.50806427001953,-15.511822700500488,14.479177474975586,-0.1690431833267212,-0.2643992602825165,27.509916305541992,25.181772232055664,-0.0,-0.0,-0.0,-0.0,off
11.66,17.4649715423584,-15.447728157043457,14.707686424255371,-0.16746878623962402,-0.2547062039375305,27.567617416381836,25.41460609436035,-0.0,0.0,-0.0,-0.0,off
11.68,17.622194290161133,-15.316269874572754,14.977836608886719,-0.17927634716033936,-0.24716320633888245,27.739240646362305,25.6409969329834,-0.0,-0.0,-0.0,-0.0,off
11.700000000000001,17.701942443847656,-15.253544807434082,15.199750900268555,-0.17360609769821167,-0.23980748653411865,27.875829696655273,25.858463287353516,0.0,-0.0,-0.0,0.0,off
11.72,17.782779693603516,-15.214764595031738,15.3878173828125,-0.13423693180084229,-0.22925043106079102,28.008949279785156,26.067792892456055,0.0,-0.0,-0.0,0.0,off
11.74,17.93367576599121,-15.1513090133667,15.59388542175293,-0.09440476447343826,-0.21576586365699768,28.18418312072754,26.273860931396484,-0.0,-0.0,-0.0,-0.0,off
11.76,17.95348358154297,-15.013387680053711,15.821551322937012,-0.06315553933382034,-0.2005048245191574,28.249794006347656,26.46552848815918,-0.0,-0.0,-0.0,-0.0,off
11.78,17.89459228515625,-14.94166374206543,16.039670944213867,-0.06378103047609329,-0.18683244287967682,28.29736328125,26.642675399780273,-0.0,-0.0,-0.0,-0.0,off
11.8,17.98994255065918,-14.867182731628418,16.275836944580078,-0.061602599918842316,-0.17430944740772247,28.453014373779297,26.817628860473633,-0.0,-0.0,-0.0,-0.0,off
11.82,18.16678810119629,-14.842693328857422,16.521793365478516,-0.04482860118150711,-0.16136136651039124,28.69333267211914,26.99929428100586,-0.0,-0.0,-0.0,-0.0,off
11.84,18.282548904418945,-14.734611511230469,16.75576400756836,-0.01726103574037552,-0.1469513326883316,28.846420288085938,27.17794418334961,-0.0,-0.0,-0.0,-0.0,off
11.86,18.33910369873047,-14.771767616271973,16.969192504882812,-0.0026960745453834534,-0.13252580165863037,29.025527954101562,27.357118606567383,-0.0,0.0,-0.0,-0.0,off
11.88,18.37701416015625,-14.728029251098633,17.127056121826172,0.02397351711988449,-0.11687586456537247,29.119848251342773,27.528154373168945,-0.0,-0.0,-0.0,-0.0,off
11.9,18.358745574951172,-14.787651062011719,17.21543312072754,0.03664308041334152,-0.10152396559715271,29.190568923950195,27.69004249572754,-0.0,-0.0,-0.0,-0.0,off
11.92,18.441791534423828,-14.701654434204102,17.32608413696289,0.02738203853368759,-0.08863335847854614,29.264850616455078,27.84343147277832,-0.0,-0.0,-0.0,-0.0,off
11.94,18.6850528717041,-14.713018417358398,17.39643096923828,0.01124214380979538,-0.07864581048488617,29.465911865234375,28.002317428588867,-0.0,-0.0,-0.0,-0.0,off
11.96,18.809602737426758,-14.783130645751953,17.435739517211914,-0.0033646896481513977,-0.07111769914627075,29.603160858154297,28.159826278686523,-0.0,-0.0,-0.0,-0.0,off
11.98,18.873023986816406,-14.825416564941406,17.44966697692871,-0.013565517961978912,-0.06536247581243515,29.67279624938965,28.309139251708984,-0.0,-0.0,-0.0,-0.0,off
12.0,18.91629981994629,-14.815110206604004,17.390504837036133,-0.011011816561222076,-0.059927407652139664,29.660470962524414,28.442777633666992,-0.0,-0.0,-0.0,-0.0,off
12.02,19.106094360351562,-14.872673988342285,17.34782600402832,-0.007612831890583038,-0.05469594895839691,29.785673141479492,28.576007843017578,-0.0,-0.0,-0.0,-0.0,off
12.040000000000001,19.31502914428711,-14.832146644592285,17.306154251098633,-0.04101819545030594,-0.053328171372413635,29.87584114074707,28.704980850219727,-0.0,-0.0,-0.0,-0.0,off
12.06,19.43299674987793,-14.887554168701172,17.32322883605957,-0.05749613791704178,-0.05374496430158615,29.989580154418945,28.83262825012207,-0.0,-0.0,-0.0,-0.0,off
12.08,19.555770874023438,-14.886551856994629,17.354028701782227,-0.07823032885789871,-0.05619350075721741,30.08654022216797,28.95724105834961,-0.0,-0.0,-0.0,-0.0,off
12.1,19.7205810546875,-14.915301322937012,17.378236770629883,-0.08978772908449173,-0.05955292284488678,30.222021102905273,29.08297348022461,-0.0,-0.0,-0.0,-0.0,off
12.120000000000001,19.88166046142578,-14.702888488769531,17.41914176940918,-0.10618934780359268,-0.06421656161546707,30.247013092041016,29.19816780090332,-0.0,-0.0,-0.0,-0.0,off
12.14,20.0444278717041,-14.633809089660645,17.452756881713867,-0.12824714183807373,-0.0706196129322052,30.340173721313477,29.311006546020508,-0.0,-0.0,-0.0,-0.0,off
12.16,20.190412521362305,-14.622211456298828,17.542844772338867,-0.12226114422082901,-0.07578375935554504,30.482999801635742,29.426847457885742,-0.0,-0.0,-0.0,-0.0,off
12.18,20.323678970336914,-14.511605262756348,17.666379928588867,-0.11300799995660782,-0.07950618118047714,30.589860916137695,29.541561126708984,-0.0,-0.0,-0.0,-0.0,off
12.200000000000001,20.35277557373047,-14.325553894042969,17.828569412231445,-0.1068209782242775,-0.08223766088485718,30.615596771240234,29.647064208984375,-0.0,-0.0,-0.0,-0.0,off
12.22,20.532482147216797,-14.158612251281738,17.993377685546875,-0.11778200417757034,-0.08579209446907043,30.75403594970703,29.75535011291504,-0.0,-0.0,-0.0,-0.0,off
12.24,20.649532318115234,-13.872598648071289,18.13446617126465,-0.1466500163078308,-0.09187788516283035,30.784915924072266,29.855073928833008,-0.0,0.0,-0.0,-0.0,off
12.26,20.78012466430664,-13.799418449401855,18.273847579956055,-0.15715724229812622,-0.09840582311153412,30.922014236450195,29.958538055419922,-0.0,-0.0,-0.0,-0.0,off
12.280000000000001,20.834674835205078,-13.670793533325195,18.39290428161621,-0.1518855094909668,-0.10375379025936127,30.972135543823242,30.056602478027344,-0.0,-0.0,-0.0,-0.0,off
12.3,20.932157516479492,-13.52441692352295,18.45085334777832,-0.14234548807144165,-0.1076129600405693,31.008047103881836,30.14833641052246,-0.0,-0.0,-0.0,-0.0,off
12.32,21.082592010498047,-13.440353393554688,18.51106071472168,-0.15453609824180603,-0.11230526864528656,31.109132766723633,30.24106216430664,-0.0,-0.0,-0.0,-0.0,off
12.34,21.15639305114746,-13.37656307220459,18.573144912719727,-0.16322901844978333,-0.11739764362573624,31.16868782043457,30.330711364746094,-0.0,-0.0,-0.0,-0.0,off
12.36,21.340253829956055,-13.203822135925293,18.637786865234375,-0.16076666116714478,-0.12173454463481903,31.25882911682129,30.42003059387207,-0.0,-0.0,-0.0,-0.0,off
12.38,21.47344207763672,-13.070428848266602,18.665651321411133,-0.16566166281700134,-0.12612725794315338,31.310562133789062,30.505512237548828,-0.0,0.0,-0.0,-0.0,off
12.4,21.671579360961914,-12.986507415771484,18.6730899810791,-0.19971472024917603,-0.13348600268363953,31.416414260864258,30.593042373657227,-0.0,-0.0,-0.0,-0.0,off
12.42,21.742881774902344,-12.870335578918457,18.706411361694336,-0.22880512475967407,-0.14301791787147522,31.43768882751465,30.674049377441406,-0.0,-0.0,-0.0,-0.0,off
12.44,21.835140228271484,-12.876376152038574,18.729948043823242,-0.24963784217834473,-0.15367990732192993,31.518016815185547,30.75550651550293,-0.0,-0.0,-0.0,-0.0,off
12.46,21.995365142822266,-12.751643180847168,18.75242042541504,-0.26128584146499634,-0.16444049775600433,31.59198760986328,30.8360538482666,0.0,0.0,-0.0,0.0,off
12.48,22.119775772094727,-12.619461059570312,18.796003341674805,-0.27125126123428345,-0.17512156069278717,31.65161895751953,30.914396286010742,-0.0,-0.0,-0.0,-0.0,off
12.5,22.281471252441406,-12.530366897583008,18.808725357055664,-0.2945879101753235,-0.18706819415092468,31.737079620361328,30.993446350097656,-0.0,-0.0,-0.0,-0.0,off
12.52,22.362516403198242,-12.501595497131348,18.827421188354492,-0.3272150158882141,-0.20108287036418915,31.793771743774414,31.070627212524414,-0.0,-0.0,-0.0,-0.0,off
12.540000000000001,22.49753189086914,-12.442468643188477,18.830141067504883,-0.3365035653114319,-0.21462492644786835,31.867353439331055,31.147558212280273,0.0,-0.0,-0.0,0.0,off
12.56,22.60939598083496,-12.469365119934082,18.807212829589844,-0.34091609716415405,-0.22725403308868408,31.943405151367188,31.22480583190918,-0.0,-0.0,-0.0,-0.0,off
12.58,22.680904388427734,-12.325179100036621,18.800861358642578,-0.35191619396209717,-0.23972025513648987,31.934398651123047,31.293323516845703,-0.0,-0.0,-0.0,-0.0,off
12.6,22.73316192626953,-12.216753959655762,18.811044692993164,-0.37568604946136475,-0.25331681966781616,31.935890197753906,31.355192184448242,-0.0,-0.0,-0.0,-0.0,off
12.620000000000001,22.80286407470703,-12.106471061706543,18.798234939575195,-0.3879919648170471,-0.26678431034088135,31.93604278564453,31.41089630126953,-0.0,-0.0,-0.0,-0.0,off
12.64,22.874523162841797,-12.163792610168457,18.785612106323242,-0.3804643154144287,-0.2781522870063782,32.0015754699707,31.46807289123535,-0.0,-0.0,-0.0,-0.0,off
12.66,23.041290283203125,-12.02275562286377,18.7902774810791,-0.37669867277145386,-0.2880069315433502,32.07058334350586,31.5261287689209,-0.0,0.0,-0.0,-0.0,off
12.68,23.134925842285156,-11.954558372497559,18.7681941986084,-0.39007991552352905,-0.29821422696113586,32.099552154541016,31.581335067749023,-0.0,-0.0,-0.0,-0.0,off
12.700000000000001,23.206050872802734,-11.853541374206543,18.756486892700195,-0.4004998803138733,-0.3084428012371063,32.10658645629883,31.631731033325195,-0.0,-0.0,-0.0,-0.0,off
12.72,23.3040714263916,-11.709412574768066,18.75080680847168,-0.4066006541252136,-0.3182585537433624,32.121376037597656,31.678394317626953,-0.0,-0.0,-0.0,-0.0,off
12.74,23.360084533691406,-11.509371757507324,18.770170211791992,-0.40504199266433716,-0.32693687081336975,32.10106658935547,31.718116760253906,-0.0,-0.0,-0.0,-0.0,off
12.76,23.37953758239746,-11.451029777526855,18.78013801574707,-0.4199029803276062,-0.3362334966659546,32.10019302368164,31.754060745239258,-0.0,-0.0,-0.0,-0.0,off
12.780000000000001,23.448741912841797,-11.37124252319336,18.782621383666992,-0.43260371685028076,-0.3458704948425293,32.12375259399414,31.788854598999023,-0.0,-0.0,-0.0,-0.0,off
12.8,23.492000579833984,-11.181668281555176,18.81183624267578,-0.43705111742019653,-0.35498854517936707,32.10590362548828,31.818174362182617,-0.0,-0.0,-0.0,-0.0,off
12.82,23.560880661010742,-10.98664665222168,18.843841552734375,-0.4290003180503845,-0.3623897135257721,32.10781478881836,31.844482421875,-0.0,-0.0,-0.0,-0.0,off
12.84,23.584379196166992,-10.898514747619629,18.865530014038086,-0.42952680587768555,-0.36910343170166016,32.10776901245117,31.868343353271484,-0.0,-0.0,-0.0,-0.0,off
12.86,23.636707305908203,-10.676896095275879,18.878747940063477,-0.4423113465309143,-0.37642422318458557,32.07954406738281,31.88665199279785,-0.0,0.0,-0.0,-0.0,off
12.88,23.664066314697266,-10.510603904724121,18.905231475830078,-0.45487725734710693,-0.3842695355415344,32.06039047241211,31.901126861572266,-0.0,-0.0,-0.0,-0.0,off
12.9,23.709819793701172,-10.305574417114258,18.93678092956543,-0.4642578959465027,-0.3922683596611023,32.04624938964844,31.9124755859375,-0.0,-0.0,-0.0,-0.0,off
12.92,23.776187896728516,-10.11889934539795,18.95514488220215,-0.4649856686592102,-0.3995400667190552,32.046791076660156,31.92254066467285,-0.0,-0.0,-0.0,-0.0,off
12.94,23.777118682861328,-9.972445487976074,18.968503952026367,-0.4729843735694885,-0.40688449144363403,32.009456634521484,31.927942276000977,-0.0,-0.0,-0.0,-0.0,off
12.96,23.819948196411133,-9.820828437805176,18.970972061157227,-0.50376957654953,-0.4165729880332947,31.995880126953125,31.931428909301758,-0.0,-0.0,-0.0,-0.0,off
12.98,23.8519229888916,-9.71350383758545,18.983003616333008,-0.5185867547988892,-0.42677435278892517,31.994075775146484,31.93456268310547,-0.0,-0.0,-0.0,-0.0,off
13.0,23.863306045532227,-9.56000804901123,18.997079849243164,-0.5085954070091248,-0.43495646119117737,31.964670181274414,31.934446334838867,-0.0,-0.0,-0.0,-0.0,off
13.02,23.921613693237305,-9.322428703308105,18.99568748474121,-0.4991726279258728,-0.44137805700302124,31.93724250793457,31.93119239807129,-0.0,-0.0,-0.0,-0.0,off
13.040000000000001,23.922771453857422,-9.12475299835205,18.986146926879883,-0.5103425979614258,-0.44827452301979065,31.875288009643555,31.92194366455078,-0.0,-0.0,-0.0,-0.0,off
13.06,23.920372009277344,-8.928936958312988,19.00139045715332,-0.5164278149604797,-0.45508983731269836,31.82707977294922,31.908681869506836,-0.0,-0.0,-0.0,-0.0,off
13.08,23.914857864379883,-8.765809059143066,19.016643524169922,-0.5120811462402344,-0.4607889652252197,31.786672592163086,31.892744064331055,-0.0,-0.0,-0.0,-0.0,off
13.1,23.921707153320312,-8.534329414367676,19.01828384399414,-0.49070435762405396,-0.4637804925441742,31.729764938354492,31.872421264648438,0.0,-0.0,-0.0,0.0,off
13.120000000000001,23.902271270751953,-8.301907539367676,19.00424575805664,-0.48728442192077637,-0.4661308825016022,31.644929885864258,31.845415115356445,0.0,-0.0,-0.0,0.0,off
13.14,23.870330810546875,-8.007885932922363,19.007198333740234,-0.4867895841598511,-0.4681967496871948,31.54667091369629,31.810768127441406,-0.0,-0.0,-0.0,-0.0,off
13.16,23.79842185974121,-7.789292335510254,19.00055694580078,-0.4922356605529785,-0.4706006348133087,31.433408737182617,31.768199920654297,-0.0,-0.0,-0.0,-0.0,off
13.18,23.730932235717773,-7.488429546356201,18.99019432067871,-0.4833134412765503,-0.47187191247940063,31.302734375,31.71632194519043,-0.0,-0.0,-0.0,-0.0,off
13.200000000000001,23.670433044433594,-7.121898174285889,18.983396530151367,-0.4621249735355377,-0.47089719772338867,31.166973114013672,31.655181884765625,-0.0,-0.0,-0.0,-0.0,off
13.22,23.43454933166504,-6.786495208740234,18.923967361450195,-0.45747262239456177,-0.46955472230911255,30.876386642456055,31.570676803588867,-0.0,-0.0,-0.0,-0.0,off
13.24,23.249996185302734,-6.385682582855225,18.846450805664062,-0.48345574736595154,-0.4709447920322418,30.602745056152344,31.46637535095215,-0.0,-0.0,-0.0,-0.0,off
13.26,23.115692138671875,-5.884943962097168,18.756662368774414,-0.48964187502861023,-0.47281450033187866,30.3443603515625,31.345050811767578,-0.0,-0.0,-0.0,-0.0,off
13.280000000000001,23.019723892211914,-5.446562767028809,18.665821075439453,-0.47924333810806274,-0.47345736622810364,30.132801055908203,31.2135066986084,-0.0,-0.0,-0.0,-0.0,off
13.3,22.714237213134766,-4.893945693969727,18.596399307250977,-0.49737653136253357,-0.4758492708206177,29.760936737060547,31.055971145629883,-0.0,0.0,-0.0,-0.0,off
13.32,22.446828842163086,-4.34766960144043,18.66170310974121,-0.542156994342804,-0.4824800193309784,29.51307487487793,30.88711166381836,-0.0,0.0,-0.0,-0.0,off
13.34,21.958154678344727,-3.7891311645507812,18.69489288330078,-0.5466130375862122,-0.4888933002948761,29.08637237548828,30.690053939819336,-0.0,-0.0,-0.0,-0.0,off
13.36,21.446327209472656,-3.1673049926757812,18.5629825592041,-0.5056536197662354,-0.4905693233013153,28.540515899658203,30.455337524414062,-0.0,-0.0,-0.0,-0.0,off
13.38,21.082500457763672,-2.2867469787597656,18.577974319458008,-0.5450912117958069,-0.4960215091705322,28.19294548034668,30.20285415649414,-0.0,-0.0,-0.0,-0.0,off
13.4,20.78887939453125,-1.3179680109024048,18.683488845825195,-0.629134476184845,-0.5093327760696411,27.981910705566406,29.946081161499023,-0.0,-0.0,-0.0,-0.0,off
13.42,20.79745864868164,-0.3390308618545532,18.65282440185547,-0.6800855398178101,-0.5264080166816711,27.938810348510742,29.70264434814453,-0.0,-0.0,-0.0,-0.0,off
13.44,20.70986557006836,0.6822174787521362,18.617494583129883,-0.702742874622345,-0.5440414547920227,27.8563289642334,29.466236114501953,-0.0,0.0,-0.0,-0.0,off
13.46,20.889785766601562,1.7611783742904663,18.541305541992188,-0.7032784819602966,-0.5599651336669922,27.98686981201172,29.256685256958008,-0.0,-0.0,-0.0,-0.0,off
13.48,20.985103607177734,2.9701733589172363,18.458723068237305,-0.7130659818649292,-0.575275182723999,28.105531692504883,29.067319869995117,0.0,0.0,-0.0,0.0,off
13.5,21.249143600463867,4.055464267730713,18.401891708374023,-0.7289626002311707,-0.5906438827514648,28.400747299194336,28.91707420349121,-0.0,-0.0,-0.0,-0.0,off
13.52,21.492910385131836,5.094255447387695,18.35240364074707,-0.7335410714149475,-0.6049336194992065,28.71771812438965,28.806039810180664,-0.0,-0.0,-0.0,-0.0,off
13.540000000000001,22.007970809936523,5.870760440826416,18.238880157470703,-0.7108766436576843,-0.6155279278755188,29.180015563964844,28.7521915435791,-0.0,-0.0,-0.0,-0.0,off
13.56,22.41964340209961,6.36517333984375,18.032596588134766,-0.6298835277557373,-0.6169634461402893,29.467445373535156,28.73868179321289,-0.0,-0.0,-0.0,-0.0,off
13.58,22.597549438476562,6.8838043212890625,17.955568313598633,-0.5475202798843384,-0.6100191473960876,29.672182083129883,28.752281188964844,-0.0,0.0,-0.0,-0.0,off
13.6,22.77365493774414,7.585077285766602,18.12032127380371,-0.45940375328063965,-0.5949575901031494,30.075218200683594,28.806739807128906,-0.0,-0.0,-0.0,-0.0,off
13.620000000000001,22.782663345336914,8.258591651916504,18.119667053222656,-0.4079407751560211,-0.5762559175491333,30.258493423461914,28.875896453857422,-0.0,-0.0,-0.0,-0.0,off
13.64,22.85202980041504,9.096217155456543,18.043804168701172,-0.38391247391700745,-0.5570215582847595,30.504676818847656,28.960939407348633,-0.0,-0.0,-0.0,-0.0,off
13.66,22.94738006591797,9.80627155303955,17.942811965942383,-0.3784138560295105,-0.5391607880592346,30.73580551147461,29.061769485473633,-0.0,-0.0,-0.0,-0.0,off
13.68,22.899179458618164,10.672974586486816,17.870054244995117,-0.38460618257522583,-0.5237053036689758,30.94549560546875,29.171321868896484,-0.0,-0.0,-0.0,-0.0,off
13.700000000000001,22.795345306396484,11.24630069732666,17.72894287109375,-0.40686100721359253,-0.5120208263397217,30.990684509277344,29.278095245361328,-0.0,-0.0,-0.0,-0.0,off
13.72,22.831890106201172,12.070799827575684,17.623647689819336,-0.40365344285964966,-0.5011841058731079,31.2664737701416,29.400663375854492,-0.0,-0.0,-0.0,-0.0,off
13.74,22.952171325683594,12.70629596710205,17.493688583374023,-0.38770055770874023,-0.4898357391357422,31.532224655151367,29.540647506713867,-0.0,-0.0,-0.0,-0.0,off
13.76,23.04336166381836,13.264521598815918,17.401575088500977,-0.3803243637084961,-0.47888460755348206,31.776704788208008,29.69553565979004,-0.0,-0.0,-0.0,-0.0,off
13.780000000000001,22.9483585357666,13.83204460144043,17.25885009765625,-0.3635250926017761,-0.4673486649990082,31.871938705444336,29.84733009338379,-0.0,-0.0,-0.0,-0.0,off
13.8,22.854915618896484,14.05570125579834,17.09929847717285,-0.3139764070510864,-0.45201143622398376,31.81659698486328,29.986698150634766,-0.0,-0.0,-0.0,-0.0,off
13.82,22.86163330078125,14.461304664611816,16.961273193359375,-0.25505197048187256,-0.432315468788147,31.929115295410156,30.12786102294922,-0.0,-0.0,-0.0,-0.0,off
13.84,22.667163848876953,14.704130172729492,16.888362884521484,-0.20716625452041626,-0.40980055928230286,31.86264991760254,30.25421905517578,0.0,-0.0,-0.0,0.0,off
13.86,22.410140991210938,14.995678901672363,16.79326629638672,-0.17322522401809692,-0.3861429989337921,31.766313552856445,30.362197875976562,-0.0,-0.0,-0.0,-0.0,off
13.88,22.167116165161133,15.271688461303711,16.766475677490234,-0.12653708457946777,-0.36018240451812744,31.713092803955078,30.457860946655273,-0.0,0.0,-0.0,-0.0,off
13.9,21.98100471496582,15.313483238220215,16.602943420410156,-0.04599744826555252,-0.3287639021873474,31.517059326171875,30.53013038635254,-0.0,0.0,-0.0,-0.0,off
13.92,21.938983917236328,15.42812728881836,16.485441207885742,0.047992996871471405,-0.29108819365501404,31.481992721557617,30.59627342224121,-0.0,0.0,-0.0,-0.0,off
13.94,21.73984718322754,15.495874404907227,16.258804321289062,0.10982304066419601,-0.25099706649780273,31.258466720581055,30.63676643371582,-0.0,-0.0,-0.0,-0.0,off
13.96,21.58930778503418,15.587279319763184,16.024063110351562,0.13537752628326416,-0.21235960721969604,31.077838897705078,30.657760620117188,-0.0,-0.0,-0.0,-0.0,off
13.98,21.662586212158203,15.474647521972656,15.864418029785156,0.165876567363739,-0.17453597486019135,30.990516662597656,30.67294692993164,-0.0,0.0,-0.0,-0.0,off
14.0,21.7213191986084,15.516304016113281,15.631263732910156,0.1996714472770691,-0.1371152400970459,30.933927536010742,30.683258056640625,-0.0,-0.0,-0.0,-0.0,off
14.02,21.8742618560791,15.424674987792969,15.453716278076172,0.2131180763244629,-0.10209190845489502,30.906654357910156,30.693004608154297,-0.0,-0.0,-0.0,-0.0,off
14.040000000000001,21.816158294677734,15.420469284057617,15.396034240722656,0.22551822662353516,-0.06933088600635529,30.83461570739746,30.696697235107422,-0.0,-0.0,-0.0,-0.0,off
14.06,21.77712059020996,15.34351634979248,15.350199699401855,0.2733684778213501,-0.03506094962358475,30.745651245117188,30.69335174560547,-0.0,0.0,-0.0,-0.0,off
14.08,21.820621490478516,15.147332191467285,15.371078491210938,0.3562090992927551,0.004066053777933121,30.68959617614746,30.6873779296875,0.0,-0.0,-0.0,0.0,off
14.1,21.620086669921875,14.898310661315918,15.410820960998535,0.45007699728012085,0.04866715148091316,30.444725036621094,30.659536361694336,-0.0,-0.0,-0.0,-0.0,off
14.120000000000001,21.549049377441406,14.659530639648438,15.361812591552734,0.5312051773071289,0.09692095220088959,30.253076553344727,30.61661720275879,-0.0,-0.0,-0.0,-0.0,off
14.14,21.416358947753906,14.250968933105469,15.380472183227539,0.5941613912582397,0.14664499461650848,29.971811294555664,30.551219940185547,-0.0,-0.0,-0.0,-0.0,off
14.16,21.38243865966797,13.933894157409668,15.430989265441895,0.6734604239463806,0.1993265450000763,29.82411003112793,30.47823715209961,0.0,-0.0,-0.0,0.0,off
14.18,21.243465423583984,13.650206565856934,15.526895523071289,0.7536141872406006,0.25475531816482544,29.642831802368164,30.394678115844727,-0.0,-0.0,-0.0,-0.0,off
14.200000000000001,21.084808349609375,13.368598937988281,15.57291030883789,0.8327605724334717,0.31255584955215454,29.424549102783203,30.297630310058594,-0.0,-0.0,-0.0,-0.0,off
14.22,21.007814407348633,13.172910690307617,15.593292236328125,0.90831458568573,0.37213170528411865,29.291715621948242,30.196901321411133,-0.0,-0.0,-0.0,-0.0,off
14.24,20.81818389892578,12.990252494812012,15.669954299926758,1.0025485754013062,0.4351733922958374,29.115131378173828,30.088390350341797,-0.0,-0.0,-0.0,-0.0,off
14.26,20.575654983520508,12.808917045593262,15.777547836303711,1.1064575910568237,0.502301812171936,28.919836044311523,29.970861434936523,-0.0,-0.0,-0.0,-0.0,off
14.280000000000001,20.357223510742188,12.663472175598145,15.868570327758789,1.1933623552322388,0.5714078545570374,28.750505447387695,29.847814559936523,-0.0,-0.0,-0.0,-0.0,off
14.3,20.232120513916016,12.50512981414795,15.909765243530273,1.2669389247894287,0.6409609317779541,28.615339279174805,29.72336196899414,-0.0,-0.0,-0.0,-0.0,off
14.32,19.91006088256836,12.319263458251953,16.020437240600586,1.3272491693496704,0.7095897793769836,28.3695125579834,29.58615493774414,-0.0,-0.0,-0.0,-0.0,off
14.34,19.691062927246094,12.127223014831543,16.10685157775879,1.4041399955749512,0.7790448069572449,28.182231903076172,29.443456649780273,-0.0,-0.0,-0.0,-0.0,off
14.36,19.451656341552734,11.962016105651855,16.213254928588867,1.4837327003479004,0.8495135307312012,28.005828857421875,29.296842575073242,-0.0,-0.0,-0.0,-0.0,off
14.38,19.190954208374023,11.818083763122559,16.281126022338867,1.556175708770752,0.9201797246932983,27.803504943847656,29.144248962402344,-0.0,-0.0,-0.0,-0.0,off
14.4,18.966922760009766,11.682769775390625,16.27227020263672,1.6249208450317383,0.9906538128852844,27.58655548095703,28.985197067260742,0.0,-0.0,-0.0,0.0,off
14.42,18.818750381469727,11.631913185119629,16.262922286987305,1.700912594795227,1.0616796016693115,27.457775115966797,28.829437255859375,0.0,-0.0,-0.0,0.0,off
14.44,18.70857810974121,11.479538917541504,16.279645919799805,1.7748963832855225,1.1330013275146484,27.327964782714844,28.67630958557129,-0.0,-0.0,-0.0,-0.0,off
14.46,18.635967254638672,11.382582664489746,16.260488510131836,1.8481508493423462,1.2045161724090576,27.226200103759766,28.528627395629883,-0.0,-0.0,-0.0,-0.0,off
14.48,18.624109268188477,11.283320426940918,16.23952865600586,1.9150322675704956,1.2755677700042725,27.164186477661133,28.389867782592773,-0.0,-0.0,-0.0,-0.0,off
14.5,18.6788272857666,11.083649635314941,16.20319175720215,1.9749751091003418,1.3455084562301636,27.0977725982666,28.258520126342773,-0.0,-0.0,-0.0,-0.0,off
14.52,18.60145378112793,10.966092109680176,16.210878372192383,2.03228759765625,1.4141862392425537,27.001144409179688,28.130685806274414,-0.0,-0.0,-0.0,-0.0,off
14.540000000000001,18.491941452026367,10.8287992477417,16.216920852661133,2.084738254547119,1.4812413454055786,26.87384033203125,28.002864837646484,-0.0,-0.0,-0.0,-0.0,off
14.56,18.415319442749023,10.664103507995605,16.20530891418457,2.1413729190826416,1.5472544431686401,26.74806785583496,27.875211715698242,-0.0,-0.0,-0.0,-0.0,off
14.58,18.40103530883789,10.50441837310791,16.163585662841797,2.1897215843200684,1.6115012168884277,26.649621963500977,27.750568389892578,-0.0,-0.0,-0.0,-0.0,off
14.6,18.09898567199707,10.412748336791992,16.1505069732666,2.2454020977020264,1.6748912334442139,26.39767837524414,27.613168716430664,-0.0,-0.0,-0.0,-0.0,off
14.620000000000001,18.012449264526367,10.299981117248535,16.11652374267578,2.3033761978149414,1.7377396821975708,26.27318572998047,27.477191925048828,-0.0,-0.0,-0.0,-0.0,off
14.64,17.959203720092773,10.25828742980957,16.125246047973633,2.3644304275512695,1.8004087209701538,26.225730895996094,27.350271224975586,-0.0,-0.0,-0.0,-0.0,off
14.66,17.804424285888672,10.194597244262695,16.072254180908203,2.421319007873535,1.862499713897705,26.06232261657715,27.21988868713379,-0.0,-0.0,-0.0,-0.0,off
14.68,17.598207473754883,10.081192970275879,16.065868377685547,2.4778342247009277,1.9240331649780273,25.87352752685547,27.08354949951172,0.0,0.0,-0.0,0.0,off
14.700000000000001,17.35785675048828,10.038073539733887,15.978549003601074,2.5363125801086426,1.985261082649231,25.63926887512207,26.937591552734375,-0.0,-0.0,-0.0,-0.0,off
14.72,17.07756805419922,9.983376502990723,15.87354850769043,2.597932815551758,2.0465283393859863,25.362979888916016,26.77867889404297,-0.0,-0.0,-0.0,-0.0,off
14.74,16.842966079711914,9.932316780090332,15.78671646118164,2.659031391143799,2.107778549194336,25.130794525146484,26.612497329711914,-0.0,-0.0,-0.0,-0.0,off
14.76,16.65904426574707,9.850401878356934,15.691314697265625,2.711589813232422,2.1681597232818604,24.915287017822266,26.44149398803711,-0.0,-0.0,-0.0,-0.0,off
14.780000000000001,16.352392196655273,9.751457214355469,15.614359855651855,2.754805564880371,2.2268242835998535,24.623157501220703,26.258190155029297,-0.0,-0.0,-0.0,-0.0,off
14.8,16.189620971679688,9.713444709777832,15.492483139038086,2.8102827072143555,2.285170078277588,24.422773361206055,26.073410034179688,-0.0,-0.0,-0.0,-0.0,off
14.82,16.028852462768555,9.71428108215332,15.32862663269043,2.8753952980041504,2.3441925048828125,24.2127685546875,25.886396408081055,-0.0,-0.0,-0.0,-0.0,off
14.84,15.768762588500977,9.602395057678223,15.232074737548828,2.917123794555664,2.4014854431152344,23.93482780456543,25.6901798248291,-0.0,-0.0,-0.0,-0.0,off
14.86,15.436609268188477,9.524418830871582,15.099239349365234,2.952260971069336,2.4565629959106445,23.600645065307617,25.479990005493164,-0.0,-0.0,-0.0,-0.0,off
14.88,15.201406478881836,9.438729286193848,14.892555236816406,2.997347831726074,2.510641574859619,23.280046463012695,25.25893783569336,-0.0,-0.0,-0.0,-0.0,off
14.9,14.99465560913086,9.386212348937988,14.649957656860352,3.03863263130188,2.5634405612945557,22.968717575073242,25.029098510742188,-0.0,0.0,-0.0,-0.0,off
14.92,14.815531730651855,9.314400672912598,14.46346664428711,3.062751054763794,2.6133716106414795,22.703521728515625,24.79587173461914,-0.0,0.0,-0.0,-0.0,off
14.94,14.692479133605957,9.253233909606934,14.257650375366211,3.0865464210510254,2.660688877105713,22.46712875366211,24.562541961669922,-0.0,-0.0,-0.0,-0.0,off
14.96,14.460474967956543,9.209019660949707,14.05784797668457,3.103302001953125,2.7049500942230225,22.170576095581055,24.3228702545166,-0.0,-0.0,-0.0,-0.0,off
14.98,14.315411567687988,9.152739524841309,13.80450439453125,3.125540256500244,2.747009038925171,21.89219093322754,24.079456329345703,-0.0,-0.0,-0.0,-0.0,off
15.0,14.17237377166748,9.12637996673584,13.535711288452148,3.1309306621551514,2.7854013442993164,21.618568420410156,23.833045959472656,-0.0,-0.0,-0.0,-0.0,off
15.02,14.071698188781738,9.062718391418457,13.322640419006348,3.120906352996826,2.8189518451690674,21.39248275756836,23.58871078491211,-0.0,-0.0,-0.0,-0.0,off
15.040000000000001,13.872672080993652,9.028996467590332,13.087133407592773,3.113300323486328,2.848386764526367,21.100873947143555,23.339548110961914,-0.0,-0.0,-0.0,-0.0,off
15.06,13.814125061035156,8.980820655822754,12.795201301574707,3.1260762214660645,2.8761556148529053,20.86150360107422,23.091276168823242,-0.0,-0.0,-0.0,-0.0,off
15.08,13.810107231140137,8.871560096740723,12.503411293029785,3.1328959465026855,2.901829719543457,20.633926391601562,22.844951629638672,-0.0,-0.0,-0.0,-0.0,off
15.1,13.76086139678955,8.820473670959473,12.229098320007324,3.1533217430114746,2.926978826522827,20.41354751586914,22.60094451904297,-0.0,-0.0,-0.0,-0.0,off
15.120000000000001,13.689135551452637,8.746136665344238,11.945968627929688,3.1559057235717773,2.94987154006958,20.16416358947754,22.356111526489258,-0.0,-0.0,-0.0,-0.0,off
15.14,13.544731140136719,8.677294731140137,11.590726852416992,3.146759033203125,2.969560146331787,19.826753616333008,22.101581573486328,-0.0,-0.0,-0.0,-0.0,off
15.16,13.341923713684082,8.676199913024902,11.243719100952148,3.1337661743164062,2.985980749130249,19.48600959777832,21.837934494018555,-0.0,-0.0,-0.0,-0.0,off
15.18,13.133893966674805,8.620247840881348,10.894853591918945,3.1045918464660645,2.9978418350219727,19.118202209472656,21.563465118408203,-0.0,-0.0,-0.0,-0.0,off
15.200000000000001,12.84377384185791,8.528443336486816,10.575485229492188,3.059192657470703,3.003976821899414,18.6959285736084,21.274133682250977,-0.0,-0.0,-0.0,-0.0,off
15.22,12.6786527633667,8.406203269958496,10.23029899597168,3.017573833465576,3.005336284637451,18.332252502441406,20.977054595947266,-0.0,-0.0,-0.0,-0.0,off
15.24,12.62651538848877,8.421917915344238,9.854515075683594,2.9948477745056152,3.0042872428894043,18.096105575561523,20.684926986694336,-0.0,-0.0,-0.0,-0.0,off
15.26,12.473662376403809,8.372315406799316,9.465286254882812,2.983384370803833,3.002196788787842,17.756113052368164,20.387163162231445,-0.0,-0.0,-0.0,-0.0,off
15.280000000000001,12.248494148254395,8.21277141571045,9.014650344848633,2.9713964462280273,2.9991166591644287,17.28407096862793,20.07127571105957,-0.0,-0.0,-0.0,-0.0,off
15.3,12.108696937561035,8.120882987976074,8.520793914794922,2.9678332805633545,2.995988368988037,16.88707160949707,19.74568748474121,0.0,-0.0,-0.0,0.0,off
15.32,11.944029808044434,7.990603446960449,7.993844509124756,2.9647622108459473,2.992865562438965,16.444181442260742,19.406587600708008,0.0,-0.0,-0.0,0.0,off
15.34,11.889601707458496,7.907402992248535,7.44068717956543,2.962507724761963,2.9898297786712646,16.101350784301758,19.064220428466797,-0.0,0.0,-0.0,-0.0,off
15.36,11.843485832214355,7.743942737579346,6.858395099639893,2.9365386962890625,2.9845006465911865,15.724960327148438,18.71518898010254,-0.0,-0.0,-0.0,-0.0,off
15.38,11.782689094543457,7.604135036468506,6.224205493927002,2.881837844848633,2.974234104156494,15.342598915100098,18.358495712280273,-0.0,0.0,-0.0,-0.0,off
15.4,11.725010871887207,7.408623218536377,5.55564022064209,2.7961325645446777,2.9564239978790283,14.940840721130371,17.992149353027344,-0.0,-0.0,-0.0,-0.0,off
15.42,11.600127220153809,7.216477394104004,4.837588310241699,2.702530860900879,2.931034803390503,14.492852210998535,17.611562728881836,-0.0,-0.0,-0.0,-0.0,off
15.44,11.539336204528809,7.0161590576171875,4.0370378494262695,2.6096057891845703,2.8988919258117676,14.095404624938965,17.220312118530273,-0.0,-0.0,-0.0,-0.0,off
15.46,11.447285652160645,6.857053756713867,3.215348958969116,2.5083985328674316,2.859842538833618,13.725814819335938,16.820892333984375,-0.0,-0.0,-0.0,-0.0,off
15.48,11.421797752380371,6.605119705200195,2.425344228744507,2.413043260574341,2.8151626586914062,13.415191650390625,16.419368743896484,-0.0,-0.0,-0.0,-0.0,off
15.5,11.267720222473145,6.343078136444092,1.7419335842132568,2.3204994201660156,2.7656962871551514,13.0472412109375,16.013713836669922,-0.0,-0.0,-0.0,-0.0,off
15.52,11.260711669921875,6.111892223358154,0.9512150883674622,2.2267088890075684,2.7117974758148193,12.847710609436035,15.615588188171387,-0.0,-0.0,-0.0,-0.0,off
15.540000000000001,11.220242500305176,5.913127422332764,0.1924789398908615,2.1210169792175293,2.652719259262085,12.684477806091309,15.228723526000977,-0.0,-0.0,-0.0,-0.0,off
15.56,11.12924861907959,5.587436199188232,-0.5619482398033142,2.015846014022827,2.589031934738159,12.465768814086914,14.846295356750488,-0.0,-0.0,-0.0,-0.0,off
15.58,11.126760482788086,5.287655830383301,-1.4094600677490234,1.912736177444458,2.521402359008789,12.399624824523926,14.478055000305176,-0.0,-0.0,-0.0,-0.0,off
15.6,11.097558975219727,5.007383346557617,-2.2232577800750732,1.833521842956543,2.4526143074035645,12.376291275024414,14.12853717803955,-0.0,-0.0,-0.0,-0.0,off
15.620000000000001,11.056090354919434,4.732054233551025,-3.008833885192871,1.7552286386489868,2.382875680923462,12.39687728881836,13.802044868469238,-0.0,-0.0,-0.0,-0.0,off
15.64,10.989814758300781,4.396961212158203,-3.726686716079712,1.6758173704147339,2.3121697902679443,12.40957260131836,13.498867988586426,-0.0,-0.0,-0.0,-0.0,off
15.66,10.882742881774902,4.067185401916504,-4.474423885345459,1.6111119985580444,2.2420637607574463,12.449761390686035,13.218771934509277,-0.0,-0.0,-0.0,-0.0,off
15.68,10.788825035095215,3.7697601318359375,-5.136077880859375,1.5796802043914795,2.175825357437134,12.52953052520752,12.969149589538574,-0.0,-0.0,-0.0,-0.0,off
15.700000000000001,10.658740043640137,3.4648914337158203,-5.854122638702393,1.5532598495483398,2.1135687828063965,12.644562721252441,12.748536109924316,-0.0,-0.0,-0.0,-0.0,off
15.72,10.683182716369629,3.249824047088623,-6.6159186363220215,1.5495952367782593,2.05717134475708,12.97929573059082,12.578204154968262,-0.0,-0.0,-0.0,-0.0,off
15.74,10.533452987670898,3.069516181945801,-7.187352657318115,1.4538007974624634,1.9968342781066895,13.116157531738281,12.444000244140625,-0.0,-0.0,-0.0,-0.0,off
15.76,10.291193962097168,2.84004545211792,-7.639780044555664,1.3900772333145142,1.936158537864685,13.127862930297852,12.333486557006836,-0.0,-0.0,-0.0,-0.0,off
15.780000000000001,10.16175365447998,2.561223030090332,-8.126224517822266,1.3723845481872559,1.8797811269760132,13.261094093322754,12.254762649536133,-0.0,-0.0,-0.0,-0.0,off
15.8,10.183884620666504,2.305449962615967,-8.633525848388672,1.3953306674957275,1.8313360214233398,13.548593521118164,12.221904754638672,-0.0,-0.0,-0.0,-0.0,off
15.82,10.085384368896484,2.0433778762817383,-9.067546844482422,1.4046895503997803,1.7886713743209839,13.715348243713379,12.21928596496582,-0.0,-0.0,-0.0,-0.0,off
15.84,10.059772491455078,1.8191965818405151,-9.48208999633789,1.4010549783706665,1.7499096393585205,13.943404197692871,12.251999855041504,-0.0,-0.0,-0.0,-0.0,off
15.860000000000001,9.991984367370605,1.5339900255203247,-9.879175186157227,1.3859196901321411,1.7135106325149536,14.134743690490723,12.310674667358398,-0.0,-0.0,-0.0,-0.0,off
15.88,9.967631340026855,1.3450249433517456,-10.207319259643555,1.3901560306549072,1.6811751127243042,14.330113410949707,12.396841049194336,-0.0,-0.0,-0.0,-0.0,off
15.9,9.892227172851562,1.1078325510025024,-10.570000648498535,1.3956084251403809,1.652618408203125,14.519241333007812,12.502860069274902,-0.0,-0.0,-0.0,-0.0,off
15.92,9.811552047729492,0.8546289205551147,-10.764864921569824,1.3594012260437012,1.6232966184616089,14.59038257598877,12.617600440979004,-0.0,-0.0,-0.0,-0.0,off
15.94,9.890427589416504,0.5232504606246948,-11.165889739990234,1.369856595993042,1.5979526042938232,14.925529479980469,12.761210441589355,-0.0,-0.0,-0.0,-0.0,off
15.96,10.044309616088867,0.2634018659591675,-11.474688529968262,1.3445295095443726,1.5726102590560913,15.252081871032715,12.933674812316895,-0.0,-0.0,-0.0,-0.0,off
15.98,10.123462677001953,-0.011797308921813965,-11.770402908325195,1.3154737949371338,1.5468965768814087,15.525045394897461,13.124258995056152,-0.0,-0.0,-0.0,-0.0,off
16.0,10.131717681884766,-0.23218214511871338,-11.881668090820312,1.2694367170333862,1.5191506147384644,15.616646766662598,13.314725875854492,-0.0,-0.0,-0.0,-0.0,off
16.02,10.048311233520508,-0.4612921476364136,-11.792123794555664,1.212607502937317,1.4884963035583496,15.499533653259277,13.483777046203613,-0.0,-0.0,-0.0,-0.0,off
16.04,9.963136672973633,-0.646192193031311,-11.710948944091797,1.1839393377304077,1.4580405950546265,15.389216423034668,13.632664680480957,-0.0,-0.0,-0.0,-0.0,off
16.06,10.112563133239746,-0.8756755590438843,-11.847719192504883,1.1964462995529175,1.4318811893463135,15.601256370544434,13.793389320373535,-0.0,-0.0,-0.0,-0.0,off
16.080000000000002,10.201709747314453,-1.0069166421890259,-11.937009811401367,1.2001858949661255,1.4087116718292236,15.734705924987793,13.95720100402832,-0.0,-0.0,-0.0,-0.0,off
16.1,10.287181854248047,-1.1632777452468872,-11.940698623657227,1.182280421257019,1.38606858253479,15.803784370422363,14.116523742675781,-0.0,-0.0,-0.0,-0.0,off
16.12,10.321001052856445,-1.287070393562317,-11.870888710021973,1.1424309015274048,1.3617048263549805,15.78282642364502,14.262253761291504,-0.0,-0.0,-0.0,-0.0,off
16.14,10.110672950744629,-1.4721781015396118,-11.600229263305664,1.096523404121399,1.3351867198944092,15.458277702331543,14.363236427307129,-0.0,-0.0,-0.0,-0.0,off
16.16,10.148194313049316,-1.6010137796401978,-11.520207405090332,1.0637773275375366,1.308045744895935,15.435811042785645,14.454695701599121,-0.0,-0.0,-0.0,-0.0,off
16.18,10.370689392089844,-1.776636004447937,-11.667377471923828,1.057180643081665,1.2829591035842896,15.710994720458984,14.566266059875488,-0.0,-0.0,-0.0,-0.0,off
16.2,10.588004112243652,-1.948320984840393,-11.795401573181152,1.035692572593689,1.2582324743270874,15.969761848449707,14.694084167480469,-0.0,-0.0,-0.0,-0.0,off
16.22,10.738089561462402,-2.102911949157715,-11.80720329284668,1.0141217708587646,1.2338213920593262,16.097789764404297,14.8233642578125,-0.0,-0.0,-0.0,-0.0,off
16.240000000000002,10.83336353302002,-2.3617634773254395,-11.814340591430664,0.9768350720405579,1.208122730255127,16.202417373657227,14.95007610321045,-0.0,-0.0,-0.0,-0.0,off
16.26,10.990704536437988,-2.5199427604675293,-11.819707870483398,0.9331331253051758,1.1806237697601318,16.335580825805664,15.078474044799805,-0.0,-0.0,-0.0,-0.0,off
16.28,11.076556205749512,-2.6650824546813965,-11.658378601074219,0.8437328934669495,1.1469346284866333,16.300630569458008,15.191326141357422,-0.0,-0.0,-0.0,-0.0,off
16.3,11.00948715209961,-2.853456497192383,-11.483524322509766,0.7585554122924805,1.1080965995788574,16.16237449645996,15.278977394104004,-0.0,-0.0,-0.0,-0.0,off
16.32,11.169251441955566,-3.099886417388916,-11.433856964111328,0.6689289212226868,1.06417977809906,16.28172492980957,15.36934757232666,-0.0,-0.0,-0.0,-0.0,off
16.34,11.133818626403809,-3.2567315101623535,-11.180967330932617,0.6054609417915344,1.0183078050613403,16.111557006835938,15.4336519241333,-0.0,0.0,-0.0,-0.0,off
16.36,11.3203706741333,-3.6036529541015625,-11.129279136657715,0.5419963002204895,0.9706766605377197,16.278757095336914,15.506556510925293,-0.0,-0.0,-0.0,-0.0,off
16.38,11.51286792755127,-3.8215861320495605,-10.999227523803711,0.4873839020729065,0.9223473072052002,16.374788284301758,15.581299781799316,-0.0,0.0,-0.0,-0.0,off
16.4,11.774979591369629,-4.15403938293457,-10.95966625213623,0.4717395305633545,0.8772865533828735,16.61386489868164,15.670977592468262,-0.0,0.0,-0.0,-0.0,off
16.42,12.012993812561035,-4.484320640563965,-10.877535820007324,0.4888848066329956,0.8384463787078857,16.814931869506836,15.770268440246582,-0.0,-0.0,-0.0,-0.0,off
16.44,12.175821304321289,-4.768884181976318,-10.798928260803223,0.47927117347717285,0.8025288581848145,16.959060668945312,15.873329162597656,-0.0,-0.0,-0.0,-0.0,off
16.46,12.433661460876465,-5.171084403991699,-10.716944694519043,0.4460926651954651,0.7668852210044861,17.210142135620117,15.989011764526367,-0.0,-0.0,-0.0,-0.0,off
16.48,12.585049629211426,-5.5564985275268555,-10.625017166137695,0.38682830333709717,0.7288795113563538,17.382436752319336,16.108736038208008,-0.0,-0.0,-0.0,-0.0,off
16.5,12.663416862487793,-5.737818717956543,-10.37504768371582,0.32904261350631714,0.6888958215713501,17.347227096557617,16.213043212890625,-0.0,-0.0,-0.0,-0.0,off
16.52,12.86540699005127,-6.0676350593566895,-10.104927062988281,0.30862244963645935,0.6508684754371643,17.448335647583008,16.31476593017578,-0.0,-0.0,-0.0,-0.0,off
16.54,13.08807373046875,-6.416037559509277,-9.798622131347656,0.2978302836418152,0.6155646443367004,17.56348991394043,16.415042877197266,-0.0,-0.0,-0.0,-0.0,off
16.56,13.15718936920166,-6.720022201538086,-9.444799423217773,0.2705501616001129,0.5810632109642029,17.53495216369629,16.500276565551758,-0.0,-0.0,-0.0,-0.0,off
16.580000000000002,13.236029624938965,-7.041892051696777,-9.142803192138672,0.2656136155128479,0.5495182275772095,17.56051254272461,16.577754974365234,-0.0,-0.0,-0.0,-0.0,off
16.6,13.25925350189209,-7.380331516265869,-8.745757102966309,0.25406786799430847,0.5199731588363647,17.514719009399414,16.640047073364258,-0.0,-0.0,-0.0,-0.0,off
16.62,13.286152839660645,-7.624815464019775,-8.384535789489746,0.2333965003490448,0.49131548404693604,17.463106155395508,16.689876556396484,-0.0,-0.0,-0.0,-0.0,off
16.64,13.3860502243042,-7.96948766708374,-8.032516479492188,0.19186562299728394,0.46137046813964844,17.5277042388916,16.738723754882812,-0.0,-0.0,-0.0,-0.0,off
16.66,13.498318672180176,-8.161076545715332,-7.668596267700195,0.16126728057861328,0.431360125541687,17.53896141052246,16.78338623046875,-0.0,-0.0,-0.0,-0.0,off
16.68,13.596512794494629,-8.414531707763672,-7.300260543823242,0.14007747173309326,0.4022318422794342,17.57735252380371,16.826129913330078,-0.0,0.0,-0.0,-0.0,off
16.7,13.698270797729492,-8.679092407226562,-6.823828220367432,0.12856823205947876,0.37486547231674194,17.593576431274414,16.863229751586914,-0.0,0.0,-0.0,-0.0,off
16.72,13.735718727111816,-8.90619945526123,-6.361545085906982,0.12300204485654831,0.3496791124343872,17.563018798828125,16.89154624938965,0.0,0.0,-0.0,0.0,off
16.740000000000002,13.806387901306152,-9.07605266571045,-5.871760845184326,0.11908765882253647,0.326619952917099,17.5347843170166,16.912397384643555,-0.0,-0.0,-0.0,-0.0,off
16.76,13.926706314086914,-9.458142280578613,-5.482048511505127,0.10722719877958298,0.3046806752681732,17.704870223999023,16.945547103881836,-0.0,-0.0,-0.0,-0.0,off
16.78,13.97745418548584,-9.753656387329102,-5.085484027862549,0.10888253897428513,0.2851008474826813,17.786657333374023,16.98234748840332,-0.0,-0.0,-0.0,-0.0,off
16.8,14.038689613342285,-10.013690948486328,-4.688543796539307,0.09026812762022018,0.26561757922172546,17.870121002197266,17.023183822631836,-0.0,-0.0,-0.0,-0.0,off
16.82,14.091650009155273,-10.265677452087402,-4.2890095710754395,0.057452552020549774,0.24480107426643372,17.9542293548584,17.06789779663086,-0.0,-0.0,-0.0,-0.0,off
16.84,14.058646202087402,-10.596535682678223,-3.9654204845428467,0.011750631034374237,0.22149601578712463,18.04595947265625,17.11751937866211,-0.0,-0.0,-0.0,-0.0,off
16.86,14.081052780151367,-10.928622245788574,-3.5336034297943115,-0.033725567162036896,0.19597385823726654,18.171327590942383,17.17292022705078,-0.0,0.0,-0.0,-0.0,off
16.88,14.230523109436035,-11.222267150878906,-3.1409876346588135,-0.04916173964738846,0.17146028578281403,18.39328384399414,17.24480438232422,-0.0,-0.0,-0.0,-0.0,off
16.9,14.322492599487305,-11.452467918395996,-2.6932051181793213,-0.07008565217256546,0.1473056823015213,18.534997940063477,17.3232421875,-0.0,-0.0,-0.0,-0.0,off
16.92,14.472335815429688,-11.739396095275879,-2.2548606395721436,-0.09829241782426834,0.12274587154388428,18.770889282226562,17.41687774658203,-0.0,-0.0,-0.0,-0.0,off
16.94,14.474342346191406,-11.886415481567383,-1.8134782314300537,-0.12560361623764038,0.09791091829538345,18.81707191467285,17.506452560424805,-0.0,-0.0,-0.0,-0.0,off
16.96,14.631967544555664,-12.132719993591309,-1.4151546955108643,-0.14880573749542236,0.07323925197124481,19.0604305267334,17.612319946289062,-0.0,-0.0,-0.0,-0.0,off
16.98,14.716979026794434,-12.347809791564941,-1.0051295757293701,-0.17799872159957886,0.04811545088887215,19.23715591430664,17.726158142089844,-0.0,-0.0,-0.0,-0.0,off
17.0,14.743767738342285,-12.571677207946777,-0.5998932719230652,-0.20417124032974243,0.02288677915930748,19.385190963745117,17.844223022460938,-0.0,-0.0,-0.0,-0.0,off
17.02,14.887700080871582,-12.80181884765625,-0.2672573924064636,-0.23376697301864624,-0.0027785971760749817,19.636741638183594,17.978130340576172,-0.0,-0.0,-0.0,-0.0,off
17.04,14.962728500366211,-13.013278007507324,0.08637313544750214,-0.25746119022369385,-0.028246857225894928,19.830181121826172,18.11988067626953,-0.0,-0.0,-0.0,-0.0,off
17.06,15.113337516784668,-13.186856269836426,0.4781702160835266,-0.263455867767334,-0.05176775902509689,20.063270568847656,18.272281646728516,-0.0,-0.0,-0.0,-0.0,off
17.080000000000002,15.18099594116211,-13.327792167663574,0.84211665391922,-0.2717757821083069,-0.07376855611801147,20.218849182128906,18.426870346069336,-0.0,-0.0,-0.0,-0.0,off
17.1,15.31541633605957,-13.464262008666992,1.1982128620147705,-0.3004801869392395,-0.09643971920013428,20.42753028869629,18.58891487121582,-0.0,-0.0,-0.0,-0.0,off
17.12,15.277939796447754,-13.668011665344238,1.5708630084991455,-0.32457488775253296,-0.1192532330751419,20.55961036682129,18.748750686645508,-0.0,-0.0,-0.0,-0.0,off
17.14,15.257331848144531,-13.903233528137207,1.9463698863983154,-0.32502394914627075,-0.1398303061723709,20.733413696289062,18.910593032836914,-0.0,0.0,-0.0,-0.0,off
17.16,15.417734146118164,-14.121665954589844,2.2541348934173584,-0.32815682888031006,-0.15866294503211975,21.02876853942871,19.088274002075195,-0.0,-0.0,-0.0,-0.0,off
17.18,15.600628852844238,-14.234787940979004,2.6324069499969482,-0.3318772315979004,-0.17598438262939453,21.2823486328125,19.27511978149414,-0.0,-0.0,-0.0,-0.0,off
17.2,15.78313159942627,-14.388855934143066,2.9849040508270264,-0.3464006781578064,-0.19302602112293243,21.56515884399414,19.473283767700195,-0.0,-0.0,-0.0,-0.0,off
17.22,15.855281829833984,-14.548015594482422,3.324455499649048,-0.35088497400283813,-0.2088119089603424,21.77353286743164,19.673879623413086,-0.0,-0.0,-0.0,-0.0,off
17.240000000000002,15.937193870544434,-14.721481323242188,3.7023332118988037,-0.33208703994750977,-0.22113943099975586,22.009620666503906,19.878768920898438,-0.0,-0.0,-0.0,-0.0,off
17.26,15.990971565246582,-14.856554985046387,4.131651878356934,-0.3304521441459656,-0.2320706993341446,22.21483612060547,20.083642959594727,-0.0,-0.0,-0.0,-0.0,off
17.28,16.12737274169922,-14.984112739562988,4.5194196701049805,-0.34128183126449585,-0.24299181997776031,22.473115921020508,20.294790267944336,-0.0,-0.0,-0.0,-0.0,off
17.3,16.228614807128906,-15.11241626739502,4.912647247314453,-0.3422279953956604,-0.2529154419898987,22.713150024414062,20.509521484375,-0.0,-0.0,-0.0,-0.0,off
17.32,16.152408599853516,-15.243019104003906,5.338578224182129,-0.3309573531150818,-0.2607196271419525,22.841856002807617,20.715225219726562,-0.0,0.0,-0.0,-0.0,off
17.34,16.322471618652344,-15.322419166564941,5.774587154388428,-0.30690228939056396,-0.26533788442611694,23.1202392578125,20.928665161132812,-0.0,-0.0,-0.0,-0.0,off
17.36,16.440122604370117,-15.337685585021973,6.190898895263672,-0.30788397789001465,-0.2695924937725067,23.320579528808594,21.141321182250977,-0.0,-0.0,-0.0,-0.0,off
17.38,16.507537841796875,-15.481057167053223,6.580930233001709,-0.3067495822906494,-0.2733081877231598,23.568424224853516,21.358232498168945,-0.0,-0.0,-0.0,-0.0,off
17.400000000000002,16.624801635742188,-15.619720458984375,6.946969509124756,-0.2819983959197998,-0.2741771936416626,23.845754623413086,21.582399368286133,-0.0,-0.0,-0.0,-0.0,off
17.42,16.617328643798828,-15.746125221252441,7.28245210647583,-0.26771849393844604,-0.27353131771087646,24.023117065429688,21.802955627441406,-0.0,-0.0,-0.0,-0.0,off
17.44,16.59930992126465,-15.845324516296387,7.683318614959717,-0.2710028886795044,-0.27327847480773926,24.200098037719727,22.01923942565918,-0.0,-0.0,-0.0,-0.0,off
17.46,16.673913955688477,-15.917069435119629,8.05436897277832,-0.2888649106025696,-0.27483710646629333,24.418136596679688,22.23651695251465,-0.0,-0.0,-0.0,-0.0,off
17.48,16.771080017089844,-16.040590286254883,8.438158988952637,-0.29069390892982483,-0.27642276883125305,24.693565368652344,22.460359573364258,-0.0,-0.0,-0.0,-0.0,off
17.5,16.879465103149414,-16.1830997467041,8.869956016540527,-0.28876763582229614,-0.27765724062919617,25.009702682495117,22.693668365478516,-0.0,-0.0,-0.0,-0.0,off
17.52,16.937358856201172,-16.278812408447266,9.311728477478027,-0.28032875061035156,-0.27792438864707947,25.270183563232422,22.929615020751953,-0.0,0.0,-0.0,-0.0,off
17.54,17.113399505615234,-16.348539352416992,9.723658561706543,-0.2769482135772705,-0.2778267562389374,25.586963653564453,23.174386978149414,-0.0,0.0,-0.0,-0.0,off
17.56,17.19645118713379,-16.46293067932129,10.143160820007324,-0.2714502811431885,-0.27718910574913025,25.87720489501953,23.4240779876709,-0.0,-0.0,-0.0,-0.0,off
17.580000000000002,17.3234920501709,-16.533092498779297,10.565434455871582,-0.26326075196266174,-0.2757962644100189,26.173934936523438,23.67890739440918,-0.0,-0.0,-0.0,-0.0,off
17.6,17.529460906982422,-16.62373924255371,10.916814804077148,-0.2539212107658386,-0.2736087441444397,26.510517120361328,23.94341278076172,-0.0,-0.0,-0.0,-0.0,off
17.62,17.519794464111328,-16.6539306640625,11.28477954864502,-0.25152266025543213,-0.27140012383461,26.676633834838867,24.198400497436523,-0.0,-0.0,-0.0,-0.0,off
17.64,17.5655517578125,-16.636072158813477,11.625097274780273,-0.2480112910270691,-0.26906123757362366,26.84120750427246,24.444984436035156,0.0,0.0,-0.0,0.0,off
17.66,17.73332405090332,-16.644214630126953,11.970711708068848,-0.24361729621887207,-0.2665168344974518,27.107168197631836,24.69446563720703,-0.0,0.0,-0.0,-0.0,off
17.68,17.8693790435791,-16.687767028808594,12.33094596862793,-0.22663062810897827,-0.2625282108783722,27.38336181640625,24.947336196899414,-0.0,-0.0,-0.0,-0.0,off
17.7,17.899539947509766,-16.638700485229492,12.642544746398926,-0.19750377535820007,-0.2560257613658905,27.51497459411621,25.188608169555664,-0.0,-0.0,-0.0,-0.0,off
17.72,17.91124725341797,-16.544811248779297,12.935266494750977,-0.18525177240371704,-0.2489483654499054,27.601896286010742,25.414873123168945,-0.0,-0.0,-0.0,-0.0,off
17.740000000000002,17.826005935668945,-16.45069122314453,13.25390338897705,-0.1846829652786255,-0.24252180755138397,27.64159393310547,25.622356414794922,0.0,-0.0,-0.0,0.0,off
17.76,17.809349060058594,-16.394935607910156,13.576187133789062,-0.18894970417022705,-0.23716458678245544,27.7539119720459,25.82048988342285,-0.0,-0.0,-0.0,-0.0,off
17.78,18.010000228881836,-16.334922790527344,13.861701011657715,-0.16591310501098633,-0.23003943264484406,27.988149642944336,26.02324104309082,-0.0,-0.0,-0.0,-0.0,off
17.8,18.02346420288086,-16.166236877441406,14.124800682067871,-0.14888739585876465,-0.22192421555519104,28.030385971069336,26.210126876831055,-0.0,-0.0,-0.0,-0.0,off
17.82,18.05443000793457,-16.137062072753906,14.410923957824707,-0.13627949357032776,-0.21335972845554352,28.178749084472656,26.393709182739258,-0.0,0.0,-0.0,-0.0,off
17.84,18.06986427307129,-16.037904739379883,14.721240997314453,-0.1301324963569641,-0.20503699779510498,28.292213439941406,26.570268630981445,-0.0,-0.0,-0.0,-0.0,off
17.86,18.126665115356445,-16.026622772216797,15.030735969543457,-0.10832760483026505,-0.1953660547733307,28.484233856201172,26.748830795288086,-0.0,-0.0,-0.0,-0.0,off
17.88,18.255985260009766,-15.959831237792969,15.33942699432373,-0.0846899226307869,-0.18429842591285706,28.6931209564209,26.930774688720703,-0.0,-0.0,-0.0,-0.0,off
17.900000000000002,18.401819229125977,-15.89030933380127,15.621660232543945,-0.0910840705037117,-0.17497698962688446,28.89922332763672,27.115659713745117,-0.0,-0.0,-0.0,-0.0,off
17.92,18.53284454345703,-15.767033576965332,15.906478881835938,-0.10335884243249893,-0.167815163731575,29.070289611816406,27.299333572387695,-0.0,-0.0,-0.0,-0.0,off
17.94,18.611034393310547,-15.792826652526855,16.149919509887695,-0.09290231019258499,-0.1603238731622696,29.26779556274414,27.485410690307617,-0.0,-0.0,-0.0,-0.0,off
17.96,18.71538734436035,-15.818686485290527,16.38975715637207,-0.07356426864862442,-0.1516478955745697,29.480854034423828,27.67513656616211,-0.0,-0.0,-0.0,-0.0,off
17.98,18.86036491394043,-15.735061645507812,16.56157875061035,-0.060466594994068146,-0.14252975583076477,29.624170303344727,27.861051559448242,0.0,-0.0,-0.0,0.0,off
18.0,19.00889015197754,-15.689949989318848,16.73735809326172,-0.06533677130937576,-0.1348104625940323,29.793481826782227,28.04613494873047,0.0,-0.0,-0.0,0.0,off
18.02,19.056228637695312,-15.783080101013184,16.87346076965332,-0.08354450017213821,-0.12968386709690094,29.949275970458984,28.229644775390625,-0.0,-0.0,-0.0,-0.0,off
18.04,19.235443115234375,-15.72179126739502,16.980255126953125,-0.1016993299126625,-0.12688541412353516,30.09162712097168,28.409839630126953,-0.0,-0.0,-0.0,-0.0,off
18.06,19.41165542602539,-15.723367691040039,17.089555740356445,-0.11161870509386063,-0.1253587305545807,30.266971588134766,28.59039878845215,-0.0,-0.0,-0.0,-0.0,off
18.080000000000002,19.599260330200195,-15.696586608886719,17.176538467407227,-0.12452936917543411,-0.12527579069137573,30.422809600830078,28.769153594970703,-0.0,-0.0,-0.0,-0.0,off
18.1,19.68226432800293,-15.697919845581055,17.154529571533203,-0.1301131546497345,-0.1257595270872116,30.464637756347656,28.93518829345703,-0.0,-0.0,-0.0,-0.0,off
18.12,19.878080368041992,-15.691933631896973,17.18340492248535,-0.11896122246980667,-0.1250796914100647,30.604644775390625,29.099185943603516,0.0,0.0,-0.0,0.0,off
18.14,20.082923889160156,-15.625836372375488,17.1949520111084,-0.10146988183259964,-0.1227187067270279,30.710861206054688,29.257665634155273,-0.0,-0.0,-0.0,-0.0,off
18.16,20.32662010192871,-15.59005355834961,17.237977981567383,-0.08827615529298782,-0.11927445232868195,30.876676559448242,29.417020797729492,-0.0,-0.0,-0.0,-0.0,off
18.18,20.494050979614258,-15.471956253051758,17.328636169433594,-0.08547938615083694,-0.11589494347572327,30.978527069091797,29.570432662963867,-0.0,0.0,-0.0,-0.0,off
18.2,20.614744186401367,-15.495287895202637,17.432790756225586,-0.07932449132204056,-0.11223789304494858,31.12834358215332,29.72380256652832,-0.0,0.0,-0.0,-0.0,off
18.22,20.672710418701172,-15.318317413330078,17.530593872070312,-0.08323604613542557,-0.1093377023935318,31.13412094116211,29.862125396728516,-0.0,-0.0,-0.0,-0.0,off
18.240000000000002,20.829490661621094,-15.160957336425781,17.62169075012207,-0.07116127759218216,-0.10552005469799042,31.212919235229492,29.994182586669922,-0.0,-0.0,-0.0,-0.0,off
18.26,20.936744689941406,-15.079851150512695,17.692529678344727,-0.0633932426571846,-0.10130736976861954,31.285375595092773,30.12035369873047,-0.0,-0.0,-0.0,-0.0,off
18.28,21.042863845825195,-14.93726634979248,17.74744415283203,-0.06476632505655289,-0.09765326231718063,31.319255828857422,30.23716926574707,-0.0,-0.0,-0.0,-0.0,off
18.3,21.194908142089844,-14.865687370300293,17.814176559448242,-0.05464998632669449,-0.09335293620824814,31.425430297851562,30.35297393798828,-0.0,-0.0,-0.0,-0.0,off
18.32,21.2275447845459,-14.746969223022461,17.9156436920166,-0.04309893399477005,-0.08832753449678421,31.44919776916504,30.459577560424805,-0.0,0.0,-0.0,-0.0,off
18.34,21.243324279785156,-14.5474214553833,17.984615325927734,-0.04842115193605423,-0.08433689922094345,31.406251907348633,30.550994873046875,-0.0,0.0,-0.0,-0.0,off
18.36,21.383285522460938,-14.352828025817871,18.047487258911133,-0.06655097752809525,-0.08255830407142639,31.44774055480957,30.637048721313477,-0.0,0.0,-0.0,-0.0,off
18.38,21.54971694946289,-14.269302368164062,18.127262115478516,-0.07401976734399796,-0.08170445263385773,31.568986892700195,30.72665023803711,-0.0,-0.0,-0.0,-0.0,off
18.400000000000002,21.71369171142578,-14.138291358947754,18.179540634155273,-0.06950319558382034,-0.08048432320356369,31.65235137939453,30.81549835205078,-0.0,-0.0,-0.0,-0.0,off
18.42,21.8230037689209,-13.990893363952637,18.228105545043945,-0.05940551310777664,-0.07837643474340439,31.68994140625,30.899131774902344,-0.0,-0.0,-0.0,-0.0,off
18.44,21.859880447387695,-13.852773666381836,18.265180587768555,-0.06349433213472366,-0.07688821852207184,31.676025390625,30.973112106323242,-0.0,0.0,-0.0,-0.0,off
18.46,21.936004638671875,-13.802689552307129,18.285200119018555,-0.09709031134843826,-0.07890842854976654,31.718307495117188,31.0443058013916,-0.0,-0.0,-0.0,-0.0,off
18.48,22.093849182128906,-13.720003128051758,18.297101974487305,-0.11518502980470657,-0.08253608644008636,31.798751831054688,31.116498947143555,0.0,0.0,-0.0,0.0,off
18.5,22.25943946838379,-13.674951553344727,18.33333396911621,-0.12326664477586746,-0.0866091400384903,31.915483474731445,31.19330406188965,0.0,0.0,-0.0,0.0,off
18.52,22.26970672607422,-13.570870399475098,18.340923309326172,-0.1331499218940735,-0.09126321971416473,31.8825626373291,31.259355545043945,-0.0,-0.0,-0.0,-0.0,off
18.54,22.286256790161133,-13.55802059173584,18.324230194091797,-0.15743261575698853,-0.09788016229867935,31.879060745239258,31.318950653076172,-0.0,-0.0,-0.0,-0.0,off
18.56,22.42017364501953,-13.484601020812988,18.3067569732666,-0.1774628758430481,-0.10583843290805817,31.931739807128906,31.37788200378418,-0.0,-0.0,-0.0,-0.0,off
18.580000000000002,22.593751907348633,-13.426655769348145,18.323183059692383,-0.1794586181640625,-0.11320044845342636,32.038909912109375,31.441621780395508,-0.0,0.0,-0.0,-0.0,off
18.6,22.656517028808594,-13.261892318725586,18.34565544128418,-0.18343308568000793,-0.12022370845079422,32.0274658203125,31.497684478759766,-0.0,0.0,-0.0,-0.0,off
18.62,22.73085594177246,-13.226758003234863,18.3470401763916,-0.20549732446670532,-0.12875106930732727,32.06637954711914,31.552282333374023,-0.0,-0.0,-0.0,-0.0,off
18.64,22.82488250732422,-13.096035957336426,18.366357803344727,-0.2202863097190857,-0.1379045844078064,32.09056854248047,31.603729248046875,-0.0,0.0,-0.0,-0.0,off
18.66,22.90915870666504,-12.968671798706055,18.37802505493164,-0.22876286506652832,-0.14699041843414307,32.10557174682617,31.65145492553711,-0.0,-0.0,-0.0,-0.0,off
18.68,22.961009979248047,-12.84636402130127,18.40898323059082,-0.2363000512123108,-0.15592138469219208,32.111175537109375,31.694971084594727,-0.0,0.0,-0.0,-0.0,off
18.7,23.056921005249023,-12.747344017028809,18.40934944152832,-0.23768013715744019,-0.16409724950790405,32.1406364440918,31.737089157104492,-0.0,0.0,-0.0,-0.0,off
18.72,23.10718536376953,-12.630717277526855,18.396087646484375,-0.24685609340667725,-0.17237313091754913,32.12309265136719,31.773269653320312,-0.0,-0.0,-0.0,-0.0,off
18.740000000000002,23.11590576171875,-12.559943199157715,18.4095516204834,-0.256696879863739,-0.180805504322052,32.10932540893555,31.804691314697266,-0.0,-0.0,-0.0,-0.0,off
18.76,23.190406799316406,-12.472658157348633,18.428964614868164,-0.2544807195663452,-0.18817302584648132,32.14014434814453,31.836095809936523,-0.0,-0.0,-0.0,-0.0,off
18.78,23.203777313232422,-12.379169464111328,18.431276321411133,-0.2511652708053589,-0.19447225332260132,32.114967346191406,31.861967086791992,-0.0,-0.0,-0.0,-0.0,off
18.8,23.240188598632812,-12.27503776550293,18.44722557067871,-0.26574867963790894,-0.2015998810529709,32.1104850769043,31.884838104248047,-0.0,-0.0,-0.0,-0.0,off
18.82,23.261287689208984,-12.2206449508667,18.45558738708496,-0.27822011709213257,-0.2092619091272354,32.10981750488281,31.905553817749023,-0.0,-0.0,-0.0,-0.0,off
18.84,23.339439392089844,-12.117447853088379,18.461400985717773,-0.28824836015701294,-0.21716055274009705,32.13075256347656,31.92624855041504,-0.0,-0.0,-0.0,-0.0,off
18.86,23.35032844543457,-12.102360725402832,18.501354217529297,-0.27440690994262695,-0.22288519144058228,32.155948638916016,31.947681427001953,-0.0,-0.0,-0.0,-0.0,off
18.88,23.33970069885254,-11.955974578857422,18.535446166992188,-0.2690025568008423,-0.2274969220161438,32.11307907104492,31.962608337402344,-0.0,-0.0,-0.0,-0.0,off
18.900000000000002,23.29964828491211,-11.8702974319458,18.55882453918457,-0.2696937322616577,-0.2317166030406952,32.065673828125,31.97142219543457,-0.0,-0.0,-0.0,-0.0,off
18.92,23.316085815429688,-11.842414855957031,18.57831382751465,-0.2748679518699646,-0.23603174090385437,32.07859802246094,31.980838775634766,-0.0,-0.0,-0.0,-0.0,off
18.94,23.305265426635742,-11.656342506408691,18.596790313720703,-0.26159989833831787,-0.23858854174613953,32.013221740722656,31.982566833496094,-0.0,-0.0,-0.0,-0.0,off
18.96,23.34790802001953,-11.528456687927246,18.61970329284668,-0.24579548835754395,-0.23930923640727997,32.01130294799805,31.98383140563965,-0.0,-0.0,-0.0,-0.0,off
18.98,23.257076263427734,-11.36423110961914,18.62582778930664,-0.24668118357658386,-0.240046426653862,31.88979148864746,31.972763061523438,-0.0,-0.0,-0.0,-0.0,off
19.0,23.21467399597168,-11.24733829498291,18.60572624206543,-0.2510546147823334,-0.2411472350358963,31.80560874938965,31.954431533813477,-0.0,-0.0,-0.0,-0.0,off
19.02,23.193828582763672,-11.043269157409668,18.573543548583984,-0.2427615523338318,-0.24130865931510925,31.699905395507812,31.92714500427246,0.0,-0.0,-0.0,0.0,off
19.04,23.071273803710938,-10.898699760437012,18.52675437927246,-0.23856526613235474,-0.24103431403636932,31.532617568969727,31.88592529296875,-0.0,-0.0,-0.0,-0.0,off
19.06,22.98850440979004,-10.688776969909668,18.438199996948242,-0.2457272708415985,-0.24150361120700836,31.347862243652344,31.830217361450195,-0.0,-0.0,-0.0,-0.0,off
19.080000000000002,22.91988754272461,-10.420987129211426,18.34402847290039,-0.2572599947452545,-0.24307924509048462,31.15159034729004,31.760112762451172,-0.0,-0.0,-0.0,-0.0,off
19.1,22.863889694213867,-10.18076229095459,18.236751556396484,-0.259665310382843,-0.24473783373832703,30.96747398376465,31.678363800048828,-0.0,-0.0,-0.0,-0.0,off
19.12,22.738601684570312,-9.906282424926758,18.105867385864258,-0.26690027117729187,-0.2469540685415268,30.70831871032715,31.578601837158203,-0.0,0.0,-0.0,-0.0,off
19.14,22.551382064819336,-9.54581356048584,18.038068771362305,-0.27304697036743164,-0.24956335127353668,30.41478729248047,31.458866119384766,-0.0,-0.0,-0.0,-0.0,off
19.16,22.389087677001953,-9.211371421813965,17.945104598999023,-0.30377617478370667,-0.25498461723327637,30.135482788085938,31.322664260864258,-0.0,-0.0,-0.0,-0.0,off
19.18,22.18578338623047,-8.873526573181152,17.908029556274414,-0.33386704325675964,-0.2628728449344635,29.860441207885742,31.172027587890625,-0.0,-0.0,-0.0,-0.0,off
19.2,22.015321731567383,-8.46213436126709,17.970916748046875,-0.3584059178829193,-0.27242615818977356,29.651912689208984,31.01443862915039,-0.0,-0.0,-0.0,-0.0,off
19.22,21.7165584564209,-8.123551368713379,17.991052627563477,-0.37066277861595154,-0.2822498083114624,29.34755516052246,30.841543197631836,0.0,0.0,-0.0,0.0,off
19.240000000000002,21.43199348449707,-7.696587562561035,18.0318603515625,-0.3823682963848114,-0.29226166009902954,29.04678726196289,30.654560089111328,-0.0,-0.0,-0.0,-0.0,off
19.26,21.22015380859375,-7.292294025421143,18.04304313659668,-0.3856572210788727,-0.30160120129585266,28.792774200439453,30.459733963012695,-0.0,-0.0,-0.0,-0.0,off
19.28,21.039995193481445,-6.85543155670166,18.003013610839844,-0.38576486706733704,-0.31001755595207214,28.526948928833008,30.25657844543457,-0.0,-0.0,-0.0,-0.0,off
19.3,21.11699676513672,-6.385709285736084,17.935937881469727,-0.37026679515838623,-0.3160424530506134,28.432422637939453,30.062774658203125,-0.0,-0.0,-0.0,-0.0,off
19.32,21.150514602661133,-5.815621376037598,17.939226150512695,-0.3415259122848511,-0.31859079003334045,28.336929321289062,29.876161575317383,-0.0,-0.0,-0.0,-0.0,off
19.34,21.09844398498535,-5.313904762268066,17.922739028930664,-0.3198593258857727,-0.3187176287174225,28.188766479492188,29.69152069091797,-0.0,-0.0,-0.0,-0.0,off
19.36,21.211042404174805,-4.842602729797363,17.876150131225586,-0.2829814553260803,-0.31514400243759155,28.158761978149414,29.520708084106445,-0.0,-0.0,-0.0,-0.0,off
19.38,21.241443634033203,-4.388089179992676,17.853029251098633,-0.2494947910308838,-0.30857908725738525,28.09243392944336,29.35896873474121,-0.0,0.0,-0.0,-0.0,off
19.400000000000002,21.314430236816406,-3.877453327178955,17.926481246948242,-0.2138761579990387,-0.2991087734699249,28.11935806274414,29.213912963867188,-0.0,0.0,-0.0,-0.0,off
19.42,21.112018585205078,-3.3621926307678223,18.022079467773438,-0.1846756935119629,-0.287665456533432,27.96099090576172,29.065664291381836,-0.0,-0.0,-0.0,-0.0,off
19.44,21.10213279724121,-2.7713675498962402,18.085582733154297,-0.1711927056312561,-0.2760181725025177,27.929712295532227,28.926239013671875,0.0,-0.0,-0.0,0.0,off
19.46,20.994482040405273,-2.146747589111328,18.148283004760742,-0.16395393013954163,-0.26481175422668457,27.834096908569336,28.788057327270508,-0.0,-0.0,-0.0,-0.0,off
19.48,20.832284927368164,-1.4179426431655884,18.18599510192871,-0.1534203588962555,-0.25367259979248047,27.689802169799805,28.644792556762695,-0.0,0.0,-0.0,-0.0,off
19.5,20.67593765258789,-0.7925173044204712,18.21068000793457,-0.14033272862434387,-0.2423386126756668,27.563587188720703,28.50044059753418,-0.0,0.0,-0.0,-0.0,off
19.52,20.376266479492188,-0.07386744022369385,18.194412231445312,-0.12814220786094666,-0.2309189736843109,27.317289352416992,28.341737747192383,0.0,-0.0,-0.0,0.0,off
19.54,20.161540985107422,0.6245130300521851,18.156339645385742,-0.11938823014497757,-0.21976590156555176,27.139095306396484,28.17740249633789,-0.0,-0.0,-0.0,-0.0,off
19.56,20.135204315185547,1.2722009420394897,18.114683151245117,-0.1062568947672844,-0.20841500163078308,27.11432647705078,28.024534225463867,-0.0,-0.0,-0.0,-0.0,off
19.580000000000002,20.147335052490234,1.9902104139328003,18.062278747558594,-0.0883573368191719,-0.1964092254638672,27.131567001342773,27.885122299194336,-0.0,-0.0,-0.0,-0.0,off
19.6,20.122596740722656,2.6931519508361816,17.991809844970703,-0.0727812722325325,-0.1840464323759079,27.127056121826172,27.756126403808594,-0.0,-0.0,-0.0,-0.0,off
19.62,19.94812774658203,3.3747153282165527,17.925857543945312,-0.0780104473233223,-0.17344282567501068,27.03059196472168,27.627704620361328,-0.0,-0.0,-0.0,-0.0,off
19.64,19.912841796875,4.065593719482422,17.855066299438477,-0.09748537093400955,-0.1658470779657364,27.05279541015625,27.511859893798828,-0.0,-0.0,-0.0,-0.0,off
19.66,19.98492431640625,4.878257751464844,17.792369842529297,-0.10773713141679764,-0.1600360870361328,27.198583602905273,27.417661666870117,-0.0,-0.0,-0.0,-0.0,off
19.68,19.934677124023438,5.669668197631836,17.726451873779297,-0.11822135001420975,-0.15585461258888245,27.27202796936035,27.336318969726562,-0.0,-0.0,-0.0,-0.0,off
19.7,19.74884033203125,6.438248157501221,17.672033309936523,-0.12641412019729614,-0.15291056036949158,27.272119522094727,27.259727478027344,-0.0,-0.0,-0.0,-0.0,off
19.72,19.869840621948242,7.313473224639893,17.60026741027832,-0.137921541929245,-0.15141165256500244,27.53301429748535,27.212356567382812,-0.0,-0.0,-0.0,-0.0,off
19.740000000000002,19.890140533447266,8.042248725891113,17.52552604675293,-0.12632066011428833,-0.1489025503396988,27.70269775390625,27.18568229675293,0.0,-0.0,-0.0,0.0,off
19.76,20.010210037231445,8.872312545776367,17.39876937866211,-0.10206431895494461,-0.14421872794628143,27.961467742919922,27.184789657592773,-0.0,-0.0,-0.0,-0.0,off
19.78,20.244487762451172,9.791236877441406,17.269489288330078,-0.07290197163820267,-0.13708704710006714,28.353885650634766,27.219369888305664,0.0,-0.0,-0.0,0.0,off
19.8,20.413986206054688,10.56486988067627,17.18303871154785,-0.07441318780183792,-0.1308196485042572,28.698503494262695,27.285036087036133,0.0,-0.0,-0.0,0.0,off
19.82,20.60202407836914,11.27247142791748,17.105928421020508,-0.06834698468446732,-0.12457238137722015,29.05382537841797,27.38163948059082,0.0,0.0,-0.0,0.0,off
19.84,20.77754783630371,11.949446678161621,17.06001091003418,-0.05781186372041702,-0.11789632588624954,29.42005729675293,27.508085250854492,-0.0,-0.0,-0.0,-0.0,off
19.86,21.100229263305664,12.63593578338623,17.0194149017334,-0.04960901290178299,-0.11106759309768677,29.908979415893555,27.674020767211914,-0.0,-0.0,-0.0,-0.0,off
19.88,21.1146240234375,13.242059707641602,16.891756057739258,-0.06517381221055984,-0.10647821426391602,30.108320236206055,27.846389770507812,0.0,0.0,-0.0,0.0,off
19.900000000000002,21.29293441772461,14.135702133178711,16.820072174072266,-0.09039587527513504,-0.10486997663974762,30.59610939025879,28.04878044128418,0.0,0.0,-0.0,0.0,off
19.92,21.429874420166016,14.624183654785156,16.715505599975586,-0.09998781234025955,-0.10438176244497299,30.86283302307129,28.263700485229492,-0.0,-0.0,-0.0,-0.0,off
19.94,21.66890525817871,15.190326690673828,16.628742218017578,-0.12473494559526443,-0.10641707479953766,31.253841400146484,28.500755310058594,-0.0,-0.0,-0.0,-0.0,off
19.96,21.890750885009766,15.630292892456055,16.612834930419922,-0.12332410365343094,-0.10810777544975281,31.61482810974121,28.75676918029785,-0.0,-0.0,-0.0,-0.0,off
19.98,22.00018882751465,16.071557998657227,16.57869529724121,-0.11388660222291946,-0.10868565738201141,31.89289093017578,29.0201473236084,-0.0,-0.0,-0.0,-0.0,off
20.0,22.062185287475586,16.484455108642578,16.512556076049805,-0.10048962384462357,-0.10786604881286621,32.11139678955078,29.283531188964844,-0.0,-0.0,-0.0,-0.0,off
20.02,22.023038864135742,16.719152450561523,16.386606216430664,-0.078667052090168,-0.10494614392518997,32.14133071899414,29.529043197631836,0.0,-0.0,-0.0,0.0,off
20.04,22.02967643737793,16.904043197631836,16.400075912475586,-0.059736378490924835,-0.10042516142129898,32.24927520751953,29.766944885253906,-0.0,-0.0,-0.0,-0.0,off
20.06,22.019258499145508,17.066486358642578,16.394287109375,-0.036122508347034454,-0.09399489313364029,32.32468795776367,29.99372673034668,-0.0,-0.0,-0.0,-0.0,off
20.080000000000002,21.929140090942383,17.166776657104492,16.32581901550293,-0.0188031867146492,-0.08647572249174118,32.2818489074707,30.197811126708984,-0.0,-0.0,-0.0,-0.0,off
20.1,21.864822387695312,17.157609939575195,16.3776798248291,0.004622273147106171,-0.0773659199476242,32.25960922241211,30.384374618530273,-0.0,-0.0,-0.0,-0.0,off
20.12,22.020702362060547,17.076963424682617,16.353750228881836,0.06726568192243576,-0.06290275603532791,32.3106689453125,30.562225341796875,0.0,-0.0,-0.0,0.0,off
20.14,21.957307815551758,17.02853775024414,16.37002182006836,0.12659162282943726,-0.043953318148851395,32.25014877319336,30.719444274902344,-0.0,-0.0,-0.0,-0.0,off
20.16,22.026838302612305,16.971389770507812,16.34300422668457,0.19262874126434326,-0.02029511146247387,32.25373458862305,30.86397361755371,-0.0,-0.0,-0.0,-0.0,off
20.18,22.04096221923828,16.943138122558594,16.35755729675293,0.24914079904556274,0.0066484808921813965,32.25590896606445,30.996238708496094,0.0,-0.0,-0.0,0.0,off
20.2,22.105134963989258,16.872333526611328,16.36269187927246,0.3263542056083679,0.03861905261874199,32.26531219482422,31.11800193786621,0.0,-0.0,-0.0,0.0,off
20.22,21.99122428894043,16.668941497802734,16.337221145629883,0.39308518171310425,0.074065662920475,32.06824493408203,31.20949363708496,-0.0,-0.0,-0.0,-0.0,off
20.240000000000002,21.979183197021484,16.533477783203125,16.3380126953125,0.43648844957351685,0.11030793935060501,31.990171432495117,31.285140991210938,-0.0,-0.0,-0.0,-0.0,off
20.26,21.89453887939453,16.437355041503906,16.31319236755371,0.47034257650375366,0.14631140232086182,31.869699478149414,31.34180450439453,-0.0,0.0,-0.0,-0.0,off
20.28,21.997121810913086,16.217288970947266,16.309709548950195,0.5168573260307312,0.18336600065231323,31.825782775878906,31.38926124572754,-0.0,-0.0,-0.0,-0.0,off
20.3,22.011058807373047,16.064363479614258,16.3326473236084,0.5926893949508667,0.22429832816123962,31.769575119018555,31.426788330078125,-0.0,-0.0,-0.0,-0.0,off
20.32,21.9163761138916,15.914401054382324,16.301054000854492,0.6827936172485352,0.2701478600502014,31.612024307250977,31.445026397705078,-0.0,-0.0,-0.0,-0.0,off
20.34,21.926170349121094,15.742924690246582,16.34384536743164,0.7637004852294922,0.31950312852859497,31.55499839782715,31.455934524536133,0.0,-0.0,-0.0,0.0,off
20.36,21.94532012939453,15.45485782623291,16.382505416870117,0.8343579173088074,0.3709886074066162,31.44576644897461,31.454877853393555,-0.0,-0.0,-0.0,-0.0,off
20.38,21.894020080566406,15.213305473327637,16.413244247436523,0.9247043132781982,0.42636018991470337,31.307945251464844,31.4400577545166,-0.0,-0.0,-0.0,-0.0,off
20.400000000000002,21.74431610107422,14.864575386047363,16.497957229614258,1.0166321992874146,0.48538738489151,31.079792022705078,31.40360450744629,-0.0,-0.0,-0.0,-0.0,off
20.42,21.78489112854004,14.6293306350708,16.64822006225586,1.1050766706466675,0.5473563075065613,31.076711654663086,31.370059967041016,0.0,-0.0,-0.0,0.0,off
20.44,21.829326629638672,14.441264152526855,16.686254501342773,1.1876367330551147,0.6113843321800232,31.040307998657227,31.335960388183594,0.0,-0.0,-0.0,0.0,off
20.46,21.914424896240234,14.069706916809082,16.717687606811523,1.2811156511306763,0.6783574819564819,30.946401596069336,31.295072555541992,-0.0,-0.0,-0.0,-0.0,off
20.48,21.91162109375,13.819282531738281,16.789316177368164,1.391495704650879,0.7496713399887085,30.870258331298828,31.25018882751465,-0.0,-0.0,-0.0,-0.0,off
20.5,21.837553024291992,13.56468391418457,16.91292953491211,1.4866212606430054,0.8233663439750671,30.772172927856445,31.199481964111328,-0.0,-0.0,-0.0,-0.0,off
20.52,21.789154052734375,13.29748821258545,17.061904907226562,1.5537359714508057,0.8964033126831055,30.70340347290039,31.146312713623047,-0.0,-0.0,-0.0,-0.0,off
20.54,21.644447326660156,12.966744422912598,17.24946403503418,1.612425446510315,0.9680054783821106,30.56407356262207,31.08354949951172,-0.0,-0.0,-0.0,-0.0,off
20.56,21.429975509643555,12.634450912475586,17.415616989135742,1.6666381359100342,1.0378687381744385,30.36736488342285,31.006427764892578,-0.0,-0.0,-0.0,-0.0,off
20.580000000000002,21.250457763671875,12.464045524597168,17.515174865722656,1.7483686208724976,1.1089186668395996,30.227731704711914,30.92304039001465,-0.0,-0.0,-0.0,-0.0,off
20.6,21.134960174560547,12.2957763671875,17.595674514770508,1.8332349061965942,1.1813502311706543,30.12441635131836,30.837684631347656,-0.0,-0.0,-0.0,-0.0,off
20.62,21.159502029418945,12.089240074157715,17.65216064453125,1.910202145576477,1.2542353868484497,30.091079711914062,30.757469177246094,-0.0,-0.0,-0.0,-0.0,off
20.64,21.15083122253418,11.88438892364502,17.723756790161133,1.9727061986923218,1.326082468032837,30.04543113708496,30.68059539794922,-0.0,-0.0,-0.0,-0.0,off
20.66,21.208999633789062,11.693929672241211,17.7713565826416,2.0408952236175537,1.3975636959075928,30.039819717407227,30.610872268676758,-0.0,0.0,-0.0,-0.0,off
20.68,21.289627075195312,11.568544387817383,17.790613174438477,2.103309154510498,1.4681382179260254,30.059696197509766,30.55051040649414,-0.0,-0.0,-0.0,-0.0,off
20.7,21.257532119750977,11.338482856750488,17.836313247680664,2.1433629989624023,1.5356606245040894,29.976287841796875,30.487648010253906,-0.0,-0.0,-0.0,-0.0,off
20.72,21.351886749267578,11.077595710754395,17.857744216918945,2.177461862564087,1.5998406410217285,29.95855712890625,30.42894744873047,-0.0,-0.0,-0.0,-0.0,off
20.740000000000002,21.2656307220459,10.946972846984863,17.877635955810547,2.2127082347869873,1.6611273288726807,29.86089515686035,30.366804122924805,-0.0,-0.0,-0.0,-0.0,off
20.76,21.25265121459961,10.813066482543945,17.875,2.256114959716797,1.7206259965896606,29.801227569580078,30.3052921295166,-0.0,-0.0,-0.0,-0.0,off
20.78,21.290597915649414,10.651549339294434,17.88035774230957,2.3017659187316895,1.7787399291992188,29.773347854614258,30.247291564941406,-0.0,-0.0,-0.0,-0.0,off
20.8,21.330259323120117,10.470399856567383,17.868803024291992,2.3583884239196777,1.8367047309875488,29.730510711669922,30.19086456298828,-0.0,-0.0,-0.0,-0.0,off
20.82,21.36428451538086,10.383910179138184,17.850366592407227,2.4251039028167725,1.8955446481704712,29.713529586791992,30.13888931274414,-0.0,-0.0,-0.0,-0.0,off
20.84,21.294160842895508,10.258124351501465,17.80550193786621,2.5075740814208984,1.9567476511001587,29.592334747314453,30.08037757873535,-0.0,-0.0,-0.0,-0.0,off
20.86,21.2810001373291,10.141525268554688,17.779848098754883,2.580596923828125,2.019132614135742,29.52718162536621,30.0214900970459,-0.0,-0.0,-0.0,-0.0,off
20.88,21.299068450927734,10.032380104064941,17.757789611816406,2.6442227363586426,2.081641435623169,29.489625930786133,29.964981079101562,-0.0,0.0,-0.0,-0.0,off
20.900000000000002,21.297163009643555,9.866410255432129,17.726367950439453,2.692775011062622,2.1427547931671143,29.413251876831055,29.906492233276367,-0.0,0.0,-0.0,-0.0,off
20.92,21.307758331298828,9.822929382324219,17.718242645263672,2.760873317718506,2.204566717147827,29.401473999023438,29.853126525878906,-0.0,-0.0,-0.0,-0.0,off
20.94,21.30893325805664,9.69370174407959,17.718637466430664,2.829357147216797,2.267045736312866,29.359642028808594,29.80097007751465,-0.0,0.0,-0.0,-0.0,off
20.96,21.34471321105957,9.60925579071045,17.751741409301758,2.892395257949829,2.329580783843994,29.377864837646484,29.756004333496094,-0.0,0.0,-0.0,-0.0,off
20.98,21.161481857299805,9.4905424118042,17.771577835083008,2.945140838623047,2.391136884689331,29.218276977539062,29.69976234436035,-0.0,0.0,-0.0,-0.0,off
21.0,21.033506393432617,9.391440391540527,17.78495216369629,3.0049633979797363,2.452519416809082,29.10175323486328,29.637662887573242,-0.0,0.0,-0.0,-0.0,off
21.02,20.977100372314453,9.32664680480957,17.791860580444336,3.068206787109375,2.5140881538391113,29.044368743896484,29.576265335083008,-0.0,-0.0,-0.0,-0.0,off
21.04,21.019683837890625,9.276904106140137,17.81536102294922,3.1367578506469727,2.576355218887329,29.07361602783203,29.524124145507812,-0.0,-0.0,-0.0,-0.0,off
21.06,20.900672912597656,9.102910041809082,17.853954315185547,3.183894634246826,2.6371090412139893,28.956256866455078,29.46526336669922,-0.0,-0.0,-0.0,-0.0,off
21.080000000000002,20.81073570251465,8.994670867919922,17.847431182861328,3.223799228668213,2.6957778930664062,28.853450775146484,29.40208625793457,-0.0,-0.0,-0.0,-0.0,off
21.1,20.754436492919922,8.949326515197754,17.842912673950195,3.2654612064361572,2.752746343612671,28.795948028564453,29.33972930908203,-0.0,-0.0,-0.0,-0.0,off
21.12,20.600406646728516,8.806763648986816,17.849225997924805,3.3085453510284424,2.808326244354248,28.644906997680664,29.268415451049805,-0.0,-0.0,-0.0,-0.0,off
21.14,20.537683486938477,8.753963470458984,17.827396392822266,3.351304054260254,2.862623929977417,28.569990158081055,29.19696807861328,-0.0,-0.0,-0.0,-0.0,off
21.16,20.484683990478516,8.696621894836426,17.838106155395508,3.3813531398773193,2.914496660232544,28.521072387695312,29.127901077270508,-0.0,-0.0,-0.0,-0.0,off
21.18,20.42008399963379,8.585320472717285,17.838651657104492,3.415099620819092,2.964556932449341,28.441255569458008,29.057743072509766,-0.0,-0.0,-0.0,-0.0,off
21.2,20.223352432250977,8.49890422821045,17.839658737182617,3.456324815750122,3.0137336254119873,28.274877548217773,28.977970123291016,-0.0,-0.0,-0.0,-0.0,off
21.22,20.16286277770996,8.372082710266113,17.82677459716797,3.505232810974121,3.0628833770751953,28.185575485229492,28.897212982177734,-0.0,-0.0,-0.0,-0.0,off
21.240000000000002,20.072118759155273,8.270318031311035,17.80249786376953,3.533308506011963,3.1099257469177246,28.07520294189453,28.813535690307617,-0.0,-0.0,-0.0,-0.0,off
21.26,19.97737693786621,8.158848762512207,17.81529426574707,3.5651426315307617,3.155447244644165,27.98297882080078,28.728946685791016,0.0,-0.0,-0.0,0.0,off
21.28,19.919666290283203,8.00928020477295,17.8110294342041,3.6038641929626465,3.200288772583008,27.89577865600586,28.643985748291016,-0.0,-0.0,-0.0,-0.0,off
21.3,19.87101936340332,7.9000444412231445,17.79693031311035,3.6429214477539062,3.24455189704895,27.82083511352539,28.560054779052734,-0.0,-0.0,-0.0,-0.0,off
21.32,19.75368881225586,7.795949935913086,17.792146682739258,3.6739537715911865,3.287492036819458,27.704612731933594,28.472888946533203,-0.0,-0.0,-0.0,-0.0,off
21.34,19.66267204284668,7.7332072257995605,17.762998580932617,3.707026481628418,3.3294456005096436,27.603391647338867,28.384469985961914,-0.0,-0.0,-0.0,-0.0,off
21.36,19.57314109802246,7.586949825286865,17.756589889526367,3.7472381591796875,3.371224880218506,27.49483871459961,28.293914794921875,-0.0,-0.0,-0.0,-0.0,off
21.38,19.49338722229004,7.5183491706848145,17.737882614135742,3.7876858711242676,3.4128708839416504,27.407119750976562,28.20376205444336,-0.0,0.0,-0.0,-0.0,off
21.400000000000002,19.40604019165039,7.46279239654541,17.712867736816406,3.8359267711639404,3.45517635345459,27.31361198425293,28.113412857055664,-0.0,0.0,-0.0,-0.0,off
21.42,19.21161651611328,7.377199172973633,17.71367073059082,3.866978645324707,3.49635648727417,27.152963638305664,28.015975952148438,-0.0,-0.0,-0.0,-0.0,off
21.44,19.05020523071289,7.357335090637207,17.70644760131836,3.8984639644622803,3.536566972732544,27.028854370117188,27.915973663330078,0.0,0.0,-0.0,0.0,off
21.46,18.989639282226562,7.313417434692383,17.706554412841797,3.936155319213867,3.5765256881713867,26.97433090209961,27.82062339782715,0.0,-0.0,-0.0,0.0,off
21.48,18.84781837463379,7.192831516265869,17.683462142944336,3.965895175933838,3.6154625415802,26.826889038085938,27.719970703125,-0.0,-0.0,-0.0,-0.0,off
21.5,18.616891860961914,7.2058281898498535,17.66358757019043,3.9786388874053955,3.651780128479004,26.655487060546875,27.6122989654541,-0.0,-0.0,-0.0,-0.0,off
21.52,18.538183212280273,7.2106099128723145,17.661561965942383,3.9918363094329834,3.6857857704162598,26.60052490234375,27.51004409790039,-0.0,-0.0,-0.0,-0.0,off
21.54,18.408843994140625,7.164059638977051,17.64829444885254,4.0039544105529785,3.717602491378784,26.489084243774414,27.406875610351562,-0.0,-0.0,-0.0,-0.0,off
21.56,18.319149017333984,7.132103443145752,17.624557495117188,4.032521724700928,3.749094247817993,26.402332305908203,27.30544090270996,-0.0,-0.0,-0.0,-0.0,off
21.580000000000002,18.170991897583008,7.077507495880127,17.597902297973633,4.064179420471191,3.7806026935577393,26.267131805419922,27.20060920715332,-0.0,0.0,-0.0,-0.0,off
21.6,17.970855712890625,7.099059104919434,17.569067001342773,4.0847344398498535,3.8110158443450928,26.115520477294922,27.091083526611328,-0.0,0.0,-0.0,-0.0,off
21.62,17.829538345336914,7.114699840545654,17.557037353515625,4.092292308807373,3.8391435146331787,26.014629364013672,26.982425689697266,-0.0,-0.0,-0.0,-0.0,off
21.64,17.750946044921875,7.06355619430542,17.54133415222168,4.102245807647705,3.8654537200927734,25.936235427856445,26.87685775756836,-0.0,-0.0,-0.0,-0.0,off
21.66,17.610828399658203,7.023329734802246,17.51165771484375,4.112367153167725,3.8901450634002686,25.809429168701172,26.769155502319336,-0.0,-0.0,-0.0,-0.0,off
21.68,17.473907470703125,7.027202606201172,17.487977981567383,4.113490104675293,3.9124796390533447,25.701135635375977,26.661401748657227,-0.0,-0.0,-0.0,-0.0,off
21.7,17.214611053466797,7.006217956542969,17.46551513671875,4.109691143035889,3.9322006702423096,25.50439453125,26.544506072998047,-0.0,0.0,-0.0,-0.0,off
21.72,17.07183074951172,7.049330711364746,17.434167861938477,4.11216402053833,3.9501969814300537,25.398635864257812,26.428739547729492,-0.0,-0.0,-0.0,-0.0,off
21.740000000000002,17.039552688598633,6.988593578338623,17.387075424194336,4.136045455932617,3.9687817096710205,25.327795028686523,26.317705154418945,-0.0,-0.0,-0.0,-0.0,off
21.76,17.065433502197266,6.978360652923584,17.347993850708008,4.155730724334717,3.9874765872955322,25.315597534179688,26.216829299926758,-0.0,0.0,-0.0,-0.0,off
21.78,17.007699966430664,6.985653400421143,17.315107345581055,4.179288387298584,4.006657600402832,25.25617027282715,26.120189666748047,-0.0,0.0,-0.0,-0.0,off
21.8,16.796289443969727,6.981531143188477,17.267881393432617,4.182895660400391,4.0242815017700195,25.08060646057129,26.01552391052246,-0.0,-0.0,-0.0,-0.0,off
21.82,16.733211517333984,6.862758636474609,17.208057403564453,4.208800315856934,4.042733192443848,24.964275360107422,25.909809112548828,-0.0,-0.0,-0.0,-0.0,off
21.84,16.640701293945312,6.830519199371338,17.168489456176758,4.241313457489014,4.062591075897217,24.866159439086914,25.804889678955078,-0.0,-0.0,-0.0,-0.0,off
21.86,16.593921661376953,6.797285556793213,17.12303924560547,4.262387275695801,4.082570552825928,24.79435157775879,25.70337677001953,-0.0,-0.0,-0.0,-0.0,off
21.88,16.413232803344727,6.7457356452941895,17.07670783996582,4.2828521728515625,4.102598667144775,24.627487182617188,25.595237731933594,-0.0,-0.0,-0.0,-0.0,off
21.900000000000002,16.232166290283203,6.682118892669678,17.036151885986328,4.29651403427124,4.121990203857422,24.46148681640625,25.4812068939209,-0.0,0.0,-0.0,-0.0,off
21.92,16.095874786376953,6.665828704833984,16.979957580566406,4.317755222320557,4.141566753387451,24.327543258666992,25.365188598632812,-0.0,-0.0,-0.0,-0.0,off
21.94,15.963383674621582,6.736948013305664,16.927194595336914,4.341734886169434,4.161583423614502,24.22283935546875,25.25029754638672,-0.0,-0.0,-0.0,-0.0,off
21.96,15.831999778747559,6.757465839385986,16.906949996948242,4.363814830780029,4.181806564331055,24.128002166748047,25.137344360351562,-0.0,-0.0,-0.0,-0.0,off
21.98,15.743447303771973,6.753772735595703,16.8626651763916,4.378300189971924,4.201456069946289,24.03786849975586,25.026723861694336,-0.0,-0.0,-0.0,-0.0,off
22.0,15.493128776550293,6.764283180236816,16.816577911376953,4.390843868255615,4.220394611358643,23.845121383666992,24.907638549804688,-0.0,-0.0,-0.0,-0.0,off
22.02,15.347437858581543,6.7921833992004395,16.775432586669922,4.417927265167236,4.240147590637207,23.72957420349121,24.78883934020996,-0.0,0.0,-0.0,-0.0,off
22.04,15.22575569152832,6.796772003173828,16.744550704956055,4.442996501922607,4.260432243347168,23.630483627319336,24.671995162963867,-0.0,-0.0,-0.0,-0.0,off
22.06,15.11197566986084,6.872678279876709,16.699413299560547,4.45674467086792,4.280063629150391,23.547311782836914,24.558469772338867,-0.0,-0.0,-0.0,-0.0,off
22.080000000000002,14.90843677520752,6.857059001922607,16.67108726501465,4.456550598144531,4.297712326049805,23.392431259155273,24.440629959106445,-0.0,-0.0,-0.0,-0.0,off
22.1,14.759295463562012,6.8993000984191895,16.64528465270996,4.454245090484619,4.313365459442139,23.291685104370117,24.324377059936523,-0.0,-0.0,-0.0,-0.0,off
22.12,14.719812393188477,6.966484069824219,16.599960327148438,4.45814847946167,4.32784366607666,23.254322052001953,24.216150283813477,-0.0,-0.0,-0.0,-0.0,off
22.14,14.578835487365723,7.020432472229004,16.576881408691406,4.441243648529053,4.339183330535889,23.165102005004883,24.10968589782715,-0.0,-0.0,-0.0,-0.0,off
22.16,14.434136390686035,7.083255767822266,16.54911994934082,4.407156467437744,4.345980644226074,23.07358169555664,24.00456428527832,-0.0,-0.0,-0.0,-0.0,off
22.18,14.285415649414062,7.134583950042725,16.513986587524414,4.381266117095947,4.349509239196777,22.9714412689209,23.89961051940918,-0.0,-0.0,-0.0,-0.0,off
22.2,14.258909225463867,7.158356189727783,16.49089813232422,4.372625350952148,4.351820945739746,22.94576644897461,23.80280876159668,0.0,-0.0,-0.0,0.0,off
22.22,14.023778915405273,7.24498176574707,16.446916580200195,4.372302055358887,4.3538689613342285,22.795991897583008,23.70027732849121,0.0,-0.0,-0.0,0.0,off
22.240000000000002,13.899365425109863,7.242412090301514,16.39604377746582,4.353302478790283,4.353812217712402,22.682044982910156,23.596696853637695,-0.0,-0.0,-0.0,-0.0,off
22.26,13.933512687683105,7.303913593292236,16.344362258911133,4.341915130615234,4.3526225090026855,22.68541717529297,23.504146575927734,-0.0,-0.0,-0.0,-0.0,off
22.28,13.826301574707031,7.3868536949157715,16.286706924438477,4.326667308807373,4.350026607513428,22.605066299438477,23.4127140045166,-0.0,-0.0,-0.0,-0.0,off
22.3,13.746943473815918,7.412453651428223,16.223134994506836,4.316077709197998,4.3466315269470215,22.519168853759766,23.32193946838379,-0.0,-0.0,-0.0,-0.0,off
22.32,13.708669662475586,7.419757843017578,16.164804458618164,4.291869640350342,4.341155052185059,22.456209182739258,23.23415756225586,-0.0,-0.0,-0.0,-0.0,off
22.34,13.593005180358887,7.478425025939941,16.06829833984375,4.258634567260742,4.332902908325195,22.33577537536621,23.143041610717773,-0.0,-0.0,-0.0,-0.0,off
22.36,13.563346862792969,7.512924671173096,15.979839324951172,4.239686489105225,4.323581218719482,22.265750885009766,23.05417823791504,-0.0,-0.0,-0.0,-0.0,off
22.38,13.515417098999023,7.587329864501953,15.910629272460938,4.231807231903076,4.314403533935547,22.212207794189453,22.96881866455078,-0.0,-0.0,-0.0,-0.0,off
22.400000000000002,13.40648078918457,7.624828815460205,15.813783645629883,4.211806297302246,4.304143905639648,22.089534759521484,22.879695892333984,0.0,-0.0,-0.0,0.0,off
22.42,13.413005828857422,7.64583683013916,15.683908462524414,4.188456058502197,4.292574882507324,22.008010864257812,22.7915096282959,-0.0,-0.0,-0.0,-0.0,off
22.44,13.375383377075195,7.677692890167236,15.551361083984375,4.173680305480957,4.2806854248046875,21.901887893676758,22.701560974121094,-0.0,-0.0,-0.0,-0.0,off
22.46,13.284144401550293,7.698756217956543,15.44392204284668,4.165346622467041,4.26915168762207,21.777374267578125,22.608158111572266,-0.0,-0.0,-0.0,-0.0,off
22.48,13.163765907287598,7.637462615966797,15.293313980102539,4.168335914611816,4.259069919586182,21.575471878051758,22.50406837463379,-0.0,-0.0,-0.0,-0.0,off
22.5,13.118959426879883,7.658505916595459,15.078453063964844,4.167144298553467,4.249876976013184,21.403728485107422,22.393157958984375,-0.0,-0.0,-0.0,-0.0,off
22.52,12.97593879699707,7.672689914703369,14.9171781539917,4.144969463348389,4.239386081695557,21.207719802856445,22.273664474487305,-0.0,-0.0,-0.0,-0.0,off
22.54,12.921765327453613,7.665853023529053,14.708320617675781,4.1316819190979,4.228615760803223,21.025508880615234,22.147878646850586,-0.0,-0.0,-0.0,-0.0,off
22.56,12.82192325592041,7.552702903747559,14.472189903259277,4.12192964553833,4.217947006225586,20.75787353515625,22.00808334350586,-0.0,-0.0,-0.0,-0.0,off
22.580000000000002,12.688770294189453,7.522030353546143,14.237089157104492,4.105677127838135,4.206719875335693,20.50074577331543,21.856494903564453,-0.0,-0.0,-0.0,-0.0,off
22.6,12.592082977294922,7.433234691619873,13.929624557495117,4.088595867156982,4.194907188415527,20.19524574279785,21.68946075439453,-0.0,-0.0,-0.0,-0.0,off
22.62,12.46100902557373,7.412980079650879,13.671869277954102,4.062972545623779,4.181713581085205,19.928598403930664,21.51232147216797,-0.0,-0.0,-0.0,-0.0,off
22.64,12.31741714477539,7.328502178192139,13.370548248291016,4.035851955413818,4.16712760925293,19.600950241088867,21.320058822631836,-0.0,-0.0,-0.0,-0.0,off
22.66,12.19333553314209,7.2311296463012695,13.082500457763672,4.011364459991455,4.151551246643066,19.290372848510742,21.115915298461914,-0.0,-0.0,-0.0,-0.0,off
22.68,12.081145286560059,7.156862735748291,12.74405288696289,3.9804885387420654,4.134444713592529,18.962743759155273,20.89915657043457,-0.0,-0.0,-0.0,-0.0,off
22.7,12.003392219543457,7.062171459197998,12.402769088745117,3.928799867630005,4.113880157470703,18.648977279663086,20.672372817993164,-0.0,-0.0,-0.0,-0.0,off
22.72,11.856940269470215,6.821043491363525,12.093801498413086,3.891397714614868,4.091631889343262,18.25852394104004,20.429367065429688,-0.0,-0.0,-0.0,-0.0,off
22.740000000000002,11.76124382019043,6.677030563354492,11.68454360961914,3.8793632984161377,4.070405006408691,17.872833251953125,20.171541213989258,0.0,-0.0,-0.0,0.0,off
22.76,11.656214714050293,6.485791206359863,11.282867431640625,3.850142002105713,4.0483784675598145,17.47100257873535,19.8987979888916,-0.0,-0.0,-0.0,-0.0,off
22.78,11.62226676940918,6.276985168457031,10.827817916870117,3.8149237632751465,4.025032997131348,17.079792022705078,19.613075256347656,-0.0,-0.0,-0.0,-0.0,off
22.8,11.517634391784668,6.050502777099609,10.38707160949707,3.783621311187744,4.00089168548584,16.647994995117188,19.31184959411621,-0.0,-0.0,-0.0,-0.0,off
22.82,11.440613746643066,5.93941068649292,9.9041109085083,3.7565243244171143,3.976454734802246,16.255943298339844,19.0001163482666,-0.0,-0.0,-0.0,-0.0,off
22.84,11.467398643493652,5.749258041381836,9.368667602539062,3.7474122047424316,3.9535505771636963,15.884808540344238,18.679841995239258,-0.0,-0.0,-0.0,-0.0,off
22.86,11.396839141845703,5.5250678062438965,8.901142120361328,3.708199977874756,3.9290153980255127,15.480460166931152,18.349510192871094,0.0,-0.0,-0.0,0.0,off
22.88,11.336338996887207,5.36249303817749,8.351556777954102,3.6541032791137695,3.901524066925049,15.067097663879395,18.008283615112305,0.0,-0.0,-0.0,0.0,off
22.900000000000002,11.205114364624023,5.208805561065674,7.807317733764648,3.607516288757324,3.8721232414245605,14.61644458770752,17.653968811035156,-0.0,-0.0,-0.0,-0.0,off
22.92,11.2279634475708,4.98804235458374,7.247138500213623,3.552151918411255,3.8401260375976562,14.264246940612793,17.295772552490234,0.0,-0.0,-0.0,0.0,off
22.94,11.082483291625977,4.855038166046143,6.700904846191406,3.4744129180908203,3.8035545349121094,13.830942153930664,16.927677154541016,-0.0,-0.0,-0.0,-0.0,off
22.96,11.02659797668457,4.74204683303833,6.089022636413574,3.3701088428497314,3.760209798812866,13.459162712097168,16.554611206054688,-0.0,-0.0,-0.0,-0.0,off
22.98,10.954296112060547,4.6080780029296875,5.509313106536865,3.277787685394287,3.7119674682617188,13.098989486694336,16.17852783203125,-0.0,-0.0,-0.0,-0.0,off
23.0,10.853718757629395,4.472310543060303,4.865260601043701,3.210486888885498,3.6618194580078125,12.70730209350586,15.795319557189941,-0.0,-0.0,-0.0,-0.0,off
23.02,10.86827564239502,4.264746189117432,4.242567539215088,3.145463466644287,3.6101837158203125,12.42203140258789,15.414682388305664,-0.0,-0.0,-0.0,-0.0,off
23.04,10.845348358154297,4.048268795013428,3.6285903453826904,3.072139263153076,3.5563793182373047,12.131641387939453,15.035998344421387,-0.0,-0.0,-0.0,-0.0,off
23.06,10.784407615661621,3.748166084289551,2.986776113510132,3.0064821243286133,3.501389503479004,11.801399230957031,14.654045104980469,-0.0,0.0,-0.0,-0.0,off
23.080000000000002,10.757881164550781,3.455056667327881,2.3578155040740967,2.963150978088379,3.4475655555725098,11.542474746704102,14.275418281555176,-0.0,0.0,-0.0,-0.0,off
23.1,10.730989456176758,3.2614669799804688,1.6844384670257568,2.921015739440918,3.3949105739593506,11.341456413269043,13.90417766571045,-0.0,-0.0,-0.0,-0.0,off
23.12,10.605518341064453,2.9896092414855957,1.082406997680664,2.8359217643737793,3.3390116691589355,11.071873664855957,13.53543472290039,-0.0,-0.0,-0.0,-0.0,off
23.14,10.652953147888184,2.7097864151000977,0.44398146867752075,2.7438805103302,3.27949857711792,11.001157760620117,13.184629440307617,-0.0,-0.0,-0.0,-0.0,off
23.16,10.67333698272705,2.352262020111084,-0.2155119925737381,2.664395809173584,3.2179882526397705,10.931591987609863,12.848663330078125,-0.0,-0.0,-0.0,-0.0,off
23.18,10.7002534866333,2.055635929107666,-0.8811809420585632,2.609588146209717,3.1571483612060547,10.931492805480957,12.533431053161621,-0.0,-0.0,-0.0,-0.0,off
23.2,10.69314956665039,1.7649606466293335,-1.5364644527435303,2.5582215785980225,3.0972557067871094,10.946198463439941,12.23966121673584,-0.0,-0.0,-0.0,-0.0,off
23.22,10.75082778930664,1.5114954710006714,-2.0950934886932373,2.489675521850586,3.0364975929260254,11.056868553161621,11.980169296264648,-0.0,-0.0,-0.0,-0.0,off
23.240000000000002,10.840409278869629,1.0421470403671265,-2.7255663871765137,2.4501454830169678,2.9778623580932617,11.226275444030762,11.75133991241455,-0.0,-0.0,-0.0,-0.0,off
23.26,10.90902328491211,0.7377413511276245,-3.287569046020508,2.442993640899658,2.924375534057617,11.41749382019043,11.560441970825195,-0.0,-0.0,-0.0,-0.0,off
23.28,10.934557914733887,0.35397231578826904,-3.8788864612579346,2.455867290496826,2.8775246143341064,11.607566833496094,11.402165412902832,-0.0,-0.0,-0.0,-0.0,off
23.3,10.929281234741211,-0.004500985145568848,-4.522315502166748,2.4625587463378906,2.8360278606414795,11.827956199645996,11.276069641113281,-0.0,-0.0,-0.0,-0.0,off
23.32,10.933173179626465,-0.3131037950515747,-5.077253818511963,2.4261085987091064,2.7950358390808105,12.05864143371582,11.187080383300781,-0.0,-0.0,-0.0,-0.0,off
23.34,10.916864395141602,-0.5323878526687622,-5.674255847930908,2.403503656387329,2.755882740020752,12.314971923828125,11.135451316833496,-0.0,-0.0,-0.0,-0.0,off
23.36,10.905704498291016,-0.8132115602493286,-6.2195658683776855,2.4000422954559326,2.7202987670898438,12.580886840820312,11.120530128479004,-0.0,-0.0,-0.0,-0.0,off
23.38,10.960789680480957,-1.030746579170227,-6.72212553024292,2.3992180824279785,2.6881906986236572,12.89915943145752,11.148669242858887,-0.0,-0.0,-0.0,-0.0,off
23.400000000000002,10.867805480957031,-1.2471979856491089,-7.185909748077393,2.3764801025390625,2.65701961517334,13.088238716125488,11.202186584472656,-0.0,-0.0,-0.0,-0.0,off
23.42,10.803668975830078,-1.6149057149887085,-7.660330295562744,2.3465986251831055,2.6259775161743164,13.341958045959473,11.28166675567627,-0.0,-0.0,-0.0,-0.0,off
23.44,10.889479637145996,-1.8093785047531128,-8.044931411743164,2.324441432952881,2.5958237648010254,13.659265518188477,11.399600982666016,-0.0,-0.0,-0.0,-0.0,off
23.46,10.984417915344238,-2.122598171234131,-8.420581817626953,2.295921802520752,2.565833330154419,14.002466201782227,11.551654815673828,-0.0,-0.0,-0.0,-0.0,off
23.48,11.168654441833496,-2.341935157775879,-8.741559982299805,2.2636876106262207,2.535618543624878,14.374921798706055,11.74073600769043,-0.0,-0.0,-0.0,-0.0,off
23.5,11.280458450317383,-2.689640522003174,-9.051706314086914,2.2231130599975586,2.5043678283691406,14.71109390258789,11.954607009887695,-0.0,-0.0,-0.0,-0.0,off
23.52,11.446743965148926,-2.9831275939941406,-9.368328094482422,2.185025453567505,2.472433567047119,15.089486122131348,12.195271492004395,-0.0,-0.0,-0.0,-0.0,off
23.54,11.61246395111084,-3.2621660232543945,-9.576194763183594,2.1376240253448486,2.4389524459838867,15.401122093200684,12.454082489013672,-0.0,-0.0,-0.0,-0.0,off
23.56,11.771729469299316,-3.5558557510375977,-9.77542781829834,2.0713698863983154,2.402194023132324,15.709128379821777,12.7267484664917,-0.0,-0.0,-0.0,-0.0,off
23.580000000000002,11.673748970031738,-3.67233943939209,-9.863340377807617,1.9735292196273804,2.359327554702759,15.71776008605957,12.981139183044434,-0.0,-0.0,-0.0,-0.0,off
23.6,11.659632682800293,-3.810062885284424,-9.88863468170166,1.8908028602600098,2.3124749660491943,15.755910873413086,13.221756935119629,-0.0,-0.0,-0.0,-0.0,off
23.62,11.487536430358887,-3.762765407562256,-9.789705276489258,1.836914300918579,2.264918804168701,15.555070877075195,13.426137924194336,-0.0,-0.0,-0.0,-0.0,off
23.64,11.148040771484375,-3.710033416748047,-9.55420970916748,1.7674816846847534,2.215175151824951,15.143516540527344,13.574681282043457,-0.0,0.0,-0.0,-0.0,off
23.66,11.191121101379395,-3.7802700996398926,-9.316267967224121,1.721650242805481,2.1658225059509277,15.044084548950195,13.704777717590332,0.0,-0.0,-0.0,0.0,off
23.68,11.210267066955566,-3.8238677978515625,-8.99460220336914,1.6598844528198242,2.1152286529541016,14.872623443603516,13.809744834899902,0.0,-0.0,-0.0,0.0,off
23.7,11.289393424987793,-3.9237442016601562,-8.720626831054688,1.5937373638153076,2.063079357147217,14.795117378234863,13.899456977844238,-0.0,-0.0,-0.0,-0.0,off
23.72,11.459671974182129,-4.129180908203125,-8.434802055358887,1.5435830354690552,2.01112961769104,14.816210746765137,13.98351764678955,-0.0,0.0,-0.0,-0.0,off
23.740000000000002,11.703818321228027,-4.239660739898682,-8.155235290527344,1.4838942289352417,1.9584060907363892,14.881598472595215,14.06685733795166,0.0,-0.0,-0.0,0.0,off
23.76,11.897048950195312,-4.421358108520508,-7.816093444824219,1.414879560470581,1.9040534496307373,14.90568733215332,14.143592834472656,-0.0,-0.0,-0.0,-0.0,off
23.78,12.02666187286377,-4.509096622467041,-7.4980387687683105,1.3331984281539917,1.8469679355621338,14.872563362121582,14.208881378173828,-0.0,-0.0,-0.0,-0.0,off
23.8,12.236037254333496,-4.688177108764648,-7.120591640472412,1.2628222703933716,1.7885533571243286,14.913163185119629,14.269574165344238,-0.0,-0.0,-0.0,-0.0,off
23.82,12.403216361999512,-4.81068754196167,-6.593399524688721,1.2011879682540894,1.7298166751861572,14.84774112701416,14.314374923706055,-0.0,-0.0,-0.0,-0.0,off
23.84,12.78113842010498,-5.069036960601807,-6.255122184753418,1.1608508825302124,1.6729199886322021,15.10560131072998,14.376781463623047,-0.0,0.0,-0.0,-0.0,off
23.86,13.066932678222656,-5.30164098739624,-5.989365100860596,1.1174358129501343,1.6173715591430664,15.320725440979004,14.452191352844238,-0.0,-0.0,-0.0,-0.0,off
23.88,13.442706108093262,-5.636505603790283,-5.660360813140869,1.0473328828811646,1.5603675842285156,15.637014389038086,14.547642707824707,-0.0,-0.0,-0.0,-0.0,off
23.900000000000002,13.73864459991455,-5.9121994972229,-5.312740802764893,0.9807712435722351,1.5024079084396362,15.872292518615723,14.653935432434082,-0.0,-0.0,-0.0,-0.0,off
23.92,13.940533638000488,-6.052186012268066,-4.942501544952393,0.898430585861206,1.4420101642608643,15.981106758117676,14.758842468261719,-0.0,-0.0,-0.0,-0.0,off
23.94,14.107125282287598,-6.294179916381836,-4.561886310577393,0.7820118069648743,1.3760102987289429,16.107093811035156,14.863438606262207,-0.0,-0.0,-0.0,-0.0,off
23.96,14.411139488220215,-6.536222457885742,-4.1763014793396,0.6866199374198914,1.307071328163147,16.36595916748047,14.980804443359375,-0.0,-0.0,-0.0,-0.0,off
23.98,14.511099815368652,-6.791412830352783,-3.7604241371154785,0.6062860488891602,1.2369928359985352,16.45709800720215,15.09323501586914,-0.0,-0.0,-0.0,-0.0,off
24.0,14.858389854431152,-7.017969608306885,-3.3214104175567627,0.5705308318138123,1.1703466176986694,16.764707565307617,15.222318649291992,-0.0,-0.0,-0.0,-0.0,off
24.02,15.034150123596191,-7.172987937927246,-2.8337864875793457,0.5151146054267883,1.104823350906372,16.896974563598633,15.349369049072266,-0.0,-0.0,-0.0,-0.0,off
24.04,15.21260929107666,-7.246881484985352,-2.3598592281341553,0.45157718658447266,1.0394986867904663,17.014984130859375,15.474235534667969,-0.0,-0.0,-0.0,-0.0,off
24.060000000000002,15.126029968261719,-7.4863386154174805,-1.8761413097381592,0.3934361934661865,0.9748923778533936,16.981224060058594,15.581223487854004,-0.0,-0.0,-0.0,-0.0,off
24.080000000000002,15.24538803100586,-7.592860221862793,-1.3384077548980713,0.3650274872779846,0.9139058589935303,17.084049224853516,15.685383796691895,-0.0,-0.0,-0.0,-0.0,off
24.1,15.294074058532715,-7.763104438781738,-0.8087298274040222,0.3473622500896454,0.8572514653205872,17.17057228088379,15.785406112670898,-0.0,-0.0,-0.0,-0.0,off
24.12,15.398233413696289,-7.917015075683594,-0.28220123052597046,0.3280888795852661,0.8043351769447327,17.316591262817383,15.888063430786133,-0.0,-0.0,-0.0,-0.0,off
24.14,15.45685863494873,-8.10329818725586,0.23978595435619354,0.29566797614097595,0.7534684538841248,17.453807830810547,15.992413520812988,-0.0,-0.0,-0.0,-0.0,off
24.16,15.615097045898438,-8.276971817016602,0.7924631237983704,0.27089938521385193,0.7052115201950073,17.690887451171875,16.108041763305664,-0.0,-0.0,-0.0,-0.0,off
24.18,15.699851989746094,-8.446889877319336,1.3772881031036377,0.2516152262687683,0.6598518490791321,17.881057739257812,16.228759765625,-0.0,-0.0,-0.0,-0.0,off
24.2,15.831554412841797,-8.575919151306152,1.9240388870239258,0.22980880737304688,0.6168475151062012,18.107635498046875,16.359304428100586,-0.0,0.0,-0.0,-0.0,off
24.22,16.09564971923828,-8.668137550354004,2.4647915363311768,0.19904130697250366,0.575066864490509,18.446727752685547,16.5108642578125,-0.0,-0.0,-0.0,-0.0,off
24.240000000000002,16.258333206176758,-8.818441390991211,3.0430009365081787,0.1803203821182251,0.5355921983718872,18.744550704956055,16.676223754882812,-0.0,-0.0,-0.0,-0.0,off
24.26,16.41497039794922,-9.036015510559082,3.588916063308716,0.1631259322166443,0.4983455538749695,19.078290939331055,16.858562469482422,-0.0,-0.0,-0.0,-0.0,off
24.28,16.660873413085938,-9.253777503967285,4.159399509429932,0.145553320646286,0.46306630969047546,19.506864547729492,17.065832138061523,-0.0,-0.0,-0.0,-0.0,off
24.3,16.849430084228516,-9.396605491638184,4.714784622192383,0.11884652823209763,0.4286443293094635,19.8602294921875,17.288721084594727,-0.0,-0.0,-0.0,-0.0,off
24.32,17.00474739074707,-9.610876083374023,5.291972637176514,0.09206708520650864,0.3949865996837616,20.236980438232422,17.527490615844727,-0.0,-0.0,-0.0,-0.0,off
24.34,17.206430435180664,-9.835708618164062,5.865337371826172,0.07847308367490768,0.3633352518081665,20.668928146362305,17.78669548034668,-0.0,-0.0,-0.0,-0.0,off
24.36,17.52642250061035,-9.990078926086426,6.450807571411133,0.07955881208181381,0.3349575996398926,21.17994499206543,18.072935104370117,-0.0,-0.0,-0.0,-0.0,off
24.38,17.773670196533203,-10.10254192352295,7.058511257171631,0.0688694640994072,0.30834880471229553,21.62839126586914,18.37661361694336,-0.0,-0.0,-0.0,-0.0,off
24.400000000000002,17.928836822509766,-10.206236839294434,7.6519455909729,0.04483165591955185,0.28199708461761475,22.003698348999023,18.688617706298828,-0.0,-0.0,-0.0,-0.0,off
24.42,18.112533569335938,-10.465482711791992,8.203912734985352,0.026418529450893402,0.2564392387866974,22.4698543548584,19.0183162689209,-0.0,-0.0,-0.0,-0.0,off
24.44,18.360557556152344,-10.59166145324707,8.788778305053711,0.01855509728193283,0.23265081644058228,22.946372985839844,19.36471176147461,-0.0,0.0,-0.0,-0.0,off
24.46,18.54717445373535,-10.673133850097656,9.371249198913574,0.013491623103618622,0.21073488891124725,23.360944747924805,19.719589233398438,-0.0,-0.0,-0.0,-0.0,off
24.48,18.774232864379883,-10.944253921508789,9.971063613891602,0.006354443728923798,0.19029684364795685,23.909635543823242,20.095687866210938,-0.0,-0.0,-0.0,-0.0,off
24.5,18.867456436157227,-11.079466819763184,10.544617652893066,-0.009446389973163605,0.1703225076198578,24.288360595703125,20.47337532043457,-0.0,-0.0,-0.0,-0.0,off
24.52,18.966035842895508,-11.211810111999512,11.031566619873047,-0.011182494461536407,0.1521720141172409,24.639616012573242,20.851110458374023,-0.0,-0.0,-0.0,-0.0,off
24.54,19.07310676574707,-11.379441261291504,11.656087875366211,-0.0003397539258003235,0.13692083954811096,25.082653045654297,21.235849380493164,-0.0,-0.0,-0.0,-0.0,off
24.560000000000002,19.27969741821289,-11.473487854003906,12.20709228515625,0.009994737803936005,0.12422822415828705,25.54135513305664,21.63022804260254,-0.0,-0.0,-0.0,-0.0,off
24.580000000000002,19.4009952545166,-11.605542182922363,12.729781150817871,-0.0007709935307502747,0.11172830313444138,25.94483757019043,22.027503967285156,-0.0,-0.0,-0.0,-0.0,off
24.6,19.496814727783203,-11.541276931762695,13.258333206176758,-0.022695280611515045,0.09828594326972961,26.25090980529785,22.41688346862793,-0.0,-0.0,-0.0,-0.0,off
24.62,19.499309539794922,-11.541396141052246,13.798408508300781,-0.03480691462755203,0.08497665822505951,26.5296630859375,22.795686721801758,-0.0,-0.0,-0.0,-0.0,off
24.64,19.59199333190918,-11.596811294555664,14.271063804626465,-0.04709596186876297,0.07176939398050308,26.86997413635254,23.172685623168945,0.0,-0.0,-0.0,0.0,off
24.66,19.64529800415039,-11.650240898132324,14.76163387298584,-0.07471934705972672,0.057120516896247864,27.195068359375,23.545862197875977,-0.0,-0.0,-0.0,-0.0,off
24.68,19.612346649169922,-11.615065574645996,15.18571662902832,-0.10029206424951553,0.041379254311323166,27.38904571533203,23.902379989624023,-0.0,-0.0,-0.0,-0.0,off
24.7,19.714693069458008,-11.616339683532715,15.550878524780273,-0.11932963877916336,0.025308363139629364,27.666555404663086,24.2536563873291,-0.0,-0.0,-0.0,-0.0,off
24.72,19.74607276916504,-11.588682174682617,15.906471252441406,-0.11983711272478104,0.010793814435601234,27.878679275512695,24.5929012298584,-0.0,0.0,-0.0,-0.0,off
24.740000000000002,19.703937530517578,-11.662453651428223,16.169511795043945,-0.12733861804008484,-0.003019428811967373,28.03053855895996,24.915813446044922,-0.0,-0.0,-0.0,-0.0,off
24.76,19.68956756591797,-11.665083885192871,16.397703170776367,-0.14319464564323425,-0.01703695021569729,28.153825759887695,25.221057891845703,-0.0,-0.0,-0.0,-0.0,off
24.78,19.713584899902344,-11.676993370056152,16.5878849029541,-0.16955947875976562,-0.03228920325636864,28.286666870117188,25.511516571044922,-0.0,-0.0,-0.0,-0.0,off
24.8,19.778209686279297,-11.672577857971191,16.79258918762207,-0.19573211669921875,-0.04863349348306656,28.450267791748047,25.791358947753906,-0.0,-0.0,-0.0,-0.0,off
24.82,19.852453231811523,-11.715132713317871,17.002565383911133,-0.21437925100326538,-0.0652080699801445,28.643524169921875,26.064363479614258,-0.0,0.0,-0.0,-0.0,off
24.84,19.986431121826172,-11.649292945861816,17.18895149230957,-0.21027639508247375,-0.07971490174531937,28.820539474487305,26.32944679260254,-0.0,0.0,-0.0,-0.0,off
24.86,20.113784790039062,-11.602473258972168,17.330379486083984,-0.2183208465576172,-0.09357549250125885,28.974536895751953,26.585063934326172,-0.0,-0.0,-0.0,-0.0,off
24.88,20.244224548339844,-11.48142147064209,17.49638557434082,-0.21373093128204346,-0.10559103637933731,29.116579055786133,26.83031463623047,-0.0,-0.0,-0.0,-0.0,off
24.900000000000002,20.474109649658203,-11.514381408691406,17.619802474975586,-0.20821809768676758,-0.11585374176502228,29.363712310791016,27.077423095703125,-0.0,-0.0,-0.0,-0.0,off
24.92,20.495681762695312,-11.492663383483887,17.756357192993164,-0.21420958638191223,-0.1256893277168274,29.452377319335938,27.309337615966797,-0.0,-0.0,-0.0,-0.0,off
24.94,20.58624267578125,-11.466110229492188,17.85008430480957,-0.21743205189704895,-0.13486360013484955,29.561641693115234,27.52985382080078,-0.0,-0.0,-0.0,-0.0,off
24.96,20.770112991333008,-11.405082702636719,17.90985870361328,-0.2398301064968109,-0.14536024630069733,29.70246696472168,27.743297576904297,-0.0,-0.0,-0.0,-0.0,off
24.98,20.94670867919922,-11.37724781036377,18.0020809173584,-0.23473182320594788,-0.15429741144180298,29.871078491210938,27.952896118164062,-0.0,-0.0,-0.0,-0.0,off
25.0,21.16642189025879,-11.327208518981934,18.058223724365234,-0.21635669469833374,-0.1605033278465271,30.040348052978516,28.159029006958008,-0.0,-0.0,-0.0,-0.0,off
25.02,21.25994873046875,-11.215957641601562,18.079957962036133,-0.22133299708366394,-0.16658629477024078,30.077699661254883,28.348529815673828,-0.0,-0.0,-0.0,-0.0,off
25.04,21.362524032592773,-11.17965030670166,18.09023094177246,-0.24078714847564697,-0.1740063726902008,30.142967224121094,28.52600860595703,-0.0,-0.0,-0.0,-0.0,off
25.060000000000002,21.500164031982422,-11.219915390014648,18.078710556030273,-0.25980472564697266,-0.182586207985878,30.24869155883789,28.69684600830078,-0.0,-0.0,-0.0,-0.0,off
25.080000000000002,21.677671432495117,-11.169096946716309,18.0596981048584,-0.2527915835380554,-0.18960674107074738,30.345064163208008,28.860422134399414,-0.0,0.0,-0.0,-0.0,off
25.1,21.847190856933594,-11.075882911682129,18.004663467407227,-0.26877784729003906,-0.19752384722232819,30.399717330932617,29.01312828063965,-0.0,-0.0,-0.0,-0.0,off
25.12,22.046558380126953,-10.993268013000488,17.913957595825195,-0.29775935411453247,-0.2075473964214325,30.46001625061035,29.156545639038086,-0.0,-0.0,-0.0,-0.0,off
25.14,22.18592643737793,-10.9822998046875,17.89113426208496,-0.30917447805404663,-0.21771010756492615,30.54372215270996,29.294084548950195,0.0,0.0,-0.0,0.0,off
25.16,22.41751480102539,-10.872834205627441,17.891733169555664,-0.313678115606308,-0.22730690240859985,30.673728942871094,29.43056869506836,-0.0,-0.0,-0.0,-0.0,off
25.18,22.656373977661133,-10.775562286376953,17.955751419067383,-0.31251436471939087,-0.23582765460014343,30.851791381835938,29.570932388305664,-0.0,-0.0,-0.0,-0.0,off
25.2,22.74361228942871,-10.604779243469238,17.95914649963379,-0.34187543392181396,-0.24643242359161377,30.85877799987793,29.697704315185547,-0.0,-0.0,-0.0,-0.0,off
25.22,22.829181671142578,-10.548209190368652,17.95863151550293,-0.40354347229003906,-0.2621435225009918,30.902244567871094,29.816251754760742,-0.0,0.0,-0.0,-0.0,off
25.240000000000002,22.92097282409668,-10.51811695098877,17.975122451782227,-0.4420376420021057,-0.280132919549942,30.969449996948242,29.929824829101562,-0.0,-0.0,-0.0,-0.0,off
