t,Fx_hat,Fy_hat,Fz_hat,tau_yaw_hat,tau_yaw_ema,force_mag,force_mag_ema,wz_obs,vx_cmd,vy_cmd,wz_cmd,compliance_mode
0.0,3.865206003189087,4.378544330596924,-0.33474797010421753,0.01794886589050293,0.01770452968776226,5.8500871658325195,5.991039752960205,-0.0,0.0,-0.0,-0.0,off
0.02,3.8968050479888916,4.351282596588135,-0.3309161067008972,0.017735004425048828,0.017707576975226402,5.850492000579834,5.9769158363342285,-0.0,-0.0,-0.0,-0.0,off
0.04,3.9066543579101562,4.348631858825684,-0.3351275324821472,0.015737533569335938,0.01751057058572769,5.855327606201172,5.964710712432861,-0.0,-0.0,-0.0,-0.0,off
0.06,3.923342704772949,4.318448543548584,-0.3377930521965027,0.017258644104003906,0.017485376447439194,5.844289302825928,5.95264196395874,-0.0,-0.0,-0.0,-0.0,off
0.08,3.8948886394500732,4.274998664855957,-0.32880181074142456,0.019536972045898438,0.017690535634756088,5.792571544647217,5.936607837677002,-0.0,0.0,-0.0,-0.0,off
0.1,3.8922109603881836,4.228633880615234,-0.32634228467941284,0.020699024200439453,0.017991382628679276,5.756487846374512,5.918562889099121,-0.0,-0.0,-0.0,-0.0,off
0.12,3.926410675048828,4.316643714904785,-0.3362051844596863,0.0184023380279541,0.018032478168606758,5.8449249267578125,5.911184787750244,-0.0,-0.0,-0.0,-0.0,off
0.14,3.916396379470825,4.273812770843506,-0.3368212580680847,0.0200347900390625,0.018232708796858788,5.806641578674316,5.900716304779053,-0.0,-0.0,-0.0,-0.0,off
0.16,3.8897931575775146,4.253214359283447,-0.33029812574386597,0.02189326286315918,0.0185987651348114,5.773163795471191,5.887948989868164,-0.0,-0.0,-0.0,-0.0,off
0.18,3.8859150409698486,4.16799783706665,-0.3236786723136902,0.027720212936401367,0.019510909914970398,5.707653522491455,5.869874000549316,-0.0,-0.0,-0.0,-0.0,off
0.2,3.966146469116211,4.176520824432373,-0.32684773206710815,0.027071475982666016,0.02026696689426899,5.768923282623291,5.8596696853637695,-0.0,-0.0,-0.0,-0.0,off
0.22,3.988341808319092,4.167463779449463,-0.3306395411491394,0.02445840835571289,0.020686110481619835,5.777884006500244,5.851364612579346,-0.0,-0.0,-0.0,-0.0,off
0.24,3.857131004333496,4.126179218292236,-0.32263439893722534,0.023734569549560547,0.02099095657467842,5.657464981079102,5.8319549560546875,-0.0,-0.0,-0.0,-0.0,off
0.26,3.8170254230499268,4.080225467681885,-0.3274838328361511,0.026541948318481445,0.021546054631471634,5.596889019012451,5.808432102203369,-0.0,-0.0,-0.0,-0.0,off
0.28,3.809220314025879,4.057428359985352,-0.3279845118522644,0.027141809463500977,0.022105630487203598,5.574985027313232,5.785068988800049,-0.0,-0.0,-0.0,-0.0,off
0.3,3.7687461376190186,4.053310394287109,-0.3349139094352722,0.02402329444885254,0.022297397255897522,5.544812202453613,5.761041164398193,-0.0,-0.0,-0.0,-0.0,off
0.32,3.7579920291900635,4.004097938537598,-0.3309141993522644,0.02393341064453125,0.022460997104644775,5.501346111297607,5.735058307647705,-0.0,-0.0,-0.0,-0.0,off
0.34,3.7730278968811035,3.949982166290283,-0.3246838450431824,0.025128841400146484,0.022727780044078827,5.472066879272461,5.7087016105651855,-0.0,-0.0,-0.0,-0.0,off
0.36,3.86629319190979,3.877150058746338,-0.32175129652023315,0.029160737991333008,0.023371074348688126,5.484891891479492,5.68601131439209,-0.0,-0.0,-0.0,-0.0,off
0.38,3.9062111377716064,3.915675163269043,-0.3233887553215027,0.027132034301757812,0.023747170343995094,5.540359020233154,5.671187877655029,-0.0,-0.0,-0.0,-0.0,off
0.4,3.8834309577941895,3.923250198364258,-0.3338448405265808,0.02377939224243164,0.023750390857458115,5.530314922332764,5.656944274902344,-0.0,-0.0,-0.0,-0.0,off
0.42,3.769712448120117,3.8781991004943848,-0.3359972834587097,0.025029897689819336,0.023878339678049088,5.418860912322998,5.633090019226074,0.0,-0.0,-0.0,0.0,off
0.44,3.7908191680908203,3.8382272720336914,-0.3364245295524597,0.02649211883544922,0.02413971722126007,5.405134677886963,5.610193729400635,0.0,-0.0,-0.0,0.0,off
0.46,3.846644163131714,3.8781986236572266,-0.34343308210372925,0.025838851928710938,0.024309629574418068,5.473119735717773,5.5963826179504395,0.0,-0.0,-0.0,0.0,off
0.48,3.831835985183716,3.8719825744628906,-0.342967689037323,0.026778459548950195,0.024556512013077736,5.458281993865967,5.582497596740723,-0.0,0.0,-0.0,-0.0,off
0.5,3.8109042644500732,3.8470263481140137,-0.3425413966178894,0.025626182556152344,0.024663478136062622,5.425858020782471,5.566769123077393,-0.0,-0.0,-0.0,-0.0,off
0.52,3.808117389678955,3.8721814155578613,-0.3515717387199402,0.02562236785888672,0.024759365245699883,5.442347526550293,5.554295063018799,-0.0,-0.0,-0.0,-0.0,off
0.54,3.7851521968841553,3.8610305786132812,-0.3400227427482605,0.02595353126525879,0.02487878128886223,5.417614936828613,5.540609836578369,-0.0,-0.0,-0.0,-0.0,off
0.56,3.8428869247436523,3.9012484550476074,-0.35913723707199097,0.0231325626373291,0.024704158306121826,5.487850189208984,5.535306453704834,-0.0,-0.0,-0.0,-0.0,off
0.58,3.811772346496582,3.8570542335510254,-0.35686272382736206,0.023345232009887695,0.024568265303969383,5.434503555297852,5.525195598602295,-0.0,0.0,-0.0,-0.0,off
0.6,3.851862668991089,3.793457508087158,-0.36316365003585815,0.024098873138427734,0.024521324783563614,5.418399810791016,5.5143818855285645,-0.0,-0.0,-0.0,-0.0,off
0.62,3.900271415710449,3.8254494667053223,-0.37859219312667847,0.0242006778717041,0.024489259347319603,5.476268291473389,5.510432720184326,-0.0,-0.0,-0.0,-0.0,off
0.64,3.912515640258789,3.785365104675293,-0.3776471018791199,0.024786949157714844,0.024519028142094612,5.4570488929748535,5.5049028396606445,-0.0,-0.0,-0.0,-0.0,off
0.66,3.930328369140625,3.8444032669067383,-0.384624183177948,0.02231574058532715,0.02429869771003723,5.511338710784912,5.505446910858154,-0.0,-0.0,-0.0,-0.0,off
0.68,3.8618202209472656,3.7683868408203125,-0.3840786814689636,0.021540164947509766,0.024022843688726425,5.409428119659424,5.495752334594727,-0.0,-0.0,-0.0,-0.0,off
0.7000000000000001,3.8132247924804688,3.7502870559692383,-0.37453049421310425,0.023168563842773438,0.023937415331602097,5.361493110656738,5.4822821617126465,-0.0,-0.0,-0.0,-0.0,off
0.72,3.868798017501831,3.776843547821045,-0.39169567823410034,0.022492170333862305,0.023792888969182968,5.420845985412598,5.476071834564209,-0.0,-0.0,-0.0,-0.0,off
0.74,3.888278007507324,3.7656455039978027,-0.39302319288253784,0.021218299865722656,0.023535430431365967,5.4270853996276855,5.47108793258667,-0.0,-0.0,-0.0,-0.0,off
0.76,3.942941427230835,3.7468032836914062,-0.4049193263053894,0.019557476043701172,0.023137634620070457,5.454290390014648,5.469237327575684,-0.0,-0.0,-0.0,-0.0,off
0.78,3.921370506286621,3.6912827491760254,-0.40831059217453003,0.02156686782836914,0.02298055589199066,5.400873184204102,5.462201118469238,-0.0,-0.0,-0.0,-0.0,off
0.8,3.915275812149048,3.665576457977295,-0.40587490797042847,0.02304363250732422,0.022986864671111107,5.378714561462402,5.453657150268555,-0.0,-0.0,-0.0,-0.0,off
0.8200000000000001,3.874514102935791,3.6368842124938965,-0.4081208109855652,0.023400068283081055,0.023028185591101646,5.329667091369629,5.441112041473389,-0.0,-0.0,-0.0,-0.0,off
0.84,3.8593454360961914,3.5926685333251953,-0.4090239405632019,0.021067142486572266,0.022832080721855164,5.288583755493164,5.425693035125732,-0.0,-0.0,-0.0,-0.0,off
0.86,3.8967223167419434,3.6279544830322266,-0.4257599711418152,0.018503427505493164,0.022399215027689934,5.341139316558838,5.417092323303223,-0.0,-0.0,-0.0,-0.0,off
0.88,3.9238712787628174,3.650822162628174,-0.447887122631073,0.0183868408203125,0.021997977048158646,5.378277778625488,5.413071632385254,-0.0,-0.0,-0.0,-0.0,off
0.9,4.00380277633667,3.6132006645202637,-0.45442456007003784,0.018747329711914062,0.021672911942005157,5.412222862243652,5.412674427032471,-0.0,-0.0,-0.0,-0.0,off
0.92,4.034060478210449,3.54632568359375,-0.45488232374191284,0.018681764602661133,0.021373797208070755,5.390453338623047,5.409965515136719,-0.0,-0.0,-0.0,-0.0,off
0.9400000000000001,4.038002967834473,3.548804759979248,-0.4788662791252136,0.01769542694091797,0.021005960181355476,5.3971099853515625,5.408257484436035,-0.0,-0.0,-0.0,-0.0,off
0.96,4.050243377685547,3.5734143257141113,-0.4819170832633972,0.0173494815826416,0.020640311762690544,5.422730445861816,5.4093918800354,-0.0,-0.0,-0.0,-0.0,off
0.98,4.009884357452393,3.5945839881896973,-0.5035178065299988,0.018721818923950195,0.020448461174964905,5.408672332763672,5.409140110015869,-0.0,-0.0,-0.0,-0.0,off
1.0,4.025479793548584,3.5969395637512207,-0.49620693922042847,0.019382238388061523,0.020341837778687477,5.421133041381836,5.410187244415283,-0.0,-0.0,-0.0,-0.0,off
1.02,3.982882499694824,3.5177907943725586,-0.5042826533317566,0.020186901092529297,0.020326344296336174,5.337837219238281,5.4027509689331055,-0.0,-0.0,-0.0,-0.0,off
1.04,3.9886224269866943,3.49786376953125,-0.5018755793571472,0.018960952758789062,0.0201898030936718,5.328793525695801,5.3951520919799805,-0.0,-0.0,-0.0,-0.0,off
1.06,4.062290668487549,3.5682215690612793,-0.5390135645866394,0.01940298080444336,0.020111121237277985,5.433686256408691,5.398813247680664,0.0,-0.0,-0.0,0.0,off
1.08,4.062463760375977,3.548722743988037,-0.5597750544548035,0.019683122634887695,0.020068321377038956,5.423135280609131,5.401027679443359,-0.0,-0.0,-0.0,-0.0,off
1.1,3.9892287254333496,3.554901123046875,-0.5623480677604675,0.01946258544921875,0.020007748156785965,5.372848987579346,5.398099422454834,-0.0,-0.0,-0.0,-0.0,off
1.12,3.933473825454712,3.5406832695007324,-0.5573927760124207,0.018453121185302734,0.019852284342050552,5.321591854095459,5.390377044677734,-0.0,-0.0,-0.0,-0.0,off
1.1400000000000001,3.8855714797973633,3.508028030395508,-0.5659624934196472,0.018965721130371094,0.019763626158237457,5.265381336212158,5.377800941467285,-0.0,-0.0,-0.0,-0.0,off
1.16,3.946932792663574,3.465155601501465,-0.5884100794792175,0.02064681053161621,0.019851943477988243,5.285055160522461,5.368368148803711,-0.0,-0.0,-0.0,-0.0,off
1.18,3.9685311317443848,3.4635744094848633,-0.6032235026359558,0.021173477172851562,0.01998409628868103,5.301836013793945,5.3615403175354,-0.0,-0.0,-0.0,-0.0,off
1.2,3.9798707962036133,3.4787797927856445,-0.6182982325553894,0.019222497940063477,0.019907936453819275,5.3219895362854,5.357426166534424,-0.0,-0.0,-0.0,-0.0,off
1.22,3.9316325187683105,3.4684720039367676,-0.6577174067497253,0.017873287200927734,0.01970447227358818,5.283997058868408,5.349888801574707,-0.0,-0.0,-0.0,-0.0,off
1.24,3.9137845039367676,3.4541678428649902,-0.6144015192985535,0.020459413528442383,0.01977996528148651,5.256089210510254,5.340426921844482,-0.0,-0.0,-0.0,-0.0,off
1.26,3.8685381412506104,3.467823028564453,-0.5964571833610535,0.022316455841064453,0.020033614709973335,5.22944974899292,5.329293727874756,0.0,-0.0,-0.0,0.0,off
1.28,3.8530571460723877,3.408775806427002,-0.5980603098869324,0.023005247116088867,0.020330777391791344,5.179138660430908,5.314233303070068,-0.0,-0.0,-0.0,-0.0,off
1.3,3.809605360031128,3.371048927307129,-0.580847442150116,0.0208890438079834,0.020386602729558945,5.120004653930664,5.294783592224121,-0.0,-0.0,-0.0,-0.0,off
1.32,3.83430814743042,3.4313125610351562,-0.5850979685783386,0.020733118057250977,0.020421253517270088,5.178625583648682,5.283153533935547,0.0,-0.0,-0.0,0.0,off
1.34,3.8565752506256104,3.4503250122070312,-0.6001126170158386,0.022608518600463867,0.02063998021185398,5.209419250488281,5.275759696960449,-0.0,-0.0,-0.0,-0.0,off
1.36,3.857729434967041,3.388115406036377,-0.6052948832511902,0.024419784545898438,0.021017959341406822,5.169892311096191,5.265130043029785,-0.0,-0.0,-0.0,-0.0,off
1.3800000000000001,3.8394923210144043,3.3915529251098633,-0.6001402735710144,0.023642539978027344,0.02128041721880436,5.157955169677734,5.254389762878418,0.0,-0.0,-0.0,0.0,off
1.4000000000000001,3.8215413093566895,3.3841824531555176,-0.5949303507804871,0.023870229721069336,0.021539397537708282,5.1391448974609375,5.2428507804870605,0.0,-0.0,-0.0,0.0,off
1.42,3.764962911605835,3.3194475173950195,-0.5839812159538269,0.02559375762939453,0.021944832056760788,5.053188323974609,5.223869800567627,-0.0,-0.0,-0.0,-0.0,off
1.44,3.7470602989196777,3.2804832458496094,-0.5593611598014832,0.027719974517822266,0.022522347047924995,5.011478424072266,5.202614784240723,0.0,-0.0,-0.0,0.0,off
1.46,3.7922892570495605,3.286959648132324,-0.5595566630363464,0.02548813819885254,0.022818924859166145,5.049620151519775,5.187280654907227,-0.0,-0.0,-0.0,-0.0,off
1.48,3.7385196685791016,3.300689220428467,-0.5673767924308777,0.02492809295654297,0.023029841482639313,5.019262313842773,5.170475959777832,-0.0,-0.0,-0.0,-0.0,off
1.5,3.7309257984161377,3.3262948989868164,-0.5707136988639832,0.025610923767089844,0.023287950083613396,5.030880451202393,5.156512260437012,-0.0,-0.0,-0.0,-0.0,off
1.52,3.6836202144622803,3.2849502563476562,-0.5392662882804871,0.028211116790771484,0.02378026582300663,4.964953422546387,5.137353420257568,-0.0,-0.0,-0.0,-0.0,off
1.54,3.756800651550293,3.3018102645874023,-0.5487486720085144,0.02727532386779785,0.024129770696163177,5.0315632820129395,5.126768589019775,0.0,0.0,0.0,0.0,off
1.56,3.7524354457855225,3.3224425315856934,-0.5510804057121277,0.023991107940673828,0.024115903303027153,5.042130947113037,5.118304252624512,-0.0,0.0,-0.0,-0.0,off
1.58,3.728909730911255,3.2685060501098633,-0.5465647578239441,0.023156166076660156,0.02401992864906788,4.988650321960449,5.105331897735596,-0.0,-0.0,-0.0,-0.0,off
1.6,3.6351914405822754,3.223141670227051,-0.5341317057609558,0.026072025299072266,0.024225138127803802,4.88759183883667,5.083557605743408,-0.0,-0.0,-0.0,-0.0,off
1.62,3.6442432403564453,3.1917014122009277,-0.5393387675285339,0.027273893356323242,0.024530012160539627,4.87425422668457,5.062620639801025,-0.0,-0.0,-0.0,-0.0,off
1.6400000000000001,3.652026891708374,3.222414493560791,-0.5430399775505066,0.02568984031677246,0.02464599534869194,4.900627136230469,5.046421051025391,0.0,-0.0,-0.0,0.0,off
1.6600000000000001,3.6473793983459473,3.218541145324707,-0.5726591944694519,0.022598981857299805,0.024441294372081757,4.89799165725708,5.0315680503845215,-0.0,-0.0,-0.0,-0.0,off
1.68,3.607802152633667,3.1046509742736816,-0.5627056956291199,0.025296688079833984,0.02452683448791504,4.792883396148682,5.0076518058776855,-0.0,-0.0,-0.0,-0.0,off
1.7,3.540642499923706,3.0771803855895996,-0.5170914530754089,0.029964685440063477,0.025070618838071823,4.7193827629089355,4.9788126945495605,-0.0,-0.0,-0.0,-0.0,off
1.72,3.5244803428649902,3.072816848754883,-0.5094277262687683,0.03071284294128418,0.02563484013080597,4.703581809997559,4.951282501220703,-0.0,-0.0,-0.0,-0.0,off
1.74,3.4647092819213867,3.0346031188964844,-0.4932076334953308,0.03147006034851074,0.026218362152576447,4.632092475891113,4.919357776641846,-0.0,-0.0,-0.0,-0.0,off
1.76,3.415001630783081,3.0808095932006836,-0.49447792768478394,0.030314922332763672,0.02662801742553711,4.625811576843262,4.88996696472168,-0.0,-0.0,-0.0,-0.0,off
1.78,3.3971261978149414,3.063218593597412,-0.4833151698112488,0.03206634521484375,0.027171850204467773,4.5997138023376465,4.860909461975098,-0.0,-0.0,-0.0,-0.0,off
1.8,3.4172110557556152,3.008420467376709,-0.4902483820915222,0.03388476371765137,0.027843140065670013,4.5791120529174805,4.832727432250977,-0.0,-0.0,-0.0,-0.0,off
1.82,3.383697748184204,2.9319119453430176,-0.4583708643913269,0.034860849380493164,0.02854491025209427,4.500624656677246,4.799487113952637,-0.0,-0.0,-0.0,-0.0,off
1.84,3.3467445373535156,2.911496162414551,-0.45421379804611206,0.033850669860839844,0.029075484722852707,4.459127426147461,4.765432357788086,-0.0,-0.0,-0.0,-0.0,off
1.86,3.3041839599609375,2.9500465393066406,-0.4426409602165222,0.03608512878417969,0.029776448383927345,4.451554298400879,4.7340192794799805,-0.0,-0.0,-0.0,-0.0,off
1.8800000000000001,3.26088809967041,2.962252616882324,-0.45371025800704956,0.037140607833862305,0.030512863770127296,4.42879056930542,4.7034478187561035,-0.0,-0.0,-0.0,-0.0,off
1.9000000000000001,3.2329249382019043,2.9238762855529785,-0.4452435374259949,0.03789567947387695,0.03125114366412163,4.381677150726318,4.671240329742432,-0.0,-0.0,-0.0,-0.0,off
1.92,3.191237449645996,2.89693546295166,-0.44340962171554565,0.03552961349487305,0.03167898952960968,4.332763671875,4.6373610496521,-0.0,-0.0,-0.0,-0.0,off
1.94,3.192352056503296,2.8895926475524902,-0.4372784495353699,0.0343930721282959,0.03195039927959442,4.3280558586120605,4.60640811920166,-0.0,-0.0,-0.0,-0.0,off
1.96,3.175569772720337,2.8198938369750977,-0.4372965693473816,0.036881446838378906,0.03244350478053093,4.269340991973877,4.572699546813965,-0.0,-0.0,-0.0,-0.0,off
1.98,3.090071439743042,2.793240547180176,-0.4152914881706238,0.03869485855102539,0.033068638294935226,4.18607234954834,4.534017562866211,-0.0,-0.0,-0.0,-0.0,off
2.0,3.068073272705078,2.7368359565734863,-0.40170639753341675,0.03962063789367676,0.03372383862733841,4.130945682525635,4.493699550628662,-0.0,-0.0,-0.0,-0.0,off
2.02,3.065438747406006,2.73129940032959,-0.4041382670402527,0.03737044334411621,0.03408849984407425,4.125559329986572,4.456878185272217,-0.0,-0.0,-0.0,-0.0,off
2.04,3.0047085285186768,2.6917614936828613,-0.3866402506828308,0.038376569747924805,0.034517306834459305,4.052572250366211,4.416433811187744,-0.0,-0.0,-0.0,-0.0,off
2.06,2.9744699001312256,2.6850128173828125,-0.3793017268180847,0.039246320724487305,0.034990206360816956,4.025001049041748,4.377270221710205,-0.0,-0.0,-0.0,-0.0,off
2.08,2.95157790184021,2.6280150413513184,-0.3613869547843933,0.04209446907043457,0.035700634121894836,3.9684853553771973,4.33636999130249,-0.0,-0.0,-0.0,-0.0,off
2.1,2.905437469482422,2.6087541580200195,-0.35959023237228394,0.04146575927734375,0.03627714514732361,3.9212841987609863,4.294844150543213,-0.0,-0.0,-0.0,-0.0,off
2.12,2.892547369003296,2.6088743209838867,-0.3657814860343933,0.04144716262817383,0.03679414838552475,3.9123971462249756,4.256587028503418,-0.0,-0.0,-0.0,-0.0,off
2.14,2.79856276512146,2.570727825164795,-0.35953396558761597,0.04446983337402344,0.03756171464920044,3.8170485496520996,4.212595462799072,-0.0,-0.0,-0.0,-0.0,off
2.16,2.7633309364318848,2.51407527923584,-0.34145039319992065,0.04615926742553711,0.03842146694660187,3.7514209747314453,4.166457176208496,-0.0,0.0,-0.0,-0.0,off
2.18,2.7431750297546387,2.536078929901123,-0.3430745005607605,0.0441288948059082,0.03899220749735832,3.751587152481079,4.1249237060546875,-0.0,-0.0,-0.0,-0.0,off
2.2,2.6799585819244385,2.522891044616699,-0.3498799204826355,0.04274749755859375,0.039367735385894775,3.6972384452819824,4.082067966461182,-0.0,-0.0,-0.0,-0.0,off
2.22,2.624887466430664,2.5135722160339355,-0.34422749280929565,0.04486203193664551,0.03991716355085373,3.65055775642395,4.03877592086792,-0.0,-0.0,-0.0,-0.0,off
2.24,2.630561113357544,2.4425978660583496,-0.3355509638786316,0.048975467681884766,0.04082299396395683,3.605375289916992,3.995412826538086,-0.0,-0.0,-0.0,-0.0,off
2.2600000000000002,2.5858492851257324,2.377131462097168,-0.3235566020011902,0.05011916160583496,0.041752610355615616,3.5273303985595703,3.948596239089966,-0.0,-0.0,-0.0,-0.0,off
2.2800000000000002,2.5517306327819824,2.346111297607422,-0.31796807050704956,0.04834604263305664,0.04241195321083069,3.480900764465332,3.9018189907073975,-0.0,0.0,-0.0,-0.0,off
2.3000000000000003,2.490541696548462,2.3283119201660156,-0.316966712474823,0.048273563385009766,0.042998116463422775,3.424076795578003,3.854018449783325,-0.0,0.0,-0.0,-0.0,off
2.32,2.3982787132263184,2.2869367599487305,-0.3194043040275574,0.049635887145996094,0.04366189241409302,3.329240083694458,3.8014719486236572,-0.0,-0.0,-0.0,-0.0,off
2.34,2.4084348678588867,2.3077874183654785,-0.32742565870285034,0.05029296875,0.044325001537799835,3.351663589477539,3.7564175128936768,-0.0,-0.0,-0.0,-0.0,off
2.36,2.4396841526031494,2.3072471618652344,-0.32910221815109253,0.04887580871582031,0.04478008300065994,3.3739824295043945,3.7181460857391357,-0.0,-0.0,-0.0,-0.0,off
2.38,2.4274020195007324,2.276165008544922,-0.33038777112960815,0.04778766632080078,0.04508084058761597,3.3440041542053223,3.6807212829589844,-0.0,0.0,-0.0,-0.0,off
2.4,2.3545565605163574,2.1349902153015137,-0.31045693159103394,0.05100655555725098,0.04567341133952141,3.193509578704834,3.6319868564605713,-0.0,0.0,-0.0,-0.0,off
2.42,2.2962777614593506,2.080796718597412,-0.30437058210372925,0.054132938385009766,0.046519361436367035,3.1137192249298096,3.580148458480835,-0.0,-0.0,-0.0,-0.0,off
2.44,2.2660000324249268,2.0314788818359375,-0.30829399824142456,0.05379295349121094,0.047246720641851425,3.0588736534118652,3.5279927253723145,-0.0,-0.0,-0.0,-0.0,off
2.46,2.245353937149048,2.056537628173828,-0.3124968409538269,0.0537722110748291,0.0478992685675621,3.060819625854492,3.4812710285186768,-0.0,-0.0,-0.0,-0.0,off
2.48,2.188326120376587,1.9678736925125122,-0.3123442530632019,0.05478835105895996,0.04858817532658577,2.959536552429199,3.4290730953216553,-0.0,-0.0,-0.0,-0.0,off
2.5,2.189096689224243,1.953288197517395,-0.3174893260002136,0.05487513542175293,0.049216870218515396,2.950979232788086,3.3812263011932373,-0.0,-0.0,-0.0,-0.0,off
2.52,2.19425892829895,1.8976293802261353,-0.3155457377433777,0.056714773178100586,0.049966659396886826,2.918105363845825,3.334799289703369,-0.0,-0.0,-0.0,-0.0,off
2.54,2.209522008895874,1.8941289186477661,-0.3154446482658386,0.05615043640136719,0.05058503523468971,2.9273226261138916,3.2939252853393555,-0.0,0.0,-0.0,-0.0,off
2.56,2.1306440830230713,1.8393861055374146,-0.3158356547355652,0.05576062202453613,0.051102593541145325,2.8324437141418457,3.2476887702941895,0.0,0.0,-0.0,0.0,off
2.58,2.0574581623077393,1.8322721719741821,-0.3156382441520691,0.05706667900085449,0.05169900134205818,2.7730820178985596,3.2002034187316895,-0.0,-0.0,-0.0,-0.0,off
2.6,2.0640952587127686,1.8311687707901,-0.32017868757247925,0.05952858924865723,0.05248195677995682,2.777801752090454,3.1579346656799316,-0.0,-0.0,-0.0,-0.0,off
2.62,1.990710973739624,1.7621761560440063,-0.3133942484855652,0.058129072189331055,0.05304666608572006,2.6770153045654297,3.1098122596740723,0.0,-0.0,-0.0,0.0,off
2.64,2.0447981357574463,1.7478681802749634,-0.3215329051017761,0.05621647834777832,0.05336364731192589,2.709174394607544,3.0696496963500977,-0.0,-0.0,-0.0,-0.0,off
2.66,2.0384910106658936,1.7542320489883423,-0.3267037272453308,0.05493879318237305,0.053521160036325455,2.709153175354004,3.0335285663604736,-0.0,-0.0,-0.0,-0.0,off
2.68,1.9752953052520752,1.7432457208633423,-0.3295990824699402,0.05715751647949219,0.05388479307293892,2.655057907104492,2.995643377304077,-0.0,-0.0,-0.0,-0.0,off
2.7,1.9976484775543213,1.670519471168518,-0.3215863108634949,0.06025958061218262,0.05452227219939232,2.6238622665405273,2.9583277702331543,-0.0,-0.0,-0.0,-0.0,off
2.72,1.9306232929229736,1.6494914293289185,-0.31852883100509644,0.06367754936218262,0.05543779954314232,2.5592164993286133,2.9183554649353027,-0.0,0.0,-0.0,-0.0,off
2.74,1.9674279689788818,1.6074978113174438,-0.3210293650627136,0.06351208686828613,0.05624523013830185,2.56083607673645,2.8824117183685303,-0.0,-0.0,-0.0,-0.0,off
2.7600000000000002,1.9266774654388428,1.526692509651184,-0.31877487897872925,0.0674734115600586,0.057368047535419464,2.478808879852295,2.841745376586914,-0.0,-0.0,-0.0,-0.0,off
2.7800000000000002,1.887237787246704,1.4781743288040161,-0.3243071436882019,0.06937980651855469,0.05856922268867493,2.419057846069336,2.7991466522216797,-0.0,-0.0,-0.0,-0.0,off
2.8000000000000003,1.8403370380401611,1.476157784461975,-0.3245932459831238,0.0676569938659668,0.059477999806404114,2.381437301635742,2.7571966648101807,-0.0,-0.0,-0.0,-0.0,off
2.82,1.7736718654632568,1.4535776376724243,-0.3297364115715027,0.06651163101196289,0.06018136069178581,2.3167922496795654,2.713041067123413,-0.0,-0.0,-0.0,-0.0,off
2.84,1.7892954349517822,1.4714232683181763,-0.33769863843917847,0.06689643859863281,0.06085287034511566,2.341090440750122,2.675745725631714,-0.0,-0.0,-0.0,-0.0,off
2.86,1.771869421005249,1.426406979560852,-0.3374297022819519,0.07078242301940918,0.061845824122428894,2.2995688915252686,2.637986660003662,-0.0,0.0,-0.0,-0.0,off
2.88,1.7661983966827393,1.3666616678237915,-0.3263012766838074,0.07276535034179688,0.06293777376413345,2.2569212913513184,2.5996413230895996,-0.0,0.0,-0.0,-0.0,off
2.9,1.762230634689331,1.3015495538711548,-0.32940930128097534,0.07241535186767578,0.06388553231954575,2.215400218963623,2.5607759952545166,0.0,-0.0,-0.0,0.0,off
2.92,1.7739613056182861,1.310111165046692,-0.3363720774650574,0.06978178024291992,0.0644751563668251,2.230801582336426,2.5273988246917725,-0.0,-0.0,-0.0,-0.0,off
2.94,1.7709991931915283,1.2558242082595825,-0.34994858503341675,0.07053589820861816,0.06508123129606247,2.199090003967285,2.4939801692962646,-0.0,-0.0,-0.0,-0.0,off
2.96,1.7886993885040283,1.2132292985916138,-0.3533913493156433,0.0706944465637207,0.06564255058765411,2.190035820007324,2.462780237197876,-0.0,-0.0,-0.0,-0.0,off
2.98,1.7751891613006592,1.1979228258132935,-0.35586708784103394,0.0708768367767334,0.0661659762263298,2.1709346771240234,2.432882070541382,-0.0,-0.0,-0.0,-0.0,off
3.0,1.802391767501831,1.19503653049469,-0.35738152265548706,0.06968164443969727,0.06651753932237625,2.1919054985046387,2.408069610595703,-0.0,0.0,-0.0,-0.0,off
3.02,1.7285211086273193,1.167251706123352,-0.36145657300949097,0.06911921501159668,0.06677770614624023,2.116816520690918,2.378443717956543,-0.0,-0.0,-0.0,-0.0,off
3.04,1.714357614517212,1.1407233476638794,-0.3620745539665222,0.0717771053314209,0.06727764010429382,2.0907821655273438,2.349173069000244,-0.0,-0.0,-0.0,-0.0,off
3.06,1.701953649520874,1.1130167245864868,-0.3555533289909363,0.07376313209533691,0.06792618334293365,2.064429998397827,2.320195436477661,-0.0,-0.0,-0.0,-0.0,off
3.08,1.728527307510376,1.0354219675064087,-0.347911536693573,0.07507109642028809,0.06864067167043686,2.044736623764038,2.2916548252105713,-0.0,-0.0,-0.0,-0.0,off
3.1,1.7764313220977783,0.9734703302383423,-0.3497282862663269,0.07539987564086914,0.06931659579277039,2.0556416511535645,2.2664403915405273,-0.0,0.0,-0.0,-0.0,off
3.12,1.7678792476654053,0.9345051050186157,-0.3473479151725769,0.07660412788391113,0.0700453445315361,2.0296175479888916,2.241093873977661,-0.0,0.0,-0.0,-0.0,off
3.14,1.7868177890777588,0.9536830186843872,-0.35298317670822144,0.07657098770141602,0.07069790363311768,2.055924654006958,2.2212703227996826,-0.0,-0.0,-0.0,-0.0,off
3.16,1.8054707050323486,0.9110523462295532,-0.3475624918937683,0.0775918960571289,0.07138730585575104,2.051959991455078,2.20277738571167,-0.0,-0.0,-0.0,-0.0,off
3.18,1.7942116260528564,0.8603817224502563,-0.3432156443595886,0.07715463638305664,0.07196404039859772,2.0192198753356934,2.182692289352417,-0.0,-0.0,-0.0,-0.0,off
3.2,1.8245155811309814,0.8562794923782349,-0.3659493327140808,0.07484245300292969,0.07225187867879868,2.0484116077423096,2.167602062225342,-0.0,0.0,-0.0,-0.0,off
3.22,1.8351848125457764,0.84418785572052,-0.3719746470451355,0.07269096374511719,0.07229578495025635,2.0540013313293457,2.154693603515625,-0.0,-0.0,-0.0,-0.0,off
3.24,1.91373610496521,0.8045040369033813,-0.38014763593673706,0.07266664505004883,0.07233286648988724,2.1104798316955566,2.1481592655181885,-0.0,-0.0,-0.0,-0.0,off
3.2600000000000002,1.972198247909546,0.7882658243179321,-0.3801514506340027,0.07046723365783691,0.07214629650115967,2.1576478481292725,2.1468825340270996,-0.0,0.0,-0.0,-0.0,off
3.2800000000000002,2.0751945972442627,0.8058196306228638,-0.39116352796554565,0.06770038604736328,0.07170170545578003,2.2602627277374268,2.1560699939727783,-0.0,0.0,-0.0,-0.0,off
3.3000000000000003,2.1171886920928955,0.7652584314346313,-0.40584152936935425,0.06798267364501953,0.07132980227470398,2.2875349521636963,2.16679310798645,-0.0,-0.0,-0.0,-0.0,off
3.3200000000000003,2.1914775371551514,0.720047116279602,-0.4221321940422058,0.06996822357177734,0.0711936429142952,2.345045328140259,2.1817097663879395,-0.0,-0.0,-0.0,-0.0,off
3.34,2.2287909984588623,0.6531492471694946,-0.43235844373703003,0.07064223289489746,0.07113850116729736,2.362423896789551,2.1963353157043457,-0.0,-0.0,-0.0,-0.0,off
3.36,2.3238894939422607,0.6310025453567505,-0.4732748866081238,0.06610465049743652,0.0706351175904274,2.454101800918579,2.218505859375,-0.0,-0.0,-0.0,-0.0,off
3.38,2.377906560897827,0.6073580980300903,-0.4992634654045105,0.06507229804992676,0.07007883489131927,2.5045135021209717,2.24361252784729,-0.0,-0.0,-0.0,-0.0,off
3.4,2.4105875492095947,0.559433102607727,-0.5072676539421082,0.06724143028259277,0.06979509443044662,2.5261073112487793,2.2682607173919678,-0.0,0.0,-0.0,-0.0,off
3.42,2.4709110260009766,0.5680972337722778,-0.552872359752655,0.06786823272705078,0.06960240751504898,2.5949573516845703,2.297863721847534,-0.0,-0.0,-0.0,-0.0,off
3.44,2.498382091522217,0.5867587327957153,-0.5731646418571472,0.06638336181640625,0.06928049772977829,2.629584789276123,2.3287010192871094,-0.0,0.0,-0.0,-0.0,off
3.46,2.501119613647461,0.5921655893325806,-0.6199843287467957,0.06314492225646973,0.06866693496704102,2.64398193359375,2.358278751373291,-0.0,0.0,-0.0,-0.0,off
3.48,2.478604316711426,0.5655165910720825,-0.6394125819206238,0.06421709060668945,0.06822194904088974,2.621476173400879,2.382761240005493,-0.0,0.0,-0.0,-0.0,off
3.5,2.4960215091705322,0.5644394159317017,-0.6890885233879089,0.06392168998718262,0.06779192388057709,2.6501996517181396,2.4077794551849365,0.0,-0.0,-0.0,0.0,off
3.52,2.547461748123169,0.565674901008606,-0.7406250834465027,0.06180000305175781,0.06719273328781128,2.7125771045684814,2.4365763664245605,-0.0,-0.0,-0.0,-0.0,off
3.54,2.602954149246216,0.539094090461731,-0.8049342036247253,0.05857062339782715,0.06633052229881287,2.777392864227295,2.4686872959136963,-0.0,-0.0,-0.0,-0.0,off
3.56,2.5952460765838623,0.5042935609817505,-0.8969857096672058,0.055220603942871094,0.06521952897310257,2.79180908203125,2.498465061187744,-0.0,-0.0,-0.0,-0.0,off
3.58,2.6033010482788086,0.48591148853302,-1.0169121026992798,0.054598093032836914,0.0641573816537857,2.8367934226989746,2.5290110111236572,-0.0,-0.0,-0.0,-0.0,off
3.6,2.7025694847106934,0.494360089302063,-1.0443464517593384,0.054976463317871094,0.06323929131031036,2.939206123352051,2.5673718452453613,-0.0,-0.0,-0.0,-0.0,off
3.62,2.7530553340911865,0.4793587923049927,-1.1643120050430298,0.05158543586730957,0.062073905020952225,3.0273289680480957,2.610081911087036,-0.0,-0.0,-0.0,-0.0,off
3.64,2.705740213394165,0.42465412616729736,-1.1915746927261353,0.05040478706359863,0.060906991362571716,2.986839771270752,2.644359827041626,-0.0,-0.0,-0.0,-0.0,off
3.66,2.72487211227417,0.4150291681289673,-1.296822190284729,0.048348188400268555,0.05965111032128334,3.046132802963257,2.6806845664978027,-0.0,-0.0,-0.0,-0.0,off
3.68,2.74265456199646,0.39580023288726807,-1.386407494544983,0.04985976219177246,0.0586719736456871,3.0985379219055176,2.7183046340942383,-0.0,-0.0,-0.0,-0.0,off
3.7,2.754228353500366,0.3802887201309204,-1.411446213722229,0.05002856254577637,0.05780763179063797,3.1181042194366455,2.754645586013794,-0.0,-0.0,-0.0,-0.0,off
3.72,2.7756309509277344,0.39154255390167236,-1.4918771982192993,0.04469943046569824,0.05649681016802788,3.1753945350646973,2.793125867843628,-0.0,-0.0,-0.0,-0.0,off
3.74,2.8179280757904053,0.3940936326980591,-1.6222244501113892,0.041312217712402344,0.054978348314762115,3.2753076553344727,2.837219715118408,-0.0,-0.0,-0.0,-0.0,off
3.7600000000000002,2.7989087104797363,0.36234867572784424,-1.6875702142715454,0.04293227195739746,0.05377373844385147,3.2883248329162598,2.8780291080474854,-0.0,-0.0,-0.0,-0.0,off
3.7800000000000002,2.867903470993042,0.3485957384109497,-1.7664982080459595,0.042902231216430664,0.05268658697605133,3.386281967163086,2.9248266220092773,-0.0,-0.0,-0.0,-0.0,off
3.8000000000000003,2.878185987472534,0.3363600969314575,-1.8154035806655884,0.03978753089904785,0.051396679133176804,3.419471025466919,2.970578670501709,-0.0,0.0,-0.0,-0.0,off
3.8200000000000003,2.878814697265625,0.3405710458755493,-1.9146639108657837,0.03528022766113281,0.049785032868385315,3.47411847114563,3.016965866088867,-0.0,-0.0,-0.0,-0.0,off
3.84,2.8755428791046143,0.29791510105133057,-1.9768072366714478,0.0358428955078125,0.048390816897153854,3.502180337905884,3.0614428520202637,-0.0,-0.0,-0.0,-0.0,off
3.86,2.8984763622283936,0.2779179811477661,-2.0909035205841064,0.0348663330078125,0.04703836888074875,3.584728717803955,3.109361410140991,-0.0,-0.0,-0.0,-0.0,off
3.88,2.9719982147216797,0.2609149217605591,-2.096855401992798,0.03430771827697754,0.04576530307531357,3.646594524383545,3.1598806381225586,-0.0,-0.0,-0.0,-0.0,off
3.9,3.0207040309906006,0.24011337757110596,-2.166303873062134,0.03014063835144043,0.044202838093042374,3.724940299987793,3.2133896350860596,-0.0,0.0,-0.0,-0.0,off
3.92,3.017882823944092,0.23013699054718018,-2.2305052280426025,0.028366804122924805,0.042619235813617706,3.759751558303833,3.265064001083374,0.0,0.0,-0.0,0.0,off
3.94,3.053903818130493,0.22152960300445557,-2.3243629932403564,0.02742171287536621,0.04109948128461838,3.8442251682281494,3.320006847381592,-0.0,-0.0,-0.0,-0.0,off
3.96,3.0828213691711426,0.22796785831451416,-2.332592725753784,0.02915668487548828,0.03990520164370537,3.872563123703003,3.3730380535125732,-0.0,-0.0,-0.0,-0.0,off
3.98,3.082693099975586,0.1722012758255005,-2.365670919418335,0.0273892879486084,0.03865361213684082,3.8896076679229736,3.4224586486816406,-0.0,-0.0,-0.0,-0.0,off
4.0,3.1316816806793213,0.16329538822174072,-2.422337293624878,0.023092269897460938,0.03709747642278671,3.9625513553619385,3.474501132965088,-0.0,-0.0,-0.0,-0.0,off
4.0200000000000005,3.1664395332336426,0.16401159763336182,-2.5428364276885986,0.017836332321166992,0.03517135977745056,4.064388751983643,3.531310558319092,-0.0,-0.0,-0.0,-0.0,off
4.04,3.2179322242736816,0.16265976428985596,-2.616594076156616,0.017813920974731445,0.03343561664223671,4.1506757736206055,3.591284990310669,-0.0,-0.0,-0.0,-0.0,off
4.0600000000000005,3.2161662578582764,0.1386781930923462,-2.6599714756011963,0.019445419311523438,0.03203659504652023,4.175931453704834,3.647841215133667,-0.0,-0.0,-0.0,-0.0,off
4.08,3.268873453140259,0.12862646579742432,-2.65352463722229,0.01891803741455078,0.03072473779320717,4.212275981903076,3.702988386154175,0.0,0.0,-0.0,0.0,off
4.1,3.2846434116363525,0.09042751789093018,-2.7182071208953857,0.015429019927978516,0.029195165261626244,4.26447057723999,3.7577104568481445,-0.0,-0.0,-0.0,-0.0,off
4.12,3.333296060562134,0.07318460941314697,-2.7737700939178467,0.015640735626220703,0.027839722111821175,4.337051868438721,3.814361333847046,-0.0,0.0,-0.0,-0.0,off
4.14,3.364454984664917,0.07083141803741455,-2.8577897548675537,0.01606154441833496,0.026661904528737068,4.41492223739624,3.8731236457824707,-0.0,-0.0,-0.0,-0.0,off
4.16,3.4240875244140625,0.06785500049591064,-2.9423434734344482,0.013853788375854492,0.025381093844771385,4.5151262283325195,3.9361231327056885,-0.0,-0.0,-0.0,-0.0,off
4.18,3.489602565765381,0.05274498462677002,-3.022101640701294,0.010412931442260742,0.023884277790784836,4.6166229248046875,4.003061294555664,-0.0,-0.0,-0.0,-0.0,off
4.2,3.502750873565674,0.02429640293121338,-3.0699174404144287,0.009351968765258789,0.02243104577064514,4.657708168029785,4.067409515380859,-0.0,-0.0,-0.0,-0.0,off
4.22,3.4987471103668213,-0.010500311851501465,-3.1535775661468506,0.006072044372558594,0.020795144140720367,4.710243225097656,4.130327224731445,-0.0,-0.0,-0.0,-0.0,off
4.24,3.5346615314483643,-0.015221476554870605,-3.1635282039642334,0.005402803421020508,0.01925591006875038,4.743624687194824,4.190648078918457,-0.0,-0.0,-0.0,-0.0,off
4.26,3.6313531398773193,-0.031597018241882324,-3.252031087875366,0.0003306865692138672,0.01736338809132576,4.874774932861328,4.258188724517822,-0.0,-0.0,-0.0,-0.0,off
4.28,3.6857099533081055,-0.06114614009857178,-3.366321325302124,-0.0019025802612304688,0.015436790883541107,4.992024898529053,4.330563068389893,-0.0,-0.0,-0.0,-0.0,off
4.3,3.6982884407043457,-0.06826722621917725,-3.423250436782837,-0.0019698143005371094,0.013696130365133286,5.039904594421387,4.400523662567139,-0.0,-0.0,-0.0,-0.0,off
4.32,3.8578765392303467,-0.04704940319061279,-3.5482194423675537,-0.0050504207611083984,0.011821474879980087,5.241687297821045,4.483980178833008,-0.0,-0.0,-0.0,-0.0,off
4.34,3.922874689102173,-0.07316195964813232,-3.6439998149871826,-0.00829315185546875,0.009810011833906174,5.354720592498779,4.570369243621826,-0.0,-0.0,-0.0,-0.0,off
4.36,3.9418466091156006,-0.0979083776473999,-3.7014853954315186,-0.011987447738647461,0.007630265783518553,5.408209800720215,4.653444766998291,-0.0,-0.0,-0.0,-0.0,off
4.38,3.952322244644165,-0.12383019924163818,-3.832627534866333,-0.016765594482421875,0.005190679803490639,5.506833553314209,4.737781524658203,-0.0,-0.0,-0.0,-0.0,off
4.4,3.94547176361084,-0.13664376735687256,-3.944706678390503,-0.017592430114746094,0.0029123686254024506,5.58087158203125,4.820836067199707,-0.0,0.0,-0.0,-0.0,off
4.42,3.999255418777466,-0.13558661937713623,-3.993067502975464,-0.01897406578063965,0.0007237250683829188,5.6530537605285645,4.90308952331543,-0.0,-0.0,-0.0,-0.0,off
4.44,4.105330944061279,-0.15970265865325928,-4.1225690841674805,-0.022423267364501953,-0.0015909741632640362,5.8202080726623535,4.993902683258057,-0.0,-0.0,-0.0,-0.0,off
4.46,4.142971038818359,-0.2040928602218628,-4.227314472198486,-0.023527145385742188,-0.00378459133207798,5.922503471374512,5.0857391357421875,-0.0,-0.0,-0.0,-0.0,off
4.48,4.174295425415039,-0.25146329402923584,-4.321774959564209,-0.024535655975341797,-0.005859697703272104,6.013793468475342,5.177413463592529,-0.0,-0.0,-0.0,-0.0,off
4.5,4.22634220123291,-0.28233516216278076,-4.387357234954834,-0.024168014526367188,-0.007690529339015484,6.0984086990356445,5.268503189086914,-0.0,-0.0,-0.0,-0.0,off
4.5200000000000005,4.311825752258301,-0.27172744274139404,-4.535406589508057,-0.028060436248779297,-0.009727519936859608,6.263832092285156,5.3670973777771,-0.0,-0.0,-0.0,-0.0,off
4.54,4.4005537033081055,-0.24226176738739014,-4.628478050231934,-0.02931833267211914,-0.011686600744724274,6.391116619110107,5.468818664550781,-0.0,-0.0,-0.0,-0.0,off
4.5600000000000005,4.4848551750183105,-0.2433246374130249,-4.760179042816162,-0.030944347381591797,-0.013612375594675541,6.544649600982666,5.575754642486572,-0.0,-0.0,-0.0,-0.0,off
4.58,4.510416507720947,-0.2905768156051636,-4.832844257354736,-0.029017210006713867,-0.015152858570218086,6.61699914932251,5.679185390472412,-0.0,-0.0,-0.0,-0.0,off
4.6000000000000005,4.6608500480651855,-0.2983158826828003,-4.9245524406433105,-0.030579090118408203,-0.016695480793714523,6.787026882171631,5.789562702178955,-0.0,0.0,-0.0,-0.0,off
4.62,4.730136871337891,-0.30470311641693115,-5.057168960571289,-0.03537321090698242,-0.018563253805041313,6.9312334060668945,5.903293132781982,-0.0,-0.0,-0.0,-0.0,off
4.64,4.714966773986816,-0.33804214000701904,-5.130416393280029,-0.03723716735839844,-0.02043064497411251,6.976127624511719,6.0100016593933105,-0.0,-0.0,-0.0,-0.0,off
4.66,4.779183387756348,-0.3643687963485718,-5.204837799072266,-0.03818774223327637,-0.02220635488629341,7.075570106506348,6.116058826446533,-0.0,-0.0,-0.0,-0.0,off
4.68,4.930079936981201,-0.3692835569381714,-5.324662685394287,-0.037508487701416016,-0.02373656816780567,7.265954494476318,6.230731010437012,0.0,-0.0,-0.0,0.0,off
4.7,4.927124977111816,-0.38215672969818115,-5.436234951019287,-0.03822755813598633,-0.025185665115714073,7.346785068511963,6.341874599456787,-0.0,0.0,-0.0,-0.0,off
4.72,4.996366024017334,-0.38849103450775146,-5.5039262771606445,-0.04085564613342285,-0.026752663776278496,7.443641662597656,6.451699733734131,-0.0,-0.0,-0.0,-0.0,off
4.74,5.0373663902282715,-0.40834367275238037,-5.682044506072998,-0.0448606014251709,-0.02856345660984516,7.604434967041016,6.566426753997803,-0.0,0.0,-0.0,-0.0,off
4.76,5.130243301391602,-0.4320458173751831,-5.79424524307251,-0.0440526008605957,-0.0301123708486557,7.751086235046387,6.684422969818115,-0.0,0.0,-0.0,-0.0,off
4.78,5.250323295593262,-0.43891990184783936,-5.864546298980713,-0.04318523406982422,-0.03141965717077255,7.8836188316345215,6.804074764251709,-0.0,-0.0,-0.0,-0.0,off
4.8,5.338846206665039,-0.45214593410491943,-5.975851058959961,-0.04752016067504883,-0.0330297090113163,8.026114463806152,6.926043510437012,0.0,-0.0,-0.0,0.0,off
4.82,5.450804710388184,-0.4621809720993042,-6.089095115661621,-0.05144333839416504,-0.034871071577072144,8.18547248840332,7.051813125610352,-0.0,0.0,-0.0,-0.0,off
4.84,5.551806449890137,-0.4622586965560913,-6.220230579376221,-0.04993247985839844,-0.03637721389532089,8.350299835205078,7.1815104484558105,-0.0,-0.0,-0.0,-0.0,off
4.86,5.6618475914001465,-0.5209287405014038,-6.354896068572998,-0.04723930358886719,-0.03746341913938522,8.527168273925781,7.315900802612305,-0.0,-0.0,-0.0,-0.0,off
4.88,5.739907264709473,-0.5678786039352417,-6.453354358673096,-0.048470258712768555,-0.038564104586839676,8.655333518981934,7.449646949768066,-0.0,0.0,-0.0,-0.0,off
4.9,5.82644510269165,-0.5455950498580933,-6.555825710296631,-0.054282426834106445,-0.040135934948921204,8.787717819213867,7.583327293395996,-0.0,-0.0,-0.0,-0.0,off
4.92,5.839380264282227,-0.5633071660995483,-6.6564621925354,-0.05489540100097656,-0.04161188006401062,8.872664451599121,7.7120680809021,-0.0,-0.0,-0.0,-0.0,off
4.94,5.979316711425781,-0.5938318967819214,-6.7890496253967285,-0.05548691749572754,-0.04299938306212425,9.066204071044922,7.8473358154296875,-0.0,-0.0,-0.0,-0.0,off
4.96,6.163152694702148,-0.6384624242782593,-6.911667346954346,-0.05315446853637695,-0.04401488974690437,9.282415390014648,7.990746974945068,-0.0,-0.0,-0.0,-0.0,off
4.98,6.292703628540039,-0.6553472280502319,-7.026172161102295,-0.05470633506774902,-0.04508403316140175,9.454876899719238,8.137085914611816,-0.0,-0.0,-0.0,-0.0,off
5.0,6.441208362579346,-0.6697100400924683,-7.199370861053467,-0.05599617958068848,-0.04617524519562721,9.683419227600098,8.291661262512207,-0.0,-0.0,-0.0,-0.0,off
5.0200000000000005,6.520488262176514,-0.7013901472091675,-7.33020544052124,-0.05630302429199219,-0.04718802124261856,9.835680961608887,8.445982933044434,-0.0,-0.0,-0.0,-0.0,off
5.04,6.664055824279785,-0.7359946966171265,-7.497848033905029,-0.05344796180725098,-0.0478140152990818,10.058282852172852,8.607129096984863,-0.0,-0.0,-0.0,-0.0,off
5.0600000000000005,6.821000099182129,-0.738878607749939,-7.617725849151611,-0.05340886116027832,-0.048373498022556305,10.251913070678711,8.771562576293945,-0.0,-0.0,-0.0,-0.0,off
5.08,6.931044578552246,-0.7468184232711792,-7.752792835235596,-0.05535006523132324,-0.04907115176320076,10.426069259643555,8.936979293823242,-0.0,0.0,-0.0,-0.0,off
5.1000000000000005,7.030506134033203,-0.8058847188949585,-7.869473934173584,-0.05390191078186035,-0.04955422505736351,10.583292961120605,9.101543426513672,0.0,0.0,-0.0,0.0,off
5.12,7.152541637420654,-0.8326467275619507,-8.035266876220703,-0.05253481864929199,-0.04985228553414345,10.789701461791992,9.270289421081543,-0.0,0.0,-0.0,-0.0,off
5.14,7.344496726989746,-0.8369401693344116,-8.176502227783203,-0.0489652156829834,-0.04976357892155647,11.022581100463867,9.445480346679688,-0.0,-0.0,-0.0,-0.0,off
5.16,7.49916410446167,-0.8387774229049683,-8.363141059875488,-0.048426151275634766,-0.04962983727455139,11.264241218566895,9.627336502075195,-0.0,-0.0,-0.0,-0.0,off
5.18,7.536055088043213,-0.8986643552780151,-8.545455932617188,-0.04804229736328125,-0.04947108402848244,11.429109573364258,9.8074312210083,-0.0,-0.0,-0.0,-0.0,off
5.2,7.641411781311035,-0.9472593069076538,-8.652992248535156,-0.04575204849243164,-0.04909917712211609,11.582864761352539,9.984880447387695,-0.0,-0.0,-0.0,-0.0,off
5.22,7.830752849578857,-0.9459789991378784,-8.789592742919922,-0.04245781898498535,-0.048435039818286896,11.809847831726074,10.167335510253906,-0.0,-0.0,-0.0,-0.0,off
5.24,7.957963943481445,-0.9590095281600952,-8.929071426391602,-0.0392146110534668,-0.04751299321651459,11.99905014038086,10.35047721862793,-0.0,-0.0,-0.0,-0.0,off
5.26,8.123554229736328,-0.9682048559188843,-9.07349681854248,-0.04070615768432617,-0.046832308173179626,12.21711540222168,10.53711986541748,-0.0,-0.0,-0.0,-0.0,off
5.28,8.268637657165527,-1.0061362981796265,-9.194771766662598,-0.042593955993652344,-0.04640847444534302,12.406712532043457,10.724044799804688,-0.0,-0.0,-0.0,-0.0,off
5.3,8.369361877441406,-0.9998129606246948,-9.339234352111816,-0.039368629455566406,-0.045704491436481476,12.580426216125488,10.909669876098633,-0.0,-0.0,-0.0,-0.0,off
5.32,8.50862979888916,-1.001560091972351,-9.48155689239502,-0.036118268966674805,-0.04474586620926857,12.778882026672363,11.096583366394043,-0.0,-0.0,-0.0,-0.0,off
5.34,8.628623962402344,-1.0050586462020874,-9.612242698669434,-0.03536510467529297,-0.04380778968334198,12.956022262573242,11.282523155212402,-0.0,-0.0,-0.0,-0.0,off
5.36,8.813048362731934,-1.060332179069519,-9.786907196044922,-0.03332090377807617,-0.04275909811258316,13.212784767150879,11.475532531738281,-0.0,-0.0,-0.0,-0.0,off
5.38,8.997312545776367,-1.110388159751892,-9.926989555358887,-0.031069278717041016,-0.041590116918087006,13.443574905395508,11.672292709350586,-0.0,0.0,-0.0,-0.0,off
5.4,9.105057716369629,-1.1394685506820679,-10.039519309997559,-0.02902078628540039,-0.040333185344934464,13.601191520690918,11.865137100219727,-0.0,-0.0,-0.0,-0.0,off
5.42,9.2265625,-1.1823009252548218,-10.156070709228516,-0.03174185752868652,-0.03947405144572258,13.772184371948242,12.055782318115234,-0.0,-0.0,-0.0,-0.0,off
5.44,9.337142944335938,-1.1862062215805054,-10.224370002746582,-0.033716440200805664,-0.0388982892036438,13.897016525268555,12.239842414855957,-0.0,-0.0,-0.0,-0.0,off
5.46,9.464165687561035,-1.2066954374313354,-10.341431617736816,-0.034485816955566406,-0.03845704346895218,14.070243835449219,12.422819137573242,-0.0,-0.0,-0.0,-0.0,off
5.48,9.51504135131836,-1.3058146238327026,-10.383441925048828,-0.03132271766662598,-0.03774360939860344,14.14415168762207,12.594823837280273,-0.0,0.0,-0.0,-0.0,off
5.5,9.616325378417969,-1.2879804372787476,-10.43347454071045,-0.027635574340820312,-0.03673280403017998,14.247456550598145,12.759977340698242,-0.0,-0.0,-0.0,-0.0,off
5.5200000000000005,9.643285751342773,-1.3287180662155151,-10.473309516906738,-0.02060842514038086,-0.035120364278554916,14.298554420471191,12.913725852966309,-0.0,-0.0,-0.0,-0.0,off
5.54,9.706928253173828,-1.408302664756775,-10.533699989318848,-0.01837921142578125,-0.03344624862074852,14.39328384399414,13.061514854431152,-0.0,-0.0,-0.0,-0.0,off
5.5600000000000005,9.770931243896484,-1.4215553998947144,-10.55188274383545,-0.017766475677490234,-0.0318782702088356,14.451095581054688,13.200307846069336,-0.0,-0.0,-0.0,-0.0,off
5.58,9.796642303466797,-1.408636450767517,-10.528020858764648,-0.016607284545898438,-0.030351171270012856,14.449832916259766,13.325112342834473,-0.0,-0.0,-0.0,-0.0,off
5.6000000000000005,9.795999526977539,-1.414164423942566,-10.501434326171875,-0.015033721923828125,-0.028819426894187927,14.430578231811523,13.435519218444824,-0.0,-0.0,-0.0,-0.0,off
5.62,9.810214042663574,-1.4685190916061401,-10.459955215454102,-0.014837026596069336,-0.02742118574678898,14.41553020477295,13.53331470489502,-0.0,-0.0,-0.0,-0.0,off
5.64,9.941816329956055,-1.4964498281478882,-10.451043128967285,-0.01882338523864746,-0.026561405509710312,14.501840591430664,13.629851341247559,-0.0,0.0,-0.0,-0.0,off
5.66,9.957377433776855,-1.5797556638717651,-10.36423397064209,-0.021140575408935547,-0.026019321754574776,14.458988189697266,13.7122802734375,-0.0,-0.0,-0.0,-0.0,off
5.68,10.154897689819336,-1.6229480504989624,-10.284802436828613,-0.02552032470703125,-0.02596942149102688,14.54417610168457,13.794575691223145,-0.0,0.0,-0.0,-0.0,off
5.7,10.320616722106934,-1.6495455503463745,-10.265225410461426,-0.029170989990234375,-0.026289578527212143,14.649606704711914,13.878942489624023,-0.0,-0.0,-0.0,-0.0,off
5.72,10.405584335327148,-1.6743167638778687,-10.21541976928711,-0.031786203384399414,-0.0268392413854599,14.677680969238281,13.95755672454834,-0.0,-0.0,-0.0,-0.0,off
5.74,10.571687698364258,-1.6464413404464722,-10.160897254943848,-0.03289628028869629,-0.02744494564831257,14.75517463684082,14.035773277282715,-0.0,-0.0,-0.0,-0.0,off
5.76,10.720767974853516,-1.6720637083053589,-10.129253387451172,-0.03209877014160156,-0.027910327538847923,14.843599319458008,14.114774703979492,-0.0,0.0,-0.0,-0.0,off
5.78,10.907392501831055,-1.7099689245224,-10.075238227844238,-0.03336596488952637,-0.028455890715122223,14.946759223937988,14.195751190185547,-0.0,0.0,-0.0,-0.0,off
5.8,11.030499458312988,-1.7878683805465698,-10.014659881591797,-0.0343630313873291,-0.02904660440981388,15.005392074584961,14.274213790893555,-0.0,-0.0,-0.0,-0.0,off
5.82,11.217878341674805,-1.801827311515808,-9.995123863220215,-0.04038286209106445,-0.030180230736732483,15.13241195678711,14.35729694366455,-0.0,-0.0,-0.0,-0.0,off
5.84,11.369729995727539,-1.818327784538269,-9.955096244812012,-0.04050588607788086,-0.03121279552578926,15.22107219696045,14.440763473510742,-0.0,-0.0,-0.0,-0.0,off
5.86,11.556065559387207,-1.8561538457870483,-9.945464134216309,-0.04259824752807617,-0.03235133737325668,15.35904312133789,14.529502868652344,-0.0,-0.0,-0.0,-0.0,off
5.88,11.69791316986084,-1.8704651594161987,-9.881489753723145,-0.0451502799987793,-0.033631231635808945,15.426718711853027,14.615934371948242,-0.0,-0.0,-0.0,-0.0,off
5.9,11.808268547058105,-1.8984235525131226,-9.887879371643066,-0.046347856521606445,-0.034902893006801605,15.518033981323242,14.703106880187988,-0.0,0.0,-0.0,-0.0,off
5.92,11.909735679626465,-1.958459734916687,-9.86960506439209,-0.046887874603271484,-0.036101389676332474,15.591230392456055,14.788990020751953,-0.0,0.0,-0.0,-0.0,off
5.94,12.043598175048828,-1.9842251539230347,-9.827797889709473,-0.04495096206665039,-0.036986343562603,15.670705795288086,14.874150276184082,-0.0,-0.0,-0.0,-0.0,off
5.96,12.227836608886719,-2.0079030990600586,-9.866534233093262,-0.04217243194580078,-0.037504952400922775,15.839828491210938,14.967815399169922,-0.0,0.0,-0.0,-0.0,off
5.98,12.376235961914062,-2.049989700317383,-9.816254615783691,-0.04400229454040527,-0.038154687732458115,15.928983688354492,15.060851097106934,0.0,-0.0,-0.0,0.0,off
6.0,12.514284133911133,-2.0946693420410156,-9.839950561523438,-0.041626930236816406,-0.038501910865306854,16.056760787963867,15.157567977905273,-0.0,-0.0,-0.0,-0.0,off
6.0200000000000005,12.669902801513672,-2.144927501678467,-9.781237602233887,-0.04201221466064453,-0.03885294124484062,16.149295806884766,15.25362491607666,-0.0,-0.0,-0.0,-0.0,off
6.04,12.730096817016602,-2.1357436180114746,-9.729238510131836,-0.036459922790527344,-0.038613639771938324,16.163997650146484,15.341761589050293,-0.0,-0.0,-0.0,-0.0,off
6.0600000000000005,12.839126586914062,-2.1698880195617676,-9.729297637939453,-0.031575918197631836,-0.037909869104623795,16.254562377929688,15.430342674255371,-0.0,-0.0,-0.0,-0.0,off
6.08,12.922686576843262,-2.206969738006592,-9.7022066116333,-0.02849888801574707,-0.036968767642974854,16.309486389160156,15.515698432922363,-0.0,-0.0,-0.0,-0.0,off
6.1000000000000005,12.981678009033203,-2.2430977821350098,-9.732431411743164,-0.024374723434448242,-0.03570936247706413,16.37912368774414,15.599902153015137,-0.0,-0.0,-0.0,-0.0,off
6.12,13.069547653198242,-2.2390007972717285,-9.74365234375,-0.019408464431762695,-0.03407927230000496,16.454936981201172,15.683507919311523,-0.0,-0.0,-0.0,-0.0,off
6.140000000000001,13.057184219360352,-2.283336639404297,-9.67307186126709,-0.014549016952514648,-0.03212624788284302,16.409509658813477,15.754338264465332,-0.0,-0.0,-0.0,-0.0,off
6.16,13.12523078918457,-2.3104424476623535,-9.650285720825195,-0.012487411499023438,-0.03016236424446106,16.454113006591797,15.82263469696045,-0.0,0.0,-0.0,-0.0,off
6.18,13.167030334472656,-2.369338035583496,-9.599639892578125,-0.008758306503295898,-0.028021957725286484,16.46625518798828,15.885324478149414,-0.0,-0.0,-0.0,-0.0,off
6.2,13.237897872924805,-2.3921594619750977,-9.598616600036621,-0.002716064453125,-0.025491368025541306,16.525671005249023,15.947833061218262,-0.0,-0.0,-0.0,-0.0,off
6.22,13.27386474609375,-2.4249844551086426,-9.527568817138672,0.003159046173095703,-0.022626325488090515,16.518190383911133,16.003311157226562,-0.0,0.0,-0.0,-0.0,off
6.24,13.342838287353516,-2.4250264167785645,-9.463346481323242,0.005666255950927734,-0.0197970662266016,16.53683853149414,16.05506706237793,-0.0,-0.0,-0.0,-0.0,off
6.26,13.398195266723633,-2.4321951866149902,-9.431276321411133,0.008386373519897461,-0.01697872206568718,16.56430435180664,16.104480743408203,0.0,0.0,-0.0,0.0,off
6.28,13.33551025390625,-2.491090774536133,-9.330795288085938,0.011620759963989258,-0.014118772931396961,16.465269088745117,16.13909912109375,-0.0,-0.0,-0.0,-0.0,off
6.3,13.344313621520996,-2.4661197662353516,-9.193194389343262,0.01468038558959961,-0.011238857172429562,16.39107322692871,16.162702560424805,-0.0,-0.0,-0.0,-0.0,off
6.32,13.395785331726074,-2.460357189178467,-9.07995319366455,0.018431425094604492,-0.008271829225122929,16.369054794311523,16.181570053100586,-0.0,-0.0,-0.0,-0.0,off
6.34,13.454719543457031,-2.449375629425049,-9.0189208984375,0.021080970764160156,-0.005336549133062363,16.38199806213379,16.199853897094727,-0.0,0.0,-0.0,-0.0,off
6.36,13.415655136108398,-2.488131046295166,-8.85692310333252,0.023559093475341797,-0.0024469848722219467,16.267011642456055,16.204633712768555,-0.0,0.0,-0.0,-0.0,off
6.38,13.417279243469238,-2.517946243286133,-8.730401992797852,0.025838136672973633,0.0003815272357314825,16.204423904418945,16.202545166015625,-0.0,-0.0,-0.0,-0.0,off
6.4,13.441694259643555,-2.4985132217407227,-8.566679954528809,0.028374195098876953,0.0031807939521968365,16.134117126464844,16.193349838256836,-0.0,-0.0,-0.0,-0.0,off
6.42,13.472779273986816,-2.4529876708984375,-8.402682304382324,0.02337050437927246,0.005199764855206013,16.066673278808594,16.17803955078125,-0.0,-0.0,-0.0,-0.0,off
6.44,13.555825233459473,-2.4513235092163086,-8.24485969543457,0.01921987533569336,0.006601775996387005,16.05450439453125,16.16259002685547,-0.0,0.0,-0.0,-0.0,off
6.46,13.731264114379883,-2.52752685546875,-8.122053146362305,0.019997358322143555,0.007941333577036858,16.152515411376953,16.15787124633789,-0.0,-0.0,-0.0,-0.0,off
6.48,13.726968765258789,-2.5337071418762207,-7.952220439910889,0.01845574378967285,0.008992774412035942,16.065092086791992,16.144699096679688,-0.0,-0.0,-0.0,-0.0,off
6.5,13.795988082885742,-2.5034961700439453,-7.7620978355407715,0.015960693359375,0.009689565747976303,16.026445388793945,16.128456115722656,-0.0,-0.0,-0.0,-0.0,off
6.5200000000000005,13.84292221069336,-2.459958076477051,-7.634007453918457,0.008897781372070312,0.009610387496650219,15.998623847961426,16.111013412475586,-0.0,-0.0,-0.0,-0.0,off
6.54,13.899219512939453,-2.449152946472168,-7.472327709197998,0.005028724670410156,0.00915222056210041,15.9694185256958,16.092086791992188,-0.0,-0.0,-0.0,-0.0,off
6.5600000000000005,14.05807113647461,-2.4812278747558594,-7.412674903869629,0.004996299743652344,0.008736629039049149,16.0851993560791,16.086610794067383,0.0,-0.0,-0.0,0.0,off
6.58,14.140092849731445,-2.477017402648926,-7.2809062004089355,0.0059168338775634766,0.008454648777842522,16.096256256103516,16.082611083984375,-0.0,-0.0,-0.0,-0.0,off
6.6000000000000005,14.189034461975098,-2.42579984664917,-7.067336559295654,0.002618551254272461,0.00787103921175003,16.036224365234375,16.072420120239258,-0.0,-0.0,-0.0,-0.0,off
6.62,14.310503005981445,-2.4294424057006836,-6.9971795082092285,-0.0017337799072265625,0.006910557392984629,16.113758087158203,16.071165084838867,-0.0,-0.0,-0.0,-0.0,off
6.640000000000001,14.356934547424316,-2.4345169067382812,-6.90611457824707,-0.0017635822296142578,0.006043143570423126,16.116539001464844,16.070594787597656,-0.0,-0.0,-0.0,-0.0,off
6.66,14.432971954345703,-2.425567626953125,-6.793039321899414,0.0005717277526855469,0.005496001802384853,16.135038375854492,16.071931838989258,-0.0,-0.0,-0.0,-0.0,off
6.68,14.528899192810059,-2.402578353881836,-6.70729398727417,0.00025844573974609375,0.0049722460098564625,16.181751251220703,16.07792091369629,-0.0,-0.0,-0.0,-0.0,off
6.7,14.636181831359863,-2.4161367416381836,-6.611927509307861,-0.002402782440185547,0.00423474283888936,16.2410945892334,16.089258193969727,-0.0,-0.0,-0.0,-0.0,off
6.72,14.680206298828125,-2.447627544403076,-6.535576343536377,-0.0019631385803222656,0.0036149544175714254,16.2546329498291,16.10116195678711,-0.0,-0.0,-0.0,-0.0,off
6.74,14.738818168640137,-2.438140392303467,-6.439345359802246,-0.00023746490478515625,0.003229712601751089,16.26783561706543,16.113325119018555,-0.0,-0.0,-0.0,-0.0,off
6.76,14.889677047729492,-2.42153263092041,-6.383312702178955,0.0023772716522216797,0.0031444684136658907,16.38026237487793,16.13560676574707,-0.0,-0.0,-0.0,-0.0,off
6.78,14.97528076171875,-2.4968066215515137,-6.302253723144531,0.0054967403411865234,0.0033796955831348896,16.4381103515625,16.16158103942871,-0.0,-0.0,-0.0,-0.0,off
6.8,15.085338592529297,-2.4679179191589355,-6.21466064453125,0.006688356399536133,0.0037105614319443703,16.500911712646484,16.191247940063477,-0.0,-0.0,-0.0,-0.0,off
6.82,15.216668128967285,-2.5512876510620117,-6.178905963897705,0.009723901748657227,0.004311895463615656,16.620317459106445,16.230161666870117,-0.0,-0.0,-0.0,-0.0,off
6.84,15.346403121948242,-2.558743476867676,-6.181697368621826,0.012172698974609375,0.005097975954413414,16.741344451904297,16.27776336669922,-0.0,-0.0,-0.0,-0.0,off
6.86,15.45090389251709,-2.535017967224121,-6.1741485595703125,0.014111995697021484,0.005999377928674221,16.830829620361328,16.329967498779297,-0.0,0.0,-0.0,-0.0,off
6.88,15.508355140686035,-2.5119576454162598,-6.1010541915893555,0.01502084732055664,0.0069015249609947205,16.85354232788086,16.379337310791016,-0.0,-0.0,-0.0,-0.0,off
6.9,15.595712661743164,-2.582815170288086,-6.133890628814697,0.01724100112915039,0.007935471832752228,16.95646858215332,16.434629440307617,-0.0,-0.0,-0.0,-0.0,off
6.92,15.720260620117188,-2.5892395973205566,-6.169654369354248,0.020025968551635742,0.009144521318376064,17.084945678710938,16.497642517089844,-0.0,-0.0,-0.0,-0.0,off
6.94,15.75314998626709,-2.540639877319336,-6.1369099617004395,0.022561311721801758,0.010486200451850891,17.096147537231445,16.555683135986328,-0.0,-0.0,-0.0,-0.0,off
6.96,15.923688888549805,-2.540371894836426,-6.206936359405518,0.024608612060546875,0.011898442171514034,17.278409957885742,16.62649154663086,-0.0,-0.0,-0.0,-0.0,off
6.98,16.08747100830078,-2.5519065856933594,-6.1794257164001465,0.02683854103088379,0.013392452150583267,17.42137336730957,16.70447540283203,-0.0,0.0,-0.0,-0.0,off
7.0,16.223289489746094,-2.6794662475585938,-6.171657562255859,0.029027700424194336,0.014955976977944374,17.56314468383789,16.788930892944336,-0.0,0.0,-0.0,-0.0,off
7.0200000000000005,16.351360321044922,-2.7060470581054688,-6.183755874633789,0.029856204986572266,0.016445999965071678,17.68978500366211,16.87775421142578,-0.0,-0.0,-0.0,-0.0,off
7.04,16.47365951538086,-2.7409801483154297,-6.178555965423584,0.03240513801574707,0.018041914328932762,17.80643081665039,16.969440460205078,-0.0,-0.0,-0.0,-0.0,off
7.0600000000000005,16.524492263793945,-2.7052526473999023,-6.166778087615967,0.030838727951049805,0.01932159624993801,17.843944549560547,17.055858612060547,-0.0,0.0,-0.0,-0.0,off
7.08,16.572158813476562,-2.677616596221924,-6.208037853240967,0.030500411987304688,0.020439475774765015,17.89820671081543,17.13932228088379,-0.0,-0.0,-0.0,-0.0,off
7.1000000000000005,16.688276290893555,-2.7250099182128906,-6.189614772796631,0.03037738800048828,0.0214332677423954,18.006542205810547,17.225271224975586,-0.0,-0.0,-0.0,-0.0,off
7.12,16.809680938720703,-2.751579761505127,-6.233286380767822,0.03168296813964844,0.022458236664533615,18.138092041015625,17.315927505493164,-0.0,-0.0,-0.0,-0.0,off
7.140000000000001,16.86952781677246,-2.7061233520507812,-6.175355434417725,0.030612945556640625,0.023273706436157227,18.16697883605957,17.40034294128418,0.0,-0.0,-0.0,0.0,off
7.16,16.972198486328125,-2.678436756134033,-6.21563720703125,0.03106975555419922,0.024053310975432396,18.271936416625977,17.486940383911133,-0.0,0.0,-0.0,-0.0,off
7.18,16.980806350708008,-2.6599159240722656,-6.177429676055908,0.034134864807128906,0.025061465799808502,18.264270782470703,17.564130783081055,-0.0,-0.0,-0.0,-0.0,off
7.2,17.013532638549805,-2.7344436645507812,-6.171837329864502,0.03755044937133789,0.026310361921787262,18.30379867553711,17.63764190673828,-0.0,-0.0,-0.0,-0.0,off
7.22,17.1195068359375,-2.78822660446167,-6.100448131561279,0.03869056701660156,0.027548382058739662,18.38660430908203,17.71194839477539,0.0,-0.0,-0.0,0.0,off
7.24,17.169279098510742,-2.859499931335449,-6.063135623931885,0.04114198684692383,0.028907742351293564,18.431562423706055,17.783296585083008,-0.0,-0.0,-0.0,-0.0,off
7.26,17.251800537109375,-2.908970355987549,-6.063249111175537,0.04309535026550293,0.03032650239765644,18.51620101928711,17.856014251708984,-0.0,-0.0,-0.0,-0.0,off
7.28,17.337081909179688,-3.012474536895752,-6.046398639678955,0.04817366600036621,0.03211122006177902,18.606674194335938,17.93045425415039,-0.0,-0.0,-0.0,-0.0,off
7.3,17.45399284362793,-2.9498348236083984,-5.991217136383057,0.0489199161529541,0.03379208967089653,18.68791389465332,18.005542755126953,-0.0,-0.0,-0.0,-0.0,off
7.32,17.553430557250977,-2.906348705291748,-5.972806453704834,0.04810452461242676,0.0352233350276947,18.768169403076172,18.081178665161133,0.0,-0.0,-0.0,0.0,off
7.34,17.624204635620117,-2.8789472579956055,-5.972811222076416,0.048520803451538086,0.03655308112502098,18.830171585083008,18.155521392822266,-0.0,-0.0,-0.0,-0.0,off
7.36,17.788963317871094,-2.9284462928771973,-5.946065425872803,0.04993391036987305,0.03789116069674492,18.983642578125,18.23771095275879,-0.0,0.0,-0.0,-0.0,off
7.38,17.930374145507812,-2.9639029502868652,-5.91226053237915,0.05331778526306152,0.03943382203578949,19.111196517944336,18.324371337890625,-0.0,0.0,-0.0,-0.0,off
7.4,18.03009796142578,-2.9377360343933105,-5.873965740203857,0.05307269096374512,0.04079770669341087,19.18901252746582,18.410120010375977,-0.0,0.0,-0.0,-0.0,off
7.42,18.127901077270508,-2.9184741973876953,-5.813660621643066,0.052727699279785156,0.04199070483446121,19.259723663330078,18.494279861450195,-0.0,0.0,-0.0,-0.0,off
7.44,18.25643539428711,-2.9387459754943848,-5.797824382781982,0.0505833625793457,0.04284996911883354,19.379072189331055,18.581972122192383,-0.0,-0.0,-0.0,-0.0,off
7.46,18.38733673095703,-3.0692005157470703,-5.752124786376953,0.050986289978027344,0.04366360232234001,19.509000778198242,18.673810958862305,-0.0,-0.0,-0.0,-0.0,off
7.48,18.455472946166992,-3.1287331581115723,-5.661655426025391,0.051843881607055664,0.044481631368398666,19.556272506713867,18.761043548583984,-0.0,-0.0,-0.0,-0.0,off
7.5,18.61421012878418,-3.121371269226074,-5.626288890838623,0.050887107849121094,0.0451221764087677,19.69484519958496,18.853389739990234,-0.0,-0.0,-0.0,-0.0,off
7.5200000000000005,18.728717803955078,-3.1279659271240234,-5.536111831665039,0.048497915267944336,0.04545975103974342,19.778715133666992,18.944732666015625,-0.0,-0.0,-0.0,-0.0,off
7.54,18.82199478149414,-3.190487861633301,-5.439621448516846,0.05057358741760254,0.045971132814884186,19.850345611572266,19.033935546875,-0.0,-0.0,-0.0,-0.0,off
7.5600000000000005,18.934240341186523,-3.269648551940918,-5.294640064239502,0.054641008377075195,0.04683811962604523,19.93061065673828,19.121875762939453,-0.0,-0.0,-0.0,-0.0,off
7.58,19.069881439208984,-3.260312080383301,-5.237970352172852,0.05545639991760254,0.0476999469101429,20.04311180114746,19.2122859954834,-0.0,-0.0,-0.0,-0.0,off
7.6000000000000005,19.14458656311035,-3.2872767448425293,-5.109650135040283,0.05771303176879883,0.04870125278830528,20.08556365966797,19.29768180847168,-0.0,-0.0,-0.0,-0.0,off
7.62,19.234973907470703,-3.3986897468566895,-5.02555513381958,0.060204505920410156,0.04985157400369644,20.1690731048584,19.382783889770508,-0.0,-0.0,-0.0,-0.0,off
7.640000000000001,19.352689743041992,-3.3961539268493652,-4.8998847007751465,0.06233978271484375,0.05110039561986923,20.250167846679688,19.467275619506836,-0.0,-0.0,-0.0,-0.0,off
7.66,19.441415786743164,-3.4026618003845215,-4.809894561767578,0.062322378158569336,0.0522225946187973,20.314573287963867,19.549745559692383,-0.0,-0.0,-0.0,-0.0,off
7.68,19.565141677856445,-3.4117798805236816,-4.72946834564209,0.062256574630737305,0.05322599038481712,20.41575050354004,19.634075164794922,-0.0,-0.0,-0.0,-0.0,off
7.7,19.698158264160156,-3.4725542068481445,-4.639571189880371,0.06705236434936523,0.054608624428510666,20.532941818237305,19.721601486206055,-0.0,-0.0,-0.0,-0.0,off
7.72,19.783435821533203,-3.4868154525756836,-4.541487216949463,0.06963586807250977,0.056111350655555725,20.59532356262207,19.80657958984375,0.0,-0.0,-0.0,0.0,off
7.74,19.933719635009766,-3.484363555908203,-4.442507743835449,0.07200455665588379,0.05770067125558853,20.717863082885742,19.89522361755371,-0.0,-0.0,-0.0,-0.0,off
7.76,20.022796630859375,-3.5712437629699707,-4.329182147979736,0.07749462127685547,0.059680063277482986,20.794422149658203,19.982524871826172,-0.0,-0.0,-0.0,-0.0,off
7.78,20.12799644470215,-3.597930431365967,-4.227436542510986,0.07925772666931152,0.06163782626390457,20.87947654724121,20.06955909729004,-0.0,-0.0,-0.0,-0.0,off
7.8,20.176572799682617,-3.6274232864379883,-4.12056827545166,0.08195209503173828,0.06366924941539764,20.910078048706055,20.150938034057617,-0.0,-0.0,-0.0,-0.0,off
7.82,20.27836036682129,-3.627840995788574,-4.017148017883301,0.08521175384521484,0.065823495388031,20.988344192504883,20.231985092163086,-0.0,-0.0,-0.0,-0.0,off
7.84,20.310314178466797,-3.5532479286193848,-3.9595754146575928,0.0842735767364502,0.06766850501298904,20.99553871154785,20.305925369262695,0.0,-0.0,-0.0,0.0,off
7.86,20.42751121520996,-3.590859889984131,-3.833570718765259,0.08381223678588867,0.06928287446498871,21.092029571533203,20.381942749023438,-0.0,-0.0,-0.0,-0.0,off
7.88,20.484418869018555,-3.579444408416748,-3.7231924533843994,0.08124065399169922,0.070478655397892,21.1254825592041,20.45368194580078,-0.0,-0.0,-0.0,-0.0,off
7.9,20.536754608154297,-3.5846614837646484,-3.6138198375701904,0.07975935935974121,0.07140672206878662,21.158161163330078,20.521499633789062,-0.0,-0.0,-0.0,-0.0,off
7.92,20.606107711791992,-3.611839771270752,-3.466623544692993,0.0802617073059082,0.07229221612215042,21.205530166625977,20.58706283569336,-0.0,-0.0,-0.0,-0.0,off
7.94,20.6593017578125,-3.5813417434692383,-3.338139295578003,0.0798025131225586,0.07304324209690094,21.23148536682129,20.648584365844727,-0.0,-0.0,-0.0,-0.0,off
7.96,20.668338775634766,-3.552090644836426,-3.2848575115203857,0.07813310623168945,0.07355222851037979,21.227054595947266,20.703832626342773,-0.0,-0.0,-0.0,-0.0,off
7.98,20.663171768188477,-3.5552024841308594,-3.149404287338257,0.07840752601623535,0.07403775304555893,21.202001571655273,20.750961303710938,-0.0,-0.0,-0.0,-0.0,off
8.0,20.637990951538086,-3.602865219116211,-3.0364348888397217,0.07773089408874512,0.07440706342458725,21.169015884399414,20.790109634399414,-0.0,-0.0,-0.0,-0.0,off
8.02,20.657854080200195,-3.5496811866760254,-2.8780906200408936,0.07459759712219238,0.07442611455917358,21.15728187561035,20.823951721191406,-0.0,-0.0,-0.0,-0.0,off
8.040000000000001,20.733661651611328,-3.5850391387939453,-2.7488481998443604,0.07429265975952148,0.0744127631187439,21.220117568969727,20.86058807373047,0.0,-0.0,-0.0,0.0,off
8.06,20.706819534301758,-3.57419490814209,-2.5845320224761963,0.07341265678405762,0.07431275397539139,21.17137336730957,20.88849449157715,-0.0,-0.0,-0.0,-0.0,off
8.08,20.66316795349121,-3.5338172912597656,-2.401326894760132,0.06951570510864258,0.07383304834365845,21.100255966186523,20.906221389770508,-0.0,-0.0,-0.0,-0.0,off
8.1,20.662689208984375,-3.546661853790283,-2.1700804233551025,0.0690610408782959,0.07335584610700607,21.07687759399414,20.919273376464844,-0.0,-0.0,-0.0,-0.0,off
8.120000000000001,20.765928268432617,-3.52750301361084,-1.997916340827942,0.0683434009552002,0.07285460084676743,21.157947540283203,20.938852310180664,-0.0,-0.0,-0.0,-0.0,off
8.14,20.804658889770508,-3.5170087814331055,-1.7272197008132935,0.06464219093322754,0.0720333606004715,21.170413970947266,20.956897735595703,-0.0,-0.0,-0.0,-0.0,off
8.16,20.831377029418945,-3.5579991340637207,-1.5649596452713013,0.0641927719116211,0.07124929875135422,21.19091033935547,20.975139617919922,-0.0,-0.0,-0.0,-0.0,off
8.18,20.80575180053711,-3.5901355743408203,-1.36923086643219,0.06382989883422852,0.07050735503435135,21.15757942199707,20.987991333007812,-0.0,-0.0,-0.0,-0.0,off
8.2,20.844654083251953,-3.6342873573303223,-1.133489727973938,0.06297707557678223,0.06975432485342026,21.189441680908203,21.002193450927734,-0.0,-0.0,-0.0,-0.0,off
8.22,20.909624099731445,-3.587111473083496,-0.993060290813446,0.06276106834411621,0.0690549984574318,21.238311767578125,21.020034790039062,-0.0,-0.0,-0.0,-0.0,off
8.24,20.91739273071289,-3.587472915649414,-0.7924744486808777,0.06072831153869629,0.06822232902050018,21.237592697143555,21.035781860351562,-0.0,-0.0,-0.0,-0.0,off
8.26,20.994749069213867,-3.5696401596069336,-0.5452525019645691,0.05783843994140625,0.06718393415212631,21.303030014038086,21.05589485168457,0.0,0.0,-0.0,0.0,off
8.28,21.04462242126465,-3.5306901931762695,-0.3278166651725769,0.058447837829589844,0.0663103237748146,21.341259002685547,21.07750129699707,0.0,0.0,-0.0,0.0,off
8.3,21.084928512573242,-3.581833839416504,-0.07948176562786102,0.061339378356933594,0.06581322848796844,21.387147903442383,21.101028442382812,-0.0,-0.0,-0.0,-0.0,off
8.32,21.16446876525879,-3.6331944465637207,0.1804707795381546,0.06076765060424805,0.06530866771936417,21.474807739257812,21.130388259887695,-0.0,-0.0,-0.0,-0.0,off
8.34,21.239164352416992,-3.6296281814575195,0.36997443437576294,0.05977630615234375,0.06475542485713959,21.550249099731445,21.164417266845703,-0.0,-0.0,-0.0,-0.0,off
8.36,21.308670043945312,-3.5699853897094727,0.6427262425422668,0.060040950775146484,0.06428397446870804,21.615209579467773,21.20090103149414,-0.0,-0.0,-0.0,-0.0,off
8.38,21.35628318786621,-3.4973225593566895,0.7757428288459778,0.06033802032470703,0.06388937681913376,21.65464973449707,21.23825454711914,-0.0,-0.0,-0.0,-0.0,off
8.4,21.487762451171875,-3.475759506225586,0.9880793690681458,0.06251955032348633,0.06375239044427872,21.789472579956055,21.285236358642578,-0.0,-0.0,-0.0,-0.0,off
8.42,21.50581169128418,-3.5127663612365723,1.2069581747055054,0.06251287460327148,0.0636284351348877,21.82421112060547,21.330890655517578,-0.0,-0.0,-0.0,-0.0,off
8.44,21.498598098754883,-3.4727048873901367,1.4037688970565796,0.06325459480285645,0.06359104812145233,21.822463989257812,21.37184715270996,-0.0,-0.0,-0.0,-0.0,off
8.46,21.58112907409668,-3.470160961151123,1.6243966817855835,0.0645742416381836,0.06368936598300934,21.918617248535156,21.41819953918457,-0.0,-0.0,-0.0,-0.0,off
8.48,21.619482040405273,-3.4576950073242188,1.8733214139938354,0.06705522537231445,0.06402595341205597,21.97423553466797,21.465126037597656,-0.0,-0.0,-0.0,-0.0,off
8.5,21.619670867919922,-3.4872593879699707,2.090855360031128,0.06705093383789062,0.06432844698429108,21.998701095581055,21.509769439697266,-0.0,0.0,-0.0,-0.0,off
8.52,21.65087890625,-3.507204055786133,2.2971317768096924,0.0693817138671875,0.06483377516269684,22.053070068359375,21.55545425415039,-0.0,-0.0,-0.0,-0.0,off
8.540000000000001,21.644433975219727,-3.448228359222412,2.5452306270599365,0.06929349899291992,0.06527974456548691,22.064678192138672,21.597381591796875,-0.0,-0.0,-0.0,-0.0,off
8.56,21.6889591217041,-3.431328296661377,2.73978590965271,0.07194924354553223,0.06594669073820114,22.128971099853516,21.641738891601562,-0.0,0.0,-0.0,-0.0,off
8.58,21.76692771911621,-3.4709925651550293,2.99310564994812,0.07291603088378906,0.066643625497818,22.244226455688477,21.692928314208984,-0.0,0.0,-0.0,-0.0,off
8.6,21.79890251159668,-3.4408140182495117,3.1603853702545166,0.07172012329101562,0.0671512708067894,22.29393196105957,21.744401931762695,-0.0,-0.0,-0.0,-0.0,off
8.620000000000001,21.776058197021484,-3.441436290740967,3.3893959522247314,0.07372665405273438,0.06780880689620972,22.305339813232422,21.791719436645508,-0.0,-0.0,-0.0,-0.0,off
8.64,21.784149169921875,-3.4228687286376953,3.588651418685913,0.07518720626831055,0.06854664534330368,22.341522216796875,21.838048934936523,-0.0,-0.0,-0.0,-0.0,off
8.66,21.858545303344727,-3.3653054237365723,3.8327744007110596,0.07729959487915039,0.06942193955183029,22.445743560791016,21.88994789123535,-0.0,-0.0,-0.0,-0.0,off
8.68,21.80641746520996,-3.3862967491149902,4.038733005523682,0.07793450355529785,0.07027319818735123,22.434309005737305,21.935571670532227,-0.0,-0.0,-0.0,-0.0,off
8.700000000000001,21.81911277770996,-3.377107620239258,4.26344108581543,0.07589149475097656,0.07083502411842346,22.486783981323242,21.981826782226562,-0.0,-0.0,-0.0,-0.0,off
8.72,21.801603317260742,-3.388707160949707,4.489823818206787,0.07477116584777832,0.07122863829135895,22.515588760375977,22.02625274658203,-0.0,-0.0,-0.0,-0.0,off
8.74,21.837194442749023,-3.357306480407715,4.767467021942139,0.07542061805725098,0.07164783030748367,22.602285385131836,22.07444190979004,-0.0,0.0,-0.0,-0.0,off
8.76,21.87479019165039,-3.3428921699523926,4.9858269691467285,0.07664728164672852,0.07214777171611786,22.6834716796875,22.126039505004883,-0.0,0.0,-0.0,-0.0,off
8.78,21.91326141357422,-3.3850455284118652,5.244211196899414,0.07475733757019043,0.07240872830152512,22.78489112854004,22.182432174682617,-0.0,0.0,-0.0,-0.0,off
8.8,21.833341598510742,-3.327925682067871,5.5338053703308105,0.07366752624511719,0.07253460586071014,22.76824378967285,22.2308349609375,-0.0,-0.0,-0.0,-0.0,off
8.82,21.715124130249023,-3.3221383094787598,5.7973551750183105,0.0728766918182373,0.07256881147623062,22.719871520996094,22.26910972595215,-0.0,-0.0,-0.0,-0.0,off
8.84,21.721097946166992,-3.23000431060791,6.077427864074707,0.07158994674682617,0.07247092574834824,22.78539276123047,22.309701919555664,-0.0,-0.0,-0.0,-0.0,off
8.86,21.740114212036133,-3.218080520629883,6.367708206176758,0.07129764556884766,0.07235359400510788,22.880916595458984,22.355432510375977,-0.0,-0.0,-0.0,-0.0,off
8.88,21.73628044128418,-3.266371726989746,6.677537441253662,0.06905627250671387,0.07202386111021042,22.97225570678711,22.405242919921875,-0.0,-0.0,-0.0,-0.0,off
8.9,21.740066528320312,-3.313042640686035,6.985004901885986,0.06692004203796387,0.07151348143815994,23.07373046875,22.459821701049805,0.0,-0.0,-0.0,0.0,off
8.92,21.78081703186035,-3.2968358993530273,7.323431491851807,0.06593728065490723,0.07095585763454437,23.214344024658203,22.522417068481445,-0.0,-0.0,-0.0,-0.0,off
8.94,21.793840408325195,-3.202479362487793,7.636612415313721,0.061041831970214844,0.0699644535779953,23.314054489135742,22.588321685791016,-0.0,-0.0,-0.0,-0.0,off
8.96,21.8005428314209,-3.169180393218994,7.936639308929443,0.06051063537597656,0.06901907175779343,23.415756225585938,22.657617568969727,-0.0,-0.0,-0.0,-0.0,off
8.98,21.75589942932129,-3.182830333709717,8.25304126739502,0.05741000175476074,0.06785815954208374,23.485363006591797,22.72654151916504,-0.0,-0.0,-0.0,-0.0,off
9.0,21.767192840576172,-3.1530513763427734,8.610596656799316,0.0567622184753418,0.06674856692552567,23.619796752929688,22.80137825012207,-0.0,-0.0,-0.0,-0.0,off
9.02,21.8011531829834,-3.153503894805908,8.889678955078125,0.05854940414428711,0.06592864543199539,23.754182815551758,22.882503509521484,-0.0,-0.0,-0.0,-0.0,off
9.040000000000001,21.802820205688477,-3.171309471130371,9.171531677246094,0.05618643760681152,0.06495442241430283,23.864978790283203,22.966808319091797,-0.0,-0.0,-0.0,-0.0,off
9.06,21.764904022216797,-3.1611900329589844,9.405930519104004,0.052335262298583984,0.06369251012802124,23.920194625854492,23.04869270324707,-0.0,-0.0,-0.0,-0.0,off
9.08,21.68570899963379,-3.1523070335388184,9.603795051574707,0.049471139907836914,0.06227037310600281,23.925716400146484,23.12357521057129,-0.0,-0.0,-0.0,-0.0,off
9.1,21.701889038085938,-3.075521945953369,9.760991096496582,0.04869222640991211,0.06091255694627762,23.993911743164062,23.19894790649414,-0.0,-0.0,-0.0,-0.0,off
9.120000000000001,21.729209899902344,-3.101810932159424,9.907259941101074,0.047158241271972656,0.059537123888731,24.081809997558594,23.27679443359375,-0.0,-0.0,-0.0,-0.0,off
9.14,21.75996971130371,-3.112762451171875,10.06396770477295,0.04563617706298828,0.05814702808856964,24.175792694091797,23.357215881347656,-0.0,-0.0,-0.0,-0.0,off
9.16,21.812973022460938,-3.0939583778381348,10.214507102966309,0.044899702072143555,0.056822292506694794,24.284038543701172,23.44133758544922,-0.0,-0.0,-0.0,-0.0,off
9.18,21.749662399291992,-3.144752025604248,10.348036766052246,0.04480409622192383,0.0556204728782177,24.29030990600586,23.518299102783203,-0.0,-0.0,-0.0,-0.0,off
9.200000000000001,21.833417892456055,-3.1324362754821777,10.446209907531738,0.04267454147338867,0.054325878620147705,24.40560531616211,23.600234985351562,-0.0,-0.0,-0.0,-0.0,off
9.22,21.833181381225586,-3.136715888977051,10.554056167602539,0.041480302810668945,0.05304131656885147,24.452299118041992,23.679332733154297,-0.0,-0.0,-0.0,-0.0,off
9.24,21.80021095275879,-3.179943084716797,10.65710163116455,0.04130983352661133,0.05186816677451134,24.4731502532959,23.753154754638672,-0.0,-0.0,-0.0,-0.0,off
9.26,21.774282455444336,-3.1786727905273438,10.741425514221191,0.04024529457092285,0.05070587620139122,24.48676300048828,23.8215274810791,-0.0,-0.0,-0.0,-0.0,off
9.28,21.831987380981445,-3.1751904487609863,10.882893562316895,0.04252338409423828,0.04988762363791466,24.599897384643555,23.894752502441406,-0.0,-0.0,-0.0,-0.0,off
9.3,21.89790916442871,-3.2130699157714844,10.973960876464844,0.04364514350891113,0.049263373017311096,24.703645706176758,23.971647262573242,-0.0,0.0,-0.0,-0.0,off
9.32,21.897056579589844,-3.203826904296875,11.043414115905762,0.043950557708740234,0.04873209074139595,24.732622146606445,24.044214248657227,-0.0,-0.0,-0.0,-0.0,off
9.34,21.876073837280273,-3.183103084564209,11.182343482971191,0.04273700714111328,0.04813258349895477,24.773767471313477,24.113677978515625,-0.0,-0.0,-0.0,-0.0,off
9.36,21.881853103637695,-3.162722587585449,11.245256423950195,0.04555630683898926,0.04787495359778404,24.804719924926758,24.179710388183594,-0.0,-0.0,-0.0,-0.0,off
9.38,21.88370704650879,-3.127767562866211,11.313715934753418,0.045296430587768555,0.047617100179195404,24.833038330078125,24.24228858947754,-0.0,-0.0,-0.0,-0.0,off
9.4,21.949052810668945,-3.1666178703308105,11.367249488830566,0.046225786209106445,0.04747796803712845,24.9199275970459,24.30776596069336,-0.0,-0.0,-0.0,-0.0,off
9.42,21.926729202270508,-3.1993441581726074,11.433819770812988,0.045259952545166016,0.047256167978048325,24.934906005859375,24.36838722229004,-0.0,-0.0,-0.0,-0.0,off
9.44,22.00204849243164,-3.1624016761779785,11.539301872253418,0.04489469528198242,0.047020021826028824,25.04488754272461,24.43411636352539,-0.0,-0.0,-0.0,-0.0,off
9.46,21.994089126586914,-3.154886245727539,11.567543983459473,0.04726743698120117,0.04704476520419121,25.049976348876953,24.494056701660156,-0.0,-0.0,-0.0,-0.0,off
9.48,22.046232223510742,-3.1058263778686523,11.612588882446289,0.04735970497131348,0.047076255083084106,25.110450744628906,24.554290771484375,-0.0,-0.0,-0.0,-0.0,off
9.5,22.03182601928711,-3.131091594696045,11.682233810424805,0.04497575759887695,0.04686620458960533,25.133237838745117,24.610864639282227,0.0,-0.0,-0.0,0.0,off
9.52,22.055604934692383,-3.1375927925109863,11.712247848510742,0.04633212089538574,0.04681279510259628,25.168848037719727,24.66555404663086,-0.0,-0.0,-0.0,-0.0,off
9.540000000000001,22.071359634399414,-3.1510252952575684,11.763799667358398,0.045989274978637695,0.046730440109968185,25.208349227905273,24.718841552734375,-0.0,-0.0,-0.0,-0.0,off
9.56,22.14262580871582,-3.085198402404785,11.78926944732666,0.04611635208129883,0.04666902869939804,25.274517059326172,24.773603439331055,-0.0,-0.0,-0.0,-0.0,off
9.58,22.176652908325195,-3.05682373046875,11.811534881591797,0.04724550247192383,0.04672667756676674,25.31127166748047,24.826692581176758,-0.0,-0.0,-0.0,-0.0,off
9.6,22.21085548400879,-2.988682270050049,11.870469093322754,0.04615521430969238,0.04666953161358833,25.360645294189453,24.879423141479492,-0.0,0.0,-0.0,-0.0,off
9.620000000000001,22.15926170349121,-2.9627461433410645,11.879066467285156,0.04760169982910156,0.04676274582743645,25.316455841064453,24.922515869140625,-0.0,-0.0,-0.0,-0.0,off
9.64,22.0936222076416,-2.976515293121338,11.9078950881958,0.047955989837646484,0.04688207060098648,25.274211883544922,24.95709991455078,-0.0,-0.0,-0.0,-0.0,off
9.66,22.080411911010742,-2.995096206665039,11.917105674743652,0.04844355583190918,0.04703821986913681,25.269203186035156,24.987825393676758,-0.0,-0.0,-0.0,-0.0,off
9.68,22.093183517456055,-3.0434255599975586,11.908219337463379,0.0451662540435791,0.0468510203063488,25.28194808959961,25.016881942749023,-0.0,-0.0,-0.0,-0.0,off
9.700000000000001,22.15882682800293,-3.0205273628234863,11.947638511657715,0.04421067237854004,0.046586982905864716,25.35514259338379,25.05040740966797,-0.0,0.0,-0.0,-0.0,off
9.72,22.216503143310547,-2.9654788970947266,11.983710289001465,0.04355216026306152,0.04628349840641022,25.416065216064453,25.086694717407227,-0.0,-0.0,-0.0,-0.0,off
9.74,22.260648727416992,-2.922240734100342,11.998026847839355,0.04360318183898926,0.04601546749472618,25.456405639648438,25.12342071533203,-0.0,-0.0,-0.0,-0.0,off
9.76,22.227493286132812,-2.93343448638916,12.049433708190918,0.04537200927734375,0.04595112055540085,25.4530029296875,25.1561222076416,-0.0,-0.0,-0.0,-0.0,off
9.78,22.225582122802734,-2.956498146057129,12.034932136535645,0.04558539390563965,0.04591454938054085,25.447139739990234,25.18503761291504,-0.0,-0.0,-0.0,-0.0,off
9.8,22.197185516357422,-2.902750015258789,12.074935913085938,0.0438542366027832,0.045708514750003815,25.435115814208984,25.209819793701172,-0.0,-0.0,-0.0,-0.0,off
9.82,22.302066802978516,-2.8346548080444336,12.065686225891113,0.04430890083312988,0.0455685518682003,25.514667510986328,25.24012565612793,-0.0,-0.0,-0.0,-0.0,off
9.84,22.288284301757812,-2.8800511360168457,12.09627914428711,0.0451350212097168,0.0455251969397068,25.522192001342773,25.2681884765625,-0.0,0.0,-0.0,-0.0,off
9.86,22.323440551757812,-2.8769402503967285,12.102614402770996,0.04513287544250488,0.0454859621822834,25.5555477142334,25.29681396484375,-0.0,0.0,-0.0,-0.0,off
9.88,22.363649368286133,-2.892258644104004,12.12649154663086,0.04627704620361328,0.04556506872177124,25.60370635986328,25.32741355895996,-0.0,-0.0,-0.0,-0.0,off
9.9,22.351444244384766,-2.856257915496826,12.152737617492676,0.04599809646606445,0.04560837149620056,25.601451873779297,25.354713439941406,-0.0,-0.0,-0.0,-0.0,off
9.92,22.35784149169922,-2.73355770111084,12.160431861877441,0.04554390907287598,0.045601923018693924,25.597293853759766,25.378799438476562,-0.0,-0.0,-0.0,-0.0,off
9.94,22.408403396606445,-2.694840431213379,12.158385276794434,0.045835256576538086,0.04562525451183319,25.63640022277832,25.40439796447754,-0.0,-0.0,-0.0,-0.0,off
9.96,22.368497848510742,-2.6868371963500977,12.187787055969238,0.046033382415771484,0.04566606506705284,25.614662170410156,25.425268173217773,-0.0,-0.0,-0.0,-0.0,off
9.98,22.381872177124023,-2.7829957008361816,12.212157249450684,0.04761075973510742,0.04586053639650345,25.6481990814209,25.447481155395508,-0.0,0.0,-0.0,-0.0,off
10.0,22.376495361328125,-2.7962279319763184,12.24235725402832,0.04821348190307617,0.0460958294570446,25.659339904785156,25.46859359741211,-0.0,-0.0,-0.0,-0.0,off
10.02,22.399545669555664,-2.7590413093566895,12.248269081115723,0.04959821701049805,0.0464460663497448,25.678241729736328,25.489482879638672,-0.0,-0.0,-0.0,-0.0,off
10.040000000000001,22.430082321166992,-2.716982841491699,12.242384910583496,0.04903268814086914,0.0467047281563282,25.697599411010742,25.510221481323242,-0.0,-0.0,-0.0,-0.0,off
10.06,22.469953536987305,-2.712092399597168,12.26821231842041,0.04884457588195801,0.04691871255636215,25.744190216064453,25.533552169799805,-0.0,-0.0,-0.0,-0.0,off
10.08,22.5456485748291,-2.6901302337646484,12.265864372253418,0.04751253128051758,0.046978093683719635,25.806869506835938,25.560823440551758,0.0,-0.0,-0.0,0.0,off
10.1,22.549219131469727,-2.672621726989746,12.303101539611816,0.05023980140686035,0.04730426147580147,25.82588768005371,25.587265014648438,-0.0,-0.0,-0.0,-0.0,off
10.120000000000001,22.57197380065918,-2.6072983741760254,12.317866325378418,0.05046701431274414,0.047620538622140884,25.846118927001953,25.613052368164062,-0.0,-0.0,-0.0,-0.0,off
10.14,22.54585075378418,-2.640227794647217,12.319178581237793,0.050417184829711914,0.04790020361542702,25.82727813720703,25.63441276550293,-0.0,-0.0,-0.0,-0.0,off
10.16,22.568586349487305,-2.593317985534668,12.334906578063965,0.05143857002258301,0.04825403913855553,25.84988021850586,25.6558780670166,-0.0,0.0,-0.0,-0.0,off
10.18,22.60027503967285,-2.6164331436157227,12.322758674621582,0.052428245544433594,0.048671457916498184,25.87409019470215,25.677648544311523,-0.0,0.0,-0.0,-0.0,off
10.200000000000001,22.72879409790039,-2.56715726852417,12.337422370910645,0.054148197174072266,0.04921913146972656,25.988466262817383,25.70865821838379,0.0,-0.0,-0.0,0.0,off
10.22,22.709819793701172,-2.516176223754883,12.338152885437012,0.052773237228393555,0.04957454279065132,25.96722984313965,25.734420776367188,0.0,-0.0,-0.0,0.0,off
10.24,22.70408821105957,-2.506258487701416,12.352173805236816,0.055039167404174805,0.0501210018992424,25.967926025390625,25.757686614990234,0.0,-0.0,-0.0,0.0,off
10.26,22.65289878845215,-2.4862513542175293,12.34645938873291,0.05596017837524414,0.050704918801784515,25.918533325195312,25.77368927001953,-0.0,-0.0,-0.0,-0.0,off
10.28,22.641016006469727,-2.50302791595459,12.358281135559082,0.05786705017089844,0.05142113193869591,25.91539764404297,25.787803649902344,-0.0,-0.0,-0.0,-0.0,off
10.3,22.66806411743164,-2.507739543914795,12.358868598937988,0.05730271339416504,0.05200928822159767,25.939767837524414,25.802955627441406,0.0,0.0,-0.0,0.0,off
10.32,22.685014724731445,-2.563581943511963,12.363360404968262,0.055702924728393555,0.05237865075469017,25.962173461914062,25.81886100769043,0.0,0.0,-0.0,0.0,off
10.34,22.762065887451172,-2.5076370239257812,12.38877010345459,0.05372262001037598,0.05251304805278778,26.036157608032227,25.840557098388672,-0.0,-0.0,-0.0,-0.0,off
10.36,22.781917572021484,-2.5417370796203613,12.407259941101074,0.05661416053771973,0.052923157811164856,26.065614700317383,25.863046646118164,-0.0,-0.0,-0.0,-0.0,off
10.38,22.726518630981445,-2.4895758628845215,12.41458511352539,0.05596637725830078,0.05322747677564621,26.01565933227539,25.878273010253906,-0.0,0.0,-0.0,-0.0,off
10.4,22.786130905151367,-2.5023183822631836,12.40479564666748,0.05462336540222168,0.05336706340312958,26.064311981201172,25.8968563079834,-0.0,-0.0,-0.0,-0.0,off
10.42,22.80536460876465,-2.455953598022461,12.41351318359375,0.05288195610046387,0.05331854894757271,26.080867767333984,25.91521644592285,-0.0,-0.0,-0.0,-0.0,off
10.44,22.834224700927734,-2.3967790603637695,12.411860466003418,0.052663564682006836,0.05325305089354515,26.099821090698242,25.933612823486328,-0.0,-0.0,-0.0,-0.0,off
10.46,22.83136749267578,-2.3750200271606445,12.428616523742676,0.05500221252441406,0.05342796444892883,26.10330581665039,25.95051383972168,-0.0,-0.0,-0.0,-0.0,off
10.48,22.8145809173584,-2.4252896308898926,12.428531646728516,0.05511927604675293,0.0535970963537693,26.09320831298828,25.964754104614258,-0.0,-0.0,-0.0,-0.0,off
10.5,22.829683303833008,-2.448045253753662,12.441716194152832,0.05316734313964844,0.053554121404886246,26.114818572998047,25.97974395751953,-0.0,-0.0,-0.0,-0.0,off
10.52,22.817136764526367,-2.4478750228881836,12.44669246673584,0.05222916603088379,0.05342162400484085,26.106204986572266,25.992374420166016,-0.0,-0.0,-0.0,-0.0,off
10.540000000000001,22.821569442749023,-2.4864559173583984,12.439126014709473,0.05235695838928223,0.05331515520811081,26.110118865966797,26.004146575927734,-0.0,0.0,-0.0,-0.0,off
10.56,22.84256362915039,-2.5047593116760254,12.480317115783691,0.05288505554199219,0.05327214300632477,26.14985466003418,26.018712997436523,-0.0,-0.0,-0.0,-0.0,off
10.58,22.87805938720703,-2.477475643157959,12.467268943786621,0.05148911476135254,0.05309383571147919,26.17205047607422,26.03404426574707,-0.0,0.0,-0.0,-0.0,off
10.6,22.830251693725586,-2.4447765350341797,12.4884672164917,0.05334782600402832,0.0531192347407341,26.137311935424805,26.044357299804688,-0.0,-0.0,-0.0,-0.0,off
10.620000000000001,22.862974166870117,-2.403369903564453,12.504725456237793,0.05153155326843262,0.05296046659350395,26.169828414916992,26.056882858276367,-0.0,-0.0,-0.0,-0.0,off
10.64,22.855745315551758,-2.334852695465088,12.512508392333984,0.05373740196228027,0.053038157522678375,26.161029815673828,26.067243576049805,-0.0,-0.0,-0.0,-0.0,off
10.66,22.857454299926758,-2.3066654205322266,12.529797554016113,0.0525362491607666,0.0529879629611969,26.168296813964844,26.07729148864746,-0.0,-0.0,-0.0,-0.0,off
10.68,22.860477447509766,-2.334738254547119,12.53488540649414,0.051807403564453125,0.05286990478634834,26.17586326599121,26.087112426757812,0.0,-0.0,-0.0,0.0,off
10.700000000000001,22.873029708862305,-2.3561911582946777,12.562922477722168,0.05170464515686035,0.052753377705812454,26.202178955078125,26.09859275817871,-0.0,-0.0,-0.0,-0.0,off
10.72,22.860170364379883,-2.313875198364258,12.59035873413086,0.05095314979553223,0.05257335305213928,26.200353622436523,26.10872459411621,-0.0,-0.0,-0.0,-0.0,off
10.74,22.79496192932129,-2.306295871734619,12.566716194152832,0.051009416580200195,0.052416957914829254,26.131431579589844,26.11095428466797,0.0,0.0,-0.0,0.0,off
10.76,22.781373977661133,-2.3376541137695312,12.573626518249512,0.04689812660217285,0.051865074783563614,26.12569236755371,26.11240005493164,-0.0,-0.0,-0.0,-0.0,off
10.78,22.744007110595703,-2.3406729698181152,12.583719253540039,0.047698020935058594,0.05144836753606796,26.098249435424805,26.110958099365234,-0.0,-0.0,-0.0,-0.0,off
10.8,22.76227569580078,-2.359452247619629,12.595101356506348,0.04760885238647461,0.05106441304087639,26.121347427368164,26.111976623535156,0.0,-0.0,-0.0,0.0,off
10.82,22.744953155517578,-2.3777050971984863,12.609886169433594,0.04940438270568848,0.05089841037988663,26.11504554748535,26.112260818481445,0.0,-0.0,-0.0,0.0,off
10.84,22.747678756713867,-2.3935046195983887,12.586169242858887,0.04816865921020508,0.05062543600797653,26.107419967651367,26.111764907836914,-0.0,0.0,-0.0,-0.0,off
10.86,22.724355697631836,-2.404324531555176,12.581031799316406,0.04725146293640137,0.050288036465644836,26.08561897277832,26.109140396118164,-0.0,-0.0,-0.0,-0.0,off
10.88,22.652284622192383,-2.406515121459961,12.60852336883545,0.047678232192993164,0.05002705380320549,26.036361694335938,26.101831436157227,-0.0,-0.0,-0.0,-0.0,off
10.9,22.62093734741211,-2.4008302688598633,12.591620445251465,0.04874300956726074,0.049898646771907806,26.00037956237793,26.091659545898438,-0.0,0.0,-0.0,-0.0,off
10.92,22.646785736083984,-2.3943777084350586,12.613420486450195,0.04739856719970703,0.04964863881468773,26.0328311920166,26.085758209228516,-0.0,0.0,-0.0,-0.0,off
10.94,22.598922729492188,-2.36794376373291,12.598569869995117,0.046613216400146484,0.049345094710588455,25.981578826904297,26.075315475463867,-0.0,0.0,-0.0,-0.0,off
10.96,22.575847625732422,-2.405503273010254,12.602765083312988,0.0447847843170166,0.04888905957341194,25.966999053955078,26.06446075439453,-0.0,0.0,-0.0,-0.0,off
10.98,22.518247604370117,-2.428190231323242,12.612783432006836,0.04367566108703613,0.04836772009730339,25.923925399780273,26.050369262695312,-0.0,-0.0,-0.0,-0.0,off
11.0,22.519868850708008,-2.3692946434020996,12.624650955200195,0.04406142234802246,0.04793709143996239,25.925661087036133,26.037866592407227,-0.0,-0.0,-0.0,-0.0,off
11.02,22.47950553894043,-2.4432806968688965,12.624358177185059,0.043231964111328125,0.04746657609939575,25.8973388671875,26.023773193359375,-0.0,-0.0,-0.0,-0.0,off
11.040000000000001,22.453369140625,-2.530486583709717,12.615200996398926,0.041086435317993164,0.046828560531139374,25.878570556640625,26.009185791015625,-0.0,-0.0,-0.0,-0.0,off
11.06,22.42583465576172,-2.5743722915649414,12.625418663024902,0.03702116012573242,0.0458478182554245,25.864002227783203,25.994577407836914,-0.0,-0.0,-0.0,-0.0,off
11.08,22.440458297729492,-2.5660386085510254,12.64673137664795,0.03558492660522461,0.04482153058052063,25.886260986328125,25.983673095703125,-0.0,0.0,-0.0,-0.0,off
11.1,22.37912940979004,-2.541989326477051,12.65872859954834,0.03633618354797363,0.04397299513220787,25.836612701416016,25.96889877319336,-0.0,-0.0,-0.0,-0.0,off
11.120000000000001,22.337322235107422,-2.566624164581299,12.642793655395508,0.03624987602233887,0.04320068284869194,25.795032501220703,25.95143699645996,-0.0,-0.0,-0.0,-0.0,off
11.14,22.256872177124023,-2.5707545280456543,12.665483474731445,0.03513622283935547,0.042394235730171204,25.736968994140625,25.929893493652344,-0.0,-0.0,-0.0,-0.0,off
11.16,22.18450164794922,-2.5756044387817383,12.671116828918457,0.03377175331115723,0.041531987488269806,25.677675247192383,25.904560089111328,-0.0,0.0,-0.0,-0.0,off
11.18,22.114561080932617,-2.5359034538269043,12.691109657287598,0.0328211784362793,0.040660906583070755,25.623210906982422,25.876304626464844,-0.0,-0.0,-0.0,-0.0,off
11.200000000000001,22.138629913330078,-2.548527717590332,12.668550491333008,0.032720327377319336,0.0398668497800827,25.63408088684082,25.85200309753418,-0.0,-0.0,-0.0,-0.0,off
11.22,22.135913848876953,-2.519015312194824,12.675565719604492,0.02839374542236328,0.0387195385992527,25.632286071777344,25.82996940612793,-0.0,-0.0,-0.0,-0.0,off
11.24,22.093297958374023,-2.5322532653808594,12.672650337219238,0.028069734573364258,0.03765455633401871,25.595354080200195,25.80644416809082,-0.0,-0.0,-0.0,-0.0,off
11.26,22.027992248535156,-2.587019920349121,12.709742546081543,0.027785062789916992,0.036667607724666595,25.562915802001953,25.7819766998291,-0.0,-0.0,-0.0,-0.0,off
11.28,22.076393127441406,-2.6466221809387207,12.716695785522461,0.02649974822998047,0.035650819540023804,25.614177703857422,25.765092849731445,-0.0,0.0,-0.0,-0.0,off
11.3,22.04633903503418,-2.6785802841186523,12.75133228302002,0.025279998779296875,0.03461373597383499,25.60883331298828,25.74933433532715,-0.0,-0.0,-0.0,-0.0,off
11.32,22.066164016723633,-2.742542266845703,12.717867851257324,0.022491455078125,0.03340150788426399,25.61603546142578,25.735876083374023,-0.0,-0.0,-0.0,-0.0,off
11.34,22.03097915649414,-2.750565528869629,12.748406410217285,0.020651578903198242,0.03212651610374451,25.601787567138672,25.722333908081055,0.0,-0.0,-0.0,0.0,off
11.36,22.06359100341797,-2.8220324516296387,12.748817443847656,0.023183107376098633,0.03123217448592186,25.637828826904297,25.71373176574707,-0.0,-0.0,-0.0,-0.0,off
11.38,22.0356502532959,-2.784611701965332,12.73802661895752,0.022952556610107422,0.030404211953282356,25.60432243347168,25.70269012451172,-0.0,-0.0,-0.0,-0.0,off
11.4,22.065750122070312,-2.747375011444092,12.74453067779541,0.02214956283569336,0.02957874722778797,25.629446029663086,25.695310592651367,-0.0,-0.0,-0.0,-0.0,off
11.42,22.008886337280273,-2.7273335456848145,12.736103057861328,0.02146458625793457,0.028767330572009087,25.574161529541016,25.683149337768555,-0.0,-0.0,-0.0,-0.0,off
11.44,21.937711715698242,-2.718703269958496,12.734220504760742,0.022593259811401367,0.02814992144703865,25.51107406616211,25.665889739990234,-0.0,-0.0,-0.0,-0.0,off
11.46,21.931846618652344,-2.712144374847412,12.723346710205078,0.022043704986572266,0.027539297938346863,25.49990463256836,25.64925193786621,-0.0,-0.0,-0.0,-0.0,off
11.48,21.938623428344727,-2.7717785835266113,12.70524787902832,0.020699739456176758,0.026855342090129852,25.503124237060547,25.634593963623047,-0.0,-0.0,-0.0,-0.0,off
11.5,21.890289306640625,-2.8304920196533203,12.698006629943848,0.021475791931152344,0.026317385956645012,25.46440315246582,25.617496490478516,-0.0,-0.0,-0.0,-0.0,off
11.52,21.912004470825195,-2.841944694519043,12.744508743286133,0.01812887191772461,0.025498533621430397,25.507549285888672,25.606426239013672,-0.0,-0.0,-0.0,-0.0,off
11.540000000000001,21.846622467041016,-2.879030227661133,12.704358100891113,0.019047975540161133,0.024853477254509926,25.435495376586914,25.589242935180664,-0.0,-0.0,-0.0,-0.0,off
11.56,21.91719627380371,-2.8815956115722656,12.746285438537598,0.016701221466064453,0.024038251489400864,25.517345428466797,25.58198356628418,-0.0,-0.0,-0.0,-0.0,off
11.58,21.868188858032227,-2.825676441192627,12.707747459411621,0.013849020004272461,0.023019328713417053,25.44973373413086,25.5687255859375,0.0,-0.0,-0.0,0.0,off
11.6,21.895830154418945,-2.803542137145996,12.747281074523926,0.012190580368041992,0.021936453878879547,25.49079132080078,25.560909271240234,-0.0,-0.0,-0.0,-0.0,off
11.620000000000001,21.91661262512207,-2.7806396484375,12.746315002441406,0.015953540802001953,0.02133816108107567,25.50565528869629,25.55537223815918,-0.0,-0.0,-0.0,-0.0,off
11.64,21.884328842163086,-2.7921814918518066,12.784401893615723,0.017805099487304688,0.02098485454916954,25.49825668334961,25.549633026123047,-0.0,-0.0,-0.0,-0.0,off
11.66,21.92963218688965,-2.8316359519958496,12.760481834411621,0.017360448837280273,0.020622413605451584,25.529529571533203,25.547605514526367,-0.0,-0.0,-0.0,-0.0,off
11.68,21.951026916503906,-2.84928035736084,12.773924827575684,0.012731313705444336,0.01983330212533474,25.55658721923828,25.548484802246094,-0.0,-0.0,-0.0,-0.0,off
11.700000000000001,21.915014266967773,-2.859459400177002,12.766495704650879,0.011500120162963867,0.018999982625246048,25.523082733154297,25.545923233032227,-0.0,-0.0,-0.0,-0.0,off
11.72,21.966840744018555,-2.8134212493896484,12.80866527557373,0.01493978500366211,0.018593963235616684,25.583576202392578,25.549678802490234,-0.0,-0.0,-0.0,-0.0,off
11.74,21.973295211791992,-2.8588380813598633,12.79829216003418,0.016338348388671875,0.018368400633335114,25.588960647583008,25.553592681884766,-0.0,-0.0,-0.0,-0.0,off
11.76,21.97658348083496,-2.878615379333496,12.790785789489746,0.014083147048950195,0.017939874902367592,25.590248107910156,25.5572452545166,-0.0,-0.0,-0.0,-0.0,off
11.78,21.989952087402344,-2.927096366882324,12.836783409118652,0.014719486236572266,0.017617834731936455,25.630233764648438,25.564512252807617,0.0,0.0,-0.0,0.0,off
11.8,21.939931869506836,-2.871547222137451,12.81152629852295,0.0184476375579834,0.017700813710689545,25.568370819091797,25.56488609313965,0.0,0.0,-0.0,0.0,off
11.82,21.99106788635254,-2.8345985412597656,12.841377258300781,0.01745009422302246,0.017675742506980896,25.62309455871582,25.57069969177246,0.0,-0.0,-0.0,0.0,off
11.84,21.9675350189209,-2.8508825302124023,12.796581268310547,0.015726327896118164,0.017480801790952682,25.582271575927734,25.571853637695312,-0.0,0.0,-0.0,-0.0,off
11.86,21.897371292114258,-2.8852791786193848,12.827176094055176,0.01540684700012207,0.01727340556681156,25.541263580322266,25.568775177001953,-0.0,-0.0,-0.0,-0.0,off
11.88,21.898963928222656,-2.911932945251465,12.83270263671875,0.017754077911376953,0.017321472987532616,25.548429489135742,25.56671714782715,-0.0,-0.0,-0.0,-0.0,off
11.9,21.959217071533203,-2.932546615600586,12.8463773727417,0.01846623420715332,0.0174359492957592,25.609304428100586,25.570955276489258,-0.0,-0.0,-0.0,-0.0,off
11.92,21.97626304626465,-2.89656400680542,12.835213661193848,0.016579866409301758,0.017350340262055397,25.614233016967773,25.57527732849121,-0.0,-0.0,-0.0,-0.0,off
11.94,21.938718795776367,-2.928781032562256,12.83803653717041,0.01471853256225586,0.017087159678339958,25.587112426757812,25.576446533203125,-0.0,-0.0,-0.0,-0.0,off
11.96,21.91960334777832,-2.912022590637207,12.828091621398926,0.012746334075927734,0.01665307767689228,25.563819885253906,25.575176239013672,-0.0,-0.0,-0.0,-0.0,off
11.98,21.9194278717041,-2.9021129608154297,12.856365203857422,0.015668869018554688,0.016554657369852066,25.576740264892578,25.5753231048584,-0.0,-0.0,-0.0,-0.0,off
12.0,21.901540756225586,-2.909543037414551,12.867119789123535,0.016932249069213867,0.016592416912317276,25.567668914794922,25.57454490661621,-0.0,-0.0,-0.0,-0.0,off
12.02,21.86683464050293,-2.952014446258545,12.871672630310059,0.01671624183654785,0.016604797914624214,25.54511260986328,25.571577072143555,-0.0,-0.0,-0.0,-0.0,off
12.040000000000001,21.928197860717773,-2.9873294830322266,12.868212699890137,0.017027854919433594,0.016647104173898697,25.600017547607422,25.57439613342285,0.0,-0.0,-0.0,0.0,off
12.06,21.882543563842773,-2.9496641159057617,12.871746063232422,0.018085956573486328,0.01679098792374134,25.558326721191406,25.57277488708496,-0.0,-0.0,-0.0,-0.0,off
12.08,21.834943771362305,-2.9915528297424316,12.874058723449707,0.018796205520629883,0.01699150912463665,25.52362823486328,25.567829132080078,-0.0,-0.0,-0.0,-0.0,off
12.1,21.840776443481445,-3.0066938400268555,12.856558799743652,0.017699003219604492,0.01706225797533989,25.521575927734375,25.56317901611328,-0.0,-0.0,-0.0,-0.0,off
12.120000000000001,21.829164505004883,-3.0721144676208496,12.850469589233398,0.015562057495117188,0.01691223867237568,25.51636505126953,25.55844497680664,-0.0,-0.0,-0.0,-0.0,off
12.14,21.795007705688477,-3.0735716819763184,12.849867820739746,0.016017913818359375,0.016822805628180504,25.487022399902344,25.551254272460938,-0.0,-0.0,-0.0,-0.0,off
12.16,21.832752227783203,-3.021361827850342,12.84805965423584,0.018474817276000977,0.016988007351756096,25.51215934753418,25.547330856323242,-0.0,0.0,-0.0,-0.0,off
12.18,21.868698120117188,-3.022282123565674,12.86381721496582,0.018614768981933594,0.01715068332850933,25.550968170166016,25.547685623168945,-0.0,-0.0,-0.0,-0.0,off
12.200000000000001,21.902490615844727,-3.0174622535705566,12.850615501403809,0.018587112426757812,0.017294324934482574,25.572689056396484,25.55017852783203,-0.0,-0.0,-0.0,-0.0,off
12.22,21.85092544555664,-3.0163183212280273,12.848104476928711,0.01786661148071289,0.017351552844047546,25.527141571044922,25.547868728637695,-0.0,-0.0,-0.0,-0.0,off
12.24,21.779592514038086,-2.9844632148742676,12.851250648498535,0.01905512809753418,0.01752191036939621,25.46394157409668,25.539466857910156,0.0,0.0,-0.0,0.0,off
12.26,21.818532943725586,-2.9898128509521484,12.840858459472656,0.021917104721069336,0.017961429432034492,25.492645263671875,25.53478240966797,-0.0,-0.0,-0.0,-0.0,off
12.280000000000001,21.802047729492188,-3.0133795738220215,12.836150169372559,0.020159482955932617,0.01818123459815979,25.47894287109375,25.529191970825195,-0.0,-0.0,-0.0,-0.0,off
12.3,21.772096633911133,-2.983682155609131,12.80666446685791,0.01827549934387207,0.0181906595826149,25.434959411621094,25.519765853881836,-0.0,-0.0,-0.0,-0.0,off
12.32,21.71014976501465,-3.0809288024902344,12.831892967224121,0.020627975463867188,0.018434390425682068,25.406301498413086,25.50838851928711,-0.0,-0.0,-0.0,-0.0,off
12.34,21.752490997314453,-3.0758190155029297,12.840001106262207,0.020470857620239258,0.018638037145137787,25.445966720581055,25.502124786376953,-0.0,-0.0,-0.0,-0.0,off
12.36,21.777708053588867,-3.043506622314453,12.84692096710205,0.020206689834594727,0.01879490166902542,25.467134475708008,25.498619079589844,0.0,-0.0,-0.0,0.0,off
12.38,21.71712875366211,-3.046961784362793,12.814587593078613,0.018773555755615234,0.018792767077684402,25.39943504333496,25.488693237304688,-0.0,-0.0,-0.0,-0.0,off
12.4,21.711610794067383,-3.049149990081787,12.836270332336426,0.018291473388671875,0.01874263770878315,25.405927658081055,25.48040771484375,-0.0,-0.0,-0.0,-0.0,off
12.42,21.75006103515625,-3.013857841491699,12.842398643493652,0.01995992660522461,0.01886436529457569,25.43768310546875,25.476133346557617,-0.0,-0.0,-0.0,-0.0,off
12.44,21.779890060424805,-3.028914451599121,12.856457710266113,0.020099401473999023,0.01898786798119545,25.472070693969727,25.475723266601562,0.0,-0.0,-0.0,0.0,off
12.46,21.694292068481445,-3.0472397804260254,12.842531204223633,0.0198824405670166,0.019077323377132416,25.394065856933594,25.467548370361328,-0.0,0.0,-0.0,-0.0,off
12.48,21.731666564941406,-3.0969057083129883,12.83924674987793,0.018450260162353516,0.019014617428183556,25.430343627929688,25.46381187438965,-0.0,-0.0,-0.0,-0.0,off
12.5,21.738677978515625,-3.1090102195739746,12.843743324279785,0.017479419708251953,0.01886109635233879,25.440082550048828,25.461423873901367,-0.0,-0.0,-0.0,-0.0,off
12.52,21.703468322753906,-3.129673957824707,12.830628395080566,0.020527362823486328,0.019027721136808395,25.405912399291992,25.455852508544922,-0.0,0.0,-0.0,-0.0,off
12.540000000000001,21.73079490661621,-3.188506603240967,12.845422744750977,0.01908135414123535,0.01903308369219303,25.444034576416016,25.454631805419922,-0.0,-0.0,-0.0,-0.0,off
12.56,21.75684928894043,-3.2014622688293457,12.818470001220703,0.016864776611328125,0.018816253170371056,25.45433235168457,25.45456314086914,-0.0,-0.0,-0.0,-0.0,off
12.58,21.77218246459961,-3.273956298828125,12.841536521911621,0.0171048641204834,0.018645113334059715,25.48826789855957,25.457860946655273,-0.0,-0.0,-0.0,-0.0,off
12.6,21.699974060058594,-3.248513698577881,12.853791236877441,0.01829671859741211,0.0186102744191885,25.429542541503906,25.454978942871094,-0.0,-0.0,-0.0,-0.0,off
12.620000000000001,21.700014114379883,-3.22637939453125,12.857644081115723,0.01978468894958496,0.01872771419584751,25.428707122802734,25.452322006225586,-0.0,-0.0,-0.0,-0.0,off
12.64,21.663118362426758,-3.241730213165283,12.843317985534668,0.018450498580932617,0.018699992448091507,25.391935348510742,25.446247100830078,-0.0,-0.0,-0.0,-0.0,off
12.66,21.67637825012207,-3.233893394470215,12.824193954467773,0.01630377769470215,0.01846037060022354,25.39258575439453,25.440858840942383,-0.0,-0.0,-0.0,-0.0,off
12.68,21.647504806518555,-3.272679328918457,12.835312843322754,0.015210866928100586,0.018135419115424156,25.378536224365234,25.434589385986328,-0.0,-0.0,-0.0,-0.0,off
12.700000000000001,21.617387771606445,-3.3534908294677734,12.836668968200684,0.017001867294311523,0.018022064119577408,25.364097595214844,25.42745590209961,-0.0,-0.0,-0.0,-0.0,off
12.72,21.608713150024414,-3.379772663116455,12.848614692687988,0.017623186111450195,0.017982177436351776,25.366241455078125,25.421245574951172,-0.0,-0.0,-0.0,-0.0,off
12.74,21.61977195739746,-3.3629045486450195,12.813336372375488,0.01631331443786621,0.01781529001891613,25.35557746887207,25.414623260498047,-0.0,-0.0,-0.0,-0.0,off
12.76,21.66792106628418,-3.4090094566345215,12.820996284484863,0.013448953628540039,0.017378656193614006,25.406654357910156,25.413755416870117,-0.0,-0.0,-0.0,-0.0,off
12.780000000000001,21.660673141479492,-3.442009449005127,12.810564994812012,0.011526107788085938,0.016793400049209595,25.399660110473633,25.412263870239258,-0.0,-0.0,-0.0,-0.0,off
12.8,21.66372299194336,-3.409775733947754,12.85492992401123,0.013284683227539062,0.01644252799451351,25.420320510864258,25.413022994995117,-0.0,-0.0,-0.0,-0.0,off
12.82,21.625513076782227,-3.4047422409057617,12.805449485778809,0.012728691101074219,0.016071144491434097,25.362070083618164,25.40789031982422,-0.0,0.0,-0.0,-0.0,off
12.84,21.57423973083496,-3.4186811447143555,12.80444049835205,0.010186910629272461,0.015482720918953419,25.319732666015625,25.399032592773438,-0.0,-0.0,-0.0,-0.0,off
12.86,21.536230087280273,-3.444579601287842,12.781846046447754,0.010455608367919922,0.014980008825659752,25.279436111450195,25.387022018432617,-0.0,0.0,-0.0,-0.0,off
12.88,21.495222091674805,-3.456021785736084,12.780766487121582,0.010889291763305664,0.014570936560630798,25.245527267456055,25.372819900512695,0.0,-0.0,-0.0,0.0,off
12.9,21.470117568969727,-3.5118236541748047,12.76488208770752,0.010804176330566406,0.014194260351359844,25.223819732666016,25.357839584350586,0.0,-0.0,-0.0,0.0,off
12.92,21.48819923400879,-3.5903377532958984,12.773139953613281,0.008413553237915039,0.013616189360618591,25.254430770874023,25.347373962402344,0.0,-0.0,-0.0,0.0,off
12.94,21.550199508666992,-3.584242820739746,12.76044750213623,0.008211374282836914,0.013075707480311394,25.299938201904297,25.342540740966797,0.0,-0.0,-0.0,0.0,off
12.96,21.55891227722168,-3.653651237487793,12.763589859008789,0.00990152359008789,0.012758288532495499,25.31886863708496,25.340042114257812,-0.0,-0.0,-0.0,-0.0,off
12.98,21.588275909423828,-3.6472535133361816,12.79212474822998,0.01193547248840332,0.012676007114350796,25.357337951660156,25.341676712036133,-0.0,-0.0,-0.0,-0.0,off
13.0,21.57910919189453,-3.6425704956054688,12.757345199584961,0.010706901550292969,0.01247909665107727,25.331327438354492,25.34056282043457,-0.0,-0.0,-0.0,-0.0,off
13.02,21.501365661621094,-3.678191661834717,12.774713516235352,0.009633064270019531,0.012194492854177952,25.279064178466797,25.334318161010742,-0.0,-0.0,-0.0,-0.0,off
13.040000000000001,21.521032333374023,-3.690772533416748,12.75075912475586,0.010223150253295898,0.011997357942163944,25.285539627075195,25.329357147216797,-0.0,-0.0,-0.0,-0.0,off
13.06,21.46990394592285,-3.705872058868408,12.763869285583496,0.01105189323425293,0.011902811005711555,25.250873565673828,25.321420669555664,0.0,0.0,-0.0,0.0,off
13.08,21.430727005004883,-3.7350878715515137,12.748259544372559,0.010308980941772461,0.011743427254259586,25.213985443115234,25.310579299926758,0.0,0.0,-0.0,0.0,off
13.1,21.43388557434082,-3.8549866676330566,12.766846656799316,0.009766340255737305,0.011545718647539616,25.244102478027344,25.303741455078125,-0.0,-0.0,-0.0,-0.0,off
13.120000000000001,21.432695388793945,-3.880582332611084,12.738259315490723,0.008227825164794922,0.011213929392397404,25.23257064819336,25.29644012451172,0.0,-0.0,-0.0,0.0,off
13.14,21.496185302734375,-3.886725425720215,12.7606840133667,0.009215116500854492,0.011014048010110855,25.29876708984375,25.296527862548828,-0.0,-0.0,-0.0,-0.0,off
13.16,21.436899185180664,-3.8914079666137695,12.753010749816895,0.011354207992553711,0.01104806363582611,25.245256423950195,25.291271209716797,-0.0,0.0,-0.0,-0.0,off
13.18,21.412723541259766,-3.913447380065918,12.76611042022705,0.011782646179199219,0.011121521703898907,25.234766006469727,25.285491943359375,-0.0,0.0,-0.0,-0.0,off
13.200000000000001,21.387083053588867,-3.9394679069519043,12.726181030273438,0.008954524993896484,0.010904821567237377,25.19687271118164,25.27649688720703,-0.0,-0.0,-0.0,-0.0,off
13.22,21.3022518157959,-3.9232869148254395,12.740354537963867,0.007496356964111328,0.010563974268734455,25.129558563232422,25.26169204711914,0.0,-0.0,-0.0,0.0,off
13.24,21.290536880493164,-3.8824849128723145,12.7438383102417,0.010706424713134766,0.010578219778835773,25.11505699157715,25.24696159362793,-0.0,-0.0,-0.0,-0.0,off
13.26,21.306180953979492,-3.938166618347168,12.749560356140137,0.011929988861083984,0.010713396593928337,25.13988494873047,25.23616600036621,0.0,-0.0,-0.0,0.0,off
13.280000000000001,21.300931930541992,-3.9616446495056152,12.735065460205078,0.008681297302246094,0.010510186664760113,25.131776809692383,25.225637435913086,0.0,-0.0,-0.0,0.0,off
13.3,21.20181655883789,-4.040228366851807,12.728302955627441,0.008809328079223633,0.010340100154280663,25.05693817138672,25.208608627319336,-0.0,-0.0,-0.0,-0.0,off
13.32,21.204614639282227,-4.061805248260498,12.72762393951416,0.010046243667602539,0.01031071413308382,25.062448501586914,25.193843841552734,-0.0,-0.0,-0.0,-0.0,off
13.34,21.2000675201416,-4.089539527893066,12.718379020690918,0.01063394546508789,0.010343036614358425,25.058420181274414,25.18015480041504,-0.0,-0.0,-0.0,-0.0,off
13.36,21.2032413482666,-4.095584869384766,12.731863975524902,0.010650634765625,0.010373796336352825,25.068937301635742,25.168909072875977,-0.0,-0.0,-0.0,-0.0,off
13.38,21.119070053100586,-4.1589035987854,12.70335865020752,0.008074522018432617,0.010143868625164032,24.993736267089844,25.15121078491211,-0.0,-0.0,-0.0,-0.0,off
13.4,21.12153434753418,-4.127131938934326,12.693337440490723,0.006673574447631836,0.009796839207410812,24.98546028137207,25.134521484375,-0.0,-0.0,-0.0,-0.0,off
13.42,21.10172462463379,-4.183993339538574,12.718161582946777,0.007641315460205078,0.009581286460161209,24.990802764892578,25.119997024536133,-0.0,-0.0,-0.0,-0.0,off
13.44,21.09761619567871,-4.225442409515381,12.68469524383545,0.007912635803222656,0.009414421394467354,24.977294921875,25.105567932128906,-0.0,-0.0,-0.0,-0.0,off
13.46,21.063127517700195,-4.25903844833374,12.680760383605957,0.0064067840576171875,0.009113657288253307,24.95188331604004,25.09002685546875,-0.0,-0.0,-0.0,-0.0,off
13.48,21.083738327026367,-4.225794792175293,12.676661491394043,0.005125761032104492,0.008714866824448109,24.961551666259766,25.07707405090332,-0.0,-0.0,-0.0,-0.0,off
13.5,20.971399307250977,-4.210139751434326,12.654269218444824,0.0049474239349365234,0.008338122628629208,24.85267448425293,25.05453872680664,-0.0,-0.0,-0.0,-0.0,off
13.52,20.91532325744629,-4.3182244300842285,12.651341438293457,0.0076329708099365234,0.008267607539892197,24.82245445251465,25.031139373779297,-0.0,-0.0,-0.0,-0.0,off
13.540000000000001,20.893953323364258,-4.3087053298950195,12.663053512573242,0.006585597991943359,0.008099406026303768,24.80877113342285,25.00874900817871,-0.0,-0.0,-0.0,-0.0,off
13.56,20.863216400146484,-4.321552276611328,12.625627517700195,0.004717826843261719,0.007761247921735048,24.766027450561523,24.984336853027344,-0.0,0.0,-0.0,-0.0,off
13.58,20.850650787353516,-4.389338493347168,12.645211219787598,0.005503416061401367,0.007535464596003294,24.777355194091797,24.96345329284668,-0.0,0.0,-0.0,-0.0,off
13.6,20.78251075744629,-4.414144515991211,12.621001243591309,0.0066640377044677734,0.007448321674019098,24.71208381652832,24.938121795654297,-0.0,-0.0,-0.0,-0.0,off
13.620000000000001,20.776166915893555,-4.383754730224609,12.627273559570312,0.008321046829223633,0.0075355940498411655,24.704544067382812,24.914628982543945,-0.0,0.0,-0.0,-0.0,off
13.64,20.72064971923828,-4.4510178565979,12.61672306060791,0.009276151657104492,0.00770964939147234,24.664522171020508,24.889432907104492,-0.0,-0.0,-0.0,-0.0,off
13.66,20.659624099731445,-4.509580135345459,12.593477249145508,0.007533550262451172,0.007692039478570223,24.612031936645508,24.861459732055664,-0.0,-0.0,-0.0,-0.0,off
13.68,20.596839904785156,-4.574908256530762,12.615692138671875,0.00746607780456543,0.007669443264603615,24.58282470703125,24.833293914794922,-0.0,-0.0,-0.0,-0.0,off
13.700000000000001,20.54745864868164,-4.543230056762695,12.573477745056152,0.007241249084472656,0.007626623380929232,24.513900756835938,24.801137924194336,-0.0,-0.0,-0.0,-0.0,off
13.72,20.518217086791992,-4.5553812980651855,12.555195808410645,0.003841876983642578,0.007248148787766695,24.48227310180664,24.769052505493164,-0.0,-0.0,-0.0,-0.0,off
