t,Fx_hat,Fy_hat,Fz_hat,tau_yaw_hat,tau_yaw_ema,force_mag,force_mag_ema,wz_obs,vx_cmd,vy_cmd,wz_cmd,compliance_mode
0.0,15.448945045471191,-1.4115796089172363,-9.889976501464844,-0.340994656085968,-0.3120819628238678,18.39766502380371,18.99176597595215,-0.0,-0.20000000298023224,-0.0,-0.0,off
0.02,15.22415542602539,-1.376440167427063,-9.897354125976562,-0.33969026803970337,-0.31484276056289673,18.21063232421875,18.911087036132812,-0.0,-0.20000000298023224,-0.0,-0.0,off
0.04,15.044236183166504,-1.3574730157852173,-9.92638111114502,-0.3292267918586731,-0.31628116965293884,18.07497787475586,18.8248348236084,-0.0,-0.20000000298023224,-0.0,-0.0,off
0.06,14.865728378295898,-1.3385324478149414,-9.926576614379883,-0.32236772775650024,-0.31688982248306274,17.925357818603516,18.732280731201172,-0.0,-0.20000000298023224,-0.0,-0.0,off
0.08,14.700112342834473,-1.3568823337554932,-9.948793411254883,-0.32289010286331177,-0.3174898326396942,17.802047729492188,18.636581420898438,-0.0,-0.20000000298023224,-0.0,-0.0,off
0.1,14.569392204284668,-1.3654345273971558,-9.980905532836914,-0.32940059900283813,-0.31868091225624084,17.71299171447754,18.541542053222656,-0.0,-0.20000000298023224,-0.0,-0.0,off
0.12,14.3938627243042,-1.3516308069229126,-10.01453971862793,-0.33275681734085083,-0.3200885057449341,17.58696174621582,18.443279266357422,-0.0,-0.20000000298023224,-0.0,-0.0,off
0.14,14.24337100982666,-1.3585882186889648,-10.082452774047852,-0.33239060640335083,-0.32131871581077576,17.503576278686523,18.346284866333008,-0.0,-0.20000000298023224,-0.0,-0.0,off
0.16,14.094412803649902,-1.366513729095459,-10.13170337677002,-0.3359296917915344,-0.3227798044681549,17.411813735961914,18.24968910217285,-0.0,-0.20000000298023224,-0.0,-0.0,off
0.18,13.968050003051758,-1.4061236381530762,-10.15983772277832,-0.3404856324195862,-0.3245503604412079,17.329336166381836,18.154529571533203,-0.0,-0.20000000298023224,-0.0,-0.0,off
0.2,13.795416831970215,-1.4386630058288574,-10.211616516113281,-0.34535032510757446,-0.3266303241252899,17.223833084106445,18.058090209960938,-0.0,-0.20000000298023224,-0.0,-0.0,off
0.22,13.627486228942871,-1.4532349109649658,-10.246637344360352,-0.34447723627090454,-0.32841500639915466,17.111804962158203,17.959978103637695,-0.0,-0.20000000298023224,-0.0,-0.0,off
0.24,13.523177146911621,-1.4570534229278564,-10.305015563964844,-0.3453264832496643,-0.33010613918304443,17.064369201660156,17.866943359375,-0.0,-0.20000000298023224,-0.0,-0.0,off
0.26,13.360145568847656,-1.4640288352966309,-10.363409042358398,-0.35172683000564575,-0.3322681784629822,16.971656799316406,17.773731231689453,-0.0,-0.20000000298023224,-0.0,-0.0,off
0.28,13.211840629577637,-1.4688549041748047,-10.406753540039062,-0.36013180017471313,-0.33505454659461975,16.88226318359375,17.68083381652832,-0.0,-0.20000000298023224,-0.0,-0.0,off
0.3,13.050561904907227,-1.4531989097595215,-10.461546897888184,-0.3633778691291809,-0.33788686990737915,16.789072036743164,17.587749481201172,-0.0,-0.20000000298023224,-0.0,-0.0,off
0.32,12.924116134643555,-1.4760656356811523,-10.488265991210938,-0.3630138039588928,-0.3403995633125305,16.709735870361328,17.496129989624023,-0.0,-0.20000000298023224,-0.0,-0.0,off
0.34,12.85583209991455,-1.4823918342590332,-10.53358268737793,-0.370930016040802,-0.3434526026248932,16.68610954284668,17.411535263061523,-0.0,-0.20000000298023224,-0.0,-0.0,off
0.36,12.77779483795166,-1.4514198303222656,-10.583950996398926,-0.384329617023468,-0.3475402891635895,16.655290603637695,17.332487106323242,0.0,-0.20000000298023224,-0.0,0.0,off
0.38,12.653329849243164,-1.465613842010498,-10.613889694213867,-0.38828855752944946,-0.3516151010990143,16.580392837524414,17.253889083862305,-0.0,-0.20000000298023224,-0.0,-0.0,off
0.4,12.564644813537598,-1.4745855331420898,-10.653348922729492,-0.3911452889442444,-0.3555681109428406,16.53900146484375,17.179134368896484,-0.0,-0.20000000298023224,-0.0,-0.0,off
0.42,12.4574556350708,-1.4851951599121094,-10.707468032836914,-0.3931754231452942,-0.35932883620262146,16.49375343322754,17.107297897338867,-0.0,-0.20000000298023224,-0.0,-0.0,off
0.44,12.317306518554688,-1.4693100452423096,-10.776154518127441,-0.4001052975654602,-0.3634064793586731,16.43168830871582,17.036231994628906,-0.0,-0.20000000298023224,-0.0,-0.0,off
0.46,12.260652542114258,-1.5159845352172852,-10.853238105773926,-0.41091233491897583,-0.3681570589542389,16.444286346435547,16.973587036132812,-0.0,-0.20000000298023224,-0.0,-0.0,off
0.48,12.179245948791504,-1.5251259803771973,-10.918176651000977,-0.41239339113235474,-0.37258070707321167,16.4276180267334,16.91557502746582,-0.0,-0.20000000298023224,-0.0,-0.0,off
0.5,12.167784690856934,-1.5319349765777588,-11.019859313964844,-0.4130130410194397,-0.3766239285469055,16.487545013427734,16.869503021240234,-0.0,-0.20000000298023224,-0.0,-0.0,off
0.52,12.221219062805176,-1.5447368621826172,-11.064874649047852,-0.42030221223831177,-0.38099172711372375,16.558256149291992,16.835716247558594,-0.0,-0.30000001192092896,-0.0,-0.0,off
0.54,12.270451545715332,-1.5328845977783203,-11.152935028076172,-0.43145209550857544,-0.38603776693344116,16.65237808227539,16.815061569213867,-0.0,-0.30000001192092896,-0.0,-0.0,off
0.56,12.274120330810547,-1.497546911239624,-11.264348983764648,-0.44008737802505493,-0.3914427161216736,16.72669219970703,16.80396842956543,-0.0,-0.30000001192092896,-0.0,-0.0,off
0.58,12.26308536529541,-1.476102352142334,-11.365099906921387,-0.439669668674469,-0.3962654173374176,16.784744262695312,16.799835205078125,-0.0,-0.30000001192092896,-0.0,-0.0,off
0.6,12.44564151763916,-1.4469738006591797,-11.476768493652344,-0.44452816247940063,-0.40109169483184814,16.991291046142578,16.817344665527344,-0.0,-0.30000001192092896,-0.0,-0.0,off
0.62,12.482702255249023,-1.432767391204834,-11.546030044555664,-0.4529128670692444,-0.4062737822532654,17.064041137695312,16.8405818939209,-0.0,-0.30000001192092896,-0.0,-0.0,off
0.64,12.533604621887207,-1.4276068210601807,-11.580645561218262,-0.4616251587867737,-0.41180890798568726,17.124271392822266,16.867820739746094,-0.0,-0.30000001192092896,-0.0,-0.0,off
0.66,12.570703506469727,-1.432898998260498,-11.60406494140625,-0.4728272557258606,-0.41791072487831116,17.167705535888672,16.89691925048828,-0.0,-0.30000001192092896,-0.0,-0.0,off
0.68,12.567145347595215,-1.4352447986602783,-11.614509582519531,-0.47798019647598267,-0.42391765117645264,17.1723575592041,16.923717498779297,-0.0,-0.30000001192092896,-0.0,-0.0,off
0.7000000000000001,12.706815719604492,-1.4592204093933105,-11.668970108032227,-0.4879453778266907,-0.4303204119205475,17.313501358032227,16.96221923828125,-0.0,-0.30000001192092896,-0.0,-0.0,off
0.72,12.854730606079102,-1.5047802925109863,-11.703462600708008,-0.5060725808143616,-0.43789562582969666,17.4493408203125,17.01068115234375,-0.0,-0.30000001192092896,-0.0,-0.0,off
0.74,13.01261043548584,-1.5280475616455078,-11.760879516601562,-0.5191596150398254,-0.44602203369140625,17.60628318786621,17.070117950439453,-0.0,-0.30000001192092896,-0.0,-0.0,off
0.76,13.165797233581543,-1.5512714385986328,-11.823606491088867,-0.5281892418861389,-0.45423874258995056,17.763511657714844,17.139406204223633,-0.0,-0.30000001192092896,-0.0,-0.0,off
0.78,13.400347709655762,-1.5576131343841553,-11.901617050170898,-0.5402052998542786,-0.4628353714942932,17.9901065826416,17.224472045898438,-0.0,-0.30000001192092896,-0.0,-0.0,off
0.8,13.597338676452637,-1.5991740226745605,-11.918442726135254,-0.5611012578010559,-0.47266194224357605,18.151975631713867,17.31719970703125,-0.0,-0.30000001192092896,-0.0,-0.0,off
0.8200000000000001,13.705963134765625,-1.6544499397277832,-11.944305419921875,-0.581562340259552,-0.483551949262619,18.255329132080078,17.410951614379883,-0.0,-0.20000000298023224,-0.0,-0.0,off
0.84,13.880186080932617,-1.7472093105316162,-11.954002380371094,-0.5975869297981262,-0.494955450296402,18.401371002197266,17.509811401367188,-0.0,-0.30000001192092896,-0.0,-0.0,off
0.86,14.065206527709961,-1.753565788269043,-11.948223114013672,-0.617425262928009,-0.5072024464607239,18.538206100463867,17.61234474182129,-0.0,-0.30000001192092896,-0.0,-0.0,off
0.88,14.284485816955566,-1.7808377742767334,-11.9830904006958,-0.6392427086830139,-0.5204064846038818,18.7299861907959,17.72365951538086,-0.0,-0.30000001192092896,-0.0,-0.0,off
0.9,14.432293891906738,-1.8577728271484375,-11.99086856842041,-0.6576438546180725,-0.5341302156448364,18.855327606201172,17.836244583129883,-0.0,-0.30000001192092896,-0.0,-0.0,off
0.92,14.647195816040039,-1.9103715419769287,-12.015268325805664,-0.6781871914863586,-0.5485358834266663,19.040916442871094,17.95594596862793,-0.0,-0.30000001192092896,-0.0,-0.0,off
0.9400000000000001,14.892647743225098,-1.938971757888794,-12.07919692993164,-0.6952751278877258,-0.5632098317146301,19.27323341369629,18.0867862701416,-0.0,-0.30000001192092896,-0.0,-0.0,off
0.96,15.110724449157715,-2.023080825805664,-12.106147766113281,-0.7096880078315735,-0.5778576135635376,19.467554092407227,18.223772048950195,-0.0,-0.30000001192092896,-0.0,-0.0,off
0.98,15.25867748260498,-2.066617012023926,-12.109956741333008,-0.727969229221344,-0.5928688049316406,19.58951759338379,18.359182357788086,-0.0,-0.30000001192092896,-0.0,-0.0,off
1.0,15.405584335327148,-2.0848453044891357,-12.102396011352539,-0.7537248730659485,-0.6089544296264648,19.70143699645996,18.49217987060547,-0.0,-0.30000001192092896,-0.0,-0.0,off
1.02,15.551677703857422,-2.1438565254211426,-12.113455772399902,-0.7681673169136047,-0.6248757243156433,19.828933715820312,18.624574661254883,-0.0,-0.30000001192092896,-0.0,-0.0,off
1.04,15.734185218811035,-2.1981563568115234,-12.122509956359863,-0.7830975651741028,-0.6406978964805603,19.98378562927246,18.759098052978516,-0.0,-0.30000001192092896,-0.0,-0.0,off
1.06,15.932838439941406,-2.249051570892334,-12.139512062072754,-0.8011005520820618,-0.6567381620407104,20.156421661376953,18.897321701049805,-0.0,-0.30000001192092896,-0.0,-0.0,off
1.08,16.101537704467773,-2.2995681762695312,-12.132135391235352,-0.8240357041358948,-0.6734678745269775,20.291284561157227,19.03510856628418,-0.0,-0.30000001192092896,-0.0,-0.0,off
1.1,16.23101043701172,-2.302305221557617,-12.132312774658203,-0.8434017300605774,-0.6904612183570862,20.394590377807617,19.169509887695312,-0.0,-0.30000001192092896,-0.0,-0.0,off
1.12,16.356182098388672,-2.2984838485717773,-12.161806106567383,-0.8585088849067688,-0.7072659730911255,20.51139259338379,19.302303314208984,-0.0,-0.30000001192092896,-0.0,-0.0,off
1.1400000000000001,16.450998306274414,-2.320173740386963,-12.188738822937012,-0.8709719777107239,-0.7236365079879761,20.60543441772461,19.431379318237305,-0.0,-0.30000001192092896,-0.0,-0.0,off
1.16,16.533998489379883,-2.3521080017089844,-12.198169708251953,-0.8832038044929504,-0.7395932078361511,20.68092918395996,19.55520248413086,-0.0,-0.30000001192092896,-0.0,-0.0,off
1.18,16.65773582458496,-2.3660378456115723,-12.211127281188965,-0.903506338596344,-0.7559844851493835,20.7891788482666,19.677507400512695,-0.0,-0.30000001192092896,-0.0,-0.0,off
1.2,16.74675178527832,-2.3653793334960938,-12.217347145080566,-0.918967068195343,-0.7722827196121216,20.864139556884766,19.795167922973633,-0.0,-0.30000001192092896,-0.0,-0.0,off
1.22,16.813066482543945,-2.3575074672698975,-12.240857124328613,-0.9269054532051086,-0.78774493932724,20.930255889892578,19.90782928466797,-0.0,-0.30000001192092896,-0.0,-0.0,off
1.24,16.852724075317383,-2.3390817642211914,-12.268837928771973,-0.9318979382514954,-0.8021602034568787,20.976415634155273,20.014013290405273,-0.0,-0.30000001192092896,-0.0,-0.0,off
1.26,16.911317825317383,-2.3261451721191406,-12.262118339538574,-0.9471939206123352,-0.8166635632514954,21.018163681030273,20.113801956176758,-0.0,-0.30000001192092896,-0.0,-0.0,off
1.28,16.9772891998291,-2.295042037963867,-12.227462768554688,-0.960506021976471,-0.8310478329658508,21.047718048095703,20.206546783447266,-0.0,-0.30000001192092896,-0.0,-0.0,off
1.3,17.05304527282715,-2.2729194164276123,-12.20793342590332,-0.9657943844795227,-0.8445224761962891,21.095169067382812,20.294755935668945,-0.0,-0.30000001192092896,-0.0,-0.0,off
1.32,17.03453826904297,-2.235861301422119,-12.200973510742188,-0.9693487286567688,-0.8570050597190857,21.07221794128418,20.371984481811523,-0.0,-0.30000001192092896,-0.0,-0.0,off
1.34,17.0194034576416,-2.227851390838623,-12.168380737304688,-0.9839182496070862,-0.8696963787078857,21.040267944335938,20.43836212158203,-0.0,-0.30000001192092896,-0.0,-0.0,off
1.36,17.008432388305664,-2.2186031341552734,-12.156682014465332,-1.0033224821090698,-0.8830589652061462,21.023651123046875,20.49652099609375,-0.0,-0.30000001192092896,-0.0,-0.0,off
1.3800000000000001,16.989736557006836,-2.169872999191284,-12.158531188964844,-1.0178977251052856,-0.8965428471565247,21.00450897216797,20.547025680541992,-0.0,-0.30000001192092896,-0.0,-0.0,off
1.4000000000000001,16.991464614868164,-2.156555652618408,-12.121274948120117,-1.028906226158142,-0.9097791314125061,20.982990264892578,20.5903377532959,-0.0,-0.30000001192092896,-0.0,-0.0,off
1.42,16.98659324645996,-2.150794267654419,-12.157928466796875,-1.0412932634353638,-0.9229305386543274,20.99965476989746,20.631078720092773,-0.0,-0.30000001192092896,-0.0,-0.0,off
1.44,16.979732513427734,-2.1393332481384277,-12.165719985961914,-1.056890845298767,-0.9363265633583069,20.997447967529297,20.66756820678711,-0.0,-0.30000001192092896,-0.0,-0.0,off
1.46,16.95647621154785,-2.121817111968994,-12.132875442504883,-1.0775386095046997,-0.9504477381706238,20.957836151123047,20.696456909179688,-0.0,-0.30000001192092896,-0.0,-0.0,off
1.48,16.936906814575195,-2.1174702644348145,-12.144267082214355,-1.0864578485488892,-0.9640487432479858,20.94816780090332,20.721534729003906,-0.0,-0.30000001192092896,-0.0,-0.0,off
1.5,16.933897018432617,-2.148531675338745,-12.138493537902832,-1.0947667360305786,-0.9771205186843872,20.9455509185791,20.743865966796875,-0.0,-0.30000001192092896,-0.0,-0.0,off
1.52,16.89999771118164,-2.109774589538574,-12.155393600463867,-1.108049750328064,-0.9902133941650391,20.924020767211914,20.7618350982666,-0.0,-0.30000001192092896,-0.0,-0.0,off
1.54,16.906898498535156,-2.1599392890930176,-12.1226806640625,-1.1221238374710083,-1.0034043788909912,20.915735244750977,20.77718162536621,-0.0,-0.30000001192092896,-0.0,-0.0,off
1.56,16.892763137817383,-2.1502394676208496,-12.131628036499023,-1.1346358060836792,-1.0165274143218994,20.90850067138672,20.790285110473633,-0.0,-0.30000001192092896,-0.0,-0.0,off
1.58,16.853939056396484,-2.1405460834503174,-12.150472640991211,-1.141438364982605,-1.029018521308899,20.88710594177246,20.799957275390625,-0.0,-0.30000001192092896,-0.0,-0.0,off
1.6,16.833799362182617,-2.1550886631011963,-12.159416198730469,-1.149945616722107,-1.0411112308502197,20.8775634765625,20.80771255493164,-0.0,-0.30000001192092896,-0.0,-0.0,off
1.62,16.874216079711914,-2.1365394592285156,-12.182296752929688,-1.1602143049240112,-1.0530215501785278,20.92157554626465,20.819093704223633,-0.0,-0.30000001192092896,-0.0,-0.0,off
1.6400000000000001,16.856014251708984,-2.085822820663452,-12.16773796081543,-1.1714175939559937,-1.0648611783981323,20.893293380737305,20.826496124267578,-0.0,-0.30000001192092896,-0.0,-0.0,off
1.6600000000000001,16.86290740966797,-2.0563206672668457,-12.168557167053223,-1.1758612394332886,-1.0759611129760742,20.896408081054688,20.83346176147461,-0.0,-0.30000001192092896,-0.0,-0.0,off
1.68,16.852115631103516,-2.038455009460449,-12.158973693847656,-1.1833776235580444,-1.0867027044296265,20.880367279052734,20.838125228881836,-0.0,-0.30000001192092896,-0.0,-0.0,off
1.7,16.81574249267578,-2.021521806716919,-12.156171798706055,-1.1906651258468628,-1.09709894657135,20.847740173339844,20.83905792236328,-0.0,-0.30000001192092896,-0.0,-0.0,off
1.72,16.78846549987793,-2.051055669784546,-12.14264965057373,-1.2074602842330933,-1.1081351041793823,20.820743560791016,20.837215423583984,-0.0,-0.30000001192092896,-0.0,-0.0,off
1.74,16.771038055419922,-2.040254831314087,-12.138702392578125,-1.2189475297927856,-1.1192163228988647,20.803327560424805,20.833816528320312,-0.0,-0.30000001192092896,-0.0,-0.0,off
1.76,16.76862907409668,-2.032618522644043,-12.13829231262207,-1.2256265878677368,-1.1298573017120361,20.800397872924805,20.830463409423828,-0.0,-0.30000001192092896,-0.0,-0.0,off
1.78,16.75296401977539,-2.036578416824341,-12.139541625976562,-1.234601616859436,-1.140331745147705,20.788888931274414,20.826297760009766,-0.0,-0.30000001192092896,-0.0,-0.0,off
1.8,16.76956558227539,-2.062138080596924,-12.134082794189453,-1.249853491783142,-1.151283860206604,20.801603317260742,20.82382583618164,-0.0,-0.30000001192092896,-0.0,-0.0,off
1.82,16.751298904418945,-2.07310152053833,-12.129441261291504,-1.2631479501724243,-1.1624702215194702,20.785263061523438,20.819969177246094,-0.0,-0.30000001192092896,-0.0,-0.0,off
1.84,16.704641342163086,-2.105038642883301,-12.139616012573242,-1.2699745893478394,-1.1732206344604492,20.7568416595459,20.813650131225586,0.0,-0.30000001192092896,-0.0,0.0,off
1.86,16.670719146728516,-2.1261489391326904,-12.146720886230469,-1.2790344953536987,-1.1838020086288452,20.735868453979492,20.805858612060547,-0.0,-0.30000001192092896,-0.0,-0.0,off
1.8800000000000001,16.645641326904297,-2.12518310546875,-12.144665718078613,-1.2929238080978394,-1.1947141885757446,20.714406967163086,20.79669952392578,-0.0,-0.30000001192092896,-0.0,-0.0,off
1.9000000000000001,16.607717514038086,-2.1379504203796387,-12.153779029846191,-1.3140300512313843,-1.2066457271575928,20.69061279296875,20.78606414794922,-0.0,-0.30000001192092896,-0.0,-0.0,off
1.92,16.576473236083984,-2.158135175704956,-12.168254852294922,-1.3299111127853394,-1.2189722061157227,20.676156997680664,20.775035858154297,-0.0,-0.30000001192092896,-0.0,-0.0,off
1.94,16.568326950073242,-2.1350412368774414,-12.184168815612793,-1.336300015449524,-1.2307050228118896,20.67660140991211,20.76515769958496,-0.0,-0.30000001192092896,-0.0,-0.0,off
1.96,16.540912628173828,-2.1282594203948975,-12.189972877502441,-1.3439842462539673,-1.2420330047607422,20.657363891601562,20.75433921813965,-0.0,-0.30000001192092896,-0.0,-0.0,off
1.98,16.49934196472168,-2.1270439624786377,-12.19859504699707,-1.3549202680587769,-1.253321647644043,20.629064559936523,20.741762161254883,-0.0,-0.30000001192092896,-0.0,-0.0,off
2.0,16.437255859375,-2.1327648162841797,-12.205533981323242,-1.3658567667007446,-1.2645751237869263,20.58414649963379,20.725933074951172,-0.0,-0.30000001192092896,-0.0,-0.0,off
2.02,16.442180633544922,-2.172595262527466,-12.203821182250977,-1.3786019086837769,-1.2759777307510376,20.591230392456055,20.712398529052734,-0.0,-0.30000001192092896,-0.0,-0.0,off
2.04,16.425796508789062,-2.184677839279175,-12.208186149597168,-1.3877867460250854,-1.2871586084365845,20.582015991210938,20.699295043945312,-0.0,-0.30000001192092896,-0.0,-0.0,off
2.06,16.416793823242188,-2.207284450531006,-12.212542533874512,-1.3987122774124146,-1.2983139753341675,20.579830169677734,20.687284469604492,-0.0,-0.30000001192092896,-0.0,-0.0,off
2.08,16.366853713989258,-2.2136566638946533,-12.215124130249023,-1.4126323461532593,-1.3097457885742188,20.542234420776367,20.67270278930664,-0.0,-0.30000001192092896,-0.0,-0.0,off
2.1,16.336027145385742,-2.23834228515625,-12.208056449890137,-1.4167617559432983,-1.320447325706482,20.516155242919922,20.656965255737305,-0.0,-0.30000001192092896,-0.0,-0.0,off
2.12,16.328998565673828,-2.2639055252075195,-12.202544212341309,-1.419540286064148,-1.3303565979003906,20.51008415222168,20.642194747924805,-0.0,-0.30000001192092896,-0.0,-0.0,off
2.14,16.306201934814453,-2.2891292572021484,-12.199108123779297,-1.4243196249008179,-1.3397529125213623,20.492694854736328,20.62715721130371,-0.0,-0.30000001192092896,-0.0,-0.0,off
2.16,16.314916610717773,-2.327476978302002,-12.190634727478027,-1.4326337575912476,-1.3490409851074219,20.4989070892334,20.61424446105957,-0.0,-0.30000001192092896,-0.0,-0.0,off
2.18,16.29768943786621,-2.381783962249756,-12.179170608520508,-1.4441536664962769,-1.3585522174835205,20.484622955322266,20.601165771484375,-0.0,-0.30000001192092896,-0.0,-0.0,off
2.2,16.239543914794922,-2.4015581607818604,-12.16815185546875,-1.4492546319961548,-1.3676224946975708,20.43414306640625,20.584333419799805,-0.0,-0.30000001192092896,-0.0,-0.0,off
2.22,16.217594146728516,-2.422492265701294,-12.16395378112793,-1.4497591257095337,-1.3758361339569092,20.41667366027832,20.56743812561035,-0.0,-0.30000001192092896,-0.0,-0.0,off
2.24,16.201887130737305,-2.4432373046875,-12.152320861816406,-1.4580034017562866,-1.3840528726577759,20.399742126464844,20.5505428314209,-0.0,-0.30000001192092896,-0.0,-0.0,off
2.2600000000000002,16.13217544555664,-2.464111804962158,-12.144575119018555,-1.4639571905136108,-1.3920432329177856,20.34231185913086,20.529573440551758,-0.0,-0.30000001192092896,-0.0,-0.0,off
2.2800000000000002,16.128801345825195,-2.476361036300659,-12.136524200439453,-1.4741162061691284,-1.4002504348754883,20.33631706237793,20.510120391845703,-0.0,-0.30000001192092896,-0.0,-0.0,off
2.3000000000000003,16.107152938842773,-2.477322578430176,-12.141960144042969,-1.4799784421920776,-1.408223271369934,20.32251739501953,20.491247177124023,-0.0,-0.30000001192092896,-0.0,-0.0,off
2.32,16.09187126159668,-2.5009946823120117,-12.139881134033203,-1.4882782697677612,-1.4162286520004272,20.31206512451172,20.473209381103516,-0.0,-0.30000001192092896,-0.0,-0.0,off
2.34,16.068208694458008,-2.510760545730591,-12.130216598510742,-1.5034738779067993,-1.4249531030654907,20.28874969482422,20.454654693603516,-0.0,-0.30000001192092896,-0.0,-0.0,off
2.36,16.011287689208984,-2.551570415496826,-12.127908706665039,-1.5183132886886597,-1.4342889785766602,20.247419357299805,20.433786392211914,-0.0,-0.30000001192092896,-0.0,-0.0,off
2.38,15.988072395324707,-2.588907241821289,-12.136531829833984,-1.5344902276992798,-1.444309115409851,20.23897933959961,20.414138793945312,-0.0,-0.30000001192092896,-0.0,-0.0,off
2.4,15.967679977416992,-2.596895933151245,-12.146316528320312,-1.547042965888977,-1.4545824527740479,20.229772567749023,20.395545959472656,-0.0,-0.30000001192092896,-0.0,-0.0,off
2.42,15.985007286071777,-2.593417167663574,-12.144452095031738,-1.5720404386520386,-1.4663282632827759,20.241886138916016,20.380064010620117,0.0,-0.30000001192092896,-0.0,0.0,off
2.44,15.945727348327637,-2.6020750999450684,-12.145658493041992,-1.592739462852478,-1.4789693355560303,20.212718963623047,20.36321258544922,-0.0,-0.30000001192092896,-0.0,-0.0,off
2.46,15.937271118164062,-2.6106371879577637,-12.170967102050781,-1.610350489616394,-1.4921073913574219,20.222375869750977,20.34901237487793,-0.0,-0.30000001192092896,-0.0,-0.0,off
2.48,15.9124174118042,-2.6011881828308105,-12.183403968811035,-1.621437907218933,-1.5050404071807861,20.209070205688477,20.334915161132812,-0.0,-0.30000001192092896,-0.0,-0.0,off
2.5,15.912895202636719,-2.591890335083008,-12.192377090454102,-1.6320332288742065,-1.5177396535873413,20.21366310119629,20.322704315185547,-0.0,-0.30000001192092896,-0.0,-0.0,off
2.52,15.921876907348633,-2.5762929916381836,-12.208650588989258,-1.6579416990280151,-1.5317597389221191,20.228559494018555,20.31322479248047,0.0,-0.30000001192092896,-0.0,0.0,off
2.54,15.919486045837402,-2.5881056785583496,-12.21661376953125,-1.6848081350326538,-1.5470645427703857,20.23299217224121,20.30514144897461,-0.0,-0.30000001192092896,-0.0,-0.0,off
2.56,15.90905475616455,-2.5806517601013184,-12.234857559204102,-1.702854037284851,-1.5626435279846191,20.234859466552734,20.29805564880371,-0.0,-0.30000001192092896,-0.0,-0.0,off
2.58,15.884900093078613,-2.582756519317627,-12.24748420715332,-1.7141746282577515,-1.5777965784072876,20.223787307739258,20.290563583374023,-0.0,-0.30000001192092896,-0.0,-0.0,off
2.6,15.892178535461426,-2.5721724033355713,-12.263532638549805,-1.7358189821243286,-1.5935988426208496,20.237876892089844,20.285242080688477,-0.0,-0.30000001192092896,-0.0,-0.0,off
2.62,15.92320728302002,-2.5785953998565674,-12.280441284179688,-1.7617107629776,-1.6104099750518799,20.273305892944336,20.284008026123047,-0.0,-0.30000001192092896,-0.0,-0.0,off
2.64,15.986446380615234,-2.640669345855713,-12.285758972167969,-1.790375828742981,-1.6284065246582031,20.334196090698242,20.288990020751953,-0.0,-0.30000001192092896,-0.0,-0.0,off
2.66,16.020296096801758,-2.686044692993164,-12.303535461425781,-1.809674620628357,-1.6465332508087158,20.377479553222656,20.29779052734375,-0.0,-0.30000001192092896,-0.0,-0.0,off
2.68,16.070880889892578,-2.695939064025879,-12.319419860839844,-1.836201548576355,-1.6654999256134033,20.428152084350586,20.310791015625,-0.0,-0.30000001192092896,-0.0,-0.0,off
2.7,16.091720581054688,-2.6799445152282715,-12.335399627685547,-1.8668526411056519,-1.6856350898742676,20.45208168029785,20.32489776611328,-0.0,-0.30000001192092896,-0.0,-0.0,off
2.72,16.108882904052734,-2.7013862133026123,-12.345756530761719,-1.8945599794387817,-1.7065274715423584,20.47464942932129,20.339845657348633,-0.0,-0.30000001192092896,-0.0,-0.0,off
2.74,16.142423629760742,-2.7017321586608887,-12.360176086425781,-1.9241489171981812,-1.7282896041870117,20.509782791137695,20.356822967529297,-0.0,-0.30000001192092896,-0.0,-0.0,off
2.7600000000000002,16.10224723815918,-2.713240623474121,-12.373137474060059,-1.9294806718826294,-1.7484086751937866,20.48752212524414,20.3698673248291,-0.0,-0.30000001192092896,-0.0,-0.0,off
2.7800000000000002,16.072107315063477,-2.7461657524108887,-12.376436233520508,-1.9403806924819946,-1.7676057815551758,20.47022819519043,20.37986183166504,-0.0,-0.30000001192092896,-0.0,-0.0,off
2.8000000000000003,16.04839324951172,-2.749809980392456,-12.375171661376953,-1.9625276327133179,-1.7870979309082031,20.451339721679688,20.38697052001953,-0.0,-0.30000001192092896,-0.0,-0.0,off
2.82,16.030176162719727,-2.760026216506958,-12.389656066894531,-1.9884365797042847,-1.8072316646575928,20.44719696044922,20.392948150634766,-0.0,-0.30000001192092896,-0.0,-0.0,off
2.84,15.974247932434082,-2.804255247116089,-12.38224983215332,-1.9973455667495728,-1.8262430429458618,20.40491485595703,20.394067764282227,-0.0,-0.30000001192092896,-0.0,-0.0,off
2.86,15.940796852111816,-2.8404431343078613,-12.387393951416016,-2.011838436126709,-1.8448024988174438,20.38687515258789,20.39324951171875,-0.0,-0.30000001192092896,-0.0,-0.0,off
2.88,15.907362937927246,-2.8469719886779785,-12.394922256469727,-2.033050775527954,-1.863627314567566,20.366235733032227,20.390445709228516,-0.0,-0.30000001192092896,-0.0,-0.0,off
2.9,15.9096097946167,-2.8716318607330322,-12.386638641357422,-2.054229497909546,-1.8826875686645508,20.366413116455078,20.3879451751709,-0.0,-0.30000001192092896,-0.0,-0.0,off
2.92,15.906411170959473,-2.9292728900909424,-12.370216369628906,-2.0704197883605957,-1.9014607667922974,20.362140655517578,20.385242462158203,-0.0,-0.30000001192092896,-0.0,-0.0,off
2.94,15.865885734558105,-2.9442214965820312,-12.379493713378906,-2.077723979949951,-1.9190870523452759,20.33830451965332,20.38041877746582,-0.0,-0.30000001192092896,-0.0,-0.0,off
2.96,15.841660499572754,-2.9421257972717285,-12.38862419128418,-2.086045503616333,-1.9357829093933105,20.32467269897461,20.374727249145508,-0.0,-0.30000001192092896,-0.0,-0.0,off
2.98,15.841984748840332,-2.965512752532959,-12.377248764038086,-2.105715036392212,-1.9527760744094849,20.321393966674805,20.369285583496094,-0.0,-0.30000001192092896,-0.0,-0.0,off
3.0,15.807476997375488,-2.969245433807373,-12.380647659301758,-2.126760482788086,-1.9701744318008423,20.297122955322266,20.361963272094727,-0.0,-0.30000001192092896,-0.0,-0.0,off
3.02,15.77096939086914,-2.9998373985290527,-12.379959106445312,-2.140627861022949,-1.9872198104858398,20.27278709411621,20.352920532226562,-0.0,-0.30000001192092896,-0.0,-0.0,off
3.04,15.757951736450195,-3.0379862785339355,-12.375997543334961,-2.1549479961395264,-2.0039925575256348,20.265926361083984,20.344079971313477,-0.0,-0.30000001192092896,-0.0,-0.0,off
3.06,15.758143424987793,-3.0278873443603516,-12.391670227050781,-2.167320966720581,-2.0203254222869873,20.274137496948242,20.336977005004883,0.0,-0.30000001192092896,-0.0,0.0,off
3.08,15.76990032196045,-3.0526175498962402,-12.401674270629883,-2.1830952167510986,-2.03660249710083,20.2930965423584,20.332483291625977,-0.0,-0.30000001192092896,-0.0,-0.0,off
3.1,15.749574661254883,-3.0723648071289062,-12.407797813415527,-2.194852113723755,-2.0524275302886963,20.284032821655273,20.327526092529297,0.0,-0.30000001192092896,-0.0,0.0,off
3.12,15.706623077392578,-3.11279559135437,-12.426413536071777,-2.2021758556365967,-2.0674023628234863,20.268281936645508,20.32145118713379,0.0,-0.30000001192092896,-0.0,0.0,off
3.14,15.69105052947998,-3.1232502460479736,-12.440580368041992,-2.215616464614868,-2.082223653793335,20.26651954650879,20.315813064575195,0.0,-0.30000001192092896,-0.0,0.0,off
3.16,15.685593605041504,-3.166278839111328,-12.427556991577148,-2.2287628650665283,-2.0968775749206543,20.2609806060791,20.3101749420166,-0.0,-0.30000001192092896,-0.0,-0.0,off
3.18,15.659226417541504,-3.2131025791168213,-12.419929504394531,-2.2409965991973877,-2.1112895011901855,20.243270874023438,20.303302764892578,-0.0,-0.30000001192092896,-0.0,-0.0,off
3.2,15.613091468811035,-3.2594761848449707,-12.413714408874512,-2.2437808513641357,-2.1245386600494385,20.211212158203125,20.293872833251953,-0.0,-0.30000001192092896,-0.0,-0.0,off
3.22,15.649928092956543,-3.285889148712158,-12.427420616149902,-2.2534384727478027,-2.1374285221099854,20.25235939025879,20.28952407836914,-0.0,-0.30000001192092896,-0.0,-0.0,off
3.24,15.655038833618164,-3.311058759689331,-12.421703338623047,-2.2673075199127197,-2.150416374206543,20.25690269470215,20.28607749938965,-0.0,-0.30000001192092896,-0.0,-0.0,off
3.2600000000000002,15.651261329650879,-3.355400800704956,-12.423084259033203,-2.2833902835845947,-2.1637136936187744,20.26212501525879,20.283479690551758,-0.0,-0.30000001192092896,-0.0,-0.0,off
3.2800000000000002,15.626091957092285,-3.375842809677124,-12.415298461914062,-2.2917721271514893,-2.1765193939208984,20.24131202697754,20.279064178466797,-0.0,-0.30000001192092896,-0.0,-0.0,off
3.3000000000000003,15.621634483337402,-3.392033100128174,-12.41115951538086,-2.296478271484375,-2.1885151863098145,20.238039016723633,20.274782180786133,-0.0,-0.30000001192092896,-0.0,-0.0,off
3.3200000000000003,15.61152458190918,-3.3993444442749023,-12.400766372680664,-2.3124172687530518,-2.2009053230285645,20.22509002685547,20.269655227661133,-0.0,-0.30000001192092896,-0.0,-0.0,off
3.34,15.615766525268555,-3.415452480316162,-12.379148483276367,-2.3322646617889404,-2.214041233062744,20.21783447265625,20.264333724975586,-0.0,-0.30000001192092896,-0.0,-0.0,off
3.36,15.59436321258545,-3.424177646636963,-12.351836204528809,-2.346942663192749,-2.2273313999176025,20.186059951782227,20.256380081176758,-0.0,-0.30000001192092896,-0.0,-0.0,off
3.38,15.585430145263672,-3.4603185653686523,-12.341567039489746,-2.351564645767212,-2.2397546768188477,20.179040908813477,20.248502731323242,-0.0,-0.30000001192092896,-0.0,-0.0,off
3.4,15.59730052947998,-3.505643367767334,-12.326642990112305,-2.360633611679077,-2.251842498779297,20.186912536621094,20.24217987060547,-0.0,-0.30000001192092896,-0.0,-0.0,off
3.42,15.562644004821777,-3.5222315788269043,-12.323616981506348,-2.3714873790740967,-2.2638070583343506,20.16118812561035,20.233922958374023,-0.0,-0.30000001192092896,-0.0,-0.0,off
3.44,15.556299209594727,-3.562788963317871,-12.321014404296875,-2.387563705444336,-2.2761826515197754,20.161827087402344,20.226537704467773,-0.0,-0.30000001192092896,-0.0,-0.0,off
3.46,15.561619758605957,-3.617283821105957,-12.309882164001465,-2.4007139205932617,-2.288635730743408,20.16883659362793,20.220558166503906,-0.0,-0.30000001192092896,-0.0,-0.0,off
3.48,15.529219627380371,-3.6586952209472656,-12.312749862670898,-2.4108264446258545,-2.3008546829223633,20.153076171875,20.213579177856445,-0.0,-0.30000001192092896,-0.0,-0.0,off
3.5,15.519486427307129,-3.6545610427856445,-12.334903717041016,-2.417135000228882,-2.3124825954437256,20.158376693725586,20.207874298095703,-0.0,-0.30000001192092896,-0.0,-0.0,off
3.52,15.51816463470459,-3.702136516571045,-12.341360092163086,-2.427194356918335,-2.323953628540039,20.16998863220215,20.203876495361328,-0.0,-0.30000001192092896,-0.0,-0.0,off
3.54,15.490596771240234,-3.769688606262207,-12.353492736816406,-2.436598300933838,-2.3352179527282715,20.16873550415039,20.200092315673828,-0.0,-0.30000001192092896,-0.0,-0.0,off
3.56,15.4893217086792,-3.816305637359619,-12.36966323852539,-2.446113348007202,-2.3463072776794434,20.18642807006836,20.19843864440918,-0.0,-0.30000001192092896,-0.0,-0.0,off
3.58,15.487969398498535,-3.834197521209717,-12.37606430053711,-2.4599192142486572,-2.357668399810791,20.192703247070312,20.197603225708008,-0.0,-0.30000001192092896,-0.0,-0.0,off
3.6,15.472979545593262,-3.8716659545898438,-12.371708869934082,-2.4766411781311035,-2.369565725326538,20.18568992614746,20.196144104003906,-0.0,-0.30000001192092896,-0.0,-0.0,off
3.62,15.430954933166504,-3.8766446113586426,-12.372920036315918,-2.492422103881836,-2.3818514347076416,20.155195236206055,20.19180679321289,-0.0,-0.30000001192092896,-0.0,-0.0,off
3.64,15.434276580810547,-3.9160428047180176,-12.35943603515625,-2.504032850265503,-2.3940696716308594,20.157081604003906,20.188087463378906,-0.0,-0.30000001192092896,-0.0,-0.0,off
3.66,15.442411422729492,-3.925635814666748,-12.358268737792969,-2.516791820526123,-2.406341791152954,20.164461135864258,20.185514450073242,0.0,-0.30000001192092896,-0.0,0.0,off
3.68,15.453841209411621,-3.935267925262451,-12.334817886352539,-2.5355112552642822,-2.4192585945129395,20.160736083984375,20.182859420776367,-0.0,-0.30000001192092896,-0.0,-0.0,off
3.7,15.443267822265625,-3.957170009613037,-12.318389892578125,-2.554558038711548,-2.432788372039795,20.14687156677246,20.179088592529297,-0.0,-0.30000001192092896,-0.0,-0.0,off
3.72,15.446274757385254,-3.991276264190674,-12.31235122680664,-2.5744431018829346,-2.446953773498535,20.15221405029297,20.176219940185547,-0.0,-0.30000001192092896,-0.0,-0.0,off
3.74,15.457587242126465,-3.9946112632751465,-12.295063972473145,-2.5905537605285645,-2.4613137245178223,20.15099334716797,20.173547744750977,-0.0,-0.30000001192092896,-0.0,-0.0,off
3.7600000000000002,15.477595329284668,-3.9841909408569336,-12.283052444458008,-2.6064438819885254,-2.4758267402648926,20.15696144104004,20.171775817871094,-0.0,-0.30000001192092896,-0.0,-0.0,off
3.7800000000000002,15.466276168823242,-4.00481653213501,-12.268414497375488,-2.626652479171753,-2.4909093379974365,20.143442153930664,20.16883087158203,-0.0,-0.30000001192092896,-0.0,-0.0,off
3.8000000000000003,15.469164848327637,-4.043826103210449,-12.248991012573242,-2.6476383209228516,-2.506582260131836,20.141632080078125,20.165977478027344,-0.0,-0.30000001192092896,-0.0,-0.0,off
3.8200000000000003,15.459925651550293,-4.0321269035339355,-12.238312721252441,-2.6600711345672607,-2.5219311714172363,20.125696182250977,20.161846160888672,-0.0,-0.30000001192092896,-0.0,-0.0,off
3.84,15.476300239562988,-4.0381317138671875,-12.211112976074219,-2.665661573410034,-2.536303997039795,20.122962951660156,20.15786361694336,-0.0,-0.30000001192092896,-0.0,-0.0,off
3.86,15.513833045959473,-4.063283443450928,-12.178937911987305,-2.677277088165283,-2.550401210784912,20.137422561645508,20.155702590942383,-0.0,-0.30000001192092896,-0.0,-0.0,off
3.88,15.54101276397705,-4.089282989501953,-12.151769638061523,-2.6944708824157715,-2.5648081302642822,20.147228240966797,20.15471839904785,-0.0,-0.30000001192092896,-0.0,-0.0,off
3.9,15.55408763885498,-4.110491752624512,-12.111775398254395,-2.719492197036743,-2.5802764892578125,20.137548446655273,20.15284538269043,-0.0,-0.30000001192092896,-0.0,-0.0,off
3.92,15.556242942810059,-4.137970924377441,-12.067415237426758,-2.7416696548461914,-2.5964157581329346,20.118200302124023,20.149198532104492,-0.0,-0.30000001192092896,-0.0,-0.0,off
3.94,15.551730155944824,-4.150401592254639,-12.040242195129395,-2.761898994445801,-2.612963914871216,20.100984573364258,20.14419937133789,-0.0,-0.30000001192092896,-0.0,-0.0,off
3.96,15.543121337890625,-4.163900375366211,-12.01588249206543,-2.7793149948120117,-2.62959885597229,20.08253288269043,20.137861251831055,-0.0,-0.30000001192092896,-0.0,-0.0,off
3.98,15.539833068847656,-4.17225980758667,-11.988348007202148,-2.800546407699585,-2.646693468093872,20.06525993347168,20.13043785095215,-0.0,-0.30000001192092896,-0.0,-0.0,off
4.0,15.541573524475098,-4.186962604522705,-11.946786880493164,-2.818427801132202,-2.6638667583465576,20.044872283935547,20.1217041015625,-0.0,-0.30000001192092896,-0.0,-0.0,off
4.0200000000000005,15.522290229797363,-4.204785346984863,-11.90013313293457,-2.8337788581848145,-2.6808578968048096,20.005870819091797,20.10993194580078,-0.0,-0.30000001192092896,-0.0,-0.0,off
4.04,15.479764938354492,-4.202925205230713,-11.88646411895752,-2.850464105606079,-2.6978182792663574,19.9643611907959,20.09522819519043,-0.0,-0.30000001192092896,-0.0,-0.0,off
4.0600000000000005,15.433363914489746,-4.194587230682373,-11.863062858581543,-2.868851900100708,-2.714921712875366,19.91269874572754,20.076862335205078,0.0,-0.30000001192092896,-0.0,0.0,off
4.08,15.396517753601074,-4.1743645668029785,-11.814350128173828,-2.884451150894165,-2.731874465942383,19.850868225097656,20.05416488647461,0.0,-0.30000001192092896,-0.0,0.0,off
4.1,15.379502296447754,-4.187277317047119,-11.764808654785156,-2.89147686958313,-2.7478346824645996,19.81093406677246,20.02972984313965,0.0,-0.30000001192092896,-0.0,0.0,off
4.12,15.363831520080566,-4.191878795623779,-11.722145080566406,-2.9005706310272217,-2.763108253479004,19.774423599243164,20.00408172607422,-0.0,-0.30000001192092896,-0.0,-0.0,off
4.14,15.331648826599121,-4.178306579589844,-11.706398010253906,-2.911815881729126,-2.7779788970947266,19.73720932006836,19.977310180664062,-0.0,-0.30000001192092896,-0.0,-0.0,off
4.16,15.320069313049316,-4.1854023933410645,-11.689766883850098,-2.925347328186035,-2.7927157878875732,19.719858169555664,19.95148468017578,-0.0,-0.30000001192092896,-0.0,-0.0,off
4.18,15.322893142700195,-4.180540084838867,-11.654937744140625,-2.9419095516204834,-2.8076350688934326,19.700395584106445,19.926292419433594,-0.0,-0.30000001192092896,-0.0,-0.0,off
4.2,15.32934856414795,-4.186334133148193,-11.620619773864746,-2.953376293182373,-2.822209119796753,19.686368942260742,19.90220832824707,-0.0,-0.30000001192092896,-0.0,-0.0,off
4.22,15.336983680725098,-4.205043792724609,-11.597757339477539,-2.967315196990967,-2.836719512939453,19.68282127380371,19.88016700744629,-0.0,-0.30000001192092896,-0.0,-0.0,off
4.24,15.308892250061035,-4.20979642868042,-11.569847106933594,-2.9897310733795166,-2.852020502090454,19.645505905151367,19.856605529785156,-0.0,-0.30000001192092896,-0.0,-0.0,off
4.26,15.316930770874023,-4.216217517852783,-11.52520751953125,-3.0131914615631104,-2.8681375980377197,19.626901626586914,19.83352279663086,-0.0,-0.30000001192092896,-0.0,-0.0,off
4.28,15.280221939086914,-4.232340335845947,-11.506150245666504,-3.02655291557312,-2.883979082107544,19.590543746948242,19.809123992919922,-0.0,-0.30000001192092896,-0.0,-0.0,off
4.3,15.29370403289795,-4.274633884429932,-11.512327194213867,-3.0361950397491455,-2.899200439453125,19.613861083984375,19.78948974609375,-0.0,-0.30000001192092896,-0.0,-0.0,off
4.32,15.31136703491211,-4.27187967300415,-11.502283096313477,-3.0498709678649902,-2.9142675399780273,19.62114715576172,19.772560119628906,-0.0,-0.30000001192092896,-0.0,-0.0,off
4.34,15.336077690124512,-4.292649745941162,-11.48471450805664,-3.0658185482025146,-2.929422378540039,19.63468360900879,19.7586612701416,-0.0,-0.30000001192092896,-0.0,-0.0,off
4.36,15.329290390014648,-4.310359001159668,-11.472405433654785,-3.0819203853607178,-2.944672107696533,19.62606430053711,19.745296478271484,-0.0,-0.30000001192092896,-0.0,-0.0,off
4.38,15.353676795959473,-4.330654144287109,-11.444464683532715,-3.0958895683288574,-2.95979380607605,19.633281707763672,19.73396873474121,-0.0,-0.30000001192092896,-0.0,-0.0,off
4.4,15.355344772338867,-4.372457981109619,-11.391632080078125,-3.111588716506958,-2.974973201751709,19.613115310668945,19.721712112426758,-0.0,-0.30000001192092896,-0.0,-0.0,off
4.42,15.361516952514648,-4.428420543670654,-11.352556228637695,-3.1259148120880127,-2.990067481994629,19.607847213745117,19.710098266601562,0.0,-0.30000001192092896,-0.0,0.0,off
4.44,15.370938301086426,-4.525066375732422,-11.303777694702148,-3.1436679363250732,-3.005427598953247,19.609113693237305,19.69965934753418,-0.0,-0.30000001192092896,-0.0,-0.0,off
4.46,15.342065811157227,-4.623443603515625,-11.234573364257812,-3.1544644832611084,-3.0203311443328857,19.56964111328125,19.68617057800293,-0.0,-0.30000001192092896,-0.0,-0.0,off
4.48,15.34522533416748,-4.694610118865967,-11.183223724365234,-3.1647307872772217,-3.034770965576172,19.559646606445312,19.672943115234375,-0.0,-0.30000001192092896,-0.0,-0.0,off
4.5,15.350016593933105,-4.786240100860596,-11.104402542114258,-3.178654432296753,-3.049159049987793,19.54069709777832,19.65896987915039,-0.0,-0.30000001192092896,-0.0,-0.0,off
4.5200000000000005,15.359034538269043,-4.824316501617432,-11.0372896194458,-3.1921374797821045,-3.0634570121765137,19.51911163330078,19.644201278686523,-0.0,-0.30000001192092896,-0.0,-0.0,off
4.54,15.367255210876465,-4.868764877319336,-10.983500480651855,-3.2001702785491943,-3.0771284103393555,19.50627326965332,19.629596710205078,-0.0,-0.30000001192092896,-0.0,-0.0,off
4.5600000000000005,15.348258018493652,-4.842948913574219,-10.94318962097168,-3.198953866958618,-3.089310646057129,19.462182998657227,19.612194061279297,-0.0,-0.30000001192092896,-0.0,-0.0,off
4.58,15.322712898254395,-4.818284511566162,-10.897502899169922,-3.202671527862549,-3.100646734237671,19.410228729248047,19.591449737548828,-0.0,-0.30000001192092896,-0.0,-0.0,off
4.6000000000000005,15.369839668273926,-4.769856929779053,-10.812480926513672,-3.210764169692993,-3.1116583347320557,19.38796615600586,19.5705623626709,-0.0,-0.30000001192092896,-0.0,-0.0,off
4.62,15.38120174407959,-4.7581329345703125,-10.765707969665527,-3.2147791385650635,-3.1219704151153564,19.368057250976562,19.549806594848633,-0.0,-0.30000001192092896,-0.0,-0.0,off
4.64,15.35950756072998,-4.797295093536377,-10.705310821533203,-3.2161779403686523,-3.1313910484313965,19.326980590820312,19.526988983154297,-0.0,-0.30000001192092896,-0.0,-0.0,off
4.66,15.359980583190918,-4.815312385559082,-10.64560317993164,-3.218966484069824,-3.140148401260376,19.298837661743164,19.503623962402344,-0.0,-0.30000001192092896,-0.0,-0.0,off
4.68,15.34921932220459,-4.842025279998779,-10.541178703308105,-3.2291228771209717,-3.149045705795288,19.239547729492188,19.4765682220459,-0.0,-0.30000001192092896,-0.0,-0.0,off
4.7,15.369656562805176,-4.873730182647705,-10.440446853637695,-3.247892141342163,-3.1589303016662598,19.20891761779785,19.449026107788086,-0.0,-0.30000001192092896,-0.0,-0.0,off
4.72,15.3633394241333,-4.86937952041626,-10.325005531311035,-3.260132074356079,-3.1690502166748047,19.140239715576172,19.417287826538086,-0.0,-0.30000001192092896,-0.0,-0.0,off
4.74,15.365986824035645,-4.913551330566406,-10.207846641540527,-3.2649309635162354,-3.178638219833374,19.090747833251953,19.38361167907715,-0.0,-0.30000001192092896,-0.0,-0.0,off
4.76,15.342143058776855,-4.981132507324219,-10.068024635314941,-3.2738430500030518,-3.1881585121154785,19.01468276977539,19.345474243164062,-0.0,-0.30000001192092896,-0.0,-0.0,off
4.78,15.346951484680176,-5.031432151794434,-9.917078018188477,-3.2895209789276123,-3.1982946395874023,18.95237922668457,19.304651260375977,-0.0,-0.30000001192092896,-0.0,-0.0,off
4.8,15.359561920166016,-5.089499473571777,-9.760424613952637,-3.299497604370117,-3.2084150314331055,18.89669418334961,19.26202964782715,-0.0,-0.30000001192092896,-0.0,-0.0,off
4.82,15.369612693786621,-5.1303229331970215,-9.58864974975586,-3.3088009357452393,-3.2184536457061768,18.827836990356445,19.216459274291992,-0.0,-0.30000001192092896,-0.0,-0.0,off
4.84,15.376325607299805,-5.138608455657959,-9.425882339477539,-3.3155314922332764,-3.228161334991455,18.753238677978516,19.16777229309082,-0.0,-0.30000001192092896,-0.0,-0.0,off
4.86,15.407341957092285,-5.1562347412109375,-9.265649795532227,-3.3295657634735107,-3.2383017539978027,18.703615188598633,19.118724822998047,-0.0,-0.30000001192092896,-0.0,-0.0,off
4.88,15.434615135192871,-5.138190746307373,-9.063901901245117,-3.352555990219116,-3.2497270107269287,18.622100830078125,19.066057205200195,-0.0,-0.30000001192092896,-0.0,-0.0,off
4.9,15.45682144165039,-5.1344404220581055,-8.863748550415039,-3.365143299102783,-3.261268377304077,18.542972564697266,19.010353088378906,-0.0,-0.30000001192092896,-0.0,-0.0,off
4.92,15.488753318786621,-5.187496662139893,-8.68593692779541,-3.3674871921539307,-3.271890163421631,18.500192642211914,18.955549240112305,-0.0,-0.30000001192092896,-0.0,-0.0,off
4.94,15.54369068145752,-5.103733062744141,-8.562872886657715,-3.3615856170654297,-3.2808594703674316,18.46556854248047,18.902841567993164,-0.0,-0.30000001192092896,-0.0,-0.0,off
4.96,15.616354942321777,-5.016403675079346,-8.393028259277344,-3.353482484817505,-3.2881217002868652,18.424922943115234,18.851057052612305,-0.0,-0.30000001192092896,-0.0,-0.0,off
4.98,15.689908027648926,-4.893081188201904,-8.278564453125,-3.337897539138794,-3.2930991649627686,18.402448654174805,18.80219268798828,-0.0,-0.30000001192092896,-0.0,-0.0,off
5.0,15.711752891540527,-4.72035551071167,-8.248004913330078,-3.30842661857605,-3.2946319580078125,18.36220359802246,18.75467300415039,-0.0,-0.30000001192092896,-0.0,-0.0,off
5.0200000000000005,15.659750938415527,-4.541135311126709,-7.908237457275391,-3.2812888622283936,-3.293297529220581,18.121532440185547,18.6867618560791,-0.0,-0.30000001192092896,-0.0,-0.0,off
5.04,15.490803718566895,-4.357236385345459,-7.198910713195801,-3.255934715270996,-3.2895612716674805,17.628807067871094,18.573087692260742,-0.0,-0.20000000298023224,-0.0,-0.0,off
5.0600000000000005,15.268712997436523,-4.148303031921387,-6.461560249328613,-3.208296060562134,-3.2814347743988037,17.09075164794922,18.412961959838867,-0.0,-0.20000000298023224,-0.0,-0.0,off
5.08,15.009801864624023,-3.8990607261657715,-5.7311906814575195,-3.1103343963623047,-3.26432466506958,16.533100128173828,18.208599090576172,-0.0,-0.20000000298023224,-0.0,-0.0,off
5.1000000000000005,14.69178295135498,-3.1595191955566406,-4.636308670043945,-2.9246761798858643,-3.2303597927093506,15.726613998413086,17.931997299194336,-0.0,-0.20000000298023224,-0.0,-0.0,off
5.12,14.326865196228027,-1.8792555332183838,-3.409230947494507,-2.750715970993042,-3.1823954582214355,14.846329689025879,17.571317672729492,-0.0,-0.20000000298023224,-0.0,-0.0,off
5.14,14.092164039611816,-0.7261052131652832,-2.203779935836792,-2.598475694656372,-3.1240034103393555,14.281909942626953,17.157827377319336,-0.0,-0.20000000298023224,-0.0,-0.0,off
5.16,14.119110107421875,0.019029855728149414,-1.2062394618988037,-2.458966016769409,-3.057499647140503,14.17055606842041,16.746688842773438,-0.0,-0.20000000298023224,-0.0,-0.0,off
5.18,14.305968284606934,0.3247261643409729,-0.5479152202606201,-2.3328278064727783,-2.985032320022583,14.320138931274414,16.381776809692383,-0.0,-0.20000000298023224,-0.0,-0.0,off
5.2,14.731412887573242,0.2897845506668091,-0.35819411277770996,-2.269080877304077,-2.9134368896484375,14.738615989685059,16.106929779052734,-0.0,-0.20000000298023224,-0.0,-0.0,off
5.22,15.01803970336914,-0.029619991779327393,-0.5285193920135498,-2.22768235206604,-2.8448615074157715,15.027365684509277,15.915488243103027,-0.0,-0.20000000298023224,-0.0,-0.0,off
5.24,15.478511810302734,-0.37665855884552,-0.8138024806976318,-2.187764883041382,-2.779151678085327,15.504467010498047,15.814637184143066,-0.0,-0.20000000298023224,-0.0,-0.0,off
5.26,15.973176956176758,-0.7040916681289673,-0.9891517162322998,-2.1167144775390625,-2.7129077911376953,16.019254684448242,15.791122436523438,-0.0,-0.20000000298023224,-0.0,-0.0,off
5.28,16.698822021484375,-0.9864956140518188,-0.8392236232757568,-2.0247607231140137,-2.6440930366516113,16.748973846435547,15.848185539245605,-0.0,-0.20000000298023224,-0.0,-0.0,off
5.3,17.238704681396484,-1.2172603607177734,-0.3400695323944092,-2.0242631435394287,-2.5821099281311035,17.28497314453125,15.951457977294922,-0.0,-0.20000000298023224,-0.0,-0.0,off
5.32,17.80148696899414,-1.2797460556030273,0.12669682502746582,-2.013078212738037,-2.5252065658569336,17.847877502441406,16.09912872314453,-0.0,-0.20000000298023224,-0.0,-0.0,off
5.34,18.29924774169922,-1.146897792816162,0.55580735206604,-1.9917362928390503,-2.4718594551086426,18.34357452392578,16.280744552612305,-0.0,-0.20000000298023224,-0.0,-0.0,off
5.36,18.670551300048828,-1.0839927196502686,0.7768681049346924,-1.9253445863723755,-2.417207956314087,18.718120574951172,16.485843658447266,-0.0,-0.20000000298023224,-0.0,-0.0,off
5.38,18.875375747680664,-1.0292459726333618,0.8591644763946533,-1.8685001134872437,-2.362337112426758,18.922931671142578,16.69725799560547,-0.0,-0.20000000298023224,-0.0,-0.0,off
5.4,19.046335220336914,-0.9179210662841797,0.8344395160675049,-1.8210006952285767,-2.3082034587860107,19.08669090270996,16.910478591918945,-0.0,-0.20000000298023224,-0.0,-0.0,off
5.42,19.162687301635742,-0.8847440481185913,0.7605555057525635,-1.7733386754989624,-2.2547168731689453,19.198171615600586,17.11968994140625,-0.0,-0.20000000298023224,-0.0,-0.0,off
5.44,19.17414665222168,-0.8641195297241211,0.6540796756744385,-1.7222295999526978,-2.201467990875244,19.204750061035156,17.31383514404297,-0.0,-0.20000000298023224,-0.0,-0.0,off
5.46,19.12763786315918,-0.9225084781646729,0.4554617404937744,-1.6519912481307983,-2.1465201377868652,19.15528678894043,17.488643646240234,-0.0,-0.20000000298023224,-0.0,-0.0,off
5.48,18.96963882446289,-1.169184684753418,0.2036592960357666,-1.56546151638031,-2.088414192199707,19.00672721862793,17.635454177856445,-0.0,-0.20000000298023224,-0.0,-0.0,off
5.5,18.587987899780273,-1.2298450469970703,0.16836953163146973,-1.4802101850509644,-2.0275938510894775,18.629390716552734,17.731229782104492,-0.0,-0.20000000298023224,-0.0,-0.0,off
5.5200000000000005,18.197507858276367,-1.3154703378677368,0.13039135932922363,-1.3996609449386597,-1.9648005962371826,18.245458602905273,17.780061721801758,-0.0,-0.20000000298023224,-0.0,-0.0,off
5.54,17.773441314697266,-1.545562505722046,-0.2650430202484131,-1.3141039609909058,-1.8997308015823364,17.842483520507812,17.785579681396484,-0.0,-0.20000000298023224,-0.0,-0.0,off
5.5600000000000005,17.174097061157227,-1.7547106742858887,-0.6728217601776123,-1.2407275438308716,-1.83383047580719,17.276611328125,17.734222412109375,-0.0,-0.20000000298023224,-0.0,-0.0,off
5.58,16.140501022338867,-1.9969661235809326,-1.180433988571167,-1.2163301706314087,-1.772080421447754,16.306350708007812,17.589292526245117,-0.0,-0.20000000298023224,-0.0,-0.0,off
5.6000000000000005,15.285055160522461,-2.2561845779418945,-1.6374166011810303,-1.196051001548767,-1.7144774198532104,15.53719425201416,17.378570556640625,-0.0,-0.20000000298023224,-0.0,-0.0,off
5.62,14.643349647521973,-2.5626749992370605,-2.099536657333374,-1.1587384939193726,-1.6589034795761108,15.013428688049316,17.131568908691406,-0.0,-0.20000000298023224,-0.0,-0.0,off
5.64,13.9943265914917,-2.8290011882781982,-2.553880453109741,-1.110254168510437,-1.6040385961532593,14.504024505615234,16.852373123168945,-0.0,-0.20000000298023224,-0.0,-0.0,off
5.66,13.613027572631836,-3.138535499572754,-3.068795919418335,-1.0608717203140259,-1.5497219562530518,14.303231239318848,16.5736083984375,-0.0,-0.20000000298023224,-0.0,-0.0,off
5.68,13.301079750061035,-3.5328941345214844,-3.636798620223999,-1.0459550619125366,-1.499345302581787,14.234688758850098,16.306119918823242,-0.0,-0.20000000298023224,-0.0,-0.0,off
5.7,12.986717224121094,-3.79093599319458,-4.135882377624512,-1.0429402589797974,-1.453704833984375,14.146785736083984,16.049171447753906,-0.0,-0.20000000298023224,-0.0,-0.0,off
5.72,12.721037864685059,-4.09224271774292,-4.649667739868164,-1.027912974357605,-1.411125659942627,14.14887523651123,15.810081481933594,-0.0,-0.20000000298023224,-0.0,-0.0,off
5.74,12.685596466064453,-4.283561706542969,-4.970536231994629,-1.0070720911026,-1.3707202672958374,14.28213882446289,15.607817649841309,-0.0,-0.20000000298023224,-0.0,-0.0,off
5.76,12.665274620056152,-4.503042697906494,-5.303685188293457,-0.9884164929389954,-1.3324898481369019,14.450454711914062,15.442068099975586,-0.0,-0.20000000298023224,-0.0,-0.0,off
5.78,12.556864738464355,-4.687747955322266,-5.599913597106934,-0.9898298382759094,-1.2982237339019775,14.526144027709961,15.300605773925781,-0.0,-0.20000000298023224,-0.0,-0.0,off
5.8,12.365996360778809,-4.885433673858643,-5.765155792236328,-0.9841294884681702,-1.2668143510818481,14.492147445678711,15.17164421081543,-0.0,-0.20000000298023224,-0.0,-0.0,off
5.82,12.474381446838379,-5.018223285675049,-5.786932945251465,-0.9565008282661438,-1.2357829809188843,14.638352394104004,15.077956199645996,-0.0,-0.20000000298023224,-0.0,-0.0,off
5.84,12.383515357971191,-5.267977237701416,-5.844857215881348,-0.9413908123970032,-1.2063437700271606,14.67192554473877,14.999821662902832,-0.0,-0.20000000298023224,-0.0,-0.0,off
5.86,12.083514213562012,-5.412827491760254,-5.8718061447143555,-0.9437330365180969,-1.1800826787948608,14.484065055847168,14.912811279296875,0.0,-0.20000000298023224,-0.0,0.0,off
5.88,11.9005708694458,-5.527740001678467,-5.854587554931641,-0.9450326561927795,-1.156577706336975,14.368565559387207,14.826652526855469,-0.0,-0.20000000298023224,-0.0,-0.0,off
5.9,11.729100227355957,-5.691930294036865,-5.770280838012695,-0.9361706376075745,-1.1345369815826416,14.257139205932617,14.741310119628906,-0.0,-0.20000000298023224,-0.0,-0.0,off
5.92,11.451111793518066,-5.900175094604492,-5.744211196899414,-0.9105048775672913,-1.1121337413787842,14.104467391967773,14.649740219116211,0.0,-0.20000000298023224,-0.0,0.0,off
5.94,11.250744819641113,-6.160619735717773,-5.582924842834473,-0.8902543187141418,-1.089945673942566,13.989336967468262,14.557293891906738,-0.0,-0.20000000298023224,-0.0,-0.0,off
5.96,11.085335731506348,-6.456221103668213,-5.358654022216797,-0.8767970204353333,-1.0686308145523071,13.902612686157227,14.466447830200195,-0.0,-0.20000000298023224,-0.0,-0.0,off
5.98,10.89875316619873,-7.059389591217041,-4.858884811401367,-0.8841455578804016,-1.0501823425292969,13.864579200744629,14.376983642578125,-0.0,-0.20000000298023224,-0.0,-0.0,off
6.0,10.69034481048584,-7.853936672210693,-4.18819522857666,-0.8886597752571106,-1.0340300798416138,13.91074275970459,14.290449142456055,-0.0,-0.20000000298023224,-0.0,-0.0,off
6.0200000000000005,10.438464164733887,-7.981213092803955,-3.5864531993865967,-0.8777723908424377,-1.018404245376587,13.62071704864502,14.183732986450195,-0.0,-0.20000000298023224,-0.0,-0.0,off
6.04,10.321643829345703,-8.077198028564453,-3.174450635910034,-0.8662024140357971,-1.0031840801239014,13.485347747802734,14.075892448425293,-0.0,-0.20000000298023224,-0.0,-0.0,off
6.0600000000000005,10.205013275146484,-8.03120231628418,-3.148374319076538,-0.8383110165596008,-0.986696720123291,13.362438201904297,13.97301197052002,-0.0,-0.20000000298023224,-0.0,-0.0,off
6.08,10.005459785461426,-8.0694580078125,-3.5887277126312256,-0.797833263874054,-0.967810332775116,13.345573425292969,13.884194374084473,-0.0,-0.20000000298023224,-0.0,-0.0,off
6.1000000000000005,9.809020042419434,-7.7840800285339355,-4.15788459777832,-0.7774294018745422,-0.9487721920013428,13.194574356079102,13.79660415649414,-0.0,-0.20000000298023224,-0.0,-0.0,off
6.12,9.856149673461914,-7.680636882781982,-4.377850532531738,-0.8262179493904114,-0.9365167617797852,13.240144729614258,13.726890563964844,-0.0,-0.20000000298023224,-0.0,-0.0,off
6.140000000000001,9.884297370910645,-8.26974105834961,-5.4530439376831055,-0.8883600831031799,-0.9317010641098022,13.99370002746582,13.731064796447754,0.0,-0.20000000298023224,-0.0,0.0,off
6.16,9.797085762023926,-8.322668075561523,-5.485134124755859,-0.9581082463264465,-0.9343417882919312,13.976280212402344,13.735780715942383,-0.0,-0.20000000298023224,-0.0,-0.0,off
6.18,9.912694931030273,-8.131977081298828,-5.277863502502441,-0.9827125668525696,-0.9391788244247437,13.86529541015625,13.736525535583496,-0.0,-0.20000000298023224,-0.0,-0.0,off
6.2,9.970431327819824,-8.136775970458984,-5.119503974914551,-0.9929357171058655,-0.9445545077323914,13.85012435913086,13.739036560058594,-0.0,-0.20000000298023224,-0.0,-0.0,off
6.22,10.084707260131836,-8.172712326049805,-4.736649513244629,-1.0198649168014526,-0.9520854949951172,13.817756652832031,13.74094009399414,-0.0,-0.20000000298023224,-0.0,-0.0,off
6.24,10.419160842895508,-8.24393081665039,-4.459156036376953,-1.0631803274154663,-0.9631949663162231,14.014470100402832,13.764349937438965,-0.0,-0.20000000298023224,-0.0,-0.0,off
6.26,10.747387886047363,-8.284875869750977,-4.172252655029297,-1.093549370765686,-0.9762303829193115,14.196943283081055,13.804399490356445,-0.0,-0.20000000298023224,-0.0,-0.0,off
6.28,10.672774314880371,-8.312313079833984,-4.157458305358887,-1.0678991079330444,-0.985397219657898,14.152283668518066,13.836280822753906,-0.0,-0.20000000298023224,-0.0,-0.0,off
6.3,10.69276237487793,-8.323934555053711,-4.147682189941406,-1.0503913164138794,-0.9918965697288513,14.171320915222168,13.867401123046875,-0.0,-0.20000000298023224,-0.0,-0.0,off
6.32,10.88452434539795,-8.44668960571289,-4.096930503845215,-1.046120047569275,-0.9973188638687134,14.373735427856445,13.915803909301758,-0.0,-0.20000000298023224,-0.0,-0.0,off
6.34,11.048940658569336,-8.468151092529297,-4.116060256958008,-1.0301884412765503,-1.000605821609497,14.516563415527344,13.974267959594727,-0.0,-0.20000000298023224,-0.0,-0.0,off
6.36,11.225125312805176,-8.427694320678711,-4.100136756896973,-1.0122989416122437,-1.0017751455307007,14.623289108276367,14.038029670715332,-0.0,-0.20000000298023224,-0.0,-0.0,off
6.38,11.327752113342285,-8.286825180053711,-3.99161696434021,-0.9903791546821594,-1.0006355047225952,14.591861724853516,14.092357635498047,-0.0,-0.20000000298023224,-0.0,-0.0,off
6.4,11.468923568725586,-7.948375225067139,-3.815938711166382,-0.9681037068367004,-0.9973822832107544,14.466314315795898,14.128173828125,-0.0,-0.20000000298023224,-0.0,-0.0,off
6.42,11.77337646484375,-7.31240177154541,-3.366342306137085,-0.9569490551948547,-0.993338942527771,14.262393951416016,14.13576602935791,-0.0,-0.20000000298023224,-0.0,-0.0,off
6.44,12.182469367980957,-6.870527267456055,-2.9228503704071045,-0.9502094388008118,-0.9890259504318237,14.288448333740234,14.138875007629395,-0.0,-0.20000000298023224,-0.0,-0.0,off
6.46,12.41610336303711,-6.659609317779541,-2.752174139022827,-0.935969889163971,-0.9837203025817871,14.355642318725586,14.146462440490723,0.0,-0.20000000298023224,-0.0,0.0,off
6.48,12.791943550109863,-6.337117671966553,-2.516313314437866,-0.926147997379303,-0.9779630899429321,14.495678901672363,14.162830352783203,-0.0,-0.20000000298023224,-0.0,-0.0,off
6.5,12.786636352539062,-6.330069541931152,-2.2842748165130615,-0.9187009930610657,-0.9720368385314941,14.449419975280762,14.174365997314453,-0.0,-0.20000000298023224,-0.0,-0.0,off
6.5200000000000005,12.785401344299316,-5.889856815338135,-1.8499352931976318,-0.9235818982124329,-0.9671912789344788,14.197857856750488,14.154778480529785,-0.0,-0.20000000298023224,-0.0,-0.0,off
6.54,12.83320140838623,-5.151476860046387,-1.3839309215545654,-0.9252055287361145,-0.9629926681518555,13.897626876831055,14.097620964050293,-0.0,-0.20000000298023224,-0.0,-0.0,off
6.5600000000000005,12.749924659729004,-4.333827495574951,-0.9284522533416748,-0.9154587388038635,-0.9582392573356628,13.498320579528809,13.99552059173584,-0.0,-0.20000000298023224,-0.0,-0.0,off
6.58,12.697602272033691,-3.52012300491333,-0.46223998069763184,-0.9142318367958069,-0.9538384675979614,13.184614181518555,13.859546661376953,-0.0,-0.20000000298023224,-0.0,-0.0,off
6.6000000000000005,12.571564674377441,-3.0861353874206543,-0.053792715072631836,-0.9153993725776672,-0.9499945044517517,12.94493579864502,13.709123611450195,-0.0,-0.20000000298023224,-0.0,-0.0,off
6.62,12.318089485168457,-2.7415904998779297,0.2207186222076416,-0.9016278386116028,-0.9451577663421631,12.621424674987793,13.542440414428711,-0.0,-0.20000000298023224,-0.0,-0.0,off
6.640000000000001,12.294329643249512,-2.4228672981262207,0.3756535053253174,-0.8764806389808655,-0.938289999961853,12.53642463684082,13.385196685791016,-0.0,-0.20000000298023224,-0.0,-0.0,off
6.66,12.185912132263184,-2.259434223175049,0.5212681293487549,-0.850917637348175,-0.9295527338981628,12.40456485748291,13.235527038574219,-0.0,-0.20000000298023224,-0.0,-0.0,off
6.68,12.319809913635254,-2.2766237258911133,0.6512167453765869,-0.8470068573951721,-0.9212981462478638,12.545310020446777,13.121434211730957,-0.0,-0.20000000298023224,-0.0,-0.0,off
6.7,12.322291374206543,-2.478090524673462,0.5845510959625244,-0.8360598683357239,-0.9127743244171143,12.582587242126465,13.034808158874512,-0.0,-0.20000000298023224,-0.0,-0.0,off
6.72,12.379806518554688,-2.5917787551879883,0.677375078201294,-0.8134530186653137,-0.9028421640396118,12.6663236618042,12.971264839172363,-0.0,-0.20000000298023224,-0.0,-0.0,off
6.74,12.496054649353027,-2.547368288040161,0.8598425388336182,-0.7919443249702454,-0.8917523622512817,12.782010078430176,12.927255630493164,-0.0,-0.20000000298023224,-0.0,-0.0,off
6.76,12.515061378479004,-2.567821979522705,0.9552652835845947,-0.772322952747345,-0.8798093795776367,12.811440467834473,12.894248008728027,-0.0,-0.20000000298023224,-0.0,-0.0,off
6.78,12.55530071258545,-2.6505091190338135,1.0785009860992432,-0.7520998120307922,-0.867038369178772,12.877264976501465,12.874390602111816,-0.0,-0.20000000298023224,-0.0,-0.0,off
6.8,12.716903686523438,-2.633767604827881,1.1818583011627197,-0.7366085648536682,-0.8539953827857971,13.040443420410156,12.874613761901855,-0.0,-0.20000000298023224,-0.0,-0.0,off
6.82,12.880086898803711,-2.6284656524658203,1.3066284656524658,-0.7064722180366516,-0.8392430543899536,13.2103271484375,12.893257141113281,-0.0,-0.20000000298023224,-0.0,-0.0,off
6.84,12.957154273986816,-2.628809690475464,1.3625710010528564,-0.6761987805366516,-0.8229385614395142,13.291166305541992,12.920324325561523,-0.0,-0.20000000298023224,-0.0,-0.0,off
6.86,13.026089668273926,-2.613805055618286,1.2801153659820557,-0.6472535729408264,-0.805370032787323,13.347272872924805,12.953330993652344,-0.0,-0.20000000298023224,-0.0,-0.0,off
6.88,12.986748695373535,-2.5073423385620117,1.2972462177276611,-0.6199668049812317,-0.7868297100067139,13.290043830871582,12.978385925292969,-0.0,-0.20000000298023224,-0.0,-0.0,off
6.9,13.07399845123291,-2.5129659175872803,1.1681568622589111,-0.5865419507026672,-0.7668008804321289,13.364468574523926,13.010866165161133,-0.0,-0.20000000298023224,-0.0,-0.0,off
6.92,13.281813621520996,-2.315645217895508,1.0851337909698486,-0.5520098805427551,-0.7453217506408691,13.525764465332031,13.056344985961914,-0.0,-0.20000000298023224,-0.0,-0.0,off
6.94,13.277937889099121,-2.1814727783203125,1.1107652187347412,-0.5210958123207092,-0.7228991389274597,13.501713752746582,13.095001220703125,-0.0,-0.20000000298023224,-0.0,-0.0,off
6.96,13.26522159576416,-2.1470184326171875,1.150933027267456,-0.495014488697052,-0.700110673904419,13.48704719543457,13.129076957702637,-0.0,-0.20000000298023224,-0.0,-0.0,off
6.98,13.262566566467285,-2.128967523574829,1.3080041408538818,-0.47700315713882446,-0.6777999401092529,13.495890617370605,13.16080379486084,-0.0,-0.20000000298023224,-0.0,-0.0,off
7.0,13.35554027557373,-2.0915110111236572,1.4765222072601318,-0.454839289188385,-0.6555038690567017,13.598712921142578,13.19946575164795,-0.0,-0.20000000298023224,-0.0,-0.0,off
7.0200000000000005,13.460782051086426,-2.02012300491333,1.5845487117767334,-0.43622857332229614,-0.6335763335227966,13.703442573547363,13.2446928024292,0.0,-0.20000000298023224,-0.0,0.0,off
7.04,13.52205753326416,-1.9631900787353516,1.6920692920684814,-0.4237666726112366,-0.6125953197479248,13.768197059631348,13.291958808898926,-0.0,-0.20000000298023224,-0.0,-0.0,off
7.0600000000000005,13.51929759979248,-1.9313762187957764,1.8198559284210205,-0.4168749451637268,-0.5930232405662537,13.777281761169434,13.335530281066895,0.0,-0.20000000298023224,-0.0,0.0,off
7.08,13.535462379455566,-1.8344478607177734,1.9222486019134521,-0.4055061936378479,-0.574271559715271,13.793802261352539,13.376279830932617,-0.0,-0.20000000298023224,-0.0,-0.0,off
7.1000000000000005,13.60237979888916,-1.7039403915405273,2.044484853744507,-0.398682177066803,-0.5567126274108887,13.860304832458496,13.419179916381836,-0.0,-0.20000000298023224,-0.0,-0.0,off
7.12,13.70038890838623,-1.6017136573791504,2.10834002494812,-0.3966568112373352,-0.5407070517539978,13.953897476196289,13.467277526855469,-0.0,-0.20000000298023224,-0.0,-0.0,off
7.140000000000001,13.828656196594238,-1.4457993507385254,2.173571825027466,-0.39963895082473755,-0.5266002416610718,14.072898864746094,13.522231101989746,-0.0,-0.20000000298023224,-0.0,-0.0,off
7.16,13.971880912780762,-1.2425308227539062,2.2196004390716553,-0.4079626202583313,-0.5147364735603333,14.201547622680664,13.584087371826172,-0.0,-0.20000000298023224,-0.0,-0.0,off
7.18,14.099817276000977,-1.0134987831115723,2.2814528942108154,-0.41507488489151,-0.5047703385353088,14.319114685058594,13.650762557983398,-0.0,-0.20000000298023224,-0.0,-0.0,off
7.2,14.264444351196289,-0.8031822443008423,2.3279716968536377,-0.4238200783729553,-0.4966752827167511,14.475459098815918,13.7258882522583,-0.0,-0.20000000298023224,-0.0,-0.0,off
7.22,14.338604927062988,-0.6078829765319824,2.4275753498077393,-0.4303305745124817,-0.4900408089160919,14.555351257324219,13.800926208496094,-0.0,-0.20000000298023224,-0.0,-0.0,off
7.24,14.512856483459473,-0.39524316787719727,2.5322654247283936,-0.42892152070999146,-0.4839288890361786,14.737421035766602,13.885976791381836,-0.0,-0.20000000298023224,-0.0,-0.0,off
7.26,14.679706573486328,-0.07794308662414551,2.7164289951324463,-0.40908151865005493,-0.47644415497779846,14.92912769317627,13.979700088500977,-0.0,-0.20000000298023224,-0.0,-0.0,off
7.28,14.800660133361816,0.47144871950149536,3.0504024028778076,-0.37377673387527466,-0.46617740392684937,15.119086265563965,14.07759952545166,-0.0,-0.20000000298023224,-0.0,-0.0,off
7.3,14.989313125610352,1.0860252380371094,3.3571603298187256,-0.3481443524360657,-0.4543741047382355,15.399009704589844,14.187378883361816,-0.0,-0.20000000298023224,-0.0,-0.0,off
7.32,15.133247375488281,1.2659142017364502,3.485895872116089,-0.3301315903663635,-0.44194984436035156,15.581052780151367,14.305891990661621,-0.0,-0.20000000298023224,-0.0,-0.0,off
7.34,15.260112762451172,1.4236118793487549,3.6360814571380615,-0.3122411370277405,-0.42897894978523254,15.751787185668945,14.431127548217773,-0.0,-0.20000000298023224,-0.0,-0.0,off
7.36,15.5021333694458,1.651915431022644,3.8264691829681396,-0.29128795862197876,-0.4152098298072815,16.052627563476562,14.574320793151855,-0.0,-0.20000000298023224,-0.0,-0.0,off
7.38,15.699247360229492,1.8147815465927124,4.0109052658081055,-0.2678690552711487,-0.40047574043273926,16.304821014404297,14.729657173156738,-0.0,-0.20000000298023224,-0.0,-0.0,off
7.4,15.965205192565918,2.0700719356536865,4.21486759185791,-0.24619656801223755,-0.3850478231906891,16.641456604003906,14.903206825256348,-0.0,-0.20000000298023224,-0.0,-0.0,off
7.42,16.13154411315918,2.302187204360962,4.457719802856445,-0.217121422290802,-0.3682551980018616,16.893728256225586,15.084627151489258,-0.0,-0.20000000298023224,-0.0,-0.0,off
7.44,16.387136459350586,2.5630247592926025,4.712379455566406,-0.18932682275772095,-0.3503623306751251,17.24279022216797,15.28271770477295,-0.0,-0.20000000298023224,-0.0,-0.0,off
7.46,16.612165451049805,2.7436108589172363,4.971706390380859,-0.16434627771377563,-0.3317607343196869,17.555891036987305,15.49312973022461,-0.0,-0.20000000298023224,-0.0,-0.0,off
7.48,16.784814834594727,2.870671033859253,5.184894561767578,-0.14184457063674927,-0.3127690851688385,17.800390243530273,15.70842170715332,-0.0,-0.20000000298023224,-0.0,-0.0,off
7.5,16.98575782775879,3.0805466175079346,5.4332990646362305,-0.11943823844194412,-0.2934359908103943,18.097692489624023,15.932254791259766,-0.0,-0.20000000298023224,-0.0,-0.0,off
7.5200000000000005,17.209062576293945,3.3319778442382812,5.7359819412231445,-0.08940798789262772,-0.27303317189216614,18.443302154541016,16.167949676513672,-0.0,-0.20000000298023224,-0.0,-0.0,off
7.54,17.350069046020508,3.648315668106079,6.039134979248047,-0.04914242774248123,-0.25064408779144287,18.72982406616211,16.40763282775879,-0.0,-0.20000000298023224,-0.0,-0.0,off
7.5600000000000005,17.443927764892578,4.020737648010254,6.388184547424316,-0.004738159477710724,-0.22605349123477936,19.006994247436523,16.649080276489258,-0.0,-0.20000000298023224,-0.0,-0.0,off
7.58,17.66435432434082,4.250880241394043,6.814689636230469,0.054329805076122284,-0.19801515340805054,19.40462303161621,16.90577507019043,-0.0,-0.20000000298023224,-0.0,-0.0,off
7.6000000000000005,17.828420639038086,4.398822784423828,7.2461137771606445,0.12627285718917847,-0.16558633744716644,19.74103355407715,17.170610427856445,-0.0,-0.20000000298023224,-0.0,-0.0,off
7.62,18.100866317749023,4.534440994262695,7.752525329589844,0.20755380392074585,-0.12827232480049133,20.2065372467041,17.455589294433594,-0.0,-0.20000000298023224,-0.0,-0.0,off
7.640000000000001,18.364809036254883,4.642658710479736,8.231700897216797,0.28095048666000366,-0.0873500406742096,20.653846740722656,17.757247924804688,-0.0,-0.20000000298023224,-0.0,-0.0,off
7.66,18.620363235473633,4.683178901672363,8.726435661315918,0.3492991328239441,-0.04368511959910393,21.090301513671875,18.073001861572266,-0.0,-0.20000000298023224,-0.0,-0.0,off
7.68,18.903087615966797,4.690254211425781,9.207183837890625,0.41249197721481323,0.001932591199874878,21.54292106628418,18.403324127197266,-0.0,-0.20000000298023224,-0.0,-0.0,off
7.7,19.09345817565918,4.464974880218506,9.59740161895752,0.4647185206413269,0.04821118339896202,21.831314086914062,18.73134422302246,-0.0,-0.20000000298023224,-0.0,-0.0,off
7.72,19.180715560913086,4.164461135864258,9.957246780395508,0.4900211691856384,0.09239218384027481,22.008846282958984,19.04534149169922,-0.0,-0.20000000298023224,-0.0,-0.0,off
7.74,19.205135345458984,3.8359506130218506,10.260260581970215,0.5122155547142029,0.13437452912330627,22.1093807220459,19.338550567626953,-0.0,-0.20000000298023224,-0.0,-0.0,off
7.76,19.29838752746582,3.424600124359131,10.429405212402344,0.5462543368339539,0.17556250095367432,22.201984405517578,19.61301040649414,-0.0,-0.20000000298023224,-0.0,-0.0,off
7.78,19.405275344848633,2.841536521911621,10.57131290435791,0.5977506041526794,0.21778130531311035,22.279850006103516,19.867881774902344,-0.0,-0.20000000298023224,-0.0,-0.0,off
7.8,19.588167190551758,2.189256191253662,10.802332878112793,0.6625451445579529,0.2622576951980591,22.476200103759766,20.114948272705078,-0.0,-0.20000000298023224,-0.0,-0.0,off
7.82,19.76088523864746,1.5428354740142822,10.88808536529541,0.723594605922699,0.30839139223098755,22.61467170715332,20.34941864013672,-0.0,-0.20000000298023224,-0.0,-0.0,off
7.84,19.73680305480957,1.437784194946289,11.1514253616333,0.752478301525116,0.35280007123947144,22.71481704711914,20.57110023498535,-0.0,-0.20000000298023224,-0.0,-0.0,off
7.86,19.805952072143555,1.1757780313491821,11.479819297790527,0.7570316195487976,0.39322322607040405,22.922574996948242,20.7905216217041,-0.0,-0.20000000298023224,-0.0,-0.0,off
7.88,20.173646926879883,0.7467249631881714,11.925045013427734,0.7337338328361511,0.42727425694465637,23.446542739868164,21.03832244873047,-0.0,-0.20000000298023224,-0.0,-0.0,off
7.9,20.503143310546875,0.5242000818252563,12.4553861618042,0.7060639262199402,0.455153226852417,23.995630264282227,21.315603256225586,-0.0,-0.20000000298023224,-0.0,-0.0,off
7.92,20.36831283569336,0.29874688386917114,13.113751411437988,0.6702527403831482,0.47666317224502563,24.226594924926758,21.58505630493164,-0.0,-0.20000000298023224,-0.0,-0.0,off
7.94,20.060588836669922,0.4735523462295532,13.744104385375977,0.6044647097587585,0.489443302154541,24.321840286254883,21.83629608154297,-0.0,-0.20000000298023224,-0.0,-0.0,off
7.96,19.912961959838867,0.563274621963501,14.400901794433594,0.5423054099082947,0.49472948908805847,24.58107566833496,22.086727142333984,-0.0,-0.20000000298023224,-0.0,-0.0,off
7.98,19.6590576171875,0.7213348746299744,14.920853614807129,0.45425719022750854,0.4906822443008423,24.69070053100586,22.322256088256836,-0.0,-0.20000000298023224,-0.0,-0.0,off
8.0,19.338476181030273,0.869336724281311,15.305054664611816,0.34937113523483276,0.4765511155128479,24.677461624145508,22.532651901245117,-0.0,-0.20000000298023224,-0.0,-0.0,off
8.02,18.874330520629883,0.7129891514778137,15.560057640075684,0.24336212873458862,0.45323219895362854,24.471698760986328,22.700143814086914,0.0,-0.20000000298023224,-0.0,0.0,off
8.040000000000001,18.496498107910156,0.5870552659034729,15.774288177490234,0.13896578550338745,0.42180556058883667,24.3165225982666,22.835256576538086,-0.0,-0.20000000298023224,-0.0,-0.0,off
8.06,18.100690841674805,0.3265957832336426,15.945068359375,0.05522625893354416,0.3851476311683655,24.124404907226562,22.937183380126953,-0.0,-0.20000000298023224,-0.0,-0.0,off
8.08,17.716503143310547,0.05949288606643677,16.02863311767578,0.008658818900585175,0.34749874472618103,23.891319274902344,23.005958557128906,-0.0,-0.20000000298023224,-0.0,-0.0,off
8.1,17.45686912536621,-0.1278870701789856,16.046154022216797,-0.032407112419605255,0.30950814485549927,23.711551666259766,23.052051544189453,-0.0,-0.20000000298023224,-0.0,-0.0,off
8.120000000000001,17.395036697387695,-0.3014535903930664,16.041362762451172,-0.06165844947099686,0.27239149808883667,23.664392471313477,23.092304229736328,-0.0,-0.20000000298023224,-0.0,-0.0,off
8.14,17.347864151000977,-0.3777594566345215,15.990913391113281,-0.09953505545854568,0.23519884049892426,23.59661865234375,23.125532150268555,-0.0,-0.20000000298023224,-0.0,-0.0,off
8.16,17.392974853515625,-0.404720664024353,15.941596984863281,-0.12564975023269653,0.19911397993564606,23.596904754638672,23.15926742553711,-0.0,-0.20000000298023224,-0.0,-0.0,off
8.18,17.56317901611328,-0.4352269172668457,15.836316108703613,-0.1463969349861145,0.1645628809928894,23.652559280395508,23.199108123779297,-0.0,-0.20000000298023224,-0.0,-0.0,off
8.2,17.565181732177734,-0.5084967613220215,15.77361011505127,-0.189500629901886,0.12915652990341187,23.613574981689453,23.232925415039062,-0.0,-0.20000000298023224,-0.0,-0.0,off
8.22,17.431058883666992,-0.6916791200637817,15.733951568603516,-0.24597150087356567,0.09164372086524963,23.49207305908203,23.25160026550293,-0.0,-0.20000000298023224,-0.0,-0.0,off
8.24,17.1534481048584,-0.9486303329467773,15.668437004089355,-0.3035162091255188,0.05212772637605667,23.251680374145508,23.243844985961914,-0.0,-0.20000000298023224,-0.0,-0.0,off
8.26,16.845304489135742,-1.3839526176452637,15.403303146362305,-0.3243892788887024,0.014476023614406586,22.867910385131836,23.197553634643555,-0.0,-0.20000000298023224,-0.0,-0.0,off
8.28,16.471805572509766,-1.2257893085479736,14.535419464111328,-0.3747437596321106,-0.024445954710245132,22.002304077148438,23.073362350463867,-0.0,-0.20000000298023224,-0.0,-0.0,off
8.3,16.22736167907715,-1.345754623413086,13.789693832397461,-0.412619411945343,-0.06326329708099365,21.337617874145508,22.896116256713867,-0.0,-0.20000000298023224,-0.0,-0.0,off
8.32,16.049341201782227,-1.6501095294952393,13.38502311706543,-0.4198787808418274,-0.09892484545707703,20.963375091552734,22.698158264160156,-0.0,-0.20000000298023224,-0.0,-0.0,off
8.34,15.83644962310791,-2.1258862018585205,13.032793045043945,-0.39169031381607056,-0.12820139527320862,20.61956024169922,22.483022689819336,-0.0,-0.20000000298023224,-0.0,-0.0,off
8.36,15.670819282531738,-2.394620180130005,12.818774223327637,-0.3461454510688782,-0.1499958038330078,20.386999130249023,22.265125274658203,-0.0,-0.20000000298023224,-0.0,-0.0,off
8.38,15.73803424835205,-3.129408836364746,12.853169441223145,-0.3024194836616516,-0.1652381718158722,20.559253692626953,22.080883026123047,-0.0,-0.20000000298023224,-0.0,-0.0,off
8.4,15.992216110229492,-4.380719184875488,13.363821983337402,-0.2747815251350403,-0.176192507147789,21.296323776245117,21.976552963256836,-0.0,-0.20000000298023224,-0.0,-0.0,off
8.42,16.036781311035156,-4.673620223999023,13.241570472717285,-0.3002806305885315,-0.1886013150215149,21.31572723388672,21.885229110717773,-0.0,-0.20000000298023224,-0.0,-0.0,off
8.44,15.939176559448242,-5.054714679718018,12.941431045532227,-0.31192833185195923,-0.2009340226650238,21.144458770751953,21.784582138061523,-0.0,-0.20000000298023224,-0.0,-0.0,off
8.46,15.834874153137207,-5.374362468719482,12.62170696258545,-0.3325875401496887,-0.21409936249256134,20.950763702392578,21.674060821533203,-0.0,-0.20000000298023224,-0.0,-0.0,off
8.48,15.705294609069824,-5.612708568572998,12.288923263549805,-0.3687503933906555,-0.22956445813179016,20.71657371520996,21.551591873168945,-0.0,-0.20000000298023224,-0.0,-0.0,off
8.5,15.704052925109863,-5.845752239227295,11.906784057617188,-0.4032664895057678,-0.2469346672296524,20.556303024291992,21.425457000732422,-0.0,-0.20000000298023224,-0.0,-0.0,off
8.52,15.692864418029785,-6.180082321166992,11.567805290222168,-0.42881423234939575,-0.2651226222515106,20.451736450195312,21.30001449584961,-0.0,-0.20000000298023224,-0.0,-0.0,off
8.540000000000001,15.644576072692871,-6.3083930015563965,11.319631576538086,-0.43940263986587524,-0.2825506329536438,20.314592361450195,21.175413131713867,-0.0,-0.20000000298023224,-0.0,-0.0,off
8.56,15.61559772491455,-6.420300006866455,11.07756519317627,-0.43369609117507935,-0.29766517877578735,20.193553924560547,21.053083419799805,-0.0,-0.20000000298023224,-0.0,-0.0,off
8.58,15.762804985046387,-6.431558132171631,10.871127128601074,-0.4116736054420471,-0.3090659976005554,20.199316024780273,20.94652557373047,-0.0,-0.20000000298023224,-0.0,-0.0,off
8.6,15.901238441467285,-6.331448078155518,10.823063850402832,-0.374681293964386,-0.3156275153160095,20.250316619873047,20.860267639160156,-0.0,-0.20000000298023224,-0.0,-0.0,off
8.620000000000001,15.76881217956543,-6.282588481903076,10.77586555480957,-0.33347541093826294,-0.3174123167991638,20.10586166381836,20.771562576293945,-0.0,-0.20000000298023224,-0.0,-0.0,off
8.64,15.442283630371094,-6.356226444244385,10.74909496307373,-0.3199966549873352,-0.3176707625389099,19.85972785949707,20.668899536132812,-0.0,-0.20000000298023224,-0.0,-0.0,off
8.66,15.046040534973145,-6.288696765899658,10.883231163024902,-0.3184834122657776,-0.31775203347206116,19.60550308227539,20.554044723510742,-0.0,-0.20000000298023224,-0.0,-0.0,off
8.68,14.712630271911621,-6.255500316619873,10.706159591674805,-0.3258886933326721,-0.31856569647789,19.240962982177734,20.415250778198242,-0.0,-0.20000000298023224,-0.0,-0.0,off
8.700000000000001,14.5162992477417,-6.303078651428223,10.588020324707031,-0.3549569249153137,-0.3222048282623291,19.04095458984375,20.270835876464844,-0.0,-0.20000000298023224,-0.0,-0.0,off
8.72,14.406519889831543,-6.454293251037598,10.523241996765137,-0.3665316700935364,-0.32663750648498535,18.972198486328125,20.13384246826172,-0.0,-0.20000000298023224,-0.0,-0.0,off
8.74,14.300518989562988,-6.555324077606201,10.332924842834473,-0.36826616525650024,-0.3308003544807434,18.821435928344727,19.995424270629883,-0.0,-0.20000000298023224,-0.0,-0.0,off
8.76,14.038284301757812,-6.7369561195373535,10.221467971801758,-0.3741796612739563,-0.3351382911205292,18.626283645629883,19.850589752197266,-0.0,-0.20000000298023224,-0.0,-0.0,off
8.78,13.710087776184082,-6.9329071044921875,10.01733684539795,-0.3741660714149475,-0.3390410542488098,18.34063148498535,19.690399169921875,-0.0,-0.20000000298023224,-0.0,-0.0,off
8.8,13.551255226135254,-7.042659759521484,9.511630058288574,-0.3642500042915344,-0.3415619432926178,17.991849899291992,19.510229110717773,-0.0,-0.20000000298023224,-0.0,-0.0,off
8.82,12.930277824401855,-7.056106090545654,8.947966575622559,-0.3400595784187317,-0.3414117097854614,17.23504638671875,19.270933151245117,-0.0,-0.20000000298023224,-0.0,-0.0,off
8.84,12.600157737731934,-7.07273006439209,8.294897079467773,-0.32310205698013306,-0.3395807445049286,16.661115646362305,18.996347427368164,-0.0,-0.20000000298023224,-0.0,-0.0,off
8.86,12.148327827453613,-7.030911922454834,7.574540138244629,-0.31336909532546997,-0.336959570646286,15.9495849609375,18.675752639770508,-0.0,-0.20000000298023224,-0.0,-0.0,off
8.88,11.895164489746094,-6.906746864318848,6.953039169311523,-0.29923754930496216,-0.33318737149238586,15.41242504119873,18.332374572753906,-0.0,-0.20000000298023224,-0.0,-0.0,off
8.9,11.29098129272461,-6.633825778961182,5.783673286437988,-0.28662949800491333,-0.32853156328201294,14.315892219543457,17.907575607299805,-0.0,-0.20000000298023224,-0.0,-0.0,off
8.92,10.297429084777832,-5.866298198699951,4.001521110534668,-0.3130362629890442,-0.3269820213317871,12.508503913879395,17.33150291442871,-0.0,-0.20000000298023224,-0.0,-0.0,off
8.94,9.741114616394043,-3.9538636207580566,1.4632294178009033,-0.3959687352180481,-0.3338806927204132,10.614301681518555,16.577516555786133,-0.0,-0.20000000298023224,-0.0,-0.0,off
8.96,9.333792686462402,-2.7901415824890137,-0.5678699016571045,-0.4218061566352844,-0.34267324209213257,9.758435249328613,15.738321304321289,-0.0,-0.20000000298023224,-0.0,-0.0,off
8.98,9.531071662902832,-2.4404959678649902,-1.8348186016082764,-0.37940770387649536,-0.3463466763496399,10.00819206237793,14.949718475341797,-0.0,-0.20000000298023224,-0.0,-0.0,off
9.0,9.320332527160645,-2.1319477558135986,-3.386561155319214,-0.33606845140457153,-0.34531885385513306,10.143105506896973,14.176430702209473,-0.0,-0.20000000298023224,-0.0,-0.0,off
9.02,10.265824317932129,-1.7593283653259277,-4.8912353515625,-0.31397897005081177,-0.3421848714351654,11.506805419921875,13.536064147949219,-0.0,-0.20000000298023224,-0.0,-0.0,off
9.040000000000001,11.137124061584473,-1.4098083972930908,-6.4267168045043945,-0.2909601330757141,-0.33706238865852356,12.935446739196777,13.039196968078613,-0.0,-0.20000000298023224,-0.0,-0.0,off
9.06,11.435080528259277,-1.1518633365631104,-7.914000511169434,-0.25275927782058716,-0.32863205671310425,13.954184532165527,12.655267715454102,-0.0,-0.20000000298023224,-0.0,-0.0,off
9.08,12.003159523010254,-1.421367883682251,-9.345131874084473,-0.17437344789505005,-0.31320619583129883,15.278338432312012,12.443496704101562,-0.0,-0.20000000298023224,-0.0,-0.0,off
9.1,12.358878135681152,-1.4931972026824951,-10.453256607055664,-0.12862831354141235,-0.2947483956813812,16.255525588989258,12.383935928344727,-0.0,-0.20000000298023224,-0.0,-0.0,off
9.120000000000001,12.412101745605469,-1.8846449851989746,-11.52146053314209,-0.10081488639116287,-0.2753550410270691,17.039840698242188,12.451298713684082,0.0,-0.20000000298023224,-0.0,0.0,off
9.14,12.690896034240723,-1.8575026988983154,-11.909825325012207,-0.09398848563432693,-0.2572183907032013,17.502944946289062,12.635411262512207,-0.0,-0.20000000298023224,-0.0,-0.0,off
9.16,12.803375244140625,-1.7447028160095215,-12.261516571044922,-0.09330470114946365,-0.24082700908184052,17.813343048095703,12.893434524536133,-0.0,-0.20000000298023224,-0.0,-0.0,off
9.18,13.353692054748535,-1.851560354232788,-12.679000854492188,-0.08153564482927322,-0.2248978614807129,18.506929397583008,13.25400161743164,-0.0,-0.20000000298023224,-0.0,-0.0,off
9.200000000000001,13.8226957321167,-2.186491012573242,-12.85116958618164,-0.0670660212635994,-0.209114670753479,19.0000057220459,13.683445930480957,-0.0,-0.20000000298023224,-0.0,-0.0,off
9.22,14.124044418334961,-2.1598501205444336,-13.336906433105469,-0.07758957892656326,-0.19596216082572937,19.545501708984375,14.152188301086426,-0.0,-0.20000000298023224,-0.0,-0.0,off
9.24,14.406110763549805,-2.567835807800293,-13.524056434631348,-0.08424956351518631,-0.18479089438915253,19.925609588623047,14.643851280212402,-0.0,-0.20000000298023224,-0.0,-0.0,off
9.26,14.895231246948242,-2.676270008087158,-13.47184944152832,-0.09659773856401443,-0.17597156763076782,20.261320114135742,15.148588180541992,-0.0,-0.20000000298023224,-0.0,-0.0,off
9.28,15.282666206359863,-2.830051898956299,-13.660369873046875,-0.10265142470598221,-0.16863955557346344,20.692384719848633,15.661664962768555,-0.0,-0.20000000298023224,-0.0,-0.0,off
9.3,15.488088607788086,-2.9586472511291504,-13.856582641601562,-0.11558110266923904,-0.1633337140083313,20.991411209106445,16.163084030151367,-0.0,-0.20000000298023224,-0.0,-0.0,off
9.32,15.572731971740723,-3.1647591590881348,-13.88009262084961,-0.13400870561599731,-0.16040121018886566,21.09935188293457,16.633604049682617,-0.0,-0.20000000298023224,-0.0,-0.0,off
9.34,15.531391143798828,-3.4815621376037598,-13.92287826538086,-0.15351158380508423,-0.15971224009990692,21.146913528442383,17.06688690185547,-0.0,-0.20000000298023224,-0.0,-0.0,off
9.36,15.515110969543457,-3.7223429679870605,-14.16552734375,-0.18153458833694458,-0.16189447045326233,21.33627700805664,17.47770881652832,-0.0,-0.20000000298023224,-0.0,-0.0,off
9.38,15.371133804321289,-4.000309467315674,-14.36968994140625,-0.21371394395828247,-0.16707640886306763,21.41873550415039,17.856456756591797,-0.0,-0.20000000298023224,-0.0,-0.0,off
9.4,15.088642120361328,-4.2393622398376465,-14.530858993530273,-0.2471213936805725,-0.17508091032505035,21.37253189086914,18.192476272583008,-0.0,-0.20000000298023224,-0.0,-0.0,off
9.42,14.6901216506958,-4.479211330413818,-14.676717758178711,-0.2760465741157532,-0.18517747521400452,21.243093490600586,18.48069190979004,-0.0,-0.20000000298023224,-0.0,-0.0,off
9.44,14.207184791564941,-4.551441669464111,-14.814922332763672,-0.31072741746902466,-0.19773246347904205,21.0247859954834,18.71676254272461,-0.0,-0.20000000298023224,-0.0,-0.0,off
9.46,13.772797584533691,-4.55624532699585,-14.945128440856934,-0.3498757481575012,-0.2129468023777008,20.828014373779297,18.908710479736328,-0.0,-0.20000000298023224,-0.0,-0.0,off
9.48,13.245067596435547,-4.588304042816162,-14.96811294555664,-0.3901727795600891,-0.23066939413547516,20.506797790527344,19.048372268676758,-0.0,-0.20000000298023224,-0.0,-0.0,off
9.5,12.766824722290039,-4.554760456085205,-14.853816986083984,-0.42342883348464966,-0.24994534254074097,20.109041213989258,19.135051727294922,-0.0,-0.20000000298023224,-0.0,-0.0,off
9.52,12.374955177307129,-4.6012701988220215,-14.721558570861816,-0.44840508699417114,-0.26979130506515503,19.77461814880371,19.180801391601562,-0.0,-0.20000000298023224,-0.0,-0.0,off
9.540000000000001,12.151171684265137,-4.593893527984619,-14.594367980957031,-0.4684982895851135,-0.2896620035171509,19.538433074951172,19.200895309448242,-0.0,-0.20000000298023224,-0.0,-0.0,off
9.56,11.960806846618652,-4.588832378387451,-14.448909759521484,-0.49316197633743286,-0.31001198291778564,19.310340881347656,19.198612213134766,-0.0,-0.20000000298023224,-0.0,-0.0,off
9.58,11.840157508850098,-4.510397911071777,-14.267264366149902,-0.5192597508430481,-0.3309367597103119,19.081087112426758,19.17654800415039,-0.0,-0.20000000298023224,-0.0,-0.0,off
9.6,11.7672700881958,-4.405336380004883,-14.068145751953125,-0.5435183644294739,-0.3521949052810669,18.86235237121582,19.137569427490234,-0.0,-0.20000000298023224,-0.0,-0.0,off
9.620000000000001,11.562309265136719,-4.3668694496154785,-13.893268585205078,-0.5755413174629211,-0.37452954053878784,18.59514617919922,19.076873779296875,-0.0,-0.20000000298023224,-0.0,-0.0,off
9.64,11.480504989624023,-4.284613132476807,-13.749467849731445,-0.6023486256599426,-0.3973114490509033,18.417593002319336,19.00600242614746,-0.0,-0.20000000298023224,-0.0,-0.0,off
9.66,11.529885292053223,-4.236721992492676,-13.708917617797852,-0.6223228573799133,-0.4198125898838043,18.40713119506836,18.942529678344727,-0.0,-0.20000000298023224,-0.0,-0.0,off
9.68,11.54888916015625,-4.120546340942383,-13.635244369506836,-0.6406624913215637,-0.44189757108688354,18.337820053100586,18.879545211791992,-0.0,-0.20000000298023224,-0.0,-0.0,off
9.700000000000001,11.542074203491211,-4.0106706619262695,-13.590631484985352,-0.6533144116401672,-0.46303921937942505,18.27594566345215,18.817276000976562,-0.0,-0.20000000298023224,-0.0,-0.0,off
9.72,11.518227577209473,-3.87913179397583,-13.610198974609375,-0.6809998154640198,-0.48483526706695557,18.247047424316406,18.758541107177734,-0.0,-0.20000000298023224,-0.0,-0.0,off
9.74,11.462241172790527,-3.7412686347961426,-13.628491401672363,-0.7109134793281555,-0.5074430704116821,18.19658851623535,18.700634002685547,-0.0,-0.20000000298023224,-0.0,-0.0,off
9.76,11.388800621032715,-3.650561809539795,-13.647727012634277,-0.7483270764350891,-0.5315314531326294,18.146400451660156,18.643457412719727,-0.0,-0.20000000298023224,-0.0,-0.0,off
9.78,11.32975959777832,-3.5720629692077637,-13.649982452392578,-0.7766726613044739,-0.5560455322265625,18.095443725585938,18.586956024169922,-0.0,-0.20000000298023224,-0.0,-0.0,off
9.8,11.23950481414795,-3.558565139770508,-13.651718139648438,-0.8040810227394104,-0.5808490514755249,18.037717819213867,18.530397415161133,-0.0,-0.20000000298023224,-0.0,-0.0,off
9.82,11.185233116149902,-3.5611610412597656,-13.65742301940918,-0.8333209156990051,-0.6060962677001953,18.008790969848633,18.47675895690918,-0.0,-0.20000000298023224,-0.0,-0.0,off
9.84,11.116226196289062,-3.5825576782226562,-13.701491355895996,-0.8692229390144348,-0.6324089169502258,18.003780364990234,18.428003311157227,-0.0,-0.20000000298023224,-0.0,-0.0,off
9.86,11.067824363708496,-3.543095111846924,-13.735092163085938,-0.9060586094856262,-0.6597738862037659,17.991748809814453,18.38294792175293,0.0,-0.20000000298023224,-0.0,0.0,off
9.88,11.039998054504395,-3.5806751251220703,-13.775355339050293,-0.933420717716217,-0.687138557434082,18.012861251831055,18.344650268554688,0.0,-0.20000000298023224,-0.0,0.0,off
9.9,11.006513595581055,-3.587315082550049,-13.818638801574707,-0.9663046002388,-0.7150551676750183,18.026840209960938,18.311649322509766,-0.0,-0.20000000298023224,-0.0,-0.0,off
9.92,10.954216957092285,-3.575227737426758,-13.874967575073242,-1.009011149406433,-0.7444507479667664,18.03584861755371,18.282821655273438,-0.0,-0.20000000298023224,-0.0,-0.0,off
9.94,10.91235637664795,-3.534389019012451,-13.918439865112305,-1.0454477071762085,-0.7745504379272461,18.035919189453125,18.256885528564453,-0.0,-0.20000000298023224,-0.0,-0.0,off
9.96,10.941422462463379,-3.5063300132751465,-13.922161102294922,-1.0756953954696655,-0.8046649098396301,18.050918579101562,18.23531150817871,0.0,-0.20000000298023224,-0.0,0.0,off
9.98,10.9714937210083,-3.520439624786377,-13.969552040100098,-1.1007407903671265,-0.8342725038528442,18.10843849182129,18.22181510925293,0.0,-0.20000000298023224,-0.0,0.0,off
10.0,10.98912525177002,-3.599269390106201,-14.002528190612793,-1.1266220808029175,-0.8635074496269226,18.160022735595703,18.21500587463379,-0.0,-0.20000000298023224,-0.0,-0.0,off
10.02,11.05594539642334,-3.636667251586914,-14.055139541625977,-1.1618880033493042,-0.8933455348014832,18.248458862304688,18.2178897857666,0.0,-0.20000000298023224,-0.0,0.0,off
10.040000000000001,11.044831275939941,-3.770125389099121,-14.120424270629883,-1.1907533407211304,-0.9230863451957703,18.319076538085938,18.227529525756836,-0.0,-0.20000000298023224,-0.0,-0.0,off
10.06,11.000325202941895,-3.8108787536621094,-14.13106632232666,-1.2301582098007202,-0.9537935256958008,18.308931350708008,18.235179901123047,-0.0,-0.20000000298023224,-0.0,-0.0,off
10.08,11.021584510803223,-3.883298873901367,-14.169225692749023,-1.2704485654830933,-0.98545902967453,18.366336822509766,18.247846603393555,-0.0,-0.20000000298023224,-0.0,-0.0,off
10.1,11.093878746032715,-4.0094780921936035,-14.215293884277344,-1.3245285749435425,-1.0193660259246826,18.472267150878906,18.269872665405273,-0.0,-0.20000000298023224,-0.0,-0.0,off
10.120000000000001,10.9049654006958,-4.036301136016846,-14.28227424621582,-1.3844550848007202,-1.0558749437332153,18.41720199584961,18.283859252929688,-0.0,-0.20000000298023224,-0.0,-0.0,off
10.14,10.816245079040527,-4.184202194213867,-14.358734130859375,-1.4387263059616089,-1.0941600799560547,18.45730209350586,18.30010223388672,-0.0,-0.20000000298023224,-0.0,-0.0,off
10.16,10.846463203430176,-4.24446964263916,-14.391478538513184,-1.4901138544082642,-1.1337554454803467,18.514209747314453,18.32054328918457,-0.0,-0.20000000298023224,-0.0,-0.0,off
10.18,10.836289405822754,-4.3537068367004395,-14.46091079711914,-1.5411018133163452,-1.1744900941848755,18.58757209777832,18.346162796020508,-0.0,-0.20000000298023224,-0.0,-0.0,off
10.200000000000001,10.870732307434082,-4.466067790985107,-14.495254516601562,-1.5848053693771362,-1.2155215740203857,18.660947799682617,18.37656593322754,-0.0,-0.20000000298023224,-0.0,-0.0,off
10.22,10.854531288146973,-4.548256874084473,-14.537158966064453,-1.641384482383728,-1.2581077814102173,18.703916549682617,18.408180236816406,-0.0,-0.20000000298023224,-0.0,-0.0,off
10.24,10.83177375793457,-4.62403678894043,-14.572493553161621,-1.695160984992981,-1.301813006401062,18.736772537231445,18.43988609313965,0.0,-0.20000000298023224,-0.0,0.0,off
10.26,10.809380531311035,-4.667073726654053,-14.607070922851562,-1.7483168840408325,-1.3464634418487549,18.761417388916016,18.470937728881836,-0.0,-0.20000000298023224,-0.0,-0.0,off
10.28,10.75744342803955,-4.7075347900390625,-14.65811538696289,-1.8018954992294312,-1.3920066356658936,18.781475067138672,18.500871658325195,-0.0,-0.20000000298023224,-0.0,-0.0,off
10.3,10.720368385314941,-4.7859978675842285,-14.742741584777832,-1.8601113557815552,-1.438817024230957,18.846233367919922,18.534175872802734,-0.0,-0.20000000298023224,-0.0,-0.0,off
10.32,10.529692649841309,-4.882411479949951,-14.792695999145508,-1.9268425703048706,-1.4876196384429932,18.80255889892578,18.559274673461914,-0.0,-0.20000000298023224,-0.0,-0.0,off
10.34,10.427237510681152,-4.934333801269531,-14.83128547668457,-1.9878004789352417,-1.537637710571289,18.789411544799805,18.580419540405273,-0.0,-0.20000000298023224,-0.0,-0.0,off
10.36,10.412215232849121,-4.9621076583862305,-14.863443374633789,-2.0337517261505127,-1.5872491598129272,18.81378936767578,18.60209846496582,-0.0,-0.20000000298023224,-0.0,-0.0,off
10.38,10.531746864318848,-4.945615768432617,-14.807960510253906,-2.0531671047210693,-1.6338409185409546,18.83222007751465,18.624134063720703,-0.0,-0.20000000298023224,-0.0,-0.0,off
10.4,10.578353881835938,-4.82990026473999,-14.720640182495117,-2.055100679397583,-1.6759668588638306,18.75971031188965,18.637226104736328,0.0,-0.20000000298023224,-0.0,0.0,off
10.42,10.655707359313965,-4.690946578979492,-14.617279052734375,-2.0495798587799072,-1.7133281230926514,18.687267303466797,18.64211654663086,-0.0,-0.20000000298023224,-0.0,-0.0,off
10.44,10.69911003112793,-4.47146463394165,-14.452672958374023,-2.0413177013397217,-1.7461270093917847,18.529563903808594,18.630855560302734,-0.0,-0.20000000298023224,-0.0,-0.0,off
10.46,10.666975975036621,-4.306446075439453,-14.323234558105469,-2.0379388332366943,-1.7753081321716309,18.37076187133789,18.604768753051758,-0.0,-0.20000000298023224,-0.0,-0.0,off
10.48,10.570939064025879,-4.322194576263428,-14.273231506347656,-2.0581486225128174,-1.8035920858383179,18.279804229736328,18.572240829467773,-0.0,-0.20000000298023224,-0.0,-0.0,off
10.5,10.500301361083984,-4.389377117156982,-14.232789993286133,-2.084495782852173,-1.8316824436187744,18.223482131958008,18.5373592376709,-0.0,-0.20000000298023224,-0.0,-0.0,off
10.52,10.438969612121582,-4.406764507293701,-14.217447280883789,-2.1076924800872803,-1.859283447265625,18.1804141998291,18.501649856567383,-0.0,-0.20000000298023224,-0.0,-0.0,off
10.540000000000001,10.349353790283203,-4.408471584320068,-14.191247940063477,-2.1208784580230713,-1.8854429721832275,18.108983993530273,18.462345123291016,-0.0,-0.20000000298023224,-0.0,-0.0,off
10.56,10.228446006774902,-4.36309814453125,-14.145281791687012,-2.1259586811065674,-1.909494400024414,17.992963790893555,18.415325164794922,-0.0,-0.20000000298023224,-0.0,-0.0,off
10.58,10.127357482910156,-4.325267314910889,-14.076244354248047,-2.13244366645813,-1.9317892789840698,17.872100830078125,18.360897064208984,-0.0,-0.20000000298023224,-0.0,-0.0,off
10.6,10.036078453063965,-4.272186756134033,-13.984724044799805,-2.1458582878112793,-1.9531960487365723,17.735471725463867,18.298250198364258,-0.0,-0.20000000298023224,-0.0,-0.0,off
10.620000000000001,9.969207763671875,-4.320626735687256,-13.885879516601562,-2.164801836013794,-1.9743565320968628,17.63152313232422,18.231487274169922,-0.0,-0.20000000298023224,-0.0,-0.0,off
10.64,9.887791633605957,-4.4497480392456055,-13.814697265625,-2.1902129650115967,-1.9959421157836914,17.561735153198242,18.16431999206543,-0.0,-0.20000000298023224,-0.0,-0.0,off
10.66,9.817034721374512,-4.551817893981934,-13.750903129577637,-2.2220232486724854,-2.018550157546997,17.498014450073242,18.097362518310547,-0.0,-0.20000000298023224,-0.0,-0.0,off
10.68,9.761824607849121,-4.787248134613037,-13.690123558044434,-2.244412660598755,-2.0411362648010254,17.482288360595703,18.035066604614258,-0.0,-0.20000000298023224,-0.0,-0.0,off
10.700000000000001,9.761295318603516,-4.973059177398682,-13.635921478271484,-2.2613775730133057,-2.0631604194641113,17.491498947143555,17.97953224182129,-0.0,-0.20000000298023224,-0.0,-0.0,off
10.72,9.807876586914062,-5.211453437805176,-13.628575325012207,-2.289717674255371,-2.0858161449432373,17.581005096435547,17.93792152404785,0.0,-0.20000000298023224,-0.0,0.0,off
10.74,9.86535358428955,-5.440347671508789,-13.596875190734863,-2.3316924571990967,-2.1104037761688232,17.657791137695312,17.90753936767578,-0.0,-0.20000000298023224,-0.0,-0.0,off
10.76,9.944443702697754,-5.6971821784973145,-13.589021682739258,-2.3691470623016357,-2.1362781524658203,17.776708602905273,17.891347885131836,-0.0,-0.20000000298023224,-0.0,-0.0,off
10.78,10.003375053405762,-5.910793781280518,-13.551329612731934,-2.4068732261657715,-2.1633377075195312,17.850589752197266,17.883590698242188,-0.0,-0.20000000298023224,-0.0,-0.0,off
10.8,10.05551815032959,-6.019750118255615,-13.520228385925293,-2.4340462684631348,-2.19040846824646,17.892663955688477,17.88088607788086,-0.0,-0.20000000298023224,-0.0,-0.0,off
10.82,10.088419914245605,-6.158337116241455,-13.491581916809082,-2.4580366611480713,-2.2171711921691895,17.936670303344727,17.88274383544922,-0.0,-0.20000000298023224,-0.0,-0.0,off
10.84,10.123990058898926,-6.302736759185791,-13.450860977172852,-2.4853265285491943,-2.2439866065979004,17.97624397277832,17.888214111328125,-0.0,-0.20000000298023224,-0.0,-0.0,off
10.86,10.123124122619629,-6.429718494415283,-13.434402465820312,-2.501993417739868,-2.269787311553955,18.008390426635742,17.896358489990234,-0.0,-0.20000000298023224,-0.0,-0.0,off
10.88,10.098484992980957,-6.5390625,-13.422511100769043,-2.5109527111053467,-2.2939038276672363,18.025053024291992,17.905466079711914,-0.0,-0.20000000298023224,-0.0,-0.0,off
10.9,10.083264350891113,-6.625556468963623,-13.401058197021484,-2.5191988945007324,-2.3164334297180176,18.032154083251953,17.91457748413086,-0.0,-0.20000000298023224,-0.0,-0.0,off
10.92,10.131529808044434,-6.719756603240967,-13.352930068969727,-2.535271644592285,-2.3383171558380127,18.0583438873291,17.925504684448242,-0.0,-0.20000000298023224,-0.0,-0.0,off
10.94,10.202698707580566,-6.820206165313721,-13.309558868408203,-2.550156831741333,-2.3595008850097656,18.103994369506836,17.939970016479492,-0.0,-0.20000000298023224,-0.0,-0.0,off
10.96,10.204065322875977,-6.8844170570373535,-13.261585235595703,-2.5581412315368652,-2.3793647289276123,18.093860626220703,17.952198028564453,-0.0,-0.20000000298023224,-0.0,-0.0,off
10.98,10.18893051147461,-6.926217079162598,-13.196712493896484,-2.5677223205566406,-2.398200511932373,18.053808212280273,17.959461212158203,-0.0,-0.20000000298023224,-0.0,-0.0,off
11.0,10.222064018249512,-7.0318827629089355,-13.122671127319336,-2.5793135166168213,-2.416311740875244,18.05941390991211,17.96645164489746,-0.0,-0.20000000298023224,-0.0,-0.0,off
11.02,10.196285247802734,-7.0709381103515625,-13.058355331420898,-2.5899016857147217,-2.4336705207824707,18.013412475585938,17.96839141845703,-0.0,-0.20000000298023224,-0.0,-0.0,off
11.040000000000001,10.14599609375,-7.085042476654053,-13.006850242614746,-2.5921170711517334,-2.4495151042938232,17.953195571899414,17.964468002319336,-0.0,-0.20000000298023224,-0.0,-0.0,off
11.06,10.150449752807617,-7.100381851196289,-12.957515716552734,-2.5953547954559326,-2.464099168777466,17.92607879638672,17.95851707458496,-0.0,-0.20000000298023224,-0.0,-0.0,off
11.08,10.04700756072998,-7.057991027832031,-12.914009094238281,-2.595935106277466,-2.477282762527466,17.81934928894043,17.942962646484375,-0.0,-0.20000000298023224,-0.0,-0.0,off
11.1,9.946364402770996,-6.937756061553955,-12.859018325805664,-2.5946192741394043,-2.48901629447937,17.675321578979492,17.915145874023438,0.0,-0.20000000298023224,-0.0,0.0,off
11.120000000000001,9.862892150878906,-6.840625286102295,-12.78584098815918,-2.598081350326538,-2.499922752380371,17.53706169128418,17.876628875732422,-0.0,-0.20000000298023224,-0.0,-0.0,off
11.14,9.763392448425293,-6.64530086517334,-12.715202331542969,-2.587702989578247,-2.5087006092071533,17.353967666625977,17.824081420898438,-0.0,-0.20000000298023224,-0.0,-0.0,off
11.16,9.710700035095215,-6.49903678894043,-12.66530704498291,-2.5766079425811768,-2.515491247177124,17.232097625732422,17.764789581298828,-0.0,-0.20000000298023224,-0.0,-0.0,off
11.18,9.696440696716309,-6.387575626373291,-12.582359313964844,-2.5802252292633057,-2.5219645500183105,17.12126922607422,17.700403213500977,-0.0,-0.20000000298023224,-0.0,-0.0,off
11.200000000000001,9.673391342163086,-6.2963714599609375,-12.487060546875,-2.5877702236175537,-2.5285449028015137,17.0042781829834,17.630760192871094,-0.0,-0.20000000298023224,-0.0,-0.0,off
11.22,9.693747520446777,-6.265993595123291,-12.360931396484375,-2.5984244346618652,-2.5355327129364014,16.91224479675293,17.558815002441406,-0.0,-0.20000000298023224,-0.0,-0.0,off
11.24,9.688166618347168,-6.278435230255127,-12.20418643951416,-2.6069490909576416,-2.5426743030548096,16.799449920654297,17.48267936706543,-0.0,-0.20000000298023224,-0.0,-0.0,off
11.26,9.698122024536133,-6.296082496643066,-12.06790542602539,-2.6093909740448,-2.5493459701538086,16.713125228881836,17.405391693115234,0.0,-0.20000000298023224,-0.0,0.0,off
11.28,9.647902488708496,-6.293089866638184,-11.929502487182617,-2.61434006690979,-2.5558454990386963,16.583065032958984,17.322771072387695,0.0,-0.20000000298023224,-0.0,0.0,off
11.3,9.651392936706543,-6.289553165435791,-11.784893035888672,-2.6288583278656006,-2.5631465911865234,16.48003578186035,17.237964630126953,-0.0,-0.20000000298023224,-0.0,-0.0,off
11.32,9.629176139831543,-6.3004984855651855,-11.646417617797852,-2.6439764499664307,-2.5712294578552246,16.372426986694336,17.150760650634766,-0.0,-0.20000000298023224,-0.0,-0.0,off
11.34,9.636841773986816,-6.315893650054932,-11.508184432983398,-2.6663191318511963,-2.5807383060455322,16.284887313842773,17.063352584838867,-0.0,-0.20000000298023224,-0.0,-0.0,off
11.36,9.617606163024902,-6.3527655601501465,-11.342486381530762,-2.6935412883758545,-2.5920186042785645,16.171207427978516,16.973093032836914,-0.0,-0.20000000298023224,-0.0,-0.0,off
11.38,9.612587928771973,-6.451082229614258,-11.180147171020508,-2.7220404148101807,-2.605020523071289,16.09391212463379,16.883747100830078,-0.0,-0.20000000298023224,-0.0,-0.0,off
11.4,9.634418487548828,-6.615602493286133,-10.938074111938477,-2.7536189556121826,-2.619880199432373,16.00717544555664,16.79372787475586,-0.0,-0.20000000298023224,-0.0,-0.0,off
11.42,9.719216346740723,-6.7266106605529785,-10.705244064331055,-2.7794673442840576,-2.635838747024536,15.947185516357422,16.70572280883789,-0.0,-0.20000000298023224,-0.0,-0.0,off
11.44,9.77748966217041,-6.665287017822266,-10.509468078613281,-2.8059637546539307,-2.652851104736328,15.82637882232666,16.614255905151367,-0.0,-0.20000000298023224,-0.0,-0.0,off
11.46,9.845845222473145,-6.533926963806152,-9.882896423339844,-2.846454620361328,-2.6722114086151123,15.404690742492676,16.487316131591797,0.0,-0.20000000298023224,-0.0,0.0,off
11.48,9.662493705749512,-6.3255839347839355,-8.82094669342041,-2.8840391635894775,-2.693394184112549,14.532236099243164,16.280927658081055,0.0,-0.20000000298023224,-0.0,0.0,off
11.5,9.514473915100098,-6.157853603363037,-8.44399642944336,-2.865575075149536,-2.7106120586395264,14.133132934570312,16.055435180664062,-0.0,-0.20000000298023224,-0.0,-0.0,off
11.52,9.645230293273926,-5.980056285858154,-8.619574546813965,-2.7839419841766357,-2.717945098876953,14.250916481018066,15.86707878112793,-0.0,-0.20000000298023224,-0.0,-0.0,off
11.540000000000001,9.345911979675293,-5.330141067504883,-5.854277610778809,-1.9804788827896118,-2.644198417663574,12.248634338378906,15.468749046325684,-0.0,-0.20000000298023224,-0.0,-0.0,off
11.56,3.283576011657715,-4.301612854003906,-3.078054189682007,-0.5369670987129211,-2.4334752559661865,6.225766181945801,14.508567810058594,-0.0,-0.20000000298023224,-0.0,-0.0,off
11.58,6.558307647705078,-6.695249080657959,-1.5199897289276123,-1.6063026189804077,-2.3507578372955322,9.494636535644531,13.85753345489502,-0.0,-0.20000000298023224,-0.0,-0.0,off
11.6,9.649794578552246,-9.249279022216797,0.4537928104400635,-1.225758671760559,-2.238257646560669,13.374364852905273,13.495259284973145,-0.0,-0.20000000298023224,-0.0,-0.0,off
11.620000000000001,10.94972038269043,-3.2750558853149414,-2.269284963607788,-0.7248535752296448,-2.0869171619415283,11.652125358581543,13.167754173278809,-0.0,-0.20000000298023224,-0.0,-0.0,off
11.64,13.401320457458496,-4.215750217437744,-3.8057267665863037,-1.6842440366744995,-2.046649932861328,14.555118560791016,13.196037292480469,-0.0,-0.20000000298023224,-0.0,-0.0,off
11.66,13.067458152770996,-4.799281120300293,-4.764102935791016,-1.8245631456375122,-2.0244412422180176,14.713540077209473,13.292552947998047,0.0,-0.20000000298023224,-0.0,0.0,off
11.68,13.081954002380371,-4.90164041519165,-4.952859878540039,-1.719408392906189,-1.9939378499984741,14.82209300994873,13.40542984008789,0.0,-0.20000000298023224,-0.0,0.0,off
11.700000000000001,13.518050193786621,-5.093105792999268,-4.283107757568359,-1.6319488286972046,-1.9577388763427734,15.06726360321045,13.525683403015137,-0.0,-0.20000000298023224,-0.0,-0.0,off
11.72,14.145998001098633,-5.03090763092041,-3.406057119369507,-1.5151034593582153,-1.9134752750396729,15.39547061920166,13.651773452758789,-0.0,-0.20000000298023224,-0.0,-0.0,off
11.74,13.935201644897461,-5.296874046325684,-2.3633534908294678,-1.2938035726547241,-1.8515080213546753,15.094110488891602,13.728189468383789,-0.0,-0.20000000298023224,-0.0,-0.0,off
11.76,13.866628646850586,-5.684688091278076,-1.3237292766571045,-1.0159202814102173,-1.7679492235183716,15.044976234436035,13.78089714050293,-0.0,-0.20000000298023224,-0.0,-0.0,off
11.78,14.185105323791504,-5.7241973876953125,-0.31862330436706543,-0.725959837436676,-1.663750171661377,15.29984188079834,13.838008880615234,-0.0,-0.20000000298023224,-0.0,-0.0,off
11.8,14.415120124816895,-5.921717166900635,-0.21588683128356934,-0.5260241627693176,-1.5499775409698486,15.585538864135742,13.933241844177246,-0.0,-0.20000000298023224,-0.0,-0.0,off
11.82,14.363985061645508,-5.9739861488342285,-0.8162000179290771,-0.6044867634773254,-1.4554283618927002,15.578149795532227,14.04967212677002,-0.0,-0.20000000298023224,-0.0,-0.0,off
11.84,14.242941856384277,-5.787503719329834,-1.5343968868255615,-0.6992056965827942,-1.3798060417175293,15.450274467468262,14.164796829223633,-0.0,-0.20000000298023224,-0.0,-0.0,off
11.86,13.900605201721191,-5.6683478355407715,-1.9789741039276123,-0.6828966736793518,-1.310115098953247,15.14177417755127,14.249423027038574,-0.0,-0.20000000298023224,-0.0,-0.0,off
11.88,14.050883293151855,-5.381601333618164,-2.389448881149292,-0.7121842503547668,-1.2503219842910767,15.234776496887207,14.339923858642578,-0.0,-0.20000000298023224,-0.0,-0.0,off
11.9,14.039024353027344,-5.022284030914307,-2.7339532375335693,-0.6543062329292297,-1.1907204389572144,15.158892631530762,14.415909767150879,-0.0,-0.20000000298023224,-0.0,-0.0,off
11.92,14.058537483215332,-4.695088863372803,-3.0372016429901123,-0.5945051312446594,-1.1310988664627075,15.129802703857422,14.481672286987305,-0.0,-0.20000000298023224,-0.0,-0.0,off
11.94,13.950182914733887,-4.404276371002197,-3.3287665843963623,-0.5826485753059387,-1.0762537717819214,15.002863883972168,14.528027534484863,-0.0,-0.20000000298023224,-0.0,-0.0,off
11.96,13.856616020202637,-4.420971870422363,-3.7397067546844482,-0.6130889058113098,-1.0299372673034668,15.017863273620605,14.572439193725586,-0.0,-0.20000000298023224,-0.0,-0.0,off
11.98,13.950793266296387,-4.252655029296875,-4.182522773742676,-0.6424940228462219,-0.9911929368972778,15.172449111938477,14.626195907592773,-0.0,-0.20000000298023224,-0.0,-0.0,off
12.0,13.864675521850586,-3.8550567626953125,-4.998159408569336,-0.6549859642982483,-0.9575722217559814,15.233919143676758,14.674009323120117,-0.0,-0.20000000298023224,-0.0,-0.0,off
12.02,14.044632911682129,-3.6749472618103027,-5.449343681335449,-0.6161425709724426,-0.9234292507171631,15.506524085998535,14.741395950317383,-0.0,-0.20000000298023224,-0.0,-0.0,off
12.040000000000001,14.086702346801758,-3.6301345825195312,-5.774931907653809,-0.5595753788948059,-0.887043833732605,15.651289939880371,14.816269874572754,-0.0,-0.20000000298023224,-0.0,-0.0,off
12.06,13.799286842346191,-3.553469181060791,-6.021215438842773,-0.515696108341217,-0.8499090671539307,15.469405174255371,14.865290641784668,-0.0,-0.20000000298023224,-0.0,-0.0,off
12.08,13.640155792236328,-3.6340866088867188,-6.2941389083862305,-0.5001876950263977,-0.8149369359016418,15.455634117126465,14.908675193786621,-0.0,-0.20000000298023224,-0.0,-0.0,off
12.1,13.961668968200684,-3.6449170112609863,-6.54935359954834,-0.5088751912117004,-0.7843307256698608,15.8463773727417,14.987997055053711,-0.0,-0.20000000298023224,-0.0,-0.0,off
12.120000000000001,14.203828811645508,-3.5683484077453613,-7.172184944152832,-0.576033890247345,-0.7635010480880737,16.307117462158203,15.101837158203125,-0.0,-0.30000001192092896,-0.0,-0.0,off
12.14,14.385598182678223,-3.4145452976226807,-7.811333656311035,-0.6659935116767883,-0.7537502646446228,16.721885681152344,15.241485595703125,-0.0,-0.4000000059604645,-0.0,-0.0,off
12.16,14.058388710021973,-3.295712471008301,-8.582745552062988,-0.69907146692276,-0.7482823729515076,16.7977237701416,15.36669921875,-0.0,-0.4000000059604645,-0.0,-0.0,off
12.18,13.6614351272583,-3.4435200691223145,-9.297921180725098,-0.662487804889679,-0.7397028803825378,16.88028335571289,15.48130989074707,-0.0,-0.4000000059604645,-0.0,-0.0,off
12.200000000000001,13.722674369812012,-3.4948458671569824,-10.089204788208008,-0.6159959435462952,-0.7273321747779846,17.38728904724121,15.630401611328125,0.0,-0.4000000059604645,-0.0,0.0,off
12.22,13.47347640991211,-3.5427684783935547,-10.631440162658691,-0.5710335373878479,-0.711702287197113,17.524648666381836,15.775798797607422,0.0,-0.4000000059604645,-0.0,0.0,off
12.24,13.371357917785645,-3.633033275604248,-11.016895294189453,-0.5399885773658752,-0.6945308446884155,17.70209503173828,15.926532745361328,-0.0,-0.4000000059604645,-0.0,-0.0,off
12.26,13.346346855163574,-3.74910831451416,-11.547163963317871,-0.5423296093940735,-0.67931067943573,18.042110443115234,16.0965576171875,-0.0,-0.4000000059604645,-0.0,-0.0,off
12.280000000000001,13.463176727294922,-3.8018722534179688,-11.847724914550781,-0.5453854203224182,-0.6659181714057922,18.332483291625977,16.284080505371094,-0.0,-0.4000000059604645,-0.0,-0.0,off
12.3,13.76476764678955,-3.8563365936279297,-12.02470874786377,-0.5409002900123596,-0.6534163355827332,18.67976951599121,16.495662689208984,-0.0,-0.4000000059604645,-0.0,-0.0,off
12.32,14.134953498840332,-3.8605270385742188,-12.249105453491211,-0.5337308049201965,-0.6414477825164795,19.09819793701172,16.734161376953125,-0.0,-0.4000000059604645,-0.0,-0.0,off
12.34,14.21683120727539,-3.1876683235168457,-13.1536865234375,-0.572374165058136,-0.6345404386520386,19.6290340423584,16.99372673034668,-0.0,-0.4000000059604645,-0.0,-0.0,off
12.36,13.82091236114502,-1.9219212532043457,-14.450840950012207,-0.6094034314155579,-0.632026731967926,20.088260650634766,17.247882843017578,-0.0,-0.4000000059604645,-0.0,-0.0,off
12.38,14.041329383850098,-1.8031558990478516,-14.695240020751953,-0.6210361123085022,-0.6309276819229126,20.404911041259766,17.51780891418457,-0.0,-0.4000000059604645,-0.0,-0.0,off
12.4,14.418252944946289,-1.6831421852111816,-14.866458892822266,-0.6401477456092834,-0.6318497061729431,20.778127670288086,17.8079833984375,-0.0,-0.4000000059604645,-0.0,-0.0,off
12.42,14.499164581298828,-1.3578264713287354,-14.999462127685547,-0.6437874436378479,-0.6330434679985046,20.905820846557617,18.085723876953125,-0.0,-0.4000000059604645,-0.0,-0.0,off
12.44,14.732715606689453,-1.3535418510437012,-15.158162117004395,-0.6449359059333801,-0.6342326998710632,21.181474685668945,18.370264053344727,-0.0,-0.4000000059604645,-0.0,-0.0,off
12.46,14.973668098449707,-1.376412272453308,-15.283730506896973,-0.6503110527992249,-0.6358405351638794,21.440561294555664,18.65827751159668,-0.0,-0.4000000059604645,-0.0,-0.0,off
12.48,15.28403091430664,-1.451725721359253,-15.349433898925781,-0.6547072529792786,-0.6377271413803101,21.70977210998535,18.95012092590332,-0.0,-0.4000000059604645,-0.0,-0.0,off
12.5,15.259748458862305,-1.7586407661437988,-15.345900535583496,-0.6367290616035461,-0.6376273036003113,21.7128849029541,19.21763038635254,-0.0,-0.4000000059604645,-0.0,-0.0,off
12.52,15.45755672454834,-2.181483030319214,-15.215704917907715,-0.6139624714851379,-0.635260820388794,21.79937171936035,19.471708297729492,-0.0,-0.4000000059604645,-0.0,-0.0,off
12.540000000000001,16.09490203857422,-2.665560722351074,-14.847326278686523,-0.5934727787971497,-0.6310819983482361,22.058879852294922,19.730051040649414,-0.0,-0.4000000059604645,-0.0,-0.0,off
12.56,16.24114418029785,-3.0232443809509277,-14.480323791503906,-0.5693996548652649,-0.62491375207901,21.968034744262695,19.95375633239746,-0.0,-0.4000000059604645,-0.0,-0.0,off
12.58,16.411020278930664,-3.336642265319824,-14.211524963378906,-0.5545254349708557,-0.6178748607635498,21.964111328125,20.154041290283203,-0.0,-0.4000000059604645,-0.0,-0.0,off
12.6,16.41118049621582,-3.514432430267334,-13.974889755249023,-0.5472472310066223,-0.6108120679855347,21.839771270751953,20.321292877197266,-0.0,-0.4000000059604645,-0.0,-0.0,off
12.620000000000001,16.52301788330078,-3.244730234146118,-13.702033996582031,-0.5527868866920471,-0.6050095558166504,21.70907974243164,20.45883560180664,-0.0,-0.4000000059604645,-0.0,-0.0,off
12.64,16.688430786132812,-3.098331928253174,-13.546741485595703,-0.5513113141059875,-0.5996397137641907,21.716758728027344,20.583084106445312,-0.0,-0.4000000059604645,-0.0,-0.0,off
12.66,16.792051315307617,-3.0661401748657227,-13.464387893676758,-0.5365374684333801,-0.5933294296264648,21.740835189819336,20.697195053100586,-0.0,-0.4000000059604645,-0.0,-0.0,off
12.68,16.897722244262695,-3.16269588470459,-13.380379676818848,-0.5116780400276184,-0.5851642489433289,21.784631729125977,20.804086685180664,-0.0,-0.4000000059604645,-0.0,-0.0,off
12.700000000000001,16.832656860351562,-3.1524510383605957,-13.329559326171875,-0.5043452382087708,-0.5770823359489441,21.701461791992188,20.892343521118164,-0.0,-0.30000001192092896,-0.0,-0.0,off
12.72,16.6269474029541,-3.2177181243896484,-13.262253761291504,-0.5122089982032776,-0.5705949664115906,21.510379791259766,20.953115463256836,-0.0,-0.30000001192092896,-0.0,-0.0,off
12.74,16.274761199951172,-3.102536678314209,-13.089258193969727,-0.5555623173713684,-0.5690916776657104,21.114503860473633,20.968673706054688,-0.0,-0.30000001192092896,-0.0,-0.0,off
12.76,16.15806770324707,-2.9768993854522705,-12.944360733032227,-0.5922492146492004,-0.5714073777198792,20.91653823852539,20.962949752807617,-0.0,-0.30000001192092896,-0.0,-0.0,off
12.780000000000001,16.044227600097656,-2.940913438796997,-12.807809829711914,-0.5882237553596497,-0.5730890035629272,20.739002227783203,20.940074920654297,-0.0,-0.30000001192092896,-0.0,-0.0,off
12.8,16.213232040405273,-3.082418441772461,-12.728339195251465,-0.5680540204048157,-0.5725854635238647,20.84180450439453,20.929443359375,-0.0,-0.30000001192092896,-0.0,-0.0,off
12.82,16.62116050720215,-3.201770067214966,-12.665453910827637,-0.5624931454658508,-0.5715762376785278,21.14067268371582,20.948965072631836,-0.0,-0.30000001192092896,-0.0,-0.0,off
12.84,17.21499252319336,-3.3978538513183594,-12.594659805297852,-0.5631063580513,-0.5707292556762695,21.599231719970703,21.01083755493164,-0.0,-0.30000001192092896,-0.0,-0.0,off
12.86,17.92992401123047,-3.729987621307373,-12.5313720703125,-0.5606959462165833,-0.5697259306907654,22.19076919555664,21.12327766418457,-0.0,-0.30000001192092896,-0.0,-0.0,off
12.88,18.602705001831055,-4.0539960861206055,-12.50085163116455,-0.5652628540992737,-0.5692796111106873,22.776453018188477,21.280845642089844,-0.0,-0.30000001192092896,-0.0,-0.0,off
12.9,18.51058578491211,-4.393311977386475,-12.54617691040039,-0.6023498177528381,-0.5725865960121155,22.789241790771484,21.424978256225586,-0.0,-0.30000001192092896,-0.0,-0.0,off
12.92,17.93931007385254,-4.646317958831787,-12.053940773010254,-0.6660042405128479,-0.5819283723831177,22.106664657592773,21.48577308654785,-0.0,-0.30000001192092896,-0.0,-0.0,off
12.94,17.431884765625,-5.275566577911377,-11.929405212402344,-0.7005606293678284,-0.5937916040420532,21.77183723449707,21.505102157592773,-0.0,-0.30000001192092896,-0.0,-0.0,off
12.96,17.045141220092773,-6.530788421630859,-11.82861328125,-0.715316116809845,-0.605944037437439,21.750957489013672,21.5103759765625,-0.0,-0.30000001192092896,-0.0,-0.0,off
12.98,16.56399917602539,-7.635573863983154,-11.933943748474121,-0.776123583316803,-0.6229619383811951,21.796491622924805,21.508893966674805,-0.0,-0.30000001192092896,-0.0,-0.0,off
13.0,16.356590270996094,-7.82891321182251,-12.285688400268555,-0.8453987240791321,-0.6452056169509888,21.903608322143555,21.521745681762695,-0.0,-0.30000001192092896,-0.0,-0.0,off
13.02,16.01293182373047,-8.34984016418457,-12.629989624023438,-0.9150636792182922,-0.6721913814544678,22.037477493286133,21.543790817260742,-0.0,-0.30000001192092896,-0.0,-0.0,off
13.040000000000001,15.751229286193848,-8.707359313964844,-13.046213150024414,-0.9613850712776184,-0.7011107206344604,22.228878021240234,21.582300186157227,-0.0,-0.30000001192092896,-0.0,-0.0,off
13.06,15.231640815734863,-9.089532852172852,-13.394213676452637,-0.9666860699653625,-0.7276682257652283,22.226728439331055,21.613571166992188,-0.0,-0.30000001192092896,-0.0,-0.0,off
13.08,14.739965438842773,-9.850645065307617,-13.501298904418945,-0.9536195397377014,-0.7502633333206177,22.284229278564453,21.63883399963379,-0.0,-0.30000001192092896,-0.0,-0.0,off
13.1,14.330262184143066,-10.33200454711914,-13.526130676269531,-0.9364362359046936,-0.7688806056976318,22.250009536743164,21.65514373779297,-0.0,-0.30000001192092896,-0.0,-0.0,off
13.120000000000001,13.819157600402832,-10.326515197753906,-13.524154663085938,-0.9273698925971985,-0.7847294807434082,21.92051124572754,21.640586853027344,-0.0,-0.30000001192092896,-0.0,-0.0,off
13.14,13.625353813171387,-10.135625839233398,-13.450490951538086,-0.9092863202095032,-0.7971851229667664,21.66326141357422,21.610410690307617,-0.0,-0.30000001192092896,-0.0,-0.0,off
13.16,13.406243324279785,-9.39372444152832,-13.384893417358398,-0.89584881067276,-0.8070514798164368,21.14532470703125,21.543842315673828,-0.0,-0.30000001192092896,-0.0,-0.0,off
13.18,13.326786994934082,-8.546016693115234,-13.329628944396973,-0.8717969059944153,-0.8135260343551636,20.695812225341797,21.448514938354492,-0.0,-0.30000001192092896,-0.0,-0.0,off
13.200000000000001,13.279231071472168,-7.856102466583252,-13.234074592590332,-0.8645661473274231,-0.8186299800872803,20.32724952697754,21.330718994140625,-0.0,-0.30000001192092896,-0.0,-0.0,off
13.22,13.474664688110352,-7.707430362701416,-13.049600601196289,-0.8947756886482239,-0.8262444734573364,20.279624938964844,21.222721099853516,0.0,-0.30000001192092896,-0.0,0.0,off
13.24,13.417098045349121,-7.568694591522217,-12.872072219848633,-0.9377906918525696,-0.8373990654945374,20.07470703125,21.10604476928711,-0.0,-0.30000001192092896,-0.0,-0.0,off
13.26,13.243952751159668,-7.480163097381592,-12.834240913391113,-1.005517601966858,-0.8542109131813049,19.901578903198242,20.98377799987793,-0.0,-0.30000001192092896,-0.0,-0.0,off
13.280000000000001,13.460064888000488,-7.603448390960693,-12.934810638427734,-1.0929263830184937,-0.8780824542045593,20.156763076782227,20.899784088134766,-0.0,-0.30000001192092896,-0.0,-0.0,off
13.3,13.351670265197754,-7.510035991668701,-12.910096168518066,-1.1563514471054077,-0.9059093594551086,20.033430099487305,20.811992645263672,-0.0,-0.30000001192092896,-0.0,-0.0,off
13.32,13.631119728088379,-7.283658504486084,-13.072885513305664,-1.1074610948562622,-0.9260644912719727,20.242515563964844,20.754356384277344,-0.0,-0.30000001192092896,-0.0,-0.0,off
13.34,13.84490966796875,-7.10365629196167,-12.993706703186035,-1.053808569908142,-0.9388388395309448,20.27263832092285,20.705791473388672,-0.0,-0.30000001192092896,-0.0,-0.0,off
13.36,13.951201438903809,-6.984716892242432,-12.876541137695312,-1.0287646055221558,-0.947831392288208,20.229373931884766,20.657793045043945,-0.0,-0.30000001192092896,-0.0,-0.0,off
13.38,13.850518226623535,-6.9427361488342285,-12.757254600524902,-1.0450891256332397,-0.9575571417808533,20.069528579711914,20.59870719909668,-0.0,-0.30000001192092896,-0.0,-0.0,off
13.4,13.776392936706543,-6.922589302062988,-12.6126708984375,-1.0752259492874146,-0.969323992729187,19.919605255126953,20.530637741088867,-0.0,-0.30000001192092896,-0.0,-0.0,off
13.42,13.990265846252441,-6.70786714553833,-12.472131729125977,-1.1167505979537964,-0.9840666651725769,19.906709671020508,20.46763038635254,-0.0,-0.30000001192092896,-0.0,-0.0,off
13.44,14.325264930725098,-6.487234115600586,-12.396684646606445,-1.1594661474227905,-1.0016065835952759,20.02436637878418,20.421661376953125,-0.0,-0.30000001192092896,-0.0,-0.0,off
13.46,14.295585632324219,-6.53364896774292,-12.359090805053711,-1.1988760232925415,-1.0213335752487183,19.994985580444336,20.37779998779297,-0.0,-0.30000001192092896,-0.0,-0.0,off
13.48,14.368544578552246,-6.836563587188721,-12.406301498413086,-1.2507787942886353,-1.0442780256271362,20.17696762084961,20.35716438293457,-0.0,-0.30000001192092896,-0.0,-0.0,off
13.5,14.39410400390625,-7.237196922302246,-12.404716491699219,-1.308733344078064,-1.070723533630371,20.333328247070312,20.354379653930664,-0.0,-0.30000001192092896,-0.0,-0.0,off
13.52,14.488786697387695,-7.592393398284912,-12.35092830657959,-1.3659733533859253,-1.1002485752105713,20.496702194213867,20.367704391479492,-0.0,-0.30000001192092896,-0.0,-0.0,off
13.540000000000001,14.421399116516113,-7.848926067352295,-12.31197452545166,-1.4167784452438354,-1.131901502609253,20.522356033325195,20.3818416595459,-0.0,-0.30000001192092896,-0.0,-0.0,off
13.56,14.224234580993652,-8.160993576049805,-12.242231369018555,-1.458441138267517,-1.1645554304122925,20.46467399597168,20.387922286987305,-0.0,-0.30000001192092896,-0.0,-0.0,off
13.58,14.09725284576416,-8.127803802490234,-12.037337303161621,-1.4978076219558716,-1.1978806257247925,20.24083137512207,20.371110916137695,-0.0,-0.30000001192092896,-0.0,-0.0,off
13.6,14.086573600769043,-8.00521469116211,-11.960502624511719,-1.5251587629318237,-1.2306084632873535,20.138734817504883,20.346410751342773,-0.0,-0.30000001192092896,-0.0,-0.0,off
13.620000000000001,14.066426277160645,-7.877532482147217,-11.853025436401367,-1.547000765800476,-1.2622476816177368,20.01034927368164,20.31174659729004,-0.0,-0.30000001192092896,-0.0,-0.0,off
13.64,14.040806770324707,-7.749361515045166,-11.764961242675781,-1.5735043287277222,-1.2933733463287354,19.889976501464844,20.268814086914062,-0.0,-0.30000001192092896,-0.0,-0.0,off
13.66,13.936091423034668,-7.631782054901123,-11.699565887451172,-1.594347357749939,-1.3234708309173584,19.731664657592773,20.214611053466797,-0.0,-0.30000001192092896,-0.0,-0.0,off
13.68,13.906657218933105,-7.521485805511475,-11.790778160095215,-1.6138628721237183,-1.3525099754333496,19.722837448120117,20.165264129638672,-0.0,-0.30000001192092896,-0.0,-0.0,off
13.700000000000001,13.845569610595703,-7.371912479400635,-11.829416275024414,-1.6359447240829468,-1.3808534145355225,19.646373748779297,20.113338470458984,-0.0,-0.30000001192092896,-0.0,-0.0,off
13.72,13.714285850524902,-7.255301475524902,-11.843608856201172,-1.674587607383728,-1.410226821899414,19.519018173217773,20.053897857666016,-0.0,-0.30000001192092896,-0.0,-0.0,off
13.74,13.578850746154785,-7.146817684173584,-11.855791091918945,-1.7051485776901245,-1.4397189617156982,19.391286849975586,19.987590789794922,-0.0,-0.30000001192092896,-0.0,-0.0,off
13.76,13.460083961486816,-7.070634365081787,-11.955877304077148,-1.7185887098312378,-1.4676059484481812,19.341941833496094,19.92283821105957,-0.0,-0.30000001192092896,-0.0,-0.0,off
13.780000000000001,13.295931816101074,-6.922665596008301,-11.96839714050293,-1.7469772100448608,-1.495543122291565,19.181961059570312,19.84836196899414,-0.0,-0.30000001192092896,-0.0,-0.0,off
13.8,13.172968864440918,-6.810274600982666,-12.034461975097656,-1.7687042951583862,-1.5228592157363892,19.09804344177246,19.77268409729004,-0.0,-0.30000001192092896,-0.0,-0.0,off
13.82,13.077299118041992,-6.741237640380859,-11.99117660522461,-1.8100870847702026,-1.5515819787979126,18.980209350585938,19.692811965942383,-0.0,-0.30000001192092896,-0.0,-0.0,off
13.84,12.967808723449707,-6.647784233093262,-11.978402137756348,-1.842190146446228,-1.5806427001953125,18.86370086669922,19.609188079833984,-0.0,-0.30000001192092896,-0.0,-0.0,off
13.86,12.93999195098877,-6.477472305297852,-11.920557975769043,-1.867294430732727,-1.6093077659606934,18.74835205078125,19.522323608398438,-0.0,-0.30000001192092896,-0.0,-0.0,off
13.88,12.897892951965332,-6.297643184661865,-11.837032318115234,-1.9064892530441284,-1.6390258073806763,18.604604721069336,19.429658889770508,-0.0,-0.30000001192092896,-0.0,-0.0,off
13.9,12.830183982849121,-6.160690784454346,-11.740633964538574,-1.9454363584518433,-1.6696667671203613,18.45020866394043,19.33078956604004,-0.0,-0.30000001192092896,-0.0,-0.0,off
13.92,12.736735343933105,-6.015578746795654,-11.643031120300293,-1.9753350019454956,-1.7002335786819458,18.27489471435547,19.224210739135742,0.0,-0.30000001192092896,-0.0,0.0,off
13.94,12.670321464538574,-5.907114505767822,-11.570833206176758,-2.009143114089966,-1.7311244010925293,18.147045135498047,19.115497589111328,-0.0,-0.30000001192092896,-0.0,-0.0,off
13.96,12.563192367553711,-5.837976932525635,-11.487255096435547,-2.0407466888427734,-1.7620865106582642,17.9964656829834,19.002714157104492,-0.0,-0.30000001192092896,-0.0,-0.0,off
13.98,12.412423133850098,-5.779191493988037,-11.42629623413086,-2.064722776412964,-1.7923500537872314,17.83332633972168,18.884994506835938,-0.0,-0.30000001192092896,-0.0,-0.0,off
14.0,12.268672943115234,-5.676608562469482,-11.422809600830078,-2.0925471782684326,-1.8223696947097778,17.698158264160156,18.765403747558594,-0.0,-0.30000001192092896,-0.0,-0.0,off
14.02,12.148356437683105,-5.630275249481201,-11.39569091796875,-2.0949268341064453,-1.8496253490447998,17.582500457763672,18.646259307861328,-0.0,-0.30000001192092896,-0.0,-0.0,off
14.040000000000001,12.012070655822754,-5.63559103012085,-11.481467247009277,-2.105485677719116,-1.875211238861084,17.54633331298828,18.535316467285156,-0.0,-0.30000001192092896,-0.0,-0.0,off
14.06,11.888350486755371,-5.437180995941162,-11.529458999633789,-2.120229721069336,-1.8997130393981934,17.430553436279297,18.423376083374023,-0.0,-0.30000001192092896,-0.0,-0.0,off
14.08,11.816113471984863,-5.280026912689209,-11.583244323730469,-2.1359758377075195,-1.9233392477035522,17.368671417236328,18.31604766845703,-0.0,-0.30000001192092896,-0.0,-0.0,off
14.1,11.776257514953613,-5.237513065338135,-11.592443466186523,-2.1524226665496826,-1.9462475776672363,17.334835052490234,18.216209411621094,-0.0,-0.30000001192092896,-0.0,-0.0,off
14.120000000000001,11.734535217285156,-5.208996295928955,-11.603282928466797,-2.1664583683013916,-1.968268632888794,17.30517578125,18.123544692993164,-0.0,-0.30000001192092896,-0.0,-0.0,off
14.14,11.685307502746582,-5.1566338539123535,-11.624345779418945,-2.179523468017578,-1.9893940687179565,17.270282745361328,18.036693572998047,-0.0,-0.30000001192092896,-0.0,-0.0,off
14.16,11.679676055908203,-5.160034656524658,-11.675301551818848,-2.1910712718963623,-2.009561777114868,17.301834106445312,17.96183967590332,-0.0,-0.30000001192092896,-0.0,-0.0,off
14.18,11.674725532531738,-5.189884662628174,-11.693081855773926,-2.20953106880188,-2.0295586585998535,17.319419860839844,17.896501541137695,-0.0,-0.30000001192092896,-0.0,-0.0,off
14.200000000000001,11.685932159423828,-5.285655975341797,-11.711030006408691,-2.2304160594940186,-2.0496442317962646,17.368000030517578,17.84290313720703,-0.0,-0.30000001192092896,-0.0,-0.0,off
14.22,11.635486602783203,-5.444543361663818,-11.75390625,-2.246049642562866,-2.069284677505493,17.412118911743164,17.79923439025879,-0.0,-0.30000001192092896,-0.0,-0.0,off
14.24,11.602665901184082,-5.629522323608398,-11.778547286987305,-2.267718553543091,-2.089128017425537,17.46561050415039,17.76532554626465,-0.0,-0.30000001192092896,-0.0,-0.0,off
14.26,11.535542488098145,-5.822293758392334,-11.83271598815918,-2.2841031551361084,-2.1086254119873047,17.5208740234375,17.740095138549805,-0.0,-0.30000001192092896,-0.0,-0.0,off
14.280000000000001,11.48788070678711,-6.013704776763916,-11.886648178100586,-2.2975234985351562,-2.1275150775909424,17.590578079223633,17.724048614501953,-0.0,-0.30000001192092896,-0.0,-0.0,off
14.3,11.485791206359863,-6.070874214172363,-11.889274597167969,-2.3069522380828857,-2.145458698272705,17.610614776611328,17.71170425415039,-0.0,-0.30000001192092896,-0.0,-0.0,off
14.32,11.515280723571777,-6.182812690734863,-11.88268756866455,-2.316331148147583,-2.162545919418335,17.664289474487305,17.705989837646484,-0.0,-0.30000001192092896,-0.0,-0.0,off
14.34,11.54495906829834,-6.274099826812744,-11.907320022583008,-2.324449062347412,-2.1787362098693848,17.7323055267334,17.707672119140625,-0.0,-0.30000001192092896,-0.0,-0.0,off
14.36,11.5645112991333,-6.352402687072754,-11.878242492675781,-2.3368752002716064,-2.194550037384033,17.75341033935547,17.71134376525879,-0.0,-0.30000001192092896,-0.0,-0.0,off
14.38,11.598249435424805,-6.421935081481934,-11.790614128112793,-2.3417441844940186,-2.2092695236206055,17.742019653320312,17.713573455810547,-0.0,-0.30000001192092896,-0.0,-0.0,off
14.4,11.554749488830566,-6.491015911102295,-11.748544692993164,-2.334240674972534,-2.221766471862793,17.710840225219727,17.712383270263672,-0.0,-0.30000001192092896,-0.0,-0.0,off
14.42,11.476198196411133,-6.510894298553467,-11.684823036193848,-2.318786382675171,-2.231468439102173,17.624698638916016,17.702713012695312,-0.0,-0.30000001192092896,-0.0,-0.0,off
14.44,11.432552337646484,-6.489414691925049,-11.670791625976562,-2.3028931617736816,-2.2386107444763184,17.57905387878418,17.68961524963379,-0.0,-0.30000001192092896,-0.0,-0.0,off
14.46,11.401314735412598,-6.414296627044678,-11.676786422729492,-2.284085512161255,-2.2431581020355225,17.53512191772461,17.673690795898438,-0.0,-0.30000001192092896,-0.0,-0.0,off
14.48,11.34935474395752,-6.319682598114014,-11.65097427368164,-2.2648611068725586,-2.245328426361084,17.449684143066406,17.651002883911133,-0.0,-0.30000001192092896,-0.0,-0.0,off
14.5,11.280608177185059,-6.176799774169922,-11.625293731689453,-2.2478878498077393,-2.245584487915039,17.336448669433594,17.619403839111328,-0.0,-0.30000001192092896,-0.0,-0.0,off
14.52,11.26667308807373,-6.078667163848877,-11.60073184967041,-2.237248420715332,-2.244750738143921,17.276142120361328,17.585004806518555,-0.0,-0.30000001192092896,-0.0,-0.0,off
14.540000000000001,11.232714653015137,-5.964110851287842,-11.58189582824707,-2.2320847511291504,-2.2434840202331543,17.20130157470703,17.54656410217285,0.0,-0.20000000298023224,-0.0,0.0,off
14.56,11.23061466217041,-5.920259475708008,-11.559813499450684,-2.2289397716522217,-2.2420294284820557,17.16990089416504,17.508838653564453,0.0,-0.20000000298023224,-0.0,0.0,off
14.58,11.265235900878906,-5.8391876220703125,-11.476030349731445,-2.225026845932007,-2.2403290271759033,17.108505249023438,17.4687557220459,-0.0,-0.20000000298023224,-0.0,-0.0,off
14.6,11.361184120178223,-5.837051868438721,-11.420905113220215,-2.227823495864868,-2.2390785217285156,17.134315490722656,17.43524742126465,-0.0,-0.20000000298023224,-0.0,-0.0,off
14.620000000000001,11.440816879272461,-5.851470470428467,-11.332347869873047,-2.236881732940674,-2.238858699798584,17.133420944213867,17.404939651489258,-0.0,-0.20000000298023224,-0.0,-0.0,off
14.64,11.613324165344238,-5.915707111358643,-11.288480758666992,-2.2421212196350098,-2.239184856414795,17.24223518371582,17.38838005065918,-0.0,-0.20000000298023224,-0.0,-0.0,off
14.66,11.726252555847168,-6.0202226638793945,-11.251684188842773,-2.2458302974700928,-2.23984956741333,17.330564498901367,17.382183074951172,-0.0,-0.20000000298023224,-0.0,-0.0,off
14.68,11.660161972045898,-6.041268348693848,-11.312972068786621,-2.2365219593048096,-2.2395167350769043,17.333194732666016,17.377090454101562,-0.0,-0.20000000298023224,-0.0,-0.0,off
14.700000000000001,11.481587409973145,-6.0754714012146,-11.585248947143555,-2.209650754928589,-2.236530065536499,17.405635833740234,17.379924774169922,-0.0,-0.20000000298023224,-0.0,-0.0,off
14.72,11.3820219039917,-6.130481719970703,-11.770444869995117,-2.1786081790924072,-2.2307376861572266,17.48360824584961,17.390092849731445,-0.0,-0.20000000298023224,-0.0,-0.0,off
14.74,11.253857612609863,-6.150378227233887,-11.898677825927734,-2.142512321472168,-2.2219152450561523,17.494426727294922,17.400047302246094,-0.0,-0.20000000298023224,-0.0,-0.0,off
14.76,11.072577476501465,-6.175026893615723,-11.984046936035156,-2.1111438274383545,-2.2108380794525146,17.44563865661621,17.403730392456055,-0.0,-0.20000000298023224,-0.0,-0.0,off
14.780000000000001,10.797669410705566,-6.224137306213379,-12.046103477478027,-2.0925824642181396,-2.199012517929077,17.333152770996094,17.395092010498047,-0.0,-0.10000000149011612,-0.0,-0.0,off
14.8,10.514148712158203,-6.288882732391357,-12.088970184326172,-2.0819778442382812,-2.1873090267181396,17.211641311645508,17.37433433532715,-0.0,-0.10000000149011612,-0.0,-0.0,off
14.82,10.338723182678223,-6.345865249633789,-12.121805191040039,-2.067147970199585,-2.17529296875,17.149267196655273,17.34901237487793,-0.0,-0.0,-0.0,-0.0,off
14.84,10.2236967086792,-6.411895751953125,-12.13774585723877,-2.0519466400146484,-2.1629583835601807,17.11610984802246,17.32280731201172,-0.0,-0.0,-0.0,-0.0,off
14.86,9.971150398254395,-6.517784595489502,-12.201981544494629,-2.026449203491211,-2.1493074893951416,17.052675247192383,17.291889190673828,-0.0,-0.0,-0.0,-0.0,off
14.88,9.742009162902832,-6.663232803344727,-12.330506324768066,-1.9981578588485718,-2.13419246673584,17.068883895874023,17.264455795288086,-0.0,-0.0,-0.0,-0.0,off
14.9,9.296576499938965,-6.835509300231934,-12.496541976928711,-1.95537531375885,-2.1163105964660645,17.009235382080078,17.23078727722168,-0.0,-0.0,-0.0,-0.0,off
14.92,8.913545608520508,-7.059985160827637,-12.625229835510254,-1.9278331995010376,-2.0974628925323486,16.99091148376465,17.19581413269043,-0.0,-0.0,-0.0,-0.0,off
14.94,8.532576560974121,-7.243682384490967,-12.776427268981934,-1.8926349878311157,-2.0769801139831543,16.985666275024414,17.160980224609375,-0.0,-0.0,-0.0,-0.0,off
14.96,8.299778938293457,-7.438205242156982,-12.893484115600586,-1.8564342260360718,-2.0549254417419434,17.042743682861328,17.134197235107422,-0.0,-0.0,-0.0,-0.0,off
14.98,8.168233871459961,-7.569285869598389,-12.90546989440918,-1.8358687162399292,-2.033019781112671,17.045974731445312,17.111225128173828,-0.0,-0.0,-0.0,-0.0,off
15.0,8.06448745727539,-7.758045673370361,-12.923749923706055,-1.8181723356246948,-2.0115349292755127,17.0952205657959,17.096086502075195,-0.0,-0.0,-0.0,-0.0,off
15.02,7.942831039428711,-7.962926387786865,-12.991705894470215,-1.7932389974594116,-1.9897053241729736,17.183748245239258,17.091379165649414,-0.0,-0.0,-0.0,-0.0,off
15.040000000000001,7.921035289764404,-8.162580490112305,-13.036173820495605,-1.7785781621932983,-1.968592643737793,17.30064582824707,17.099929809570312,-0.0,-0.0,-0.0,-0.0,off
15.06,7.856113910675049,-8.455648422241211,-13.046740531921387,-1.7681697607040405,-1.9485502243041992,17.419355392456055,17.11949348449707,-0.0,-0.0,-0.0,-0.0,off
15.08,7.705139636993408,-9.055912017822266,-13.077791213989258,-1.7464631795883179,-1.9283413887023926,17.675048828125,17.15936851501465,-0.0,-0.0,-0.0,-0.0,off
15.1,7.4899702072143555,-9.926345825195312,-13.126612663269043,-1.7250007390975952,-1.9080073833465576,18.081480026245117,17.228952407836914,-0.0,-0.0,-0.0,-0.0,off
15.120000000000001,7.221936225891113,-11.014442443847656,-13.193110466003418,-1.6935282945632935,-1.8865594863891602,18.642223358154297,17.336931228637695,-0.0,-0.0,-0.0,-0.0,off
15.14,6.967682361602783,-12.170347213745117,-13.24572467803955,-1.660899043083191,-1.8639934062957764,19.290287017822266,17.48716926574707,-0.0,-0.0,-0.0,-0.0,off
15.16,6.848141670227051,-12.697481155395508,-13.236429214477539,-1.6317695379257202,-1.840770959854126,19.578716278076172,17.651500701904297,-0.0,-0.0,-0.0,-0.0,off
15.18,6.917786121368408,-13.72115707397461,-13.075214385986328,-1.5829838514328003,-1.8149921894073486,20.176401138305664,17.85335922241211,-0.0,-0.0,-0.0,-0.0,off
15.200000000000001,6.763244152069092,-14.412467956542969,-12.256914138793945,-1.4468735456466675,-1.7781803607940674,20.092103958129883,18.018083572387695,-0.0,-0.0,-0.0,-0.0,off
15.22,6.6380839347839355,-15.402198791503906,-10.815391540527344,-1.2066136598587036,-1.721023678779602,19.956567764282227,18.129003524780273,-0.0,-0.0,-0.0,-0.0,off
15.24,6.602097988128662,-16.673763275146484,-9.178312301635742,-1.0499709844589233,-1.6539182662963867,20.145557403564453,18.209915161132812,-0.0,-0.0,-0.0,-0.0,off
15.26,7.114778518676758,-18.072458267211914,-7.343655586242676,-0.9582594037055969,-1.5843522548675537,20.764467239379883,18.299238204956055,-0.0,-0.0,-0.0,-0.0,off
15.280000000000001,7.804569721221924,-17.481372833251953,-5.655306816101074,-0.8234561085700989,-1.5082626342773438,19.962268829345703,18.300090789794922,-0.0,-0.0,-0.0,-0.0,off
15.3,8.777911186218262,-16.248756408691406,-4.926459312438965,-0.6572383046150208,-1.4231600761413574,19.113969802856445,18.247394561767578,-0.0,-0.0,-0.0,-0.0,off
15.32,8.753185272216797,-14.76943588256836,-5.417333602905273,-0.5433881878852844,-1.3351829051971436,18.002832412719727,18.14617347717285,-0.0,-0.0,-0.0,-0.0,off
15.34,7.3268890380859375,-13.693098068237305,-6.959944725036621,-0.7808359265327454,-1.2797482013702393,17.018373489379883,18.01091766357422,-0.0,-0.0,-0.0,-0.0,off
15.36,7.523943901062012,-11.44900894165039,-8.850261688232422,-1.002886176109314,-1.2520619630813599,16.310016632080078,17.840167999267578,-0.0,-0.0,-0.0,-0.0,off
15.38,7.310110569000244,-10.79884147644043,-9.579935073852539,-0.9702406525611877,-1.2238798141479492,16.181095123291016,17.670154571533203,-0.0,-0.0,-0.0,-0.0,off
15.4,7.021653175354004,-10.166088104248047,-9.533867835998535,-0.9624336361885071,-1.1977351903915405,15.606012344360352,17.457704544067383,-0.0,-0.0,-0.0,-0.0,off
15.42,6.8921427726745605,-10.021595001220703,-9.007719993591309,-0.9682117104530334,-1.1747828722000122,15.13515853881836,17.222429275512695,-0.0,-0.0,-0.0,-0.0,off
15.44,6.705936431884766,-9.335054397583008,-8.082304000854492,-1.002689003944397,-1.1575734615325928,14.05120849609375,16.903236389160156,-0.0,-0.0,-0.0,-0.0,off
15.46,7.128996849060059,-9.174875259399414,-7.343496322631836,-0.9979153275489807,-1.141607642173767,13.74510383605957,16.583106994628906,-0.0,-0.0,-0.0,-0.0,off
15.48,7.361393451690674,-9.107969284057617,-6.758514404296875,-1.0157474279403687,-1.1290216445922852,13.521195411682129,16.269445419311523,-0.0,-0.0,-0.0,-0.0,off
15.5,7.439584732055664,-9.028493881225586,-5.530950546264648,-1.07158625125885,-1.1232781410217285,12.94034481048584,15.919794082641602,-0.0,-0.0,-0.0,-0.0,off
15.52,7.857854843139648,-9.420711517333984,-2.4508655071258545,-1.0935651063919067,-1.1203068494796753,12.510093688964844,15.49414348602295,-0.0,-0.0,-0.0,-0.0,off
15.540000000000001,8.331940650939941,-10.422185897827148,0.11970067024230957,-1.0602506399154663,-1.1143012046813965,13.343819618225098,15.095213890075684,-0.0,-0.0,-0.0,-0.0,off
15.56,8.582803726196289,-11.930259704589844,0.6560347080230713,-0.9221506714820862,-1.0950860977172852,14.711423873901367,14.86648941040039,-0.0,-0.0,-0.0,-0.0,off
15.58,8.627562522888184,-11.988439559936523,-0.3381688594818115,-0.7243683934211731,-1.0580142736434937,14.774026870727539,14.740069389343262,-0.0,-0.0,-0.0,-0.0,off
15.6,9.284515380859375,-11.879655838012695,-0.43204474449157715,-0.57044917345047,-1.0092576742172241,15.083603858947754,14.678376197814941,-0.0,-0.0,-0.0,-0.0,off
15.620000000000001,9.743216514587402,-12.026172637939453,0.29184746742248535,-0.4552796483039856,-0.953859806060791,15.480447769165039,14.654277801513672,-0.0,-0.0,-0.0,-0.0,off
15.64,9.790435791015625,-11.913476943969727,-1.6462552547454834,-0.4257891774177551,-0.901052713394165,15.50786018371582,14.703542709350586,-0.0,-0.0,-0.0,-0.0,off
15.66,10.318634986877441,-11.179056167602539,0.7854197025299072,-0.29056984186172485,-0.8400043845176697,15.23359489440918,14.662675857543945,-0.0,-0.0,-0.0,-0.0,off
15.68,11.314210891723633,-7.42825174331665,4.739217758178711,-0.010085172951221466,-0.7570124268531799,14.340518951416016,14.328591346740723,-0.0,-0.0,-0.0,-0.0,off
15.700000000000001,11.113165855407715,-4.30623197555542,6.002067565917969,-0.006191559135913849,-0.6819303631782532,13.344321250915527,13.814461708068848,-0.0,-0.0,-0.0,-0.0,off
15.72,11.80862808227539,-6.717808723449707,4.037001609802246,-0.18247419595718384,-0.6319847106933594,14.17286205291748,13.660329818725586,-0.0,-0.0,-0.0,-0.0,off
15.74,11.61770248413086,-8.645246505737305,-0.44693636894226074,-0.28968268632888794,-0.5977544784545898,14.488306999206543,13.718774795532227,-0.0,-0.0,-0.0,-0.0,off
15.76,11.132519721984863,-7.9639105796813965,-0.659099817276001,-0.41440659761428833,-0.5794196724891663,13.703695297241211,13.696167945861816,-0.0,-0.0,-0.0,-0.0,off
15.780000000000001,11.085606575012207,-7.540863513946533,-0.6171314716339111,-0.26841312646865845,-0.5483189821243286,13.421480178833008,13.646905899047852,-0.0,-0.0,-0.0,-0.0,off
15.8,10.586119651794434,-6.763669490814209,-1.0749995708465576,-0.2788291573524475,-0.521369993686676,12.608282089233398,13.521632194519043,-0.0,-0.0,-0.0,-0.0,off
15.82,2.8599789142608643,0.7515054941177368,0.0009481906890869141,0.0353277251124382,-0.4657002091407776,2.957066297531128,12.330626487731934,-0.0,-0.0,-0.0,-0.0,off
15.84,7.801133155822754,-5.29095983505249,-1.8729441165924072,0.34484022855758667,-0.38464614748954773,9.610403060913086,12.046479225158691,-0.0,-0.0,-0.0,-0.0,off
15.860000000000001,8.17125415802002,-4.806280136108398,-4.443150520324707,-0.1076100543141365,-0.3569425046443939,10.469542503356934,11.819660186767578,-0.0,-0.0,-0.0,-0.0,off
15.88,8.593045234680176,-5.470208168029785,-4.970243453979492,-0.09005219489336014,-0.3302534520626068,11.334324836730957,11.709030151367188,0.0,-0.0,-0.0,0.0,off
15.9,9.680224418640137,-4.313284397125244,-5.219015121459961,-0.11930353194475174,-0.30915844440460205,11.813097953796387,11.63839054107666,-0.0,-0.0,-0.0,-0.0,off
15.92,9.859562873840332,-3.841853618621826,-5.919985771179199,-0.15577012300491333,-0.2938196063041687,12.125059127807617,11.591909408569336,-0.0,-0.0,-0.0,-0.0,off
15.94,10.69240665435791,-4.449197292327881,-7.249788284301758,0.0028251931071281433,-0.2641551196575165,13.663174629211426,11.701863288879395,-0.0,-0.0,-0.0,-0.0,off
15.96,11.721919059753418,-4.5468363761901855,-8.220451354980469,0.0906013771891594,-0.22867946326732635,15.021748542785645,11.937089920043945,-0.0,-0.0,-0.0,-0.0,off
15.98,13.293545722961426,-5.078012943267822,-9.000741004943848,0.17858022451400757,-0.18795348703861237,16.837989807128906,12.348861694335938,-0.0,-0.0,-0.0,-0.0,off
16.0,14.380400657653809,-5.689730167388916,-9.774293899536133,0.24274295568466187,-0.14488384127616882,18.294965744018555,12.882887840270996,-0.0,-0.0,-0.0,-0.0,off
16.02,15.136722564697266,-5.652079105377197,-9.815165519714355,0.2037155032157898,-0.11002390831708908,18.905126571655273,13.439620018005371,-0.0,-0.0,-0.0,-0.0,off
16.04,15.189065933227539,-6.197439193725586,-7.531292915344238,0.04329746216535568,-0.09469176828861237,18.05093765258789,13.889524459838867,-0.0,-0.20000000298023224,-0.0,-0.0,off
16.06,14.985005378723145,-5.893439769744873,-6.273326873779297,-0.17407971620559692,-0.10263055562973022,17.28113555908203,14.218406677246094,-0.0,-0.20000000298023224,-0.0,-0.0,off
16.080000000000002,15.356400489807129,-5.551347255706787,-5.83233642578125,-0.5894859433174133,-0.1513160914182663,17.339338302612305,14.516251564025879,-0.0,-0.4000000059604645,-0.0,-0.0,off
16.1,17.340768814086914,-5.501485824584961,-6.0429582595825195,-0.6773455739021301,-0.20391905307769775,19.169923782348633,14.959197044372559,-0.0,-0.6000000238418579,-0.0,-0.0,off
16.12,18.299152374267578,-5.534264087677002,-4.941303253173828,-1.1361507177352905,-0.2971422076225281,19.745975494384766,15.40581226348877,-0.0,-0.699999988079071,-0.0,-0.0,off
16.14,16.744688034057617,-7.319372177124023,-2.3828346729278564,-1.5605891942977905,-0.4234868884086609,18.42920684814453,15.662556648254395,-0.0,-0.699999988079071,-0.0,-0.0,off
16.16,15.366011619567871,-4.97986364364624,1.4033129215240479,-2.100965976715088,-0.5912348031997681,16.21365737915039,15.579163551330566,-0.0,-0.699999988079071,-0.0,-0.0,off
16.18,15.257393836975098,0.07827264070510864,2.850324869155884,-1.8410462141036987,-0.7162159085273743,15.521551132202148,15.300363540649414,-0.0,-0.699999988079071,-0.0,-0.0,off
16.2,21.258617401123047,-4.185671329498291,-6.364068984985352,-0.6434867978096008,-0.7089430093765259,22.582073211669922,15.999796867370605,-0.0,-0.699999988079071,-0.0,-0.0,off
16.22,14.675503730773926,-1.9970784187316895,-4.621720314025879,0.5621468424797058,-0.5818340182304382,15.515122413635254,15.921456336975098,-0.0,-0.699999988079071,-0.0,-0.0,off
16.240000000000002,15.922425270080566,-4.3574137687683105,-4.433526992797852,-0.3973897099494934,-0.5633895397186279,17.09288787841797,16.03620719909668,-0.0,-0.6000000238418579,-0.0,-0.0,off
16.26,17.820825576782227,-5.370189666748047,-4.533307075500488,-0.6586671471595764,-0.5729172825813293,19.156503677368164,16.347251892089844,-0.0,-0.6000000238418579,-0.0,-0.0,off
16.28,17.233720779418945,-5.286574840545654,-4.624024391174316,-0.7037451863288879,-0.5860000848770142,18.609960556030273,16.57321548461914,-0.0,-0.6000000238418579,-0.0,-0.0,off
16.3,16.741695404052734,-4.9961442947387695,-4.784995079040527,-0.7312796711921692,-0.6005280613899231,18.11469078063965,16.726869583129883,-0.0,-0.6000000238418579,-0.0,-0.0,off
16.32,16.43537712097168,-4.997262954711914,-5.466975212097168,-0.7431600689888,-0.6147912740707397,18.027257919311523,16.85478973388672,-0.0,-0.6000000238418579,-0.0,-0.0,off
16.34,16.177265167236328,-5.283246994018555,-6.1959733963012695,-0.7532547116279602,-0.6286376118659973,18.1109561920166,16.974571228027344,-0.0,-0.5,-0.0,-0.0,off
16.36,15.477227210998535,-5.510566234588623,-7.369294166564941,-0.8154945969581604,-0.6473233103752136,18.006038665771484,17.059329986572266,-0.0,-0.5,-0.0,-0.0,off
16.38,14.919703483581543,-6.024242877960205,-8.556018829345703,-0.8756888508796692,-0.6701598167419434,18.223461151123047,17.13991928100586,-0.0,-0.5,-0.0,-0.0,off
16.4,14.591863632202148,-5.9075212478637695,-9.059003829956055,-0.9360993504524231,-0.696753740310669,18.16278648376465,17.2030086517334,-0.0,-0.5,-0.0,-0.0,off
16.42,14.540064811706543,-5.396562576293945,-9.129312515258789,-0.9590163826942444,-0.7229800224304199,17.996686935424805,17.249801635742188,-0.0,-0.5,-0.0,-0.0,off
16.44,15.079562187194824,-4.774181365966797,-8.551573753356934,-0.9448598027229309,-0.7451680302619934,17.980974197387695,17.30624008178711,-0.0,-0.5,-0.0,-0.0,off
16.46,15.19155502319336,-4.768211364746094,-8.150932312011719,-0.9486106038093567,-0.765512228012085,17.887338638305664,17.35512351989746,-0.0,-0.5,-0.0,-0.0,off
16.48,15.263249397277832,-4.88837194442749,-8.161694526672363,-0.9546003937721252,-0.7844210267066956,17.985445022583008,17.41114616394043,-0.0,-0.5,-0.0,-0.0,off
16.5,15.644549369812012,-4.818556785583496,-8.190460205078125,-0.9779542088508606,-0.803774356842041,18.304481506347656,17.495384216308594,-0.0,-0.5,-0.0,-0.0,off
16.52,15.752104759216309,-4.940016269683838,-8.088611602783203,-0.960679829120636,-0.8194648623466492,18.383638381958008,17.58111000061035,-0.0,-0.5,-0.0,-0.0,off
16.54,15.35513973236084,-4.963372230529785,-7.577247619628906,-0.899780809879303,-0.8274964690208435,17.827789306640625,17.604677200317383,-0.0,-0.5,-0.0,-0.0,off
16.56,14.89431381225586,-4.547667980194092,-6.828177452087402,-0.87934809923172,-0.8326815962791443,17.004289627075195,17.544282913208008,-0.0,-0.5,-0.0,-0.0,off
16.580000000000002,15.389440536499023,-4.240065574645996,-5.780126571655273,-0.9129918217658997,-0.8407126069068909,16.977128982543945,17.483373641967773,-0.0,-0.5,-0.0,-0.0,off
16.6,15.538692474365234,-4.1914496421813965,-4.974635124206543,-0.9123170971870422,-0.8478730320930481,16.845361709594727,17.410219192504883,-0.0,-0.4000000059604645,-0.0,-0.0,off
16.62,15.166714668273926,-4.002983570098877,-3.8227908611297607,-0.9152167439460754,-0.8546074032783508,16.145179748535156,17.26520347595215,-0.0,-0.4000000059604645,-0.0,-0.0,off
16.64,12.525229454040527,-5.4502739906311035,-1.3111331462860107,-0.6944831013679504,-0.838594913482666,13.722460746765137,16.854360580444336,-0.0,-0.4000000059604645,-0.0,-0.0,off
16.66,10.334610939025879,-8.584033966064453,2.4454996585845947,-0.4085391163825989,-0.7955893278121948,13.655412673950195,16.27431297302246,-0.0,-0.4000000059604645,-0.0,-0.0,off
16.68,8.931885719299316,-10.286378860473633,6.238116264343262,-0.2658689618110657,-0.7426172494888306,14.983399391174316,15.627687454223633,-0.0,-0.4000000059604645,-0.0,-0.0,off
16.7,11.041326522827148,-8.893428802490234,7.048650741577148,-0.2847011685371399,-0.6968256235122681,15.833111763000488,15.244317054748535,-0.0,-0.4000000059604645,-0.0,-0.0,off
16.72,12.860540390014648,-8.112892150878906,6.708675384521484,-0.38726669549942017,-0.6658697128295898,16.61983299255371,15.105542182922363,-0.0,-0.4000000059604645,-0.0,-0.0,off
16.740000000000002,13.171708106994629,-7.5092549324035645,6.397799491882324,-0.3623808026313782,-0.6355208158493042,16.456445693969727,15.038411140441895,-0.0,-0.4000000059604645,-0.0,-0.0,off
16.76,13.372689247131348,-8.240543365478516,6.634891510009766,-0.2945287823677063,-0.601421594619751,17.05160140991211,15.06695556640625,-0.0,-0.4000000059604645,-0.0,-0.0,off
16.78,13.847774505615234,-8.450639724731445,6.80849552154541,-0.17810755968093872,-0.5590901970863342,17.59345817565918,15.180187225341797,-0.0,-0.4000000059604645,-0.0,-0.0,off
16.8,14.931442260742188,-8.935138702392578,5.2854204177856445,-0.22080975770950317,-0.5252621173858643,18.185718536376953,15.419684410095215,-0.0,-0.4000000059604645,-0.0,-0.0,off
16.82,15.889843940734863,-7.548102855682373,6.043790817260742,-0.2664828896522522,-0.49938416481018066,18.60076332092285,15.677461624145508,-0.0,-0.4000000059604645,-0.0,-0.0,off
16.84,16.540441513061523,-8.937149047851562,7.113245964050293,-0.14691001176834106,-0.4641367197036743,20.101171493530273,16.055463790893555,-0.0,-0.30000001192092896,-0.0,-0.0,off
16.86,17.683025360107422,-10.052831649780273,9.031506538391113,-0.0008176043629646301,-0.4178047776222229,22.25571632385254,16.591495513916016,-0.0,-0.30000001192092896,-0.0,-0.0,off
16.88,18.136192321777344,-10.74843978881836,10.89045524597168,0.13218563795089722,-0.36280572414398193,23.72872543334961,17.202505111694336,-0.0,-0.30000001192092896,-0.0,-0.0,off
16.9,18.8585147857666,-11.450868606567383,11.801721572875977,0.26719921827316284,-0.299805223941803,25.020923614501953,17.893877029418945,-0.0,-0.20000000298023224,-0.0,-0.0,off
16.92,19.098873138427734,-11.784805297851562,12.810338973999023,0.37757939100265503,-0.23206675052642822,25.840925216674805,18.602502822875977,-0.0,-0.10000000149011612,-0.0,-0.0,off
16.94,19.07929039001465,-12.135679244995117,13.08891773223877,0.47853201627731323,-0.1610068678855896,26.12687873840332,19.28504753112793,-0.0,-0.0,-0.0,-0.0,off
16.96,19.470094680786133,-12.133720397949219,13.527615547180176,0.5306782126426697,-0.09183835983276367,26.63283920288086,19.963268280029297,-0.0,-0.0,-0.0,-0.0,off
16.98,18.130342483520508,-12.549657821655273,13.845459938049316,0.4866029620170593,-0.033994223922491074,26.03651237487793,20.50994873046875,-0.0,-0.0,-0.0,-0.0,off
17.0,16.599592208862305,-11.943456649780273,13.545416831970215,0.3810555338859558,0.007510753348469734,24.528980255126953,20.85447120666504,-0.0,-0.0,-0.0,-0.0,off
17.02,14.057685852050781,-11.70991325378418,10.884450912475586,-1.1861592531204224,-0.11185624450445175,21.288774490356445,20.85991096496582,-0.0,-0.0,-0.0,-0.0,off
17.04,10.422060012817383,-11.136190414428711,10.357913970947266,-1.4253336191177368,-0.24320398271083832,18.436931610107422,20.543188095092773,-0.0,-0.0,-0.0,-0.0,off
17.06,6.883321285247803,-7.350067615509033,9.295839309692383,-1.9038094282150269,-0.4092645049095154,13.704606056213379,19.770009994506836,-0.0,-0.0,-0.0,-0.0,off
17.080000000000002,4.386031627655029,4.604672908782959,4.4939680099487305,-3.620496988296509,-0.7303877472877502,7.786914348602295,18.103363037109375,-0.0,-0.0,-0.0,-0.0,off
17.1,4.178464889526367,-5.181919097900391,5.433872222900391,-1.1436060667037964,-0.7717095613479614,8.592951774597168,17.100297927856445,-0.0,-0.0,-0.0,-0.0,off
17.12,6.566473960876465,-4.747091293334961,5.660093307495117,0.07682078331708908,-0.6868565082550049,9.883831024169922,16.36971092224121,-0.0,0.0,-0.0,-0.0,off
17.14,10.767434120178223,-5.223517894744873,8.103519439697266,-0.2559211850166321,-0.6437629461288452,14.453020095825195,16.164587020874023,-0.0,-0.0,-0.0,-0.0,off
17.16,12.378275871276855,-5.786413192749023,8.266091346740723,-0.17304283380508423,-0.5966909527778625,15.969738960266113,16.136133193969727,-0.0,-0.0,-0.0,-0.0,off
17.18,11.963541984558105,-5.448421955108643,7.838067054748535,-0.07365972548723221,-0.5443878173828125,15.30512809753418,16.045169830322266,-0.0,-0.0,-0.0,-0.0,off
17.2,11.962235450744629,-5.090718746185303,6.052914619445801,0.018191508948802948,-0.4881298542022705,14.340441703796387,15.8624849319458,-0.0,-0.0,-0.0,-0.0,off
17.22,12.02833080291748,-4.267599582672119,4.237275123596191,0.14688414335250854,-0.42462846636772156,13.44796085357666,15.584389686584473,0.0,-0.0,-0.0,0.0,off
17.240000000000002,10.861580848693848,-3.2212440967559814,1.5831644535064697,0.6731535792350769,-0.31485024094581604,11.439264297485352,15.08481216430664,-0.0,-0.0,-0.0,-0.0,off
17.26,9.171675682067871,-3.0698189735412598,-0.22089266777038574,0.7553254961967468,-0.20783266425132751,9.674306869506836,14.428686141967773,-0.0,-0.0,-0.0,-0.0,off
17.28,6.72039794921875,-0.5201981067657471,-3.0192315578460693,0.7378422617912292,-0.11326516419649124,7.385804653167725,13.437771797180176,-0.0,-0.0,-0.0,-0.0,off
17.3,8.97948169708252,0.6045957803726196,-4.95340633392334,0.5457729697227478,-0.0473613440990448,10.272918701171875,12.657679557800293,-0.0,-0.0,-0.0,-0.0,off
17.32,9.184615135192871,-0.015475273132324219,-7.237331390380859,0.5398897528648376,0.011363767087459564,11.693431854248047,11.995992660522461,-0.0,-0.0,-0.0,-0.0,off
17.34,9.270885467529297,-1.4463300704956055,-8.78443431854248,0.5706607699394226,0.06729347258806229,12.85330581665039,11.516092300415039,-0.0,-0.0,-0.0,-0.0,off
17.36,9.871847152709961,-2.3115334510803223,-8.99570083618164,0.5596105456352234,0.11652517318725586,13.554305076599121,11.265556335449219,-0.0,-0.0,-0.0,-0.0,off
17.38,10.337838172912598,-2.1434531211853027,-9.732566833496094,0.561987578868866,0.16107140481472015,14.3592529296875,11.16814136505127,-0.0,-0.0,-0.0,-0.0,off
17.400000000000002,10.324896812438965,-1.1406503915786743,-11.146425247192383,0.49950212240219116,0.19491447508335114,15.236383438110352,11.150298118591309,-0.0,-0.0,-0.0,-0.0,off
17.42,11.097037315368652,-0.9460949897766113,-11.90887451171875,0.32944148778915405,0.20836716890335083,16.305233001708984,11.311799049377441,-0.0,-0.0,-0.0,-0.0,off
17.44,12.407906532287598,-1.6861810684204102,-10.023199081420898,0.16525524854660034,0.20405596494674683,16.039447784423828,11.628493309020996,-0.0,-0.0,-0.0,-0.0,off
17.46,12.458691596984863,-3.8340015411376953,-5.520918846130371,-0.4607611298561096,0.1375742405653,14.15623950958252,11.871941566467285,-0.0,-0.0,-0.0,-0.0,off
17.48,11.091654777526855,-4.835169315338135,-2.255491018295288,-2.4883885383605957,-0.1250220537185669,12.308164596557617,11.899871826171875,-0.0,-0.0,-0.0,-0.0,off
17.5,12.26893424987793,-7.2649827003479,-0.1248481273651123,-2.2115719318389893,-0.3336770534515381,14.259113311767578,12.05338191986084,-0.0,-0.0,-0.0,-0.0,off
17.52,12.471802711486816,-4.744531631469727,0.05464959144592285,-1.0775023698806763,-0.40805956721305847,13.343891143798828,12.142645835876465,-0.0,-0.0,-0.0,-0.0,off
17.54,12.144793510437012,-4.653290271759033,-0.19393134117126465,-0.3348105549812317,-0.40073466300964355,13.007179260253906,12.202857971191406,-0.0,-0.0,-0.0,-0.0,off
17.56,9.256555557250977,-2.5127758979797363,-0.721411943435669,0.6178175806999207,-0.2988794147968292,9.618643760681152,11.935419082641602,-0.0,-0.0,-0.0,-0.0,off
17.580000000000002,10.161885261535645,-4.385518550872803,-1.0285513401031494,0.1528112292289734,-0.2537103593349457,11.115511894226074,11.845199584960938,-0.0,-0.0,-0.0,-0.0,off
17.6,9.14222240447998,-4.741171836853027,-1.599888563156128,0.17837780714035034,-0.2105015367269516,10.42202377319336,11.692835807800293,-0.0,-0.0,-0.0,-0.0,off
17.62,10.468467712402344,-4.7613139152526855,-0.17177748680114746,0.17376095056533813,-0.1720752865076065,11.501670837402344,11.656281471252441,-0.0,-0.0,-0.0,-0.0,off
17.64,7.078969955444336,-5.768458843231201,1.572383165359497,-0.929378092288971,-0.24780556559562683,9.266030311584473,11.325224876403809,-0.0,-0.0,-0.0,-0.0,off
17.66,7.455656051635742,-5.1700334548950195,1.793804407119751,-1.0783826112747192,-0.33086326718330383,9.248448371887207,11.049905776977539,-0.0,-0.0,-0.0,-0.0,off
17.68,8.820871353149414,-5.573101997375488,1.598456621170044,-0.5335057377815247,-0.3511275053024292,10.555676460266113,10.955035209655762,0.0,-0.0,-0.0,0.0,off
17.7,9.62219524383545,-5.577524662017822,1.2333424091339111,-0.23927313089370728,-0.3399420380592346,11.190020561218262,10.953153610229492,0.0,-0.0,-0.0,0.0,off
17.72,10.308548927307129,-5.819713115692139,0.16664767265319824,-0.1922397017478943,-0.3251717984676361,11.839045524597168,11.034296035766602,-0.0,-0.0,-0.0,-0.0,off
17.740000000000002,10.354828834533691,-5.766542434692383,-0.3000948429107666,-0.15346378087997437,-0.30800098180770874,11.856034278869629,11.113143920898438,-0.0,-0.0,-0.0,-0.0,off
17.76,10.428021430969238,-6.064822673797607,-0.2896115779876709,-0.16341131925582886,-0.2935419976711273,12.066879272460938,11.204291343688965,-0.0,-0.0,-0.0,-0.0,off
17.78,10.425437927246094,-6.013758182525635,-0.45308399200439453,-0.13423925638198853,-0.27761170268058777,12.044099807739258,11.285481452941895,-0.0,-0.0,-0.0,-0.0,off
17.8,10.356720924377441,-5.586747646331787,-0.7646398544311523,-0.09157568961381912,-0.25900810956954956,11.792289733886719,11.335396766662598,-0.0,-0.0,-0.0,-0.0,off
17.82,9.767661094665527,-5.1600751876831055,-0.9773381948471069,-0.04341728240251541,-0.2374490201473236,11.0900297164917,11.309913635253906,-0.0,-0.0,-0.0,-0.0,off
17.84,8.639775276184082,-4.587862491607666,-0.08145421743392944,0.015734009444713593,-0.21213071048259735,9.782679557800293,11.156007766723633,-0.0,-0.0,-0.0,-0.0,off
17.86,8.510601043701172,-4.047515869140625,-0.012139290571212769,0.038196854293346405,-0.1870979517698288,9.424057006835938,10.981521606445312,-0.0,-0.0,-0.0,-0.0,off
17.88,9.30336856842041,-3.3980014324188232,-0.7132833003997803,-0.03418124467134476,-0.17180627584457397,9.930148124694824,10.870104789733887,-0.0,-0.0,-0.0,-0.0,off
17.900000000000002,10.834126472473145,-3.290895462036133,-0.7571537494659424,-0.2064548134803772,-0.17527112364768982,11.348196983337402,10.904759407043457,-0.0,-0.0,-0.0,-0.0,off
17.92,11.602757453918457,-1.762108564376831,-0.1095588207244873,0.10847967118024826,-0.14689603447914124,11.736311912536621,10.943867683410645,-0.0,-0.0,-0.0,-0.0,off
