t,Fx_hat,Fy_hat,Fz_hat,tau_yaw_hat,tau_yaw_ema,force_mag,force_mag_ema,wz_obs,vx_cmd,vy_cmd,wz_cmd,compliance_mode
0.0,0.3970036208629608,0.9477819800376892,4.469408988952637,1.8569214344024658,1.6120105981826782,4.586013317108154,4.095489025115967,0.0,-0.0,-0.0,0.0,off
0.02,0.39774057269096375,0.9310979247093201,4.44883918762207,1.8570611476898193,1.6365156173706055,4.562599182128906,4.1421661376953125,-0.0,-0.0,-0.0,-0.0,off
0.04,0.41028842329978943,0.9481222033500671,4.584133625030518,1.8850924968719482,1.661373257637024,4.699101448059082,4.197842121124268,-0.0,-0.0,-0.0,-0.0,off
0.06,0.41720816493034363,0.9606847167015076,4.65971565246582,1.9030535221099854,1.6855412721633911,4.775973796844482,4.255643367767334,-0.0,-0.0,-0.0,-0.0,off
0.08,0.40374013781547546,0.9572586417198181,4.630353927612305,1.9056894779205322,1.7075560092926025,4.745474338531494,4.304614067077637,-0.0,-0.0,-0.0,-0.0,off
0.1,0.3971470296382904,0.9347662329673767,4.619941711425781,1.8939120769500732,1.7261916399002075,4.730261325836182,4.347174644470215,-0.0,-0.0,-0.0,-0.0,off
0.12,0.4012860953807831,0.9527613520622253,4.67954158782959,1.8903636932373047,1.7426087856292725,4.792378902435303,4.391690731048584,-0.0,-0.0,-0.0,-0.0,off
0.14,0.4128386676311493,1.0405216217041016,4.772728443145752,1.967212438583374,1.7650690078735352,4.902250289916992,4.442685127258301,-0.0,-0.0,-0.0,-0.0,off
0.16,0.4099062383174896,1.035135269165039,4.894598007202148,1.9934587478637695,1.7879078388214111,5.019623279571533,4.500357151031494,-0.0,-0.0,-0.0,-0.0,off
0.18,0.4117119014263153,1.0123496055603027,4.81756591796875,1.9702231884002686,1.806139349937439,4.939969539642334,4.544308185577393,-0.0,-0.0,-0.0,-0.0,off
0.2,0.4100510776042938,0.9838792681694031,4.896627426147461,1.9598076343536377,1.821506142616272,5.011299133300781,4.591001510620117,-0.0,-0.0,-0.0,-0.0,off
0.22,0.40840134024620056,0.9955562949180603,4.974642276763916,1.980769395828247,1.8374325037002563,5.089694499969482,4.640861988067627,-0.0,-0.0,-0.0,-0.0,off
0.24,0.40354928374290466,1.0178537368774414,5.002425193786621,2.0138041973114014,1.855069637298584,5.120852947235107,4.6888532638549805,-0.0,-0.0,-0.0,-0.0,off
0.26,0.4025474488735199,1.002828598022461,5.021431922912598,2.0057408809661865,1.8701366186141968,5.136388778686523,4.733596324920654,-0.0,-0.0,-0.0,-0.0,off
0.28,0.4008065164089203,0.9720067381858826,4.963709354400635,1.9646122455596924,1.8795840740203857,5.073840141296387,4.767604351043701,-0.0,0.0,-0.0,-0.0,off
0.3,0.4011150300502777,0.9671172499656677,4.946345329284668,1.9418690204620361,1.885812520980835,5.055941104888916,4.796425819396973,-0.0,0.0,-0.0,-0.0,off
0.32,0.396790474653244,1.0309629440307617,5.044259548187256,2.0084269046783447,1.8980739116668701,5.16380500793457,4.83315372467041,-0.0,-0.0,-0.0,-0.0,off
0.34,0.3917388617992401,1.0502371788024902,5.053697109222412,2.0349485874176025,1.9117614030838013,5.176515579223633,4.867473602294922,-0.0,-0.0,-0.0,-0.0,off
0.36,0.39186951518058777,1.017268180847168,5.040682792663574,1.9838926792144775,1.91897451877594,5.1572160720825195,4.8964409828186035,-0.0,-0.0,-0.0,-0.0,off
0.38,0.38882943987846375,1.009995698928833,4.965948104858398,1.951324701309204,1.9222095012664795,5.0825114250183105,4.915043354034424,-0.0,-0.0,-0.0,-0.0,off
0.4,0.38645443320274353,0.9885661005973816,4.986926555633545,1.9199621677398682,1.9219846725463867,5.098631858825684,4.933393478393555,-0.0,-0.0,-0.0,-0.0,off
0.42,0.3860933482646942,1.0076961517333984,5.0031914710998535,1.934342622756958,1.9232203960418701,5.118246555328369,4.951873779296875,-0.0,-0.0,-0.0,-0.0,off
0.44,0.3769981563091278,0.9582375884056091,4.933665752410889,1.8928439617156982,1.920182704925537,5.039980411529541,4.960667133331299,-0.0,-0.0,-0.0,-0.0,off
0.46,0.3703370988368988,0.9273030161857605,4.844801902770996,1.8475837707519531,1.9129228591918945,4.946629524230957,4.959239959716797,-0.0,-0.0,-0.0,-0.0,off
0.48,0.366320937871933,0.9394864439964294,4.794240951538086,1.8357787132263184,1.9052084684371948,4.899139881134033,4.953222751617432,-0.0,-0.0,-0.0,-0.0,off
0.5,0.36777278780937195,0.9662184119224548,4.834611892700195,1.8419313430786133,1.8988807201385498,4.943916320800781,4.95228910446167,-0.0,-0.0,-0.0,-0.0,off
0.52,0.36439916491508484,0.9743391871452332,4.8513407707214355,1.8579809665679932,1.8947906494140625,4.961615562438965,4.953217029571533,-0.0,-0.0,-0.0,-0.0,off
0.54,0.35941943526268005,0.9829608798027039,4.849687576293945,1.8789629936218262,1.8932077884674072,4.961337089538574,4.95402193069458,-0.0,-0.0,-0.0,-0.0,off
0.56,0.3531742990016937,0.9383153319358826,4.748671054840088,1.8305408954620361,1.8869410753250122,4.853353977203369,4.943950176239014,-0.0,-0.0,-0.0,-0.0,off
0.58,0.35688266158103943,0.957392156124115,4.778264999389648,1.8384499549865723,1.882091999053955,4.886284828186035,4.938180923461914,-0.0,-0.0,-0.0,-0.0,off
0.6,0.35363826155662537,0.9846825003623962,4.811830043792725,1.8725841045379639,1.8811410665512085,4.924263000488281,4.93678092956543,-0.0,-0.0,-0.0,-0.0,off
0.62,0.3472306430339813,1.0001616477966309,4.807737827301025,1.8968210220336914,1.88270902633667,4.922929763793945,4.935378074645996,-0.0,-0.0,-0.0,-0.0,off
0.64,0.34330448508262634,0.9445461630821228,4.716978073120117,1.8481669425964355,1.8792548179626465,4.822852611541748,4.924121856689453,-0.0,-0.0,-0.0,-0.0,off
0.66,0.34176215529441833,0.9444651007652283,4.7052202224731445,1.8442981243133545,1.8757590055465698,4.811227798461914,4.912829399108887,0.0,-0.0,-0.0,0.0,off
0.68,0.3409212529659271,0.9878286719322205,4.737448215484619,1.8953454494476318,1.8777176141738892,4.851334571838379,4.906664848327637,-0.0,-0.0,-0.0,-0.0,off
0.7000000000000001,0.3400058448314667,0.9818817973136902,4.72157096862793,1.8967254161834717,1.8796184062957764,4.834555625915527,4.89944314956665,-0.0,-0.0,-0.0,-0.0,off
0.72,0.33598241209983826,0.9530255198478699,4.639676094055176,1.8657214641571045,1.8782286643981934,4.748445510864258,4.884339809417725,-0.0,-0.0,-0.0,-0.0,off
0.74,0.3487562835216522,0.9761514067649841,4.701943874359131,1.8759872913360596,1.8780044317245483,4.814849853515625,4.87738561630249,-0.0,-0.0,-0.0,-0.0,off
0.76,0.3587786853313446,1.0230457782745361,4.8425703048706055,1.915818452835083,1.8817857503890991,4.962441921234131,4.885878086090088,-0.0,-0.0,-0.0,-0.0,off
0.78,0.35312148928642273,1.0231151580810547,4.848397254943848,1.920555830001831,1.8856626749038696,4.967737674713135,4.894052982330322,-0.0,-0.0,-0.0,-0.0,off
0.8,0.35089001059532166,0.9897255301475525,4.837266445159912,1.8940341472625732,1.8864997625350952,4.949932098388672,4.89963960647583,-0.0,-0.0,-0.0,-0.0,off
0.8200000000000001,0.35334548354148865,0.9541792273521423,4.795803070068359,1.8525960445404053,1.8831093311309814,4.902554035186768,4.899924278259277,-0.0,-0.0,-0.0,-0.0,off
0.84,0.35800907015800476,0.9742326140403748,4.829315662384033,1.8597376346588135,1.8807721138000488,4.939594268798828,4.903890132904053,-0.0,-0.0,-0.0,-0.0,off
0.86,0.36911842226982117,1.0021719932556152,4.97305965423584,1.8816237449645996,1.880857229232788,5.086444854736328,4.922144412994385,-0.0,-0.0,-0.0,-0.0,off
0.88,0.36996135115623474,0.999466598033905,4.9816999435424805,1.885420560836792,1.881313443183899,5.094422340393066,4.9393696784973145,-0.0,-0.0,-0.0,-0.0,off
0.9,0.3804570138454437,1.0044662952423096,5.045777797698975,1.8722035884857178,1.8804024457931519,5.158834457397461,4.9613118171691895,-0.0,-0.0,-0.0,-0.0,off
0.92,0.3820202052593231,0.9710034728050232,5.08812952041626,1.8316972255706787,1.8755319118499756,5.194020748138428,4.984551429748535,-0.0,0.0,-0.0,-0.0,off
0.9400000000000001,0.3853019177913666,1.027336597442627,5.175220489501953,1.8678309917449951,1.874761700630188,5.290253639221191,5.0151190757751465,-0.0,-0.0,-0.0,-0.0,off
0.96,0.3842024505138397,1.0185885429382324,5.2317376136779785,1.8627526760101318,1.8735607862472534,5.343801498413086,5.047977447509766,-0.0,-0.0,-0.0,-0.0,off
0.98,0.38414284586906433,0.9707450270652771,5.18328332901001,1.8202755451202393,1.868232250213623,5.287375450134277,5.071878433227539,-0.0,-0.0,-0.0,-0.0,off
1.0,0.37294432520866394,0.9485349059104919,5.154477119445801,1.8045940399169922,1.8618683815002441,5.254278182983398,5.090066909790039,-0.0,-0.0,-0.0,-0.0,off
1.02,0.3702312409877777,0.9604269862174988,5.160658359527588,1.8215587139129639,1.8578373193740845,5.262308120727539,5.107260704040527,-0.0,0.0,-0.0,-0.0,off
1.04,0.3629778325557709,0.9793936610221863,5.188652515411377,1.8573482036590576,1.8577884435653687,5.292738437652588,5.125792026519775,-0.0,0.0,-0.0,-0.0,off
1.06,0.3508128821849823,0.9747976660728455,5.163565635681152,1.859980583190918,1.8580076694488525,5.266470432281494,5.139842510223389,-0.0,-0.0,-0.0,-0.0,off
1.08,0.3441028296947479,0.9634436964988708,5.084688186645508,1.8484864234924316,1.8570555448532104,5.186586856842041,5.144504070281982,-0.0,-0.0,-0.0,-0.0,off
1.1,0.34593912959098816,0.9252812266349792,5.019839286804199,1.7913706302642822,1.8504871129989624,5.116112232208252,5.141640663146973,-0.0,-0.0,-0.0,-0.0,off
1.12,0.3435377776622772,0.9502586722373962,5.016801834106445,1.805938720703125,1.8460322618484497,5.117549419403076,5.139225482940674,-0.0,-0.0,-0.0,-0.0,off
1.1400000000000001,0.3488306701183319,0.9840125441551208,5.065513610839844,1.8327641487121582,1.8447054624557495,5.171981334686279,5.142498970031738,-0.0,-0.0,-0.0,-0.0,off
1.16,0.34341511130332947,0.922240674495697,4.983957767486572,1.7771899700164795,1.8379539251327515,5.08018684387207,5.136252403259277,-0.0,-0.0,-0.0,-0.0,off
1.18,0.34272393584251404,0.8911496996879578,4.856470584869385,1.7412440776824951,1.8282828330993652,4.949435710906982,5.117554664611816,-0.0,-0.0,-0.0,-0.0,off
1.2,0.3514040410518646,0.9431793093681335,4.976200103759766,1.7896206378936768,1.8244166374206543,5.076971530914307,5.113495349884033,-0.0,-0.0,-0.0,-0.0,off
1.22,0.3548141419887543,0.9737576842308044,4.9524688720703125,1.8225388526916504,1.8242287635803223,5.059747219085693,5.108114719390869,-0.0,-0.0,-0.0,-0.0,off
1.24,0.3562273681163788,0.9727479815483093,4.942676067352295,1.8228235244750977,1.824088215827942,5.05006742477417,5.102303981781006,-0.0,-0.0,-0.0,-0.0,off
1.26,0.3503821790218353,0.9487981200218201,4.84067440032959,1.8017606735229492,1.8218554258346558,4.945211410522461,5.086591720581055,-0.0,-0.0,-0.0,-0.0,off
1.28,0.35922369360923767,0.9546169638633728,4.889894962310791,1.8183703422546387,1.8215069770812988,4.995138645172119,5.077444076538086,-0.0,-0.0,-0.0,-0.0,off
1.3,0.36047443747520447,0.9591304659843445,4.8522186279296875,1.8195292949676514,1.821309208869934,4.959223747253418,5.065615177154541,-0.0,0.0,-0.0,-0.0,off
1.32,0.35956165194511414,0.9636735320091248,4.85467529296875,1.8256316184997559,1.8217414617538452,4.962441444396973,5.055291175842285,-0.0,0.0,-0.0,-0.0,off
1.34,0.36130937933921814,0.9594537615776062,4.863370895385742,1.8115434646606445,1.8207216262817383,4.970258712768555,5.0467848777771,-0.0,0.0,-0.0,-0.0,off
1.36,0.36565181612968445,0.9735330939292908,4.899994850158691,1.8111016750335693,1.8197596073150635,5.009133338928223,5.043014049530029,-0.0,-0.0,-0.0,-0.0,off
1.3800000000000001,0.3676477372646332,0.9485630393028259,4.899967193603516,1.796557903289795,1.8174394369125366,5.004459381103516,5.039156913757324,-0.0,-0.0,-0.0,-0.0,off
1.4000000000000001,0.35993656516075134,0.9485539793968201,4.877654552459717,1.8172149658203125,1.8174169063568115,4.982049942016602,5.033445835113525,-0.0,-0.0,-0.0,-0.0,off
1.42,0.35990282893180847,0.9405450224876404,4.868093013763428,1.812950611114502,1.8169702291488647,4.971165180206299,5.027217388153076,-0.0,-0.0,-0.0,-0.0,off
1.44,0.3593692481517792,0.9362680315971375,4.864513397216797,1.813364028930664,1.8166096210479736,4.966813564300537,5.021175384521484,-0.0,-0.0,-0.0,-0.0,off
1.46,0.35371002554893494,0.9056705832481384,4.751325607299805,1.7784593105316162,1.81279456615448,4.849788188934326,5.004033088684082,0.0,-0.0,-0.0,0.0,off
1.48,0.3527160584926605,0.9524175524711609,4.8616485595703125,1.8443443775177002,1.8159494400024414,4.966601848602295,5.000288963317871,0.0,-0.0,-0.0,0.0,off
1.5,0.35355374217033386,0.9537310004234314,4.835482120513916,1.8548781871795654,1.8198423385620117,4.941304683685303,4.994388103485107,-0.0,-0.0,-0.0,-0.0,off
1.52,0.350769966840744,0.9109100699424744,4.759185791015625,1.798330545425415,1.8176910877227783,4.858255386352539,4.980772972106934,-0.0,-0.0,-0.0,-0.0,off
1.54,0.35720500349998474,0.9226946234703064,4.782081604003906,1.7957851886749268,1.8155004978179932,4.883366107940674,4.971031188964844,-0.0,0.0,-0.0,-0.0,off
1.56,0.35915443301200867,0.9661664366722107,4.858416557312012,1.8278710842132568,1.816737413406372,4.966556072235107,4.970578670501709,-0.0,0.0,-0.0,-0.0,off
1.58,0.36561986804008484,0.9868921637535095,4.987247467041016,1.8535785675048828,1.8204214572906494,5.0970845222473145,4.983226776123047,-0.0,0.0,-0.0,-0.0,off
1.6,0.3605959117412567,0.9560331702232361,4.958417892456055,1.8356468677520752,1.8219438791275024,5.0626020431518555,4.99116325378418,-0.0,-0.0,-0.0,-0.0,off
1.62,0.36477991938591003,0.9413852095603943,5.013899803161621,1.8234519958496094,1.8220945596694946,5.114534378051758,5.003490447998047,-0.0,-0.0,-0.0,-0.0,off
1.6400000000000001,0.3690660893917084,0.9429911971092224,5.086079120635986,1.8064417839050293,1.8205292224884033,5.18590784072876,5.021716117858887,-0.0,-0.0,-0.0,-0.0,off
1.6600000000000001,0.368913859128952,0.9663648009300232,5.159592628479004,1.8262689113616943,1.8211030960083008,5.2622575759887695,5.045762062072754,-0.0,-0.0,-0.0,-0.0,off
1.68,0.3765096366405487,0.9568809866905212,5.297414302825928,1.8316571712493896,1.8221584558486938,5.3962931632995605,5.080782890319824,-0.0,-0.0,-0.0,-0.0,off
1.7,0.37862464785575867,0.9206480383872986,5.400094985961914,1.8109760284423828,1.821040153503418,5.491081237792969,5.121713161468506,-0.0,-0.0,-0.0,-0.0,off
1.72,0.3886811435222626,0.8899087309837341,5.471007823944092,1.7720062732696533,1.8161367177963257,5.556521892547607,5.165033340454102,-0.0,-0.0,-0.0,-0.0,off
1.74,0.39222392439842224,0.9347733855247498,5.641938209533691,1.8034570217132568,1.814868688583374,5.73228645324707,5.221656799316406,-0.0,-0.0,-0.0,-0.0,off
1.76,0.3934032618999481,0.9698733687400818,5.842959880828857,1.8648858070373535,1.8198703527450562,5.935958385467529,5.293003082275391,-0.0,0.0,-0.0,-0.0,off
1.78,0.38728949427604675,0.9208511710166931,5.930130958557129,1.8703505992889404,1.8249183893203735,6.013685703277588,5.364885330200195,-0.0,0.0,-0.0,-0.0,off
1.8,0.40385720133781433,0.8968259692192078,6.083850860595703,1.8409829139709473,1.8265247344970703,6.162843227386475,5.444421291351318,-0.0,-0.0,-0.0,-0.0,off
1.82,0.4097609221935272,0.8699836134910583,6.197910308837891,1.8111767768859863,1.824989914894104,6.272070407867432,5.526861190795898,-0.0,0.0,-0.0,-0.0,off
1.84,0.42018923163414,0.8598470091819763,6.413650035858154,1.8163471221923828,1.8241255283355713,6.484659194946289,5.622258186340332,-0.0,-0.0,-0.0,-0.0,off
1.86,0.42718014121055603,0.8511142134666443,6.588336944580078,1.8393864631652832,1.8256515264511108,6.656805992126465,5.725307464599609,-0.0,-0.0,-0.0,-0.0,off
1.8800000000000001,0.4274071156978607,0.7838262915611267,6.815072536468506,1.8517332077026367,1.8282595872879028,6.8733015060424805,5.839439868927002,-0.0,-0.0,-0.0,-0.0,off
1.9000000000000001,0.43709656596183777,0.7256338000297546,6.911032676696777,1.8109486103057861,1.8265284299850464,6.9627556800842285,5.950968265533447,-0.0,0.0,-0.0,-0.0,off
1.92,0.4490968883037567,0.7158579230308533,7.051905632019043,1.7754924297332764,1.8214248418807983,7.102359771728516,6.06536865234375,-0.0,-0.0,-0.0,-0.0,off
1.94,0.4701177775859833,0.7929443717002869,7.170348644256592,1.735950231552124,1.8128774166107178,7.229361534118652,6.181402683258057,-0.0,-0.0,-0.0,-0.0,off
1.96,0.49196597933769226,0.8421058058738708,7.237095355987549,1.66502046585083,1.7980916500091553,7.302514553070068,6.293324947357178,-0.0,-0.0,-0.0,-0.0,off
1.98,0.504334568977356,0.8556894659996033,7.26710844039917,1.5448932647705078,1.7727717161178589,7.334672451019287,6.397327423095703,-0.0,-0.0,-0.0,-0.0,off
2.0,0.5211914777755737,0.802273690700531,7.122437477111816,1.3566980361938477,1.7311643362045288,7.186403751373291,6.476058483123779,-0.0,-0.0,-0.0,-0.0,off
2.02,0.5179502964019775,0.7820386290550232,7.123456954956055,1.259150505065918,1.6839629411697388,7.184948921203613,6.5467705726623535,-0.0,-0.0,-0.0,-0.0,off
2.04,0.4923461377620697,0.7179617285728455,6.94238805770874,1.169022560119629,1.632468819618225,6.996757984161377,6.5915422439575195,-0.0,-0.0,-0.0,-0.0,off
2.06,0.46839234232902527,0.5976266264915466,6.690818786621094,1.0468823909759521,1.5739102363586426,6.733766078948975,6.605329990386963,-0.0,0.0,-0.0,-0.0,off
2.08,0.44207963347435,0.4659265875816345,6.412569999694824,0.9255514740943909,1.509074330329895,6.444654941558838,6.588520526885986,-0.0,0.0,-0.0,-0.0,off
2.1,0.42914482951164246,0.3671550154685974,6.099978923797607,0.8305400013923645,1.441220760345459,6.126068115234375,6.5413408279418945,-0.0,-0.0,-0.0,-0.0,off
2.12,0.40369388461112976,0.31195777654647827,5.769938945770264,0.8030944466590881,1.3774080276489258,5.792450428009033,6.465545177459717,-0.0,0.0,-0.0,-0.0,off
2.14,0.3635270297527313,0.24397987127304077,5.322960376739502,0.7835357785224915,1.3180207014083862,5.340935230255127,6.352157115936279,-0.0,-0.0,-0.0,-0.0,off
2.16,0.32046863436698914,0.14417928457260132,4.712873458862305,0.7443917393684387,1.260657787322998,4.725956439971924,6.188418388366699,-0.0,-0.0,-0.0,-0.0,off
2.18,0.28142592310905457,0.058202214539051056,4.062690258026123,0.7251160740852356,1.2071034908294678,4.072841644287109,5.975574493408203,-0.0,-0.0,-0.0,-0.0,off
2.2,0.2811530530452728,0.07206911593675613,3.7898435592651367,0.7534099221229553,1.1617341041564941,3.800941228866577,5.757184982299805,-0.0,-0.0,-0.0,-0.0,off
2.22,0.2815384566783905,0.10174912959337234,3.5003175735473633,0.7873860001564026,1.1242992877960205,3.5130953788757324,5.532215595245361,-0.0,-0.0,-0.0,-0.0,off
2.24,0.2891128957271576,0.11812204867601395,3.318552017211914,0.8064485192298889,1.092514157295227,3.3332157135009766,5.311923027038574,-0.0,-0.0,-0.0,-0.0,off
2.2600000000000002,0.27628275752067566,0.12195248156785965,3.2187891006469727,0.8207216858863831,1.0653349161148071,3.2329256534576416,5.103724479675293,-0.0,-0.0,-0.0,-0.0,off
2.2800000000000002,0.2590596377849579,0.1297125220298767,3.057462692260742,0.840539276599884,1.0428552627563477,3.0711586475372314,4.900270462036133,-0.0,-0.0,-0.0,-0.0,off
2.3000000000000003,0.24254724383354187,0.18924421072006226,3.062685489654541,0.9019389748573303,1.0287636518478394,3.0780975818634033,4.718021869659424,0.0,-0.0,-0.0,0.0,off
2.32,0.2273636758327484,0.2506241202354431,3.073784351348877,0.9737730622291565,1.0232646465301514,3.0923547744750977,4.555447578430176,-0.0,-0.0,-0.0,-0.0,off
2.34,0.21620604395866394,0.28041690587997437,3.146085739135742,1.010385274887085,1.0219767093658447,3.1659491062164307,4.416464805603027,-0.0,-0.0,-0.0,-0.0,off
2.36,0.19542154669761658,0.2843160033226013,3.1010351181030273,1.027198076248169,1.0224988460540771,3.1201672554016113,4.286785125732422,-0.0,-0.0,-0.0,-0.0,off
2.38,0.18876537680625916,0.2837938666343689,3.1250953674316406,1.033015489578247,1.0235505104064941,3.143627166748047,4.172421455383301,-0.0,-0.0,-0.0,-0.0,off
2.4,0.18568465113639832,0.3244103789329529,3.197470188140869,1.0777056217193604,1.028965950012207,3.2192447185516357,4.076997756958008,-0.0,-0.0,-0.0,-0.0,off
2.42,0.18194016814231873,0.37962955236434937,3.234450340270996,1.141343355178833,1.0402036905288696,3.2617311477661133,3.9952354431152344,-0.0,-0.0,-0.0,-0.0,off
2.44,0.18876275420188904,0.4299270510673523,3.3266940116882324,1.1889405250549316,1.055077314376831,3.3596668243408203,3.931333303451538,-0.0,-0.0,-0.0,-0.0,off
2.46,0.19437965750694275,0.4474770426750183,3.4791321754455566,1.20621657371521,1.0701912641525269,3.5131723880767822,3.889221668243408,-0.0,-0.0,-0.0,-0.0,off
2.48,0.2088293731212616,0.49251312017440796,3.5415196418762207,1.246811866760254,1.0878533124923706,3.581695079803467,3.8580880165100098,-0.0,-0.0,-0.0,-0.0,off
2.5,0.23452696204185486,0.610853374004364,3.8350629806518555,1.3470349311828613,1.1137714385986328,3.8904824256896973,3.8606276512145996,-0.0,0.0,-0.0,-0.0,off
2.52,0.2609979808330536,0.6492111086845398,3.9712510108947754,1.3774831295013428,1.1401426792144775,4.032422065734863,3.877140522003174,-0.0,-0.0,-0.0,-0.0,off
2.54,0.28141555190086365,0.6344627737998962,4.13049840927124,1.361618995666504,1.162290334701538,4.1884074211120605,3.907891035079956,-0.0,-0.0,-0.0,-0.0,off
2.56,0.30296680331230164,0.63546222448349,4.289727210998535,1.3596258163452148,1.1820238828659058,4.347109794616699,3.9515767097473145,-0.0,-0.0,-0.0,-0.0,off
2.58,0.321634978055954,0.6889674067497253,4.519740104675293,1.4173572063446045,1.205557107925415,4.583249568939209,4.014490604400635,-0.0,-0.0,-0.0,-0.0,off
2.6,0.3487405478954315,0.7137884497642517,4.7731547355651855,1.446230411529541,1.2296243906021118,4.838813781738281,4.09674596786499,0.0,0.0,-0.0,0.0,off
2.62,0.37355419993400574,0.7401823401451111,4.998011589050293,1.4852190017700195,1.2551838159561157,5.06631326675415,4.193570137023926,-0.0,-0.0,-0.0,-0.0,off
2.64,0.3931933343410492,0.7830106616020203,5.3157525062561035,1.5469536781311035,1.2843607664108276,5.387479305267334,4.312861442565918,-0.0,-0.0,-0.0,-0.0,off
2.66,0.4056321084499359,0.8106548190116882,5.559966087341309,1.6065728664398193,1.3165819644927979,5.633375644683838,4.444847106933594,-0.0,0.0,-0.0,-0.0,off
2.68,0.42002591490745544,0.8321685194969177,5.947634696960449,1.6864705085754395,1.353570818901062,6.02023983001709,4.6023688316345215,-0.0,0.0,-0.0,-0.0,off
2.7,0.4389418065547943,0.8099793791770935,6.4199395179748535,1.7509925365447998,1.393312931060791,6.485703945159912,4.7906904220581055,-0.0,-0.0,-0.0,-0.0,off
2.72,0.4442770183086395,0.6843108534812927,6.875781059265137,1.7937381267547607,1.433355450630188,6.924018383026123,5.003715515136719,-0.0,-0.0,-0.0,-0.0,off
2.74,0.43767139315605164,0.3951224684715271,7.3226399421691895,1.843550443649292,1.4743748903274536,7.346341609954834,5.23629093170166,-0.0,-0.0,-0.0,-0.0,off
2.7600000000000002,0.3967803418636322,-0.00024824589490890503,7.8661885261535645,1.898716688156128,1.5168089866638184,7.876189231872559,5.49562931060791,-0.0,0.0,-0.0,-0.0,off
2.7800000000000002,0.3435593545436859,-0.23414355516433716,8.338921546936035,1.854875087738037,1.5506155490875244,8.349279403686523,5.774980545043945,-0.0,0.0,-0.0,-0.0,off
2.8000000000000003,0.35594436526298523,-0.15628200769424438,8.543190002441406,1.6109809875488281,1.5566520690917969,8.552029609680176,6.048911094665527,-0.0,-0.0,-0.0,-0.0,off
2.82,0.47789129614830017,0.19077342748641968,8.571523666381836,1.3532698154449463,1.536313772201538,8.586955070495605,6.301963806152344,-0.0,-0.0,-0.0,-0.0,off
2.84,0.5602242946624756,0.6069778800010681,8.034087181091309,1.228142261505127,1.5054965019226074,8.076436996459961,6.479294776916504,-0.0,-0.0,-0.0,-0.0,off
2.86,0.44638583064079285,0.49094337224960327,7.004432201385498,1.1735963821411133,1.472306489944458,7.035790920257568,6.534924030303955,-0.0,-0.0,-0.0,-0.0,off
2.88,0.3437057435512543,0.40218108892440796,6.048547267913818,1.1041812896728516,1.4354939460754395,6.071639537811279,6.488589763641357,-0.0,-0.0,-0.0,-0.0,off
2.9,0.35098668932914734,0.19085067510604858,5.675825119018555,0.9238031506538391,1.3843247890472412,5.689868927001953,6.4084792137146,-0.0,-0.0,-0.0,-0.0,off
2.92,0.36635133624076843,0.07346577197313309,5.549064636230469,0.81573086977005,1.3274654150009155,5.561629772186279,6.323203086853027,-0.0,-0.0,-0.0,-0.0,off
2.94,0.3824438750743866,0.15622776746749878,5.489175796508789,0.8461294770240784,1.2793318033218384,5.50469970703125,6.241128444671631,0.0,-0.0,-0.0,0.0,off
2.96,0.37844178080558777,0.22946280241012573,5.676189422607422,0.8757036328315735,1.238968849182129,5.693417549133301,6.186298370361328,-0.0,-0.0,-0.0,-0.0,off
2.98,0.394069641828537,0.2669314742088318,5.774287223815918,0.8640506863594055,1.2014769315719604,5.793870449066162,6.147032737731934,-0.0,-0.0,-0.0,-0.0,off
3.0,0.38034841418266296,0.27386635541915894,5.6406121253967285,0.8604016900062561,1.1673693656921387,5.660050868988037,6.098323822021484,-0.0,-0.0,-0.0,-0.0,off
3.02,0.3666851222515106,0.2623729109764099,5.496844291687012,0.8537498116493225,1.136007308959961,5.515305519104004,6.040013313293457,-0.0,-0.0,-0.0,-0.0,off
3.04,0.35059425234794617,0.26092618703842163,5.361148834228516,0.8673346638679504,1.1091400384902954,5.378932476043701,5.973901748657227,-0.0,0.0,-0.0,-0.0,off
3.06,0.34760746359825134,0.24883431196212769,5.366729259490967,0.8608811497688293,1.0843141078948975,5.383728504180908,5.914877414703369,-0.0,-0.0,-0.0,-0.0,off
3.08,0.3348822295665741,0.21657031774520874,5.177270889282227,0.8438959717750549,1.060272216796875,5.19260835647583,5.842629909515381,-0.0,-0.0,-0.0,-0.0,off
3.1,0.3373349606990814,0.27199453115463257,5.227127552032471,0.9019768834114075,1.0444426536560059,5.245058536529541,5.782871246337891,-0.0,0.0,-0.0,-0.0,off
3.12,0.3530275523662567,0.3430876135826111,5.398739814758301,0.9613233208656311,1.036130666732788,5.42113733291626,5.746655464172363,-0.0,-0.0,-0.0,-0.0,off
3.14,0.3743153512477875,0.428400456905365,5.606935501098633,1.0339698791503906,1.0359145402908325,5.6357221603393555,5.735406875610352,-0.0,-0.0,-0.0,-0.0,off
3.16,0.3968317210674286,0.46063822507858276,5.763689994812012,1.0541536808013916,1.0377384424209595,5.7956695556640625,5.741255760192871,-0.0,-0.0,-0.0,-0.0,off
3.18,0.42440077662467957,0.48435109853744507,6.062116622924805,1.0668513774871826,1.040649652481079,6.096225738525391,5.776599884033203,-0.0,-0.0,-0.0,-0.0,off
3.2,0.4445960223674774,0.4959501624107361,6.2332868576049805,1.0801002979278564,1.044594645500183,6.268771648406982,5.8256916999816895,-0.0,-0.0,-0.0,-0.0,off
3.22,0.48191115260124207,0.5377005934715271,6.629805564880371,1.1187324523925781,1.0520083904266357,6.669009208679199,5.909895896911621,-0.0,-0.0,-0.0,-0.0,off
3.24,0.46707841753959656,0.40231746435165405,6.873889446258545,1.1592154502868652,1.062729001045227,6.9014763832092285,6.0090460777282715,-0.0,0.0,-0.0,-0.0,off
3.2600000000000002,0.4402702748775482,0.2170676589012146,7.025478363037109,1.179811954498291,1.0744372606277466,7.042606353759766,6.11207914352417,-0.0,-0.0,-0.0,-0.0,off
3.2800000000000002,0.3685118854045868,0.008649297058582306,7.2478928565979,1.2147729396820068,1.0884708166122437,7.257260322570801,6.225447177886963,-0.0,-0.0,-0.0,-0.0,off
3.3000000000000003,0.15505573153495789,-0.26113682985305786,7.555128574371338,1.3019800186157227,1.1098217964172363,7.561230182647705,6.355871677398682,-0.0,-0.0,-0.0,-0.0,off
3.3200000000000003,-0.2890301048755646,-0.5876808762550354,7.881135940551758,1.3878662586212158,1.13762629032135,7.908299922943115,6.503231048583984,-0.0,-0.0,-0.0,-0.0,off
3.34,-0.7557131052017212,-0.8569775223731995,8.192545890808105,1.3889260292053223,1.162756323814392,8.271839141845703,6.666794300079346,-0.0,-0.0,-0.0,-0.0,off
3.36,-1.0934818983078003,-0.8582988381385803,8.533614158630371,1.2653262615203857,1.1730133295059204,8.64609432220459,6.85070276260376,-0.0,-0.0,-0.0,-0.0,off
3.38,-1.1769893169403076,-0.7534967064857483,8.693129539489746,1.1033530235290527,1.1660473346710205,8.804746627807617,7.035339832305908,-0.0,-0.0,-0.0,-0.0,off
3.4,-1.2675856351852417,-0.6081059575080872,8.936342239379883,0.9827466607093811,1.1477172374725342,9.046257972717285,7.2282209396362305,-0.0,-0.0,-0.0,-0.0,off
3.42,-1.1393442153930664,-0.29581648111343384,8.976003646850586,0.9329026341438293,1.1262357234954834,9.05285930633545,7.406466484069824,-0.0,-0.0,-0.0,-0.0,off
3.44,-0.5175409317016602,0.3776206374168396,8.68651294708252,0.9027283787727356,1.1038849353790283,8.710105895996094,7.5350213050842285,-0.0,0.0,-0.0,-0.0,off
3.46,0.05131790041923523,0.5849465727806091,8.005343437194824,0.8632739186286926,1.0798238515853882,8.026849746704102,7.580766201019287,-0.0,-0.0,-0.0,-0.0,off
3.48,0.5202360153198242,0.42982929944992065,7.1297926902771,0.7801900506019592,1.0498604774475098,7.161657810211182,7.533789157867432,-0.0,-0.0,-0.0,-0.0,off
3.5,0.5436115264892578,0.2841026186943054,6.183298110961914,0.7145541310310364,1.0163297653198242,6.21364688873291,7.3976640701293945,-0.0,-0.0,-0.0,-0.0,off
3.52,0.5854908227920532,0.16965526342391968,5.789597034454346,0.6379581093788147,0.9784925580024719,5.821599006652832,7.236332416534424,-0.0,0.0,-0.0,-0.0,off
3.54,0.6425267457962036,0.15540021657943726,5.729020118713379,0.6143589615821838,0.9420791864395142,5.767032146453857,7.085663795471191,-0.0,0.0,-0.0,-0.0,off
3.56,0.6655455827713013,0.21503490209579468,5.951685905456543,0.6158731579780579,0.909458577632904,5.992641925811768,6.973006725311279,-0.0,-0.0,-0.0,-0.0,off
3.58,0.6571964025497437,0.2778627276420593,6.248453140258789,0.635094940662384,0.8820221424102783,6.289060592651367,6.901905059814453,-0.0,-0.0,-0.0,-0.0,off
3.6,0.6262247562408447,0.306846559047699,6.378169536590576,0.6526227593421936,0.8590821623802185,6.416179656982422,6.851309776306152,-0.0,-0.0,-0.0,-0.0,off
3.62,0.5991933345794678,0.32077115774154663,6.4287028312683105,0.6657775044441223,0.839751660823822,6.464529991149902,6.811119079589844,-0.0,-0.0,-0.0,-0.0,off
3.64,0.5752145051956177,0.3201858401298523,6.533276557922363,0.6861558556556702,0.8243920803070068,6.566360950469971,6.785569667816162,-0.0,-0.0,-0.0,-0.0,off
3.66,0.573217511177063,0.33975595235824585,6.657463550567627,0.7035530209541321,0.812308132648468,6.690727233886719,6.775217056274414,-0.0,0.0,-0.0,-0.0,off
3.68,0.5454443693161011,0.3742014765739441,6.8028717041015625,0.7382121682167053,0.8048985004425049,6.834954261779785,6.780544757843018,-0.0,0.0,-0.0,-0.0,off
3.7,0.5150325298309326,0.3644699454307556,6.888487815856934,0.7547376751899719,0.7998824119567871,6.917323112487793,6.793824672698975,-0.0,-0.0,-0.0,-0.0,off
3.72,0.3888903558254242,0.3089694380760193,7.096319198608398,0.7770009636878967,0.7975942492485046,7.113679885864258,6.82575798034668,-0.0,0.0,-0.0,-0.0,off
3.74,0.04930791258811951,0.23135417699813843,7.4986467361450195,0.810883104801178,0.798923134803772,7.502377033233643,6.892755508422852,-0.0,-0.0,-0.0,-0.0,off
3.7600000000000002,-0.2505247890949249,0.1609540581703186,7.737783432006836,0.8205135464668274,0.8010821342468262,7.743510723114014,6.975658893585205,-0.0,-0.0,-0.0,-0.0,off
3.7800000000000002,-0.48743942379951477,0.06604713946580887,7.904564380645752,0.7952480912208557,0.8004987239837646,7.919854640960693,7.066444396972656,-0.0,-0.0,-0.0,-0.0,off
3.8000000000000003,-0.6222009658813477,-0.030038170516490936,8.095850944519043,0.755209743976593,0.7959698438644409,8.119780540466309,7.167577266693115,-0.0,-0.0,-0.0,-0.0,off
3.8200000000000003,-0.9151479005813599,-0.13458818197250366,8.245426177978516,0.708341658115387,0.7872070074081421,8.297147750854492,7.274147033691406,-0.0,-0.0,-0.0,-0.0,off
3.84,-1.137363076210022,-0.13035422563552856,8.492097854614258,0.6813588738441467,0.7766221761703491,8.568915367126465,7.396387577056885,-0.0,-0.0,-0.0,-0.0,off
3.86,-1.4243834018707275,-0.09995203465223312,8.63752555847168,0.6669586300849915,0.7656558156013489,8.754753112792969,7.52340841293335,-0.0,0.0,-0.0,-0.0,off
3.88,-1.6821056604385376,-0.0072174593806266785,8.860835075378418,0.6412878632545471,0.7532190084457397,9.019086837768555,7.663296222686768,-0.0,0.0,-0.0,-0.0,off
3.9,-1.875746726989746,0.0728887990117073,9.118417739868164,0.6159325242042542,0.7394903302192688,9.309633255004883,7.8183979988098145,-0.0,-0.0,-0.0,-0.0,off
3.92,-1.980401873588562,0.10977406054735184,9.31900405883789,0.5941208004951477,0.7249533534049988,9.527742385864258,7.9810075759887695,-0.0,-0.0,-0.0,-0.0,off
3.94,-1.9871695041656494,-0.08159070461988449,9.482780456542969,0.6069408059120178,0.7131521105766296,9.689098358154297,8.145376205444336,-0.0,-0.0,-0.0,-0.0,off
3.96,-1.6579015254974365,-0.2191048264503479,9.358247756958008,0.608321487903595,0.7026690244674683,9.506494522094727,8.278653144836426,-0.0,-0.0,-0.0,-0.0,off
3.98,-1.310054898262024,0.020392365753650665,9.183652877807617,0.5795982480049133,0.6903619766235352,9.276644706726074,8.377988815307617,-0.0,-0.0,-0.0,-0.0,off
4.0,-1.0041393041610718,0.1230369284749031,8.794477462768555,0.585987389087677,0.6799245476722717,8.852472305297852,8.42540168762207,-0.0,-0.0,-0.0,-0.0,off
4.0200000000000005,-0.6985732316970825,0.2357448935508728,8.391528129577637,0.6178835034370422,0.6737204790115356,8.42385482788086,8.424737930297852,-0.0,-0.0,-0.0,-0.0,off
4.04,0.051283806562423706,0.33481448888778687,7.453948974609375,0.6088224053382874,0.6672306060791016,7.46164083480835,8.32339096069336,-0.0,-0.0,-0.0,-0.0,off
4.0600000000000005,0.5177469253540039,0.339256227016449,6.612803936004639,0.5903111100196838,0.6595386862754822,6.641711711883545,8.145211219787598,-0.0,-0.0,-0.0,-0.0,off
4.08,0.612908124923706,0.3045753836631775,6.427663326263428,0.5860360264778137,0.6521883606910706,6.463998794555664,7.967222690582275,-0.0,-0.0,-0.0,-0.0,off
4.1,0.7031286954879761,0.30466169118881226,6.507250785827637,0.5740683674812317,0.6443763375282288,6.552215099334717,7.816015243530273,-0.0,0.0,-0.0,-0.0,off
4.12,0.7302769422531128,0.2921428084373474,6.454560279846191,0.5515206456184387,0.6350907683372498,6.502307415008545,7.676086902618408,-0.0,-0.0,-0.0,-0.0,off
4.14,0.7088220119476318,0.2745763659477234,6.404852390289307,0.5438807606697083,0.6259697675704956,6.449802398681641,7.546594142913818,-0.0,-0.0,-0.0,-0.0,off
4.16,0.6905941963195801,0.25844520330429077,6.150962829589844,0.5365772843360901,0.6170305013656616,6.195002555847168,7.405787467956543,-0.0,-0.0,-0.0,-0.0,off
4.18,0.6677790880203247,0.2323729395866394,6.149930953979492,0.5436800122261047,0.6096954345703125,6.1904425621032715,7.279812335968018,-0.0,-0.0,-0.0,-0.0,off
4.2,0.663802981376648,0.23516124486923218,6.09644079208374,0.5559504628181458,0.6043209433555603,6.136980056762695,7.1618194580078125,-0.0,0.0,-0.0,-0.0,off
4.22,0.5718951225280762,0.2251555323600769,6.14473819732666,0.5920200943946838,0.6030908226966858,6.175400257110596,7.060924053192139,-0.0,-0.0,-0.0,-0.0,off
4.24,0.42963430285453796,0.12215203791856766,6.548130989074707,0.6664932370185852,0.6094310283660889,6.563347339630127,7.010274887084961,-0.0,-0.0,-0.0,-0.0,off
4.26,0.06787452101707458,0.005251593887805939,6.755791664123535,0.7101119160652161,0.6194990873336792,6.756134510040283,6.984633922576904,-0.0,-0.0,-0.0,-0.0,off
4.28,-0.16920152306556702,-0.09160762280225754,7.363542079925537,0.7659395337104797,0.6341431140899658,7.366055488586426,7.021822929382324,-0.0,-0.0,-0.0,-0.0,off
4.3,-0.305698424577713,-0.07349257916212082,7.565229415893555,0.7705076336860657,0.6477795243263245,7.571760177612305,7.0755791664123535,-0.0,-0.0,-0.0,-0.0,off
4.32,-0.35590675473213196,-0.003923587501049042,7.716231822967529,0.7210662961006165,0.6551082134246826,7.7244367599487305,7.139407634735107,-0.0,-0.0,-0.0,-0.0,off
4.34,-0.416749507188797,0.0763586238026619,7.836021900177002,0.6729987263679504,0.6568973064422607,7.84746789932251,7.20919132232666,-0.0,-0.0,-0.0,-0.0,off
4.36,-0.36789074540138245,0.22889107465744019,7.926522731781006,0.6296218037605286,0.6541697382926941,7.938355922698975,7.281440258026123,-0.0,-0.0,-0.0,-0.0,off
4.38,-0.2565348446369171,0.279762327671051,7.884453773498535,0.6024854779243469,0.6490013003349304,7.893585205078125,7.342344284057617,-0.0,-0.0,-0.0,-0.0,off
4.4,-0.2022855579853058,0.25703662633895874,7.882514953613281,0.6008744835853577,0.6441885828971863,7.889298439025879,7.396904945373535,-0.0,-0.0,-0.0,-0.0,off
4.42,-0.1455564796924591,0.10201103240251541,7.847630023956299,0.6066933274269104,0.6404390335083008,7.849642753601074,7.442152500152588,-0.0,-0.0,-0.0,-0.0,off
4.44,-0.07379117608070374,0.09564418345689774,7.762017726898193,0.6254344582557678,0.6389385461807251,7.762957572937012,7.474208831787109,-0.0,-0.0,-0.0,-0.0,off
4.46,-0.13272801041603088,0.028759904205799103,7.793109893798828,0.642397940158844,0.6392844915390015,7.794293403625488,7.506135940551758,-0.0,-0.0,-0.0,-0.0,off
4.48,-0.37717583775520325,-0.17847353219985962,7.952566623687744,0.6781964898109436,0.6431756615638733,7.96350622177124,7.550922870635986,-0.0,-0.0,-0.0,-0.0,off
4.5,-0.7579236030578613,-0.47552210092544556,8.19565200805664,0.6987646222114563,0.6487345695495605,8.244348526000977,7.616388320922852,-0.0,-0.0,-0.0,-0.0,off
4.5200000000000005,-1.0275847911834717,-0.5581548810005188,8.484514236450195,0.661342442035675,0.6499953269958496,8.56472110748291,7.7059102058410645,-0.0,-0.0,-0.0,-0.0,off
4.54,-1.3900368213653564,-0.5267301201820374,8.838423728942871,0.6094966530799866,0.6459454894065857,8.962554931640625,7.824630260467529,-0.0,-0.0,-0.0,-0.0,off
4.5600000000000005,-1.7701129913330078,-0.3138487935066223,9.236970901489258,0.5502708554267883,0.6363779902458191,9.410283088684082,7.974878787994385,-0.0,-0.0,-0.0,-0.0,off
4.58,-2.025813341140747,0.07947248965501785,9.494977951049805,0.48848801851272583,0.6215890049934387,9.70900821685791,8.139260292053223,-0.0,-0.0,-0.0,-0.0,off
4.6000000000000005,-2.158275842666626,0.38698238134384155,9.867634773254395,0.45297104120254517,0.6047271490097046,10.108319282531738,8.327420234680176,-0.0,-0.0,-0.0,-0.0,off
4.62,-2.276857852935791,0.6374906897544861,10.10216236114502,0.430758535861969,0.5873302817344666,10.375170707702637,8.523446083068848,-0.0,0.0,-0.0,-0.0,off
4.64,-2.302415370941162,0.6642808318138123,10.273661613464355,0.4501045346260071,0.5736076831817627,10.549431800842285,8.719207763671875,-0.0,-0.0,-0.0,-0.0,off
4.66,-2.0607404708862305,0.48546165227890015,10.08630084991455,0.4912908673286438,0.5653759837150574,10.30610466003418,8.874780654907227,-0.0,-0.0,-0.0,-0.0,off
4.68,-1.631432294845581,0.2560240626335144,9.705526351928711,0.5297315716743469,0.5618115067481995,9.845017433166504,8.971335411071777,-0.0,-0.0,-0.0,-0.0,off
4.7,-1.350513219833374,0.27138978242874146,9.289109230041504,0.5485950112342834,0.56048983335495,9.390691757202148,9.013195037841797,-0.0,-0.0,-0.0,-0.0,off
4.72,-1.2368711233139038,0.275682270526886,8.98995304107666,0.5561638474464417,0.5600572228431702,9.078826904296875,9.019691467285156,-0.0,-0.0,-0.0,-0.0,off
4.74,-0.6334671974182129,0.35980337858200073,8.064045906066895,0.5512662529945374,0.5591781139373779,8.09688663482666,8.925813674926758,-0.0,-0.0,-0.0,-0.0,off
4.76,0.09400877356529236,0.3215929865837097,7.0716071128845215,0.5015040040016174,0.5534107089042664,7.079539775848389,8.73398494720459,-0.0,-0.0,-0.0,-0.0,off
4.78,0.706113338470459,0.3195297122001648,6.078298568725586,0.4663012623786926,0.5446997284889221,6.127512454986572,8.4571533203125,-0.0,-0.0,-0.0,-0.0,off
4.8,0.7861101627349854,0.2428836226463318,5.720120429992676,0.4323740601539612,0.533467173576355,5.778990745544434,8.173691749572754,-0.0,0.0,-0.0,-0.0,off
4.82,0.8212993144989014,0.23372215032577515,5.821260452270508,0.4284072518348694,0.5229611992835999,5.883556365966797,7.9305243492126465,-0.0,-0.0,-0.0,-0.0,off
4.84,0.8056175708770752,0.25819557905197144,5.592841625213623,0.4341173768043518,0.514076828956604,5.656461715698242,7.691060543060303,-0.0,-0.0,-0.0,-0.0,off
4.86,0.7436835765838623,0.24467557668685913,5.569082260131836,0.44601970911026,0.5072711110115051,5.623842716217041,7.47509765625,-0.0,-0.0,-0.0,-0.0,off
4.88,0.6853349208831787,0.19396013021469116,5.488908290863037,0.4568842053413391,0.5022324323654175,5.5349273681640625,7.274074554443359,-0.0,-0.0,-0.0,-0.0,off
4.9,0.6523269414901733,0.21628087759017944,5.418351173400879,0.4515572190284729,0.49716490507125854,5.461761474609375,7.08726167678833,-0.0,-0.0,-0.0,-0.0,off
4.92,0.5846152305603027,0.2659919857978821,5.824155330657959,0.4923935532569885,0.49668776988983154,5.859463214874268,6.960729598999023,-0.0,-0.0,-0.0,-0.0,off
4.94,0.06049618124961853,-0.12487714737653732,6.4082722663879395,0.5890489220619202,0.505923867225647,6.409774303436279,6.904762268066406,-0.0,-0.0,-0.0,-0.0,off
4.96,-0.4350852072238922,-0.5448715090751648,7.03893518447876,0.6931098103523254,0.5246424674987793,7.073386192321777,6.9171552658081055,-0.0,-0.0,-0.0,-0.0,off
4.98,-0.6584150791168213,-0.5240206122398376,7.7059807777404785,0.7351382374763489,0.5456920266151428,7.7517900466918945,6.99629020690918,-0.0,-0.0,-0.0,-0.0,off
5.0,-0.42700591683387756,0.06627721339464188,7.866888523101807,0.6935873627662659,0.5604815483093262,7.878747463226318,7.084121227264404,-0.0,-0.0,-0.0,-0.0,off
5.0200000000000005,-0.22622445225715637,0.2727058529853821,7.980401039123535,0.6444573998451233,0.5688791275024414,7.988263130187988,7.174279689788818,-0.0,-0.0,-0.0,-0.0,off
5.04,-0.04191580414772034,0.30097073316574097,7.994078636169434,0.6179645657539368,0.5737876892089844,7.999851703643799,7.25645112991333,-0.0,-0.0,-0.0,-0.0,off
5.0600000000000005,0.023565977811813354,0.2998114228248596,7.891844272613525,0.6218929886817932,0.5785982012748718,7.897572040557861,7.320133209228516,-0.0,-0.0,-0.0,-0.0,off
5.08,0.4411289393901825,0.3638877272605896,7.265398979187012,0.6130011677742004,0.5820384621620178,7.287868499755859,7.314436912536621,-0.0,0.0,-0.0,-0.0,off
5.1000000000000005,0.7139121294021606,0.28412479162216187,6.116396427154541,0.5319767594337463,0.5770322680473328,6.16447114944458,7.194661617279053,-0.0,-0.0,-0.0,-0.0,off
5.12,0.676145076751709,0.1210298016667366,5.049033164978027,0.44935065507888794,0.5642640590667725,5.095542907714844,6.980535507202148,-0.0,-0.0,-0.0,-0.0,off
5.14,0.6937291622161865,0.07752365618944168,5.006916522979736,0.44617801904678345,0.5524554252624512,5.055342197418213,6.784148216247559,-0.0,-0.0,-0.0,-0.0,off
5.16,0.6841320991516113,0.1092953160405159,5.196181774139404,0.4594140648841858,0.5431512594223022,5.242164611816406,6.62691593170166,-0.0,-0.0,-0.0,-0.0,off
5.18,0.6148390769958496,0.10071486979722977,4.952406883239746,0.4583316445350647,0.5346692800521851,4.991443157196045,6.461251735687256,-0.0,-0.0,-0.0,-0.0,off
5.2,0.5579971075057983,0.08056540042161942,4.905336856842041,0.4822421669960022,0.5294265747070312,4.937629222869873,6.30748987197876,-0.0,-0.0,-0.0,-0.0,off
5.22,0.5095586776733398,0.05267757922410965,4.815418243408203,0.49354058504104614,0.5258379578590393,4.842589855194092,6.1600542068481445,-0.0,0.0,-0.0,-0.0,off
5.24,0.4679994285106659,0.0044762566685676575,4.689334392547607,0.48711568117141724,0.521965742111206,4.712632179260254,6.014613628387451,-0.0,-0.0,-0.0,-0.0,off
5.26,0.43458232283592224,-0.0661880299448967,4.356823444366455,0.46616894006729126,0.5163860321044922,4.378944396972656,5.850327014923096,-0.0,-0.0,-0.0,-0.0,off
5.28,0.394352525472641,-0.12107854336500168,4.1116766929626465,0.46282607316970825,0.5110300183296204,4.13231897354126,5.677797794342041,0.0,-0.0,-0.0,0.0,off
5.3,0.3888576924800873,-0.1442590355873108,3.8926563262939453,0.46592170000076294,0.5065191388130188,3.914689540863037,5.500708103179932,-0.0,-0.0,-0.0,-0.0,off
5.32,0.41017934679985046,-0.12467890232801437,4.080375671386719,0.4912131428718567,0.5049884915351868,4.102835178375244,5.360316753387451,-0.0,-0.0,-0.0,-0.0,off
5.34,0.45128414034843445,-0.09700541943311691,4.286696434020996,0.5271528363227844,0.5072048902511597,4.311477184295654,5.254923343658447,-0.0,-0.0,-0.0,-0.0,off
5.36,0.5000529289245605,-0.057509951293468475,4.523153305053711,0.5599434971809387,0.5124787092208862,4.551074028015137,5.184087753295898,-0.0,-0.0,-0.0,-0.0,off
5.38,0.5150226354598999,-0.03570561856031418,4.664239883422852,0.5855961441993713,0.5197904109954834,4.692723751068115,5.134594917297363,-0.0,-0.0,-0.0,-0.0,off
5.4,0.5050113201141357,-0.026186518371105194,4.638360023498535,0.5852976441383362,0.5263410806655884,4.665844440460205,5.087457656860352,-0.0,0.0,-0.0,-0.0,off
5.42,0.49095138907432556,-0.03178554028272629,4.535946846008301,0.5698526501655579,0.5306922197341919,4.562549591064453,5.034759044647217,-0.0,-0.0,-0.0,-0.0,off
5.44,0.48232194781303406,-0.03756027668714523,4.43162727355957,0.5623255372047424,0.5338555574417114,4.457955360412598,4.976898670196533,-0.0,-0.0,-0.0,-0.0,off
5.46,0.47566720843315125,-0.035721831023693085,4.277886867523193,0.5743158459663391,0.5379015803337097,4.304399013519287,4.909480571746826,-0.0,-0.0,-0.0,-0.0,off
5.48,0.46403059363365173,-0.05074983090162277,4.087252616882324,0.5860157608985901,0.5427129864692688,4.113821983337402,4.829743385314941,-0.0,0.0,-0.0,-0.0,off
5.5,0.4496309459209442,-0.06677227467298508,4.070883274078369,0.609157145023346,0.5493574142456055,4.0961833000183105,4.756253242492676,-0.0,-0.0,-0.0,-0.0,off
5.5200000000000005,0.43711885809898376,-0.11442571133375168,3.9476003646850586,0.5966089367866516,0.5540825724601746,3.9733757972717285,4.677768707275391,-0.0,-0.0,-0.0,-0.0,off
5.54,0.42953428626060486,-0.12940794229507446,4.0211896896362305,0.6347931027412415,0.5621536374092102,4.046135425567627,4.614433288574219,-0.0,-0.0,-0.0,-0.0,off
5.5600000000000005,0.43125423789024353,-0.1146584078669548,4.117438793182373,0.6724360585212708,0.5731818675994873,4.141549110412598,4.567044258117676,-0.0,-0.0,-0.0,-0.0,off
5.58,0.4572009742259979,-0.09588056057691574,4.309670925140381,0.6644116044044495,0.582304835319519,4.3349151611328125,4.543771743774414,-0.0,-0.0,-0.0,-0.0,off
5.6000000000000005,0.46769818663597107,-0.0569334551692009,4.41561222076416,0.6640287041664124,0.5904771685600281,4.440677165985107,4.533438205718994,-0.0,0.0,-0.0,-0.0,off
5.62,0.46210774779319763,-0.05658441036939621,4.577116966247559,0.6622799038887024,0.5976573824882507,4.600732803344727,4.540162086486816,-0.0,0.0,-0.0,-0.0,off
5.64,0.4440586268901825,-0.05025344341993332,4.691933631896973,0.6959386467933655,0.6074854731559753,4.713168144226074,4.557461738586426,-0.0,-0.0,-0.0,-0.0,off
5.66,0.43343839049339294,-0.0623055025935173,4.783508777618408,0.7255330681800842,0.6192902326583862,4.803509712219238,4.582058906555176,-0.0,-0.0,-0.0,-0.0,off
5.68,0.44600293040275574,0.039917416870594025,4.928088188171387,0.771341860294342,0.6344953775405884,4.948390007019043,4.618602752685547,-0.0,-0.0,-0.0,-0.0,off
5.7,0.45721229910850525,0.03867620974779129,4.937515735626221,0.7542083859443665,0.6464666724205017,4.958790302276611,4.652555465698242,0.0,0.0,-0.0,0.0,off
5.72,0.4614437520503998,0.04048866778612137,5.074769973754883,0.7590101361274719,0.6577210426330566,5.095866680145264,4.696829319000244,-0.0,-0.0,-0.0,-0.0,off
5.74,0.45818373560905457,0.04238457232713699,5.299038410186768,0.7717023491859436,0.6691191792488098,5.318978786468506,4.758984565734863,-0.0,-0.0,-0.0,-0.0,off
5.76,0.4557346999645233,0.05359978228807449,5.463710784912109,0.7792492508888245,0.6801321506500244,5.482946395874023,4.831308364868164,-0.0,-0.0,-0.0,-0.0,off
5.78,0.4536512792110443,0.037060923874378204,5.649431228637695,0.7547126412391663,0.6875901818275452,5.667737007141113,4.914894104003906,-0.0,-0.0,-0.0,-0.0,off
5.8,0.46190425753593445,0.06447214633226395,5.8799309730529785,0.7458410859107971,0.6934152841567993,5.898398399353027,5.0131635665893555,-0.0,-0.0,-0.0,-0.0,off
5.82,0.4638701379299164,0.10098213702440262,6.216106414794922,0.7682192921638489,0.7008956670761108,6.234208106994629,5.135135173797607,-0.0,-0.0,-0.0,-0.0,off
5.84,0.46130022406578064,0.11322540789842606,6.490542888641357,0.7801862359046936,0.7088246941566467,6.507900238037109,5.27226448059082,-0.0,-0.0,-0.0,-0.0,off
5.86,0.46057161688804626,0.14890044927597046,6.861363410949707,0.8068962693214417,0.7186318039894104,6.878416061401367,5.432681560516357,-0.0,-0.0,-0.0,-0.0,off
5.88,0.4488559663295746,0.14750856161117554,7.168234348297119,0.8160212635993958,0.7283707857131958,7.183788299560547,5.607594013214111,-0.0,0.0,-0.0,-0.0,off
5.9,0.3683346211910248,0.11958760768175125,7.588069915771484,0.8448930382728577,0.7400229573249817,7.597945213317871,5.806271076202393,-0.0,-0.0,-0.0,-0.0,off
5.92,0.14484307169914246,-0.002938799560070038,7.948925971984863,0.8789015412330627,0.7539107799530029,7.950246334075928,6.019474983215332,-0.0,0.0,-0.0,-0.0,off
5.94,-0.14968839287757874,-0.07930999249219894,8.250164985656738,0.897059977054596,0.7682256698608398,8.251903533935547,6.239914894104004,-0.0,-0.0,-0.0,-0.0,off
5.96,-0.44837644696235657,-0.3190646767616272,8.54808235168457,0.8813253045082092,0.7795356512069702,8.565777778625488,6.467367649078369,-0.0,-0.0,-0.0,-0.0,off
5.98,-0.7343930006027222,-0.3122599720954895,8.799473762512207,0.8600912690162659,0.7875912189483643,8.835585594177246,6.697638034820557,-0.0,-0.0,-0.0,-0.0,off
6.0,-1.065077543258667,-0.3335147500038147,9.094112396240234,0.8356927037239075,0.7924013733863831,9.162341117858887,6.93562650680542,-0.0,-0.0,-0.0,-0.0,off
6.0200000000000005,-1.4804641008377075,-0.27288395166397095,9.381470680236816,0.7952716946601868,0.7926883697509766,9.501485824584961,7.181000232696533,-0.0,-0.0,-0.0,-0.0,off
6.04,-1.7969257831573486,-0.018779806792736053,9.648152351379395,0.7242980599403381,0.7858493328094482,9.814078330993652,7.43198823928833,-0.0,-0.0,-0.0,-0.0,off
6.0600000000000005,-1.9402581453323364,0.13664621114730835,9.847901344299316,0.6648786664009094,0.7737522125244141,10.038148880004883,7.6814775466918945,-0.0,-0.0,-0.0,-0.0,off
6.08,-1.8285807371139526,-0.08529239147901535,9.954680442810059,0.6487827897071838,0.7612552642822266,10.121593475341797,7.918646335601807,-0.0,-0.0,-0.0,-0.0,off
6.1000000000000005,-1.5027774572372437,0.007255740463733673,9.85555648803711,0.6432304978370667,0.7494527697563171,9.969472885131836,8.121018409729004,-0.0,-0.0,-0.0,-0.0,off
6.12,-1.09163498878479,0.15316027402877808,9.467902183532715,0.6606395840644836,0.7405714392662048,9.53185749053955,8.261451721191406,-0.0,-0.0,-0.0,-0.0,off
6.140000000000001,-0.992175817489624,0.185435950756073,9.227977752685547,0.6801984906196594,0.7345341444015503,9.283015251159668,8.36319637298584,-0.0,-0.0,-0.0,-0.0,off
6.16,-0.7003334760665894,0.2844659686088562,8.780515670776367,0.6963897347450256,0.7307196855545044,8.812993049621582,8.407702445983887,-0.0,-0.0,-0.0,-0.0,off
6.18,0.09454092383384705,0.32542163133621216,7.800975799560547,0.6570227742195129,0.7233499884605408,7.808332920074463,8.343697547912598,-0.0,-0.0,-0.0,-0.0,off
6.2,0.4986705482006073,0.298942506313324,6.7546820640563965,0.6217496991157532,0.713189959526062,6.779658317565918,8.179672241210938,-0.0,-0.0,-0.0,-0.0,off
6.22,0.5255711078643799,0.22807472944259644,6.238902568817139,0.5890122056007385,0.7007721662521362,6.265153408050537,7.981536865234375,-0.0,-0.0,-0.0,-0.0,off
6.24,0.5277513265609741,0.19326967000961304,6.195422172546387,0.5587287545204163,0.6865677833557129,6.22086238861084,7.799829959869385,-0.0,-0.0,-0.0,-0.0,off
6.26,0.5090446472167969,0.17458432912826538,6.307182312011719,0.5419135689735413,0.6721023321151733,6.330099105834961,7.648366451263428,-0.0,-0.0,-0.0,-0.0,off
6.28,0.49460408091545105,0.15589970350265503,6.3660664558410645,0.531210720539093,0.6580131649971008,6.3871541023254395,7.518657207489014,-0.0,-0.0,-0.0,-0.0,off
6.3,0.4497698247432709,0.12280649691820145,6.294367790222168,0.524562418460846,0.6446681022644043,6.311611175537109,7.395353317260742,-0.0,-0.0,-0.0,-0.0,off
6.32,0.40385016798973083,0.09379906207323074,6.347083568572998,0.5177047848701477,0.6319717168807983,6.360610485076904,7.290070056915283,-0.0,-0.0,-0.0,-0.0,off
6.34,0.38147518038749695,0.10787517577409744,6.570291042327881,0.5095410943031311,0.6197286248207092,6.582240104675293,7.217963695526123,-0.0,-0.0,-0.0,-0.0,off
6.36,0.044217318296432495,-0.06135743111371994,7.067086219787598,0.5531318783760071,0.6130689382553101,7.067490577697754,7.202706813812256,-0.0,-0.0,-0.0,-0.0,off
6.38,-1.2632511854171753,-1.0198893547058105,7.973273754119873,0.6413324475288391,0.6158952713012695,8.136895179748535,7.280506610870361,-0.0,-0.0,-0.0,-0.0,off
6.4,-1.1584651470184326,-1.0007848739624023,8.48865795135498,0.6831682324409485,0.622622549533844,8.62559700012207,7.404906749725342,-0.0,-0.0,-0.0,-0.0,off
6.42,-0.7150218486785889,-0.45336562395095825,8.50399398803711,0.6620810627937317,0.6265683770179749,8.546034812927246,7.517480850219727,-0.0,-0.0,-0.0,-0.0,off
6.44,-0.5174992084503174,-0.12946707010269165,8.32413101196289,0.6110120415687561,0.6250126957893372,8.341206550598145,7.59963321685791,-0.0,-0.0,-0.0,-0.0,off
6.46,-0.5075092315673828,-0.03497021645307541,7.964724540710449,0.5842016339302063,0.6209315657615662,7.980953693389893,7.637497901916504,-0.0,-0.0,-0.0,-0.0,off
6.48,-0.23144522309303284,0.15816515684127808,7.342624664306641,0.5883288979530334,0.6176712512969971,7.347973823547363,7.6079864501953125,-0.0,-0.0,-0.0,-0.0,off
6.5,0.5284304618835449,0.16583579778671265,6.306837558746338,0.5215590596199036,0.6080600023269653,6.331109046936035,7.475263595581055,-0.0,-0.0,-0.0,-0.0,off
6.5200000000000005,0.7619189023971558,0.10610980540513992,5.2189483642578125,0.44833308458328247,0.5920872688293457,5.275339126586914,7.247447490692139,-0.0,-0.0,-0.0,-0.0,off
6.54,0.7809045314788818,0.07926768809556961,5.154597759246826,0.43146854639053345,0.5760253667831421,5.214016914367676,7.037088394165039,-0.0,0.0,-0.0,-0.0,off
6.5600000000000005,0.77231764793396,0.08930201083421707,5.2020769119262695,0.4227209687232971,0.5606949329376221,5.259852886199951,6.853511810302734,-0.0,0.0,-0.0,-0.0,off
6.58,0.7520685195922852,0.10148615390062332,5.32233190536499,0.43618184328079224,0.5482436418533325,5.376162528991699,6.701148986816406,-0.0,0.0,-0.0,-0.0,off
6.6000000000000005,0.6804085969924927,0.04445619136095047,5.106531620025635,0.44506722688674927,0.5379259586334229,5.151853561401367,6.542989253997803,0.0,-0.0,-0.0,0.0,off
6.62,0.5775954723358154,0.008163638412952423,4.888218879699707,0.4525957703590393,0.5293929576873779,4.922231674194336,6.378983020782471,-0.0,-0.0,-0.0,-0.0,off
6.640000000000001,0.48072490096092224,-0.023458056151866913,4.726792335510254,0.4485185742378235,0.521305501461029,4.751232624053955,6.215167045593262,-0.0,-0.0,-0.0,-0.0,off
6.66,0.40327057242393494,-0.07661920040845871,4.429198741912842,0.42672640085220337,0.5118476152420044,4.448179244995117,6.037841796875,-0.0,-0.0,-0.0,-0.0,off
6.68,0.39388737082481384,-0.11462932080030441,4.3321123123168945,0.4281626343727112,0.5034791231155396,4.351491928100586,5.868615627288818,-0.0,-0.0,-0.0,-0.0,off
6.7,0.4074532687664032,-0.13026684522628784,4.539090156555176,0.46862560510635376,0.49999377131462097,4.559202671051025,5.737146377563477,-0.0,-0.0,-0.0,-0.0,off
6.72,0.41173598170280457,-0.1335708498954773,4.7205281257629395,0.5081589818000793,0.5008102655410767,4.74033260345459,5.637048721313477,-0.0,0.0,-0.0,-0.0,off
6.74,0.4174768626689911,-0.07986419647932053,5.09317684173584,0.5446711182594299,0.5051963329315186,5.11088228225708,5.58421516418457,-0.0,0.0,-0.0,-0.0,off
6.76,0.44208166003227234,-0.015058092772960663,5.437768936157227,0.5581687092781067,0.5104935765266418,5.455730438232422,5.571186065673828,-0.0,0.0,-0.0,-0.0,off
6.78,0.47091588377952576,0.05192715674638748,6.064531326293945,0.6056061387062073,0.5200048089027405,6.083008766174316,5.622178554534912,-0.0,-0.0,-0.0,-0.0,off
6.8,0.48734673857688904,0.09404630213975906,6.416060924530029,0.6422818303108215,0.5322325229644775,6.435230255126953,5.703278541564941,-0.0,-0.0,-0.0,-0.0,off
6.82,0.484029620885849,0.118739552795887,6.592718601226807,0.6471400856971741,0.5437232851982117,6.611529350280762,5.79391622543335,-0.0,-0.0,-0.0,-0.0,off
6.84,0.45249494910240173,0.10180182009935379,6.711939334869385,0.6574013829231262,0.5550910830497742,6.727944850921631,5.887227535247803,-0.0,-0.0,-0.0,-0.0,off
6.86,0.43730422854423523,0.03510612994432449,6.707189559936523,0.6657889485359192,0.5661608576774597,6.721522331237793,5.970648765563965,-0.0,-0.0,-0.0,-0.0,off
6.88,0.37020882964134216,-0.1678045392036438,6.84298038482666,0.7121224999427795,0.5807569622993469,6.85504150390625,6.058867931365967,-0.0,-0.0,-0.0,-0.0,off
6.9,0.3324986398220062,-0.25167304277420044,6.799375534057617,0.7451930642127991,0.5972005128860474,6.812150955200195,6.133772850036621,-0.0,-0.0,-0.0,-0.0,off
6.92,0.27570220828056335,-0.3808603882789612,6.97743034362793,0.7878928780555725,0.6162697672843933,6.9932541847229,6.218848705291748,-0.0,-0.0,-0.0,-0.0,off
6.94,0.09742102026939392,-0.7145352959632874,7.154972076416016,0.8064377903938293,0.6352865695953369,7.191222190856934,6.312976360321045,-0.0,-0.0,-0.0,-0.0,off
6.96,-0.23253491520881653,-0.7971397042274475,7.441603660583496,0.7570794224739075,0.6474658250808716,7.48778772354126,6.425700664520264,-0.0,-0.0,-0.0,-0.0,off
6.98,-0.6581366062164307,-0.922793447971344,7.75102424621582,0.7064593434333801,0.6533651351928711,7.833458423614502,6.55825138092041,-0.0,-0.0,-0.0,-0.0,off
7.0,-1.0757477283477783,-1.0728206634521484,8.151830673217773,0.6746802926063538,0.6554966568946838,8.292196273803711,6.719665050506592,-0.0,0.0,-0.0,-0.0,off
7.0200000000000005,-1.6851083040237427,-0.9172559380531311,8.666282653808594,0.6329289078712463,0.6532398462295532,8.876113891601562,6.918813228607178,-0.0,-0.0,-0.0,-0.0,off
7.04,-2.162710428237915,-0.3690837025642395,9.270126342773438,0.5783131718635559,0.645747184753418,9.526215553283691,7.160796642303467,-0.0,-0.0,-0.0,-0.0,off
7.0600000000000005,-2.2560007572174072,0.010938115417957306,9.694276809692383,0.5163150429725647,0.6328039765357971,9.953324317932129,7.42406702041626,-0.0,-0.0,-0.0,-0.0,off
7.08,-2.3839759826660156,0.2938191294670105,9.997811317443848,0.48923903703689575,0.618447482585907,10.282309532165527,7.695131778717041,-0.0,-0.0,-0.0,-0.0,off
7.1000000000000005,-2.451205253601074,0.25595349073410034,10.071714401245117,0.5076454281806946,0.6073672771453857,10.368864059448242,7.95089054107666,-0.0,0.0,-0.0,-0.0,off
7.12,-2.2123188972473145,0.04841393977403641,10.059497833251953,0.5097604393959045,0.5976065993309021,10.300009727478027,8.180177688598633,-0.0,-0.0,-0.0,-0.0,off
7.140000000000001,-2.2722859382629395,0.07867831736803055,10.110695838928223,0.4657798409461975,0.5844238996505737,10.363186836242676,8.393658638000488,-0.0,-0.0,-0.0,-0.0,off
7.16,-2.454184055328369,0.16629260778427124,10.22845458984375,0.41259461641311646,0.5672409534454346,10.520073890686035,8.60104751586914,-0.0,-0.0,-0.0,-0.0,off
7.18,-2.4949874877929688,0.386025607585907,10.082178115844727,0.3714819550514221,0.547664999961853,10.393473625183105,8.774823188781738,-0.0,-0.0,-0.0,-0.0,off
7.2,-2.1141748428344727,0.10650176554918289,9.629655838012695,0.3597109913825989,0.5288695693016052,9.85958194732666,8.881667137145996,-0.0,0.0,-0.0,-0.0,off
7.22,-1.730055332183838,-0.09732573479413986,9.048669815063477,0.35952597856521606,0.5119352340698242,9.213088035583496,8.914578437805176,-0.0,0.0,-0.0,-0.0,off
7.24,-1.2535969018936157,-0.19343847036361694,8.372710227966309,0.3449576497077942,0.49523746967315674,8.468246459960938,8.869728088378906,-0.0,-0.0,-0.0,-0.0,off
7.26,-0.7729560136795044,-0.2515330910682678,7.747356414794922,0.3301604390144348,0.4787297546863556,7.789881706237793,8.759997367858887,-0.0,-0.0,-0.0,-0.0,off
7.28,-0.5715030431747437,-0.2847498059272766,7.248712539672852,0.3059845566749573,0.46145522594451904,7.276780605316162,8.60922622680664,-0.0,-0.0,-0.0,-0.0,off
7.3,-0.5729573965072632,-0.2719181180000305,7.031085014343262,0.2922413945198059,0.4445338249206543,7.059629917144775,8.452406883239746,-0.0,-0.0,-0.0,-0.0,off
7.32,-0.5600440502166748,-0.2602168917655945,6.791231155395508,0.28550535440444946,0.4286309778690338,6.81925106048584,8.28762435913086,-0.0,-0.0,-0.0,-0.0,off
7.34,-0.45741525292396545,-0.2437395453453064,6.504556655883789,0.2743561863899231,0.41320350766181946,6.525174140930176,8.109728813171387,0.0,0.0,-0.0,0.0,off
7.36,-0.4121434986591339,-0.22370725870132446,6.287859916687012,0.27035051584243774,0.3989182114601135,6.305322170257568,7.927767753601074,0.0,0.0,-0.0,0.0,off
7.38,-0.37676170468330383,-0.19721442461013794,6.108133316040039,0.27857381105422974,0.38688376545906067,6.122919082641602,7.745909690856934,-0.0,-0.0,-0.0,-0.0,off
7.4,-0.20365360379219055,-0.1202041432261467,5.795318603515625,0.29489976167678833,0.3776853382587433,5.800141334533691,7.549168109893799,-0.0,-0.0,-0.0,-0.0,off
7.42,-0.0663842260837555,-0.09784810990095139,5.500204086303711,0.31226545572280884,0.3711433410644531,5.501474857330322,7.341533184051514,-0.0,-0.0,-0.0,-0.0,off
7.44,0.10567542910575867,-0.06866221874952316,5.243991851806641,0.3379412293434143,0.36782312393188477,5.2455058097839355,7.127788543701172,-0.0,-0.0,-0.0,-0.0,off
7.46,0.1590864360332489,-0.043659500777721405,4.981991767883301,0.36021143198013306,0.36706194281578064,4.984722137451172,6.909388065338135,-0.0,-0.0,-0.0,-0.0,off
7.48,0.12259945273399353,-0.05398564785718918,4.876496315002441,0.37380343675613403,0.3677360713481903,4.878335952758789,6.703210353851318,-0.0,-0.0,-0.0,-0.0,off
7.5,0.20790955424308777,-0.010328345000743866,4.703638076782227,0.36625534296035767,0.36758798360824585,4.708241939544678,6.500139236450195,-0.0,-0.0,-0.0,-0.0,off
7.5200000000000005,0.23518702387809753,-0.02425723522901535,4.72797966003418,0.3664599061012268,0.36747515201568604,4.733887672424316,6.320156097412109,0.0,-0.0,-0.0,0.0,off
7.54,0.35829147696495056,-0.03861527889966965,4.567939758300781,0.35558825731277466,0.3662864565849304,4.582132339477539,6.142032623291016,-0.0,-0.0,-0.0,-0.0,off
7.5600000000000005,0.3958457410335541,-0.08483605831861496,4.702552795410156,0.3671181797981262,0.3663696050643921,4.719946384429932,5.995707988739014,-0.0,-0.0,-0.0,-0.0,off
7.58,0.37362393736839294,-0.14523273706436157,5.004956245422363,0.3957996964454651,0.369312584400177,5.0209832191467285,5.895038604736328,-0.0,-0.0,-0.0,-0.0,off
7.6000000000000005,0.26473256945610046,-0.3411279320716858,5.766351222991943,0.462205708026886,0.37860187888145447,5.782495498657227,5.881723880767822,-0.0,-0.0,-0.0,-0.0,off
7.62,-0.6881015300750732,-1.1135945320129395,6.463253021240234,0.5590134263038635,0.3966430425643921,6.594483852386475,5.944704055786133,-0.0,-0.0,-0.0,-0.0,off
7.640000000000001,-0.9253289699554443,-1.530686616897583,7.344527721405029,0.6444509625434875,0.4214238226413727,7.559187889099121,6.094362735748291,-0.0,-0.0,-0.0,-0.0,off
7.66,-0.9634758234024048,-1.2724190950393677,7.78184175491333,0.6409359574317932,0.44337502121925354,7.9438276290893555,6.273601531982422,-0.0,-0.0,-0.0,-0.0,off
7.68,-1.3169829845428467,-1.0910720825195312,8.578766822814941,0.6263638138771057,0.46167388558387756,8.747577667236328,6.516359329223633,-0.0,-0.0,-0.0,-0.0,off
7.7,-1.4999920129776,-0.9000819325447083,9.044063568115234,0.6108854413032532,0.476595014333725,9.211688995361328,6.782074451446533,-0.0,-0.0,-0.0,-0.0,off
7.72,-1.5164735317230225,-0.6673510670661926,9.2371187210083,0.5959952473640442,0.4885350167751312,9.384530067443848,7.039575576782227,-0.0,-0.0,-0.0,-0.0,off
7.74,-1.3345577716827393,-0.3192785382270813,9.1556978225708,0.6001277565956116,0.499694287776947,9.25795841217041,7.259449005126953,-0.0,-0.0,-0.0,-0.0,off
7.76,-1.189460277557373,-0.2524403929710388,8.782586097717285,0.6273248791694641,0.5124573707580566,8.866360664367676,7.418816566467285,-0.0,-0.0,-0.0,-0.0,off
7.78,-0.43066731095314026,0.1342671513557434,7.805158615112305,0.6299996972084045,0.524211585521698,7.8181843757629395,7.455368518829346,-0.0,-0.0,-0.0,-0.0,off
7.8,0.40642330050468445,0.23850315809249878,6.856931686401367,0.5865731835365295,0.5304477214813232,6.873105525970459,7.386692047119141,-0.0,0.0,-0.0,-0.0,off
7.82,0.5841374397277832,0.1410617232322693,6.435064315795898,0.5302360653877258,0.5304265022277832,6.463061809539795,7.283889293670654,0.0,-0.0,-0.0,0.0,off
7.84,0.5965499877929688,0.1812087893486023,6.474363803863525,0.501392662525177,0.5275231003761292,6.5043134689331055,7.196835994720459,-0.0,-0.0,-0.0,-0.0,off
7.86,0.5693613290786743,0.13428181409835815,6.730175018310547,0.4605637192726135,0.5208271741867065,6.755550384521484,7.145864486694336,-0.0,-0.0,-0.0,-0.0,off
7.88,0.4799761474132538,0.04912848025560379,7.001209735870361,0.4361720681190491,0.5123616456985474,7.017815113067627,7.1288042068481445,-0.0,-0.0,-0.0,-0.0,off
7.9,0.23571845889091492,-0.20311349630355835,7.407025337219238,0.38357359170913696,0.49948281049728394,7.413558006286621,7.1560163497924805,-0.0,0.0,-0.0,-0.0,off
7.92,-0.31298068165779114,-0.5338905453681946,7.950260162353516,0.30347758531570435,0.47988227009773254,7.974310874938965,7.2372355461120605,-0.0,0.0,-0.0,-0.0,off
7.94,1.7145451307296753,0.2978004813194275,3.6825737953186035,0.8916288018226624,0.5210568904876709,4.07304573059082,6.878652095794678,-0.0,-0.0,-0.0,-0.0,off
7.96,3.440434217453003,-0.1263149380683899,2.2936110496520996,-0.06751221418380737,0.46219998598098755,4.136809825897217,6.429969787597656,-0.0,-0.0,-0.0,-0.0,off
7.98,2.0273447036743164,2.3983869552612305,2.2617311477661133,-0.4867402911186218,0.3673059642314911,3.8701181411743164,6.025147914886475,-0.0,-0.0,-0.0,-0.0,off
8.0,0.8441520929336548,5.514651298522949,2.644442558288574,-0.9848937392234802,0.2320859730243683,6.173900604248047,5.727158546447754,0.0,-0.0,-0.0,0.0,off
8.02,0.4085235297679901,3.949317455291748,2.317018985748291,-1.0210978984832764,0.10676757991313934,4.597018241882324,5.442972183227539,-0.0,-0.0,-0.0,-0.0,off
8.040000000000001,1.1415208578109741,1.230046272277832,2.163085460662842,-0.5780615210533142,0.03828466311097145,2.737704038619995,5.14486026763916,-0.0,-0.0,-0.0,-0.0,off
8.06,1.225551962852478,0.7004551291465759,1.9188989400863647,-0.17288225889205933,0.017167970538139343,2.382181406021118,4.846114635467529,-0.0,-0.0,-0.0,-0.0,off
8.08,1.262403130531311,0.7198743224143982,2.1355087757110596,-0.0010942816734313965,0.015341744758188725,2.5830752849578857,4.60127067565918,-0.0,0.0,-0.0,-0.0,off
8.1,1.2152209281921387,1.3225343227386475,2.608436107635498,0.09192162752151489,0.022999733686447144,3.166985511779785,4.440386772155762,-0.0,-0.0,-0.0,-0.0,off
8.120000000000001,0.8087095022201538,1.3797824382781982,3.9119958877563477,0.06193572282791138,0.026893332600593567,4.22628927230835,4.4164557456970215,-0.0,-0.0,-0.0,-0.0,off
8.14,0.13405737280845642,1.1691548824310303,4.07493782043457,0.049996912479400635,0.029203690588474274,4.241463661193848,4.394585132598877,-0.0,-0.0,-0.0,-0.0,off
8.16,0.34154781699180603,0.7749481797218323,4.058914661407471,0.14002114534378052,0.04028543457388878,4.146322250366211,4.36809778213501,-0.0,-0.0,-0.0,-0.0,off
8.18,0.4256351888179779,0.34991830587387085,4.734428882598877,0.227802574634552,0.05903714895248413,4.766384601593018,4.401643753051758,-0.0,-0.0,-0.0,-0.0,off
8.2,0.3733064830303192,0.35813993215560913,4.075002193450928,0.18212109804153442,0.07134553790092468,4.107707977294922,4.368595123291016,-0.0,-0.0,-0.0,-0.0,off
8.22,0.46236297488212585,0.40311378240585327,4.021774768829346,0.2209523320198059,0.08630621433258057,4.068286418914795,4.33642578125,-0.0,-0.0,-0.0,-0.0,off
8.24,0.4827824532985687,0.3203466534614563,3.364619731903076,0.2029455304145813,0.0979701429605484,3.41414213180542,4.242663383483887,-0.0,-0.0,-0.0,-0.0,off
8.26,0.5508630275726318,0.3375006318092346,3.7139954566955566,0.2512570023536682,0.11329883337020874,3.769763708114624,4.193813323974609,-0.0,-0.0,-0.0,-0.0,off
8.28,0.5811067819595337,0.36828333139419556,3.894221305847168,0.26015955209732056,0.1279848963022232,3.95452618598938,4.168644428253174,-0.0,-0.0,-0.0,-0.0,off
8.3,0.6257023811340332,0.5207650065422058,4.768004894256592,0.31627827882766724,0.146814227104187,4.836999893188477,4.234656810760498,-0.0,0.0,-0.0,-0.0,off
8.32,0.548755407333374,0.6162301898002625,4.983675956726074,0.3230341076850891,0.1644362062215805,5.0515241622924805,4.315771102905273,-0.0,0.0,-0.0,-0.0,off
8.34,0.5186260938644409,0.7218946814537048,5.897369384765625,0.37011438608169556,0.18500402569770813,5.9639811515808105,4.479618072509766,-0.0,-0.0,-0.0,-0.0,off
8.36,0.526902437210083,0.822450578212738,5.720849990844727,0.3709896206855774,0.20360258221626282,5.8036346435546875,4.6116042137146,-0.0,-0.0,-0.0,-0.0,off
8.38,0.5366525650024414,0.9179626107215881,5.86254358291626,0.37473660707473755,0.2207159847021103,5.958193302154541,4.745944023132324,-0.0,-0.0,-0.0,-0.0,off
8.4,0.4019564092159271,0.8316039443016052,5.858839988708496,0.4153154492378235,0.24017593264579773,5.9312005043029785,4.86370849609375,-0.0,-0.0,-0.0,-0.0,off
8.42,1.4385894536972046,1.8721280097961426,4.92514705657959,0.6772432923316956,0.28388267755508423,5.461820125579834,4.907444000244141,-0.0,-0.0,-0.0,-0.0,off
8.44,2.3155369758605957,1.3954696655273438,4.0711750984191895,1.9499578475952148,0.45049020648002625,4.887076377868652,4.872054576873779,-0.0,-0.0,-0.0,-0.0,off
8.46,2.123103380203247,0.4112524390220642,4.8605804443359375,2.318673610687256,0.6373085379600525,5.3199567794799805,4.900527477264404,-0.0,-0.0,-0.0,-0.0,off
8.48,2.520265579223633,0.1318945288658142,5.2908711433410645,2.4845569133758545,0.8220333456993103,5.861949443817139,4.975069046020508,0.0,0.0,-0.0,0.0,off
8.5,2.121636152267456,-0.2532063126564026,8.202119827270508,0.9733596444129944,0.8371659517288208,8.475861549377441,5.312477111816406,-0.0,0.0,-0.0,-0.0,off
8.52,2.281381130218506,-0.16384226083755493,10.220009803771973,0.4157269597053528,0.7950220108032227,10.47282886505127,5.819705009460449,-0.0,-0.0,-0.0,-0.0,off
8.540000000000001,1.903073787689209,2.792088508605957,10.435802459716797,-0.08832091093063354,0.7066876888275146,10.96920394897461,6.322668552398682,-0.0,-0.0,-0.0,-0.0,off
8.56,2.7106099128723145,6.68037223815918,12.34071159362793,-0.627438485622406,0.573275089263916,14.29223346710205,7.046895503997803,-0.0,-0.0,-0.0,-0.0,off
8.58,6.7825212478637695,5.953611373901367,14.188958168029785,-0.6721939444541931,0.44872817397117615,16.81590461730957,7.975057125091553,-0.0,-0.0,-0.0,-0.0,off
8.6,9.889022827148438,3.8877148628234863,16.61080551147461,-0.2149626612663269,0.3823590874671936,19.718669891357422,9.093989372253418,-0.0,-0.0,-0.0,-0.0,off
8.620000000000001,5.270905494689941,-1.8623979091644287,11.744930267333984,0.2579517960548401,0.3699183464050293,13.007473945617676,9.403079986572266,-0.0,-0.0,-0.0,-0.0,off
8.64,0.7382725477218628,-2.3715054988861084,10.675739288330078,0.7052541375160217,0.40345191955566406,10.960862159729004,9.44978141784668,-0.0,-0.0,-0.0,-0.0,off
8.66,-0.46434739232063293,-3.454463243484497,7.523434162139893,0.7750776410102844,0.4406144917011261,8.291622161865234,9.16996955871582,-0.0,-0.0,-0.0,-0.0,off
8.68,1.344412088394165,0.773683488368988,6.00286340713501,1.3606770038604736,0.5326207280158997,6.2000322341918945,8.871617317199707,-0.0,-0.0,-0.0,-0.0,off
8.700000000000001,0.9198431968688965,0.8599290251731873,6.076994895935059,1.6452703475952148,0.6438856720924377,6.206082344055176,8.600046157836914,-0.0,0.0,-0.0,-0.0,off
8.72,0.37210792303085327,0.18543332815170288,6.641347885131836,1.8651502132415771,0.7660121321678162,6.654348373413086,8.390974998474121,0.0,-0.0,-0.0,0.0,off
8.74,-0.44379910826683044,-0.40299850702285767,6.211526870727539,2.25502610206604,0.914913535118103,6.240386962890625,8.14020824432373,-0.0,-0.0,-0.0,-0.0,off
8.76,-1.2344245910644531,-2.148827075958252,6.709807872772217,2.2598702907562256,1.0494091510772705,7.1528167724609375,7.943704128265381,-0.0,-0.0,-0.0,-0.0,off
8.78,0.8920177221298218,4.85302734375,3.225210189819336,0.7718725800514221,1.0216554403305054,5.8948750495910645,7.518348693847656,-0.0,-0.0,-0.0,-0.0,off
8.8,-0.022635072469711304,-1.3166639804840088,1.9967589378356934,0.6749086976051331,0.9869807362556458,2.391895294189453,6.948791980743408,-0.0,-0.0,-0.0,-0.0,off
8.82,0.5441640615463257,-1.0496611595153809,2.807035446166992,-0.03182405233383179,0.885100245475769,3.04587459564209,6.531284809112549,-0.0,-0.0,-0.0,-0.0,off
8.84,0.32382932305336,-0.09721093624830246,3.7374653816223145,0.01194530725479126,0.7977847456932068,3.7527272701263428,6.250184535980225,-0.0,-0.0,-0.0,-0.0,off
8.86,-0.00536036491394043,-0.20334821939468384,2.4201807975769043,0.11141663789749146,0.7291479110717773,2.4287145137786865,5.861757278442383,-0.0,-0.0,-0.0,-0.0,off
8.88,-0.3249388635158539,-1.2919244766235352,2.147709608078003,0.04466921091079712,0.6607000827789307,2.527312994003296,5.4765496253967285,-0.0,0.0,-0.0,-0.0,off
8.9,-0.9973782300949097,-1.9980614185333252,2.12233829498291,-0.012164056301116943,0.5934136509895325,3.0808005332946777,5.122570991516113,-0.0,-0.0,-0.0,-0.0,off
8.92,-0.46037372946739197,-1.5977234840393066,3.091879367828369,0.014203131198883057,0.5354925990104675,3.5106101036071777,4.915664196014404,-0.0,-0.0,-0.0,-0.0,off
8.94,-0.7366293668746948,-1.6405401229858398,4.098452091217041,0.17733150720596313,0.49967649579048157,4.475634574890137,4.833044528961182,-0.0,-0.0,-0.0,-0.0,off
8.96,-1.1854033470153809,-0.3210182785987854,6.001777172088623,0.45412617921829224,0.49512147903442383,6.1261372566223145,4.940200328826904,-0.0,-0.0,-0.0,-0.0,off
8.98,-2.066023826599121,-0.6133103966712952,7.043604373931885,0.9953957200050354,0.5451489090919495,7.365932941436768,5.146071434020996,-0.0,-0.0,-0.0,-0.0,off
9.0,-2.370500087738037,-0.34640079736709595,8.518292427062988,1.2452833652496338,0.6151623129844666,8.848760604858398,5.486817836761475,-0.0,-0.0,-0.0,-0.0,off
9.02,-0.8539752960205078,0.8099586367607117,7.582555294036865,1.1613097190856934,0.6697770357131958,7.6733598709106445,5.693410396575928,-0.0,-0.0,-0.0,-0.0,off
9.040000000000001,0.279580682516098,1.0335862636566162,7.435746192932129,1.1416802406311035,0.7169673442840576,7.512442111968994,5.86204195022583,-0.0,-0.0,-0.0,-0.0,off
9.06,0.4368080794811249,0.6222195029258728,4.9459991455078125,0.8199027180671692,0.7272608280181885,5.004085063934326,5.767882823944092,-0.0,-0.0,-0.0,-0.0,off
9.08,0.6056890487670898,0.39309900999069214,4.722466945648193,0.652123749256134,0.7197471261024475,4.777350902557373,5.66194486618042,-0.0,-0.0,-0.0,-0.0,off
9.1,0.62897789478302,0.09240097552537918,3.6203970909118652,0.3883054852485657,0.6866029500961304,3.6757891178131104,5.45742654800415,-0.0,-0.0,-0.0,-0.0,off
9.120000000000001,0.5805279016494751,0.14772027730941772,3.7349586486816406,0.3592894673347473,0.6538715958595276,3.7826907634735107,5.28554630279541,-0.0,-0.0,-0.0,-0.0,off
9.14,0.3843702971935272,-0.10554008930921555,1.5355182886123657,0.18632584810256958,0.6071169972419739,1.5864096879959106,4.9110918045043945,-0.0,-0.0,-0.0,-0.0,off
9.16,0.603384256362915,0.019583649933338165,2.208221912384033,0.22737032175064087,0.5691422820091248,2.289257526397705,4.642246723175049,-0.0,-0.0,-0.0,-0.0,off
9.18,0.26614972949028015,0.11142224818468094,2.154848098754883,0.2512856125831604,0.5373565554618835,2.174079179763794,4.3942975997924805,-0.0,-0.0,-0.0,-0.0,off
9.200000000000001,0.6267719268798828,-0.03720074146986008,2.0522570610046387,0.22158867120742798,0.5057797431945801,2.146156072616577,4.162546634674072,-0.0,-0.0,-0.0,-0.0,off
9.22,0.6736482381820679,0.06009287387132645,2.3335886001586914,0.2664211392402649,0.48184385895729065,2.429619073867798,3.983070135116577,-0.0,-0.0,-0.0,-0.0,off
9.24,0.5850558280944824,0.1982373595237732,2.554626941680908,0.31566768884658813,0.4652262330055237,2.628251791000366,3.8437490463256836,-0.0,-0.0,-0.0,-0.0,off
9.26,0.4704591929912567,0.23699325323104858,2.436410903930664,0.35679417848587036,0.4543830156326294,2.492708444595337,3.70619535446167,-0.0,-0.0,-0.0,-0.0,off
9.28,0.4266638457775116,0.2817921042442322,2.6564488410949707,0.4228871464729309,0.4512334167957306,2.7052114009857178,3.6043386459350586,-0.0,-0.0,-0.0,-0.0,off
9.3,0.4267749488353729,0.28345149755477905,2.7824106216430664,0.4542697072029114,0.45153704285621643,2.8291854858398438,3.5254669189453125,-0.0,-0.0,-0.0,-0.0,off
9.32,0.44228455424308777,0.39503735303878784,3.3513989448547363,0.6168075203895569,0.4680640995502472,3.403460741043091,3.511829137802124,-0.0,-0.0,-0.0,-0.0,off
9.34,0.38254985213279724,0.381034791469574,3.0163464546203613,0.6684632897377014,0.4881040155887604,3.064290761947632,3.4658589363098145,-0.0,-0.0,-0.0,-0.0,off
9.36,0.3189276158809662,0.43690961599349976,3.8667473793029785,0.7556715607643127,0.5148607492446899,3.904400110244751,3.508859395980835,-0.0,-0.0,-0.0,-0.0,off
9.38,0.3166833817958832,0.4496285319328308,4.303224086761475,0.7977555394172668,0.5431502461433411,4.338224411010742,3.5911686420440674,-0.0,-0.0,-0.0,-0.0,off
9.4,0.30129513144493103,0.38151758909225464,4.190860271453857,0.6844287514686584,0.5572780966758728,4.218962669372559,3.6536548137664795,-0.0,-0.0,-0.0,-0.0,off
9.42,0.36094018816947937,0.4261273741722107,4.553623676300049,0.6620486378669739,0.5677551031112671,4.58773946762085,3.746833324432373,-0.0,-0.0,-0.0,-0.0,off
9.44,0.3852003514766693,0.4723820090293884,4.523809432983398,0.6741991639137268,0.5783995389938354,4.564687728881836,3.828320264816284,-0.0,-0.0,-0.0,-0.0,off
9.46,0.35407397150993347,0.4824182391166687,4.577033042907715,0.6962977051734924,0.5901893377304077,4.615985870361328,3.906811475753784,-0.0,-0.0,-0.0,-0.0,off
9.48,0.3553355634212494,0.5380443930625916,4.758366107940674,0.7361233830451965,0.6047827005386353,4.801854133605957,3.9959700107574463,-0.0,-0.0,-0.0,-0.0,off
9.5,0.3465516269207001,0.5792283415794373,4.740472793579102,0.7690010666847229,0.6212045550346375,4.788286209106445,4.0747809410095215,-0.0,-0.0,-0.0,-0.0,off
9.52,0.33362337946891785,0.5873646140098572,4.4547319412231445,0.7756534218788147,0.6366493701934814,4.5056562423706055,4.117404937744141,-0.0,0.0,-0.0,-0.0,off
9.540000000000001,0.33204492926597595,0.6043588519096375,4.34234619140625,0.7930715680122375,0.6522915363311768,4.396757125854492,4.144856929779053,-0.0,0.0,-0.0,-0.0,off
9.56,0.30997034907341003,0.5420224070549011,4.215143203735352,0.7395008206367493,0.6610124111175537,4.261138916015625,4.156253337860107,-0.0,-0.0,-0.0,-0.0,off
9.58,0.2681977450847626,0.48729294538497925,4.059854984283447,0.701587975025177,0.6650699377059937,4.097780704498291,4.150271892547607,-0.0,-0.0,-0.0,-0.0,off
9.6,0.23321470618247986,0.42261117696762085,3.907431125640869,0.6703138947486877,0.6655943393707275,3.937131881713867,4.128870487213135,0.0,-0.0,-0.0,0.0,off
9.620000000000001,0.20114967226982117,0.38873475790023804,3.9843287467956543,0.6615133881568909,0.6651862263679504,4.008297920227051,4.116671085357666,-0.0,-0.0,-0.0,-0.0,off
9.64,0.18658515810966492,0.33739179372787476,3.9660472869873047,0.6234889626502991,0.6610164642333984,3.984743118286133,4.103288650512695,-0.0,-0.0,-0.0,-0.0,off
9.66,0.18164870142936707,0.2635158896446228,3.7687034606933594,0.556354820728302,0.6505502462387085,3.7822694778442383,4.070939540863037,-0.0,0.0,-0.0,-0.0,off
9.68,0.19645139575004578,0.22500985860824585,3.687699794769287,0.5218742489814758,0.6376826763153076,3.699777364730835,4.033565998077393,-0.0,-0.0,-0.0,-0.0,off
9.700000000000001,0.22560915350914001,0.2143062949180603,3.594592571258545,0.5053613781929016,0.6244505643844604,3.6080358028411865,3.9908246994018555,-0.0,-0.0,-0.0,-0.0,off
9.72,0.25646349787712097,0.16137021780014038,3.1300272941589355,0.4552770256996155,0.6075332164764404,3.1446597576141357,3.9059700965881348,-0.0,-0.0,-0.0,-0.0,off
9.74,0.32640305161476135,0.12283391505479813,2.9607324600219727,0.4209941029548645,0.5888792872428894,2.981201648712158,3.812987804412842,-0.0,-0.0,-0.0,-0.0,off
9.76,0.3778597414493561,0.10377354174852371,2.945678234100342,0.42136794328689575,0.5721281170845032,2.9716269969940186,3.7281243801116943,-0.0,-0.0,-0.0,-0.0,off
9.78,0.38085392117500305,0.0466274693608284,2.6828432083129883,0.3851369023323059,0.5534290075302124,2.7101423740386963,3.6253325939178467,0.0,-0.0,-0.0,0.0,off
9.8,0.3588094413280487,-0.03917460888624191,2.4014015197753906,0.3468087315559387,0.5327669382095337,2.428375720977783,3.504209041595459,-0.0,-0.0,-0.0,-0.0,off
9.82,0.33205005526542664,-0.135911762714386,2.045870780944824,0.31014782190322876,0.5105050206184387,2.0770933628082275,3.3592166900634766,-0.0,-0.0,-0.0,-0.0,off
9.84,0.31095418334007263,-0.2128341794013977,1.5665115118026733,0.2659175992012024,0.4860462546348572,1.6111949682235718,3.1807525157928467,-0.0,-0.0,-0.0,-0.0,off
9.86,0.2922820746898651,-0.22586590051651,1.221786379814148,0.23785334825515747,0.4612269401550293,1.2764036655426025,2.9859933853149414,-0.0,-0.0,-0.0,-0.0,off
9.88,0.25990232825279236,-0.16999822854995728,1.0242325067520142,0.21865779161453247,0.4369700253009796,1.0702807903289795,2.7912769317626953,-0.0,-0.0,-0.0,-0.0,off
9.9,0.20875796675682068,-0.1204722449183464,0.6160489320755005,0.18633562326431274,0.4119065999984741,0.661520779132843,2.575284004211426,-0.0,0.0,-0.0,-0.0,off
9.92,0.15137502551078796,-0.07104497402906418,0.5412317514419556,0.18563443422317505,0.3892793655395508,0.5664746761322021,2.373056411743164,-0.0,0.0,-0.0,-0.0,off
9.94,0.0774213969707489,-0.045298151671886444,0.4552689790725708,0.18948489427566528,0.36929991841316223,0.46402138471603394,2.1817564964294434,0.0,-0.0,-0.0,0.0,off
9.96,0.03290316462516785,-0.048957161605358124,0.5035549402236938,0.1977291703224182,0.3521428406238556,0.5069980025291443,2.0138673782348633,-0.0,-0.0,-0.0,-0.0,off
9.98,0.01671740412712097,-0.07969241589307785,0.5549777746200562,0.20208483934402466,0.33713701367378235,0.5609195232391357,1.8676667213439941,-0.0,-0.0,-0.0,-0.0,off
10.0,0.02385672926902771,-0.11540871113538742,0.5454448461532593,0.19766384363174438,0.32318970561027527,0.5580308437347412,1.7352464199066162,-0.0,-0.0,-0.0,-0.0,off
10.02,0.045372456312179565,-0.10910945385694504,0.7473126649856567,0.20824414491653442,0.3116951286792755,0.7565974593162537,1.636462926864624,-0.0,-0.0,-0.0,-0.0,off
10.040000000000001,0.07770630717277527,-0.07110076397657394,1.123921513557434,0.2327929139137268,0.303804874420166,1.1288459300994873,1.5854096412658691,-0.0,-0.0,-0.0,-0.0,off
10.06,0.1075563132762909,-0.02564745396375656,1.455788016319275,0.2651904225349426,0.2999434173107147,1.459981083869934,1.5727843046188354,-0.0,-0.0,-0.0,-0.0,off
10.08,0.13360437750816345,0.03808731585741043,1.8680347204208374,0.32119256258010864,0.3020683228969574,1.873193621635437,1.6026817560195923,-0.0,-0.0,-0.0,-0.0,off
10.1,0.16020485758781433,0.0898856595158577,2.2020978927612305,0.368563711643219,0.30871787667274475,2.2097465991973877,1.6631349325180054,-0.0,-0.0,-0.0,-0.0,off
10.120000000000001,0.19045409560203552,0.14900964498519897,2.548222064971924,0.41341644525527954,0.3191877007484436,2.5596704483032227,1.7524019479751587,-0.0,-0.0,-0.0,-0.0,off
10.14,0.2095387876033783,0.25185245275497437,2.901015281677246,0.5035210251808167,0.3376210331916809,2.9194564819335938,1.8683525323867798,-0.0,-0.0,-0.0,-0.0,off
10.16,0.23428592085838318,0.3464183211326599,3.3272085189819336,0.586909830570221,0.36254993081092834,3.3533880710601807,2.0158913135528564,-0.0,-0.0,-0.0,-0.0,off
10.18,0.25725945830345154,0.4046165347099304,3.6170287132263184,0.6392861008644104,0.39022353291511536,3.648670196533203,2.178278684616089,-0.0,-0.0,-0.0,-0.0,off
10.200000000000001,0.2683965861797333,0.45303601026535034,4.022069931030273,0.6893687844276428,0.42013806104660034,4.056393146514893,2.365368127822876,-0.0,-0.0,-0.0,-0.0,off
10.22,0.26785585284233093,0.5774545073509216,4.255462646484375,0.8184097409248352,0.45996522903442383,4.30280876159668,2.558044672012329,-0.0,-0.0,-0.0,-0.0,off
10.24,0.29168984293937683,0.7587971091270447,4.861549377441406,0.9796989560127258,0.5119385719299316,4.929048538208008,2.793701648712158,-0.0,-0.0,-0.0,-0.0,off
10.26,0.3050665557384491,0.8648917078971863,5.231362342834473,1.0957884788513184,0.5703235864639282,5.3111443519592285,3.0440902709960938,-0.0,-0.0,-0.0,-0.0,off
10.28,0.3179931342601776,0.9700502753257751,5.768129348754883,1.216486930847168,0.6349399089813232,5.857767105102539,3.3243305683135986,-0.0,-0.0,-0.0,-0.0,off
10.3,0.32120034098625183,1.0126349925994873,6.107369899749756,1.2961976528167725,0.7010656595230103,6.19907808303833,3.6110339164733887,-0.0,-0.0,-0.0,-0.0,off
10.32,0.3081054389476776,1.0564923286437988,6.708172798156738,1.4174206256866455,0.7727011442184448,6.797844409942627,3.929250717163086,-0.0,-0.0,-0.0,-0.0,off
10.34,0.17194899916648865,1.008450984954834,7.2031683921813965,1.5208346843719482,0.8475144505500793,7.275450229644775,4.263378620147705,-0.0,-0.0,-0.0,-0.0,off
10.36,-0.15851667523384094,0.9590515494346619,7.717404365539551,1.6511421203613281,0.9278771877288818,7.778382778167725,4.613001823425293,-0.0,-0.0,-0.0,-0.0,off
10.38,-0.20056667923927307,1.2122316360473633,7.850512981414795,1.6757421493530273,1.0026636123657227,7.946086406707764,4.9445576667785645,-0.0,-0.0,-0.0,-0.0,off
10.4,-0.10774663090705872,1.3203721046447754,8.004439353942871,1.6522846221923828,1.067625641822815,8.113325119018555,5.26039981842041,-0.0,-0.0,-0.0,-0.0,off
10.42,0.06530830264091492,1.342822790145874,7.930604934692383,1.588346242904663,1.1196976900100708,8.04375171661377,5.538313865661621,-0.0,-0.0,-0.0,-0.0,off
10.44,0.3181776702404022,1.2288193702697754,7.695789813995361,1.4587690830230713,1.1536047458648682,7.799770355224609,5.764250755310059,-0.0,-0.0,-0.0,-0.0,off
10.46,0.38974806666374207,1.109701156616211,7.205611705780029,1.3538529872894287,1.1736295223236084,7.300971031188965,5.917637825012207,-0.0,-0.0,-0.0,-0.0,off
10.48,0.3891678750514984,0.9943003058433533,6.747093200683594,1.2501730918884277,1.1812838315963745,6.831057548522949,6.008732795715332,-0.0,-0.0,-0.0,-0.0,off
10.5,0.38665708899497986,0.937018096446991,6.282920837402344,1.2126729488372803,1.1844227313995361,6.364165306091309,6.044032096862793,0.0,-0.0,-0.0,0.0,off
10.52,0.3885083496570587,0.8959893584251404,5.719067573547363,1.1916396617889404,1.1851444244384766,5.801850318908691,6.019515514373779,0.0,-0.0,-0.0,0.0,off
10.540000000000001,0.3974120318889618,0.8511101603507996,5.436960697174072,1.2016994953155518,1.1868000030517578,5.517505168914795,5.969001293182373,-0.0,-0.0,-0.0,-0.0,off
10.56,0.40559253096580505,0.738231360912323,5.122992515563965,1.1481964588165283,1.1829396486282349,5.191776752471924,5.890948295593262,-0.0,0.0,-0.0,-0.0,off
10.58,0.41437336802482605,0.6740917563438416,4.97280740737915,1.1483142375946045,1.1794770956039429,5.035366535186768,5.805023193359375,-0.0,0.0,-0.0,-0.0,off
10.6,0.417214959859848,0.6605295538902283,4.98492956161499,1.1376667022705078,1.1752960681915283,5.045779228210449,5.728769779205322,-0.0,-0.0,-0.0,-0.0,off
10.620000000000001,0.39911577105522156,0.6297654509544373,4.6322126388549805,1.0689198970794678,1.1646584272384644,4.691832542419434,5.6248016357421875,-0.0,-0.0,-0.0,-0.0,off
10.64,0.3477543294429779,0.5330197215080261,4.199702262878418,0.9421456456184387,1.1424070596694946,4.247651100158691,5.486868858337402,-0.0,-0.0,-0.0,-0.0,off
10.66,0.30718955397605896,0.5103408694267273,4.132281303405762,0.9083240628242493,1.118998646736145,4.174992561340332,5.355546951293945,-0.0,-0.0,-0.0,-0.0,off
10.68,0.25486764311790466,0.47424787282943726,3.9412779808044434,0.876658022403717,1.0947645902633667,3.97788143157959,5.2176899909973145,-0.0,-0.0,-0.0,-0.0,off
10.700000000000001,0.2530660331249237,0.5222792029380798,4.2768425941467285,0.8635583519935608,1.0716439485549927,4.3160400390625,5.127462387084961,-0.0,-0.0,-0.0,-0.0,off
10.72,0.27457329630851746,0.564182460308075,4.5264997482299805,0.8632054924964905,1.050800085067749,4.569780349731445,5.071653842926025,-0.0,-0.0,-0.0,-0.0,off
10.74,0.3152110278606415,0.6629871726036072,4.910614013671875,0.9377687573432922,1.039496898651123,4.965182781219482,5.06099796295166,0.0,0.0,-0.0,0.0,off
10.76,0.34889599680900574,0.7923721671104431,5.610598087310791,1.0892829895019531,1.0444754362106323,5.677005767822266,5.122592926025391,-0.0,-0.0,-0.0,-0.0,off
10.78,0.3472083508968353,0.8429049849510193,5.714984893798828,1.184908390045166,1.0585187673568726,5.787235736846924,5.189032554626465,-0.0,-0.0,-0.0,-0.0,off
10.8,0.32315608859062195,0.7776493430137634,5.5870680809021,1.1592202186584473,1.0685888528823853,5.650177001953125,5.2351460456848145,-0.0,-0.0,-0.0,-0.0,off
10.82,0.302488774061203,0.6838335394859314,5.4121198654174805,1.0981152057647705,1.071541428565979,5.463531017303467,5.2579450607299805,-0.0,-0.0,-0.0,-0.0,off
10.84,0.2849719226360321,0.5476154685020447,5.281041145324707,0.9658470749855042,1.060971975326538,5.316999912261963,5.263581275939941,-0.0,-0.0,-0.0,-0.0,off
10.86,0.2905528247356415,0.41186612844467163,4.9470744132995605,0.7529554963111877,1.0301703214645386,4.97268533706665,5.233926773071289,-0.0,-0.0,-0.0,-0.0,off
10.88,0.3015948235988617,0.35820263624191284,5.050764560699463,0.6279593110084534,0.9899492263793945,5.07242488861084,5.21701717376709,-0.0,-0.0,-0.0,-0.0,off
10.9,0.2983112037181854,0.34952348470687866,4.952556610107422,0.5879409909248352,0.9497483372688293,4.9738287925720215,5.192081451416016,-0.0,-0.0,-0.0,-0.0,off
10.92,0.30926188826560974,0.3959006667137146,5.14504337310791,0.6304035782814026,0.9178138375282288,5.169511795043945,5.1894330978393555,-0.0,-0.0,-0.0,-0.0,off
10.94,0.28799936175346375,0.3990411162376404,5.045517921447754,0.6664424538612366,0.8926767110824585,5.069460391998291,5.177158832550049,-0.0,-0.0,-0.0,-0.0,off
10.96,0.2587307393550873,0.44870179891586304,4.993006229400635,0.7675219178199768,0.8801612257957458,5.01979923248291,5.161314964294434,-0.0,-0.0,-0.0,-0.0,off
10.98,0.2313973605632782,0.4010609984397888,4.556220054626465,0.784243643283844,0.8705694675445557,4.579687595367432,5.103054046630859,-0.0,-0.0,-0.0,-0.0,off
11.0,0.22983595728874207,0.3245195746421814,4.391843318939209,0.7690921425819397,0.8604216575622559,4.4098100662231445,5.033509254455566,-0.0,-0.0,-0.0,-0.0,off
11.02,0.22064241766929626,0.21107715368270874,3.958772659301758,0.714393675327301,0.8458188772201538,3.9705312252044678,4.926750183105469,-0.0,-0.0,-0.0,-0.0,off
11.040000000000001,0.23632308840751648,0.13319772481918335,3.7000460624694824,0.6603682637214661,0.8272737860679626,3.709977149963379,4.8043742179870605,-0.0,-0.0,-0.0,-0.0,off
11.06,0.26228341460227966,0.05437440425157547,3.442841053009033,0.5606189370155334,0.8006082773208618,3.453245162963867,4.668214321136475,-0.0,-0.0,-0.0,-0.0,off
11.08,0.2719065845012665,0.0479702427983284,3.3082351684570312,0.4951663613319397,0.7700640559196472,3.319736957550049,4.532435894012451,-0.0,-0.0,-0.0,-0.0,off
11.1,0.29406580328941345,0.1066865399479866,3.365694522857666,0.4665759205818176,0.7397152185440063,3.3802006244659424,4.416684627532959,-0.0,-0.0,-0.0,-0.0,off
11.120000000000001,0.3081218898296356,0.1962832808494568,3.7581892013549805,0.4837341904640198,0.7141171097755432,3.7759041786193848,4.352413654327393,-0.0,-0.0,-0.0,-0.0,off
11.14,0.2885194718837738,0.26167935132980347,4.12251615524292,0.5307894349098206,0.695784330368042,4.140876770019531,4.331218719482422,-0.0,-0.0,-0.0,-0.0,off
11.16,0.24607452750205994,0.31517595052719116,4.491925239562988,0.6118958592414856,0.687395453453064,4.509687423706055,4.349039077758789,-0.0,-0.0,-0.0,-0.0,off
11.18,0.2108134925365448,0.3582906126976013,4.666988372802734,0.6874664425849915,0.6874025464057922,4.685466289520264,4.3826093673706055,-0.0,-0.0,-0.0,-0.0,off
11.200000000000001,0.17118486762046814,0.3532971739768982,4.681073188781738,0.6877260804176331,0.6874349117279053,4.697506904602051,4.413967132568359,-0.0,-0.0,-0.0,-0.0,off
11.22,0.14070984721183777,0.3527058959007263,4.676882743835449,0.6850255131721497,0.6871939301490784,4.6922736167907715,4.441622734069824,-0.0,-0.0,-0.0,-0.0,off
11.24,0.13024398684501648,0.3533251881599426,4.767624855041504,0.6648185849189758,0.684956431388855,4.782473087310791,4.4755330085754395,-0.0,-0.0,-0.0,-0.0,off
11.26,0.15127190947532654,0.33838337659835815,4.79111909866333,0.6218696236610413,0.6786477565765381,4.8054351806640625,4.508421421051025,-0.0,-0.0,-0.0,-0.0,off
11.28,0.1805764138698578,0.3538646101951599,4.846676826477051,0.6142767071723938,0.6722106337547302,4.862931728363037,4.543832778930664,-0.0,-0.0,-0.0,-0.0,off
11.3,0.1990189254283905,0.3683285117149353,4.806222438812256,0.6090567708015442,0.6658952236175537,4.8244218826293945,4.571877956390381,-0.0,-0.0,-0.0,-0.0,off
11.32,0.22836491465568542,0.3882598280906677,4.808320045471191,0.6025097966194153,0.6595566868782043,4.829372406005859,4.597619533538818,-0.0,-0.0,-0.0,-0.0,off
11.34,0.2582591474056244,0.3817726969718933,4.80665922164917,0.5743847489356995,0.6510394811630249,4.828708171844482,4.620718955993652,-0.0,-0.0,-0.0,-0.0,off
11.36,0.2703661620616913,0.37178224325180054,4.827705383300781,0.5598390698432922,0.6419194340705872,4.849542140960693,4.643589496612549,-0.0,-0.0,-0.0,-0.0,off
11.38,0.2522784173488617,0.35533469915390015,4.749538421630859,0.550014078617096,0.6327289342880249,4.76948881149292,4.656176567077637,-0.0,-0.0,-0.0,-0.0,off
11.4,0.21831247210502625,0.3610462546348572,4.761178493499756,0.5715468525886536,0.6266107559204102,4.779836177825928,4.668538570404053,-0.0,-0.0,-0.0,-0.0,off
11.42,0.19937536120414734,0.3575825095176697,4.788104057312012,0.5847705006599426,0.6224266886711121,4.805575370788574,4.682228088378906,-0.0,-0.0,-0.0,-0.0,off
11.44,0.1987524926662445,0.35408157110214233,4.836979389190674,0.5874119400978088,0.6189252138137817,4.853992938995361,4.699390411376953,-0.0,-0.0,-0.0,-0.0,off
11.46,0.20916637778282166,0.3466789126396179,4.869807720184326,0.5942948460578918,0.6164621710777283,4.886610507965088,4.718103408813477,-0.0,0.0,-0.0,-0.0,off
11.48,0.2079993188381195,0.33539432287216187,4.847035884857178,0.6038339734077454,0.6151993274688721,4.863076210021973,4.732588291168213,-0.0,-0.0,-0.0,-0.0,off
11.5,0.2007136046886444,0.3566741347312927,5.005928993225098,0.6338220238685608,0.6170616149902344,5.0226311683654785,4.761579990386963,-0.0,0.0,-0.0,-0.0,off
11.52,0.1838361918926239,0.34193819761276245,4.973135948181152,0.6387351155281067,0.6192289590835571,4.9882659912109375,4.7842230796813965,-0.0,0.0,-0.0,-0.0,off
11.540000000000001,0.18168672919273376,0.31596511602401733,4.991475582122803,0.6194773316383362,0.6192537546157837,5.004765033721924,4.806236267089844,-0.0,0.0,-0.0,-0.0,off
11.56,0.16877040266990662,0.3061811327934265,4.9745073318481445,0.6100221276283264,0.6183305382728577,4.9867777824401855,4.824240207672119,-0.0,-0.0,-0.0,-0.0,off
11.58,0.15983495116233826,0.3054036498069763,5.030947685241699,0.6155017018318176,0.6180475950241089,5.042742729187012,4.846035003662109,-0.0,-0.0,-0.0,-0.0,off
11.6,0.14843079447746277,0.31067413091659546,5.03501033782959,0.6355467438697815,0.6197974681854248,5.046769142150879,4.866056442260742,-0.0,-0.0,-0.0,-0.0,off
11.620000000000001,0.13881441950798035,0.3157145380973816,5.090488433837891,0.6566527485847473,0.6234829425811768,5.102158069610596,4.889613151550293,-0.0,-0.0,-0.0,-0.0,off
11.64,0.13760539889335632,0.317088782787323,5.071314811706543,0.6769614815711975,0.6288307905197144,5.083081245422363,4.9089179039001465,-0.0,-0.0,-0.0,-0.0,off
11.66,0.13843807578086853,0.31870073080062866,5.09534215927124,0.6910458207130432,0.6350523233413696,5.107175827026367,4.928709983825684,0.0,-0.0,-0.0,0.0,off
11.68,0.13659784197807312,0.37101835012435913,5.0948262214660645,0.7535145878791809,0.6468985676765442,5.110143661499023,4.9468231201171875,-0.0,0.0,-0.0,-0.0,off
11.700000000000001,0.1371605098247528,0.3738805651664734,5.0275750160217285,0.7625864148139954,0.6584673523902893,5.043323516845703,4.956447124481201,-0.0,-0.0,-0.0,-0.0,off
11.72,0.14544889330863953,0.3517555594444275,4.921700477600098,0.7446709275245667,0.6670876741409302,4.936397552490234,4.954433441162109,-0.0,-0.0,-0.0,-0.0,off
11.74,0.15995940566062927,0.37161916494369507,4.870028972625732,0.7552126049995422,0.6759001016616821,4.886806011199951,4.947658061981201,0.0,-0.0,-0.0,0.0,off
11.76,0.15991076827049255,0.3876280188560486,4.855240821838379,0.7770844101905823,0.6860185265541077,4.873314380645752,4.9402008056640625,-0.0,0.0,-0.0,-0.0,off
11.78,0.15847620368003845,0.4064590334892273,4.789886951446533,0.8011711239814758,0.6975337862968445,4.809713363647461,4.927108287811279,0.0,-0.0,-0.0,0.0,off
11.8,0.15534064173698425,0.3632792830467224,4.68829345703125,0.767217218875885,0.7045021057128906,4.704912185668945,4.904881954193115,-0.0,-0.0,-0.0,-0.0,off
11.82,0.15627869963645935,0.3451322913169861,4.617238521575928,0.7606526017189026,0.7101171016693115,4.632756233215332,4.877668380737305,-0.0,-0.0,-0.0,-0.0,off
11.84,0.16728433966636658,0.3420659899711609,4.5699782371521,0.7632074952125549,0.7154261469841003,4.585814476013184,4.848480224609375,-0.0,0.0,-0.0,-0.0,off
11.86,0.16911479830741882,0.3393029570579529,4.5276594161987305,0.7661402821540833,0.7204975485801697,4.543503761291504,4.81797981262207,-0.0,-0.0,-0.0,-0.0,off
11.88,0.166866272687912,0.3311254382133484,4.437049865722656,0.7588830590248108,0.7243360280990601,4.452516555786133,4.781431198120117,-0.0,-0.0,-0.0,-0.0,off
11.9,0.17340180277824402,0.35129135847091675,4.494273662567139,0.7748821377754211,0.7293906211853027,4.511315822601318,4.7544121742248535,-0.0,-0.0,-0.0,-0.0,off
11.92,0.17566844820976257,0.3228420615196228,4.433579444885254,0.7447138428688049,0.7309229373931885,4.448787689208984,4.723845481872559,-0.0,-0.0,-0.0,-0.0,off
11.94,0.17529913783073425,0.31469911336898804,4.383338928222656,0.7365992665290833,0.7314906120300293,4.398116111755371,4.691267490386963,-0.0,-0.0,-0.0,-0.0,off
11.96,0.17044565081596375,0.3165711760520935,4.355687618255615,0.7465522885322571,0.7329967617988586,4.370501518249512,4.659189224243164,-0.0,-0.0,-0.0,-0.0,off
11.98,0.16390904784202576,0.27566784620285034,4.2443389892578125,0.7154756188392639,0.7312446236610413,4.256439208984375,4.618898868560791,-0.0,-0.0,-0.0,-0.0,off
12.0,0.16857990622520447,0.269145667552948,4.240018367767334,0.7072442173957825,0.7288445830345154,4.251895427703857,4.582180500030518,-0.0,-0.0,-0.0,-0.0,off
12.02,0.1675785481929779,0.22997230291366577,4.202004432678223,0.6646705269813538,0.7224271297454834,4.211627960205078,4.545068740844727,-0.0,-0.0,-0.0,-0.0,off
12.040000000000001,0.1767342984676361,0.2606894373893738,4.234158039093018,0.6853390336036682,0.7187182903289795,4.245855331420898,4.5151286125183105,-0.0,-0.0,-0.0,-0.0,off
12.06,0.17650505900382996,0.2683691382408142,4.251942157745361,0.6891937851905823,0.7157658338546753,4.264057636260986,4.490010738372803,0.0,-0.0,-0.0,0.0,off
12.08,0.17787978053092957,0.2603272795677185,4.222189426422119,0.678070604801178,0.71199631690979,4.233945369720459,4.464390754699707,-0.0,-0.0,-0.0,-0.0,off
12.1,0.18478938937187195,0.2540075182914734,4.289698600769043,0.663826048374176,0.7071792483329773,4.301183700561523,4.448050498962402,-0.0,-0.0,-0.0,-0.0,off
12.120000000000001,0.18556079268455505,0.25989288091659546,4.338718414306641,0.6614063382148743,0.702601969242096,4.350454330444336,4.438277244567871,-0.0,-0.0,-0.0,-0.0,off
12.14,0.1895669400691986,0.2865723967552185,4.42337703704834,0.6727977395057678,0.6996214985847473,4.436701774597168,4.438116073608398,-0.0,-0.0,-0.0,-0.0,off
12.16,0.19900664687156677,0.2703709006309509,4.441009521484375,0.6476402878761292,0.6944233775138855,4.453680515289307,4.439661026000977,-0.0,0.0,-0.0,-0.0,off
12.18,0.2083023488521576,0.2767311930656433,4.549680709838867,0.631841242313385,0.6881651878356934,4.5628461837768555,4.451968193054199,-0.0,-0.0,-0.0,-0.0,off
12.200000000000001,0.21171948313713074,0.2794443964958191,4.5824995040893555,0.6227932572364807,0.6816279888153076,4.595890998840332,4.466350078582764,-0.0,-0.0,-0.0,-0.0,off
12.22,0.2151077687740326,0.3056578040122986,4.699477195739746,0.6359086632728577,0.677056074142456,4.7143168449401855,4.491142272949219,-0.0,-0.0,-0.0,-0.0,off
12.24,0.2124238908290863,0.2889484763145447,4.691469669342041,0.6297295689582825,0.6723234057426453,4.7051568031311035,4.512538909912109,-0.0,-0.0,-0.0,-0.0,off
12.26,0.2051524817943573,0.2750551104545593,4.66758918762207,0.6279674172401428,0.667887806892395,4.680184841156006,4.529295921325684,-0.0,-0.0,-0.0,-0.0,off
12.280000000000001,0.19726774096488953,0.2859737277030945,4.690516471862793,0.6506419777870178,0.6661632061004639,4.703364849090576,4.546700954437256,-0.0,-0.0,-0.0,-0.0,off
12.3,0.18591341376304626,0.2835535407066345,4.63839054107666,0.6595037579536438,0.6654972434043884,4.6507673263549805,4.55710506439209,-0.0,-0.0,-0.0,-0.0,off
12.32,0.17109712958335876,0.27432817220687866,4.55355167388916,0.6604993939399719,0.6649974584579468,4.5650153160095215,4.557889938354492,-0.0,-0.0,-0.0,-0.0,off
12.34,0.16254112124443054,0.25775402784347534,4.47149658203125,0.6573694348335266,0.6642346382141113,4.481867790222168,4.550276279449463,-0.0,-0.0,-0.0,-0.0,off
12.36,0.15549632906913757,0.24063915014266968,4.394012928009033,0.641794741153717,0.6619906425476074,4.403343677520752,4.535564422607422,-0.0,-0.0,-0.0,-0.0,off
12.38,0.14873787760734558,0.217951238155365,4.301913261413574,0.6308823227882385,0.658879816532135,4.309998035430908,4.512977123260498,-0.0,-0.0,-0.0,-0.0,off
12.4,0.14698585867881775,0.22503894567489624,4.263453960418701,0.6466303467750549,0.657654881477356,4.271918296813965,4.488853454589844,-0.0,-0.0,-0.0,-0.0,off
12.42,0.1377238929271698,0.2546021342277527,4.185060977935791,0.684861958026886,0.6603755950927734,4.195059776306152,4.459465980529785,-0.0,-0.0,-0.0,-0.0,off
12.44,0.13114675879478455,0.22641533613204956,4.158308506011963,0.6647241711616516,0.6608104109764099,4.166532516479492,4.430156707763672,0.0,-0.0,-0.0,0.0,off
12.46,0.13539502024650574,0.2079748511314392,4.0744757652282715,0.6362105011940002,0.65835040807724,4.08202600479126,4.395325660705566,0.0,-0.0,-0.0,0.0,off
12.48,0.14136359095573425,0.21037811040878296,4.07572603225708,0.6219630837440491,0.6547116637229919,4.08359956741333,4.364142417907715,-0.0,-0.0,-0.0,-0.0,off
12.5,0.14447984099388123,0.23278945684432983,4.140933990478516,0.6336503624916077,0.6526055335998535,4.149988174438477,4.342724800109863,-0.0,-0.0,-0.0,-0.0,off
12.52,0.1491820514202118,0.23447352647781372,4.177834987640381,0.6321983933448792,0.6505647897720337,4.187067985534668,4.327158451080322,-0.0,-0.0,-0.0,-0.0,off
12.540000000000001,0.16117486357688904,0.2205539345741272,4.179278373718262,0.6105983853340149,0.6465681195259094,4.188196182250977,4.313256740570068,-0.0,-0.0,-0.0,-0.0,off
12.56,0.17088398337364197,0.2249334454536438,4.266994953155518,0.6048672795295715,0.6423979997634888,4.2763352394104,4.309559345245361,-0.0,0.0,-0.0,-0.0,off
12.58,0.1729566752910614,0.2245892882347107,4.268283843994141,0.5987475514411926,0.6380329728126526,4.277686595916748,4.306366920471191,-0.0,-0.0,-0.0,-0.0,off
12.6,0.18130680918693542,0.2321675419807434,4.379337310791016,0.60019451379776,0.6342490911483765,4.389233589172363,4.3146491050720215,-0.0,-0.0,-0.0,-0.0,off
12.620000000000001,0.17924734950065613,0.21066421270370483,4.251192092895508,0.5811267495155334,0.6289368271827698,4.260180950164795,4.30919075012207,-0.0,-0.0,-0.0,-0.0,off
12.64,0.1930234134197235,0.20052975416183472,4.304100036621094,0.5636044144630432,0.6224035620689392,4.3130903244018555,4.309557914733887,-0.0,-0.0,-0.0,-0.0,off
12.66,0.19510337710380554,0.18743759393692017,4.188638687133789,0.5465307831764221,0.6148163080215454,4.197367191314697,4.298310279846191,-0.0,-0.0,-0.0,-0.0,off
12.68,0.19426235556602478,0.17712408304214478,4.163552761077881,0.5376129746437073,0.6070959568023682,4.171844005584717,4.285632133483887,-0.0,-0.0,-0.0,-0.0,off
12.700000000000001,0.18555673956871033,0.16647237539291382,4.113439559936523,0.5377872586250305,0.600165069103241,4.120986461639404,4.269136905670166,-0.0,-0.0,-0.0,-0.0,off
12.72,0.18078216910362244,0.14145058393478394,3.9086713790893555,0.5121353268623352,0.5913621187210083,3.915405750274658,4.233718395233154,-0.0,-0.0,-0.0,-0.0,off
12.74,0.19140490889549255,0.15341180562973022,3.9307923316955566,0.5081780552864075,0.5830436944961548,3.938438653945923,4.204159736633301,-0.0,-0.0,-0.0,-0.0,off
12.76,0.18763110041618347,0.14631503820419312,3.829528331756592,0.4962168335914612,0.5743610262870789,3.8369128704071045,4.167407035827637,-0.0,-0.0,-0.0,-0.0,off
12.780000000000001,0.18186494708061218,0.1426258683204651,3.7539749145507812,0.4907291531562805,0.565997838973999,3.761082887649536,4.1267523765563965,-0.0,-0.0,-0.0,-0.0,off
12.8,0.18256184458732605,0.14892929792404175,3.755161762237549,0.4871135354042053,0.5581094026565552,3.762545585632324,4.090317726135254,-0.0,-0.0,-0.0,-0.0,off
12.82,0.18228361010551453,0.14017122983932495,3.6292319297790527,0.4754675030708313,0.5498452186584473,3.636509418487549,4.044919967651367,-0.0,-0.0,-0.0,-0.0,off
12.84,0.17172178626060486,0.14034003019332886,3.637482166290283,0.486436665058136,0.5435043573379517,3.6442365646362305,4.004842281341553,-0.0,0.0,-0.0,-0.0,off
12.86,0.15656980872154236,0.11096055060625076,3.501980781555176,0.48907047510147095,0.5380609631538391,3.507234811782837,3.9550530910491943,-0.0,-0.0,-0.0,-0.0,off
12.88,0.14832660555839539,0.07127661257982254,3.325352668762207,0.478767454624176,0.5321316123008728,3.3294219970703125,3.892413854598999,-0.0,-0.0,-0.0,-0.0,off
12.9,0.14274117350578308,0.014980025589466095,3.0478949546813965,0.4491291642189026,0.5238313674926758,3.051272392272949,3.808107614517212,-0.0,-0.0,-0.0,-0.0,off
12.92,0.14656171202659607,-0.03155045956373215,2.899013042449951,0.426502525806427,0.5140984654426575,2.9028871059417725,3.717249870300293,-0.0,-0.0,-0.0,-0.0,off
12.94,0.125234454870224,-0.08409934490919113,2.666895866394043,0.4109647870063782,0.5037850737571716,2.671159029006958,3.612093925476074,-0.0,-0.0,-0.0,-0.0,off
12.96,0.10547217726707458,-0.13603144884109497,2.3702783584594727,0.37977534532546997,0.4913840889930725,2.3765201568603516,3.487691879272461,-0.0,-0.0,-0.0,-0.0,off
12.98,0.07767626643180847,-0.1715722680091858,2.013434410095215,0.34158068895339966,0.47640374302864075,2.022223711013794,3.3400111198425293,-0.0,-0.0,-0.0,-0.0,off
13.0,0.052158087491989136,-0.1929066777229309,1.6803878545761108,0.30881959199905396,0.4596453309059143,1.6922283172607422,3.173828363418579,-0.0,0.0,-0.0,-0.0,off
13.02,0.02517792582511902,-0.19894462823867798,1.3082271814346313,0.27434974908828735,0.44111576676368713,1.3235071897506714,2.987112283706665,-0.0,0.0,-0.0,-0.0,off
13.040000000000001,-0.0007248222827911377,-0.19440490007400513,1.0536330938339233,0.2501283288002014,0.42201700806617737,1.0714179277420044,2.793670415878296,-0.0,-0.0,-0.0,-0.0,off
13.06,-0.028563648462295532,-0.212618887424469,0.7040053606033325,0.22072631120681763,0.4018879532814026,0.7359662055969238,2.5846946239471436,-0.0,-0.0,-0.0,-0.0,off
13.08,-0.03987208008766174,-0.21831399202346802,0.5545593500137329,0.20498806238174438,0.38219794631004333,0.5973163843154907,2.381837844848633,-0.0,-0.0,-0.0,-0.0,off
13.1,-0.03163614869117737,-0.22523218393325806,0.4561415910720825,0.19862395524978638,0.3638405203819275,0.5097014307975769,2.189689874649048,-0.0,-0.0,-0.0,-0.0,off
13.120000000000001,-0.020359307527542114,-0.2178855538368225,0.5112787485122681,0.21622568368911743,0.34907904267311096,0.5561425685882568,2.0224945545196533,-0.0,-0.0,-0.0,-0.0,off
13.14,0.0038718879222869873,-0.17832285165786743,0.7601362466812134,0.2622273564338684,0.34039387106895447,0.7807824015617371,1.8969498872756958,-0.0,-0.0,-0.0,-0.0,off
13.16,0.05504283308982849,-0.11131196469068527,1.1165574789047241,0.30138641595840454,0.3364931046962738,1.123441457748413,1.8194456100463867,-0.0,-0.0,-0.0,-0.0,off
13.18,0.11238595843315125,-0.015477709472179413,1.6626206636428833,0.3534162640571594,0.3381853997707367,1.6664866209030151,1.8039226531982422,-0.0,-0.0,-0.0,-0.0,off
13.200000000000001,0.15624913573265076,0.08522839099168777,2.1158242225646973,0.4226606488227844,0.3466329276561737,2.1232969760894775,1.8350028991699219,-0.0,-0.0,-0.0,-0.0,off
13.22,0.19502660632133484,0.2263144850730896,2.5534543991088867,0.5464540123939514,0.36661502718925476,2.5708720684051514,1.9066929817199707,-0.0,-0.0,-0.0,-0.0,off
13.24,0.2101500928401947,0.3285807967185974,2.9083709716796875,0.6497736573219299,0.394930899143219,2.934407949447632,2.007166624069214,-0.0,-0.0,-0.0,-0.0,off
13.26,0.2255006730556488,0.37821143865585327,3.222041130065918,0.7004569172859192,0.42548346519470215,3.251990556716919,2.1296794414520264,-0.0,-0.0,-0.0,-0.0,off
13.280000000000001,0.23618635535240173,0.41487783193588257,3.5902061462402344,0.7364593148231506,0.4565810561180115,3.621807098388672,2.2774007320404053,-0.0,0.0,-0.0,-0.0,off
13.3,0.22924897074699402,0.4656657576560974,3.8196377754211426,0.7952712178230286,0.49045008420944214,3.8547415733337402,2.4338512420654297,-0.0,-0.0,-0.0,-0.0,off
13.32,0.23270472884178162,0.5168055891990662,4.207772254943848,0.8551786541938782,0.5269229412078857,4.245772838592529,2.614025831222534,-0.0,-0.0,-0.0,-0.0,off
13.34,0.22932907938957214,0.5024005770683289,4.366271495819092,0.8484399914741516,0.5590746402740479,4.401059627532959,2.79215145111084,-0.0,-0.0,-0.0,-0.0,off
13.36,0.2290339171886444,0.5031632781028748,4.6269121170043945,0.8351760506629944,0.5866847634315491,4.659822463989258,2.978586435317993,-0.0,-0.0,-0.0,-0.0,off
13.38,0.2528209388256073,0.536989152431488,4.975732803344727,0.837912380695343,0.6118075251579285,5.011007308959961,3.181588649749756,-0.0,0.0,-0.0,-0.0,off
13.4,0.262913316488266,0.62386554479599,5.314446449279785,0.9165516495704651,0.6422818899154663,5.357394218444824,3.39884614944458,-0.0,-0.0,-0.0,-0.0,off
13.42,0.27511271834373474,0.69002765417099,5.625720977783203,0.9964845776557922,0.6777021884918213,5.674553871154785,3.6260874271392822,-0.0,-0.0,-0.0,-0.0,off
13.44,0.3002459704875946,0.8042232394218445,6.144197940826416,1.1238176822662354,0.7223137021064758,6.203876972198486,3.883462905883789,-0.0,-0.0,-0.0,-0.0,off
13.46,0.29424723982810974,0.862989604473114,6.6078200340271,1.2555811405181885,0.7756404280662537,6.67042875289917,4.161845684051514,-0.0,-0.0,-0.0,-0.0,off
13.48,0.2398873269557953,0.8712500929832458,7.015133857727051,1.4123108386993408,0.839307427406311,7.073099136352539,4.452759265899658,0.0,-0.0,-0.0,0.0,off
13.5,0.052911847829818726,0.7664551138877869,7.473067760467529,1.5891468524932861,0.9142913222312927,7.512455940246582,4.758203029632568,-0.0,-0.0,-0.0,-0.0,off
13.52,-0.18562713265419006,0.677370011806488,7.79575252532959,1.6809124946594238,0.9909533858299255,7.827326774597168,5.063605785369873,-0.0,-0.0,-0.0,-0.0,off
13.540000000000001,-0.5741070508956909,0.48315566778182983,8.170123100280762,1.7310278415679932,1.0649608373641968,8.204507827758789,5.373485088348389,-0.0,-0.0,-0.0,-0.0,off
13.56,-0.9956990480422974,0.36293119192123413,8.550616264343262,1.7734897136688232,1.1358137130737305,8.616042137145996,5.6903791427612305,-0.0,-0.0,-0.0,-0.0,off
13.58,-1.3590757846832275,0.339782178401947,8.786131858825684,1.7659177780151367,1.1988240480422974,8.897114753723145,6.001713275909424,-0.0,-0.0,-0.0,-0.0,off
13.6,-1.0715763568878174,0.7391518950462341,8.677621841430664,1.7012097835540771,1.2490625381469727,8.7747220993042,6.275509357452393,-0.0,-0.0,-0.0,-0.0,off
13.620000000000001,-0.6724016666412354,1.1060469150543213,8.501349449157715,1.6064481735229492,1.2848010063171387,8.599326133728027,6.506467819213867,-0.0,-0.0,-0.0,-0.0,off
13.64,-0.19568899273872375,1.1608891487121582,8.138880729675293,1.458237886428833,1.3021447658538818,8.223584175109863,6.676965713500977,-0.0,-0.0,-0.0,-0.0,off
13.66,0.30650803446769714,1.0079221725463867,7.561397552490234,1.272282361984253,1.2991585731506348,7.634434223175049,6.769922733306885,-0.0,-0.0,-0.0,-0.0,off
13.68,0.3795444667339325,0.8167375922203064,6.7440996170043945,1.1027631759643555,1.2795190811157227,6.803968906402588,6.770773887634277,-0.0,-0.0,-0.0,-0.0,off
13.700000000000001,0.3301670253276825,0.6293496489524841,5.994814395904541,0.945047914981842,1.2460719347000122,6.036795139312744,6.695672035217285,-0.0,-0.0,-0.0,-0.0,off
13.72,0.2868327796459198,0.4568564295768738,5.327672958374023,0.8100715279579163,1.2024718523025513,5.354912757873535,6.56031608581543,-0.0,0.0,-0.0,-0.0,off
13.74,0.2484271228313446,0.3382520079612732,4.74342679977417,0.7330427765846252,1.1555289030075073,4.761956214904785,6.3794169425964355,-0.0,-0.0,-0.0,-0.0,off
13.76,0.20851001143455505,0.18167155981063843,4.051767349243164,0.6490040421485901,1.1048763990402222,4.06119441986084,6.146431922912598,-0.0,0.0,-0.0,-0.0,off
13.780000000000001,0.1945382058620453,0.13226503133773804,3.684877395629883,0.6459129452705383,1.058980107307434,3.6923787593841553,5.8999104499816895,-0.0,-0.0,-0.0,-0.0,off
13.8,0.18794748187065125,0.0790373757481575,3.4434547424316406,0.616589367389679,1.014741063117981,3.4494857788085938,5.653663158416748,-0.0,-0.0,-0.0,-0.0,off
13.82,0.20967254042625427,0.10259050875902176,3.5110044479370117,0.5738921761512756,0.970656156539917,3.5187554359436035,5.4391279220581055,-0.0,-0.0,-0.0,-0.0,off
13.84,0.20113250613212585,0.15100353956222534,3.530287742614746,0.5459895730018616,0.9281895160675049,3.5392355918884277,5.248476982116699,-0.0,-0.0,-0.0,-0.0,off
13.86,0.15273365378379822,0.16893285512924194,3.3762073516845703,0.5413745045661926,0.8895080089569092,3.3838796615600586,5.061690807342529,-0.0,-0.0,-0.0,-0.0,off
13.88,0.14834126830101013,0.1891881823539734,3.3830838203430176,0.5424326062202454,0.8548004627227783,3.391615152359009,4.8944597244262695,-0.0,-0.0,-0.0,-0.0,off
13.9,0.16758641600608826,0.23005074262619019,3.5142130851745605,0.5589659810066223,0.8252169489860535,3.5257201194763184,4.757397174835205,-0.0,-0.0,-0.0,-0.0,off
13.92,0.2131851613521576,0.3079347014427185,3.7684273719787598,0.5780900120735168,0.800504207611084,3.7869932651519775,4.660092830657959,0.0,-0.0,-0.0,0.0,off
13.94,0.2677581012248993,0.42601579427719116,4.2315673828125,0.6201074719429016,0.7824645042419434,4.261378288269043,4.619768142700195,-0.0,-0.0,-0.0,-0.0,off
13.96,0.2859027087688446,0.43193429708480835,4.508086681365967,0.6080194115638733,0.765019953250885,4.537747383117676,4.611207008361816,-0.0,0.0,-0.0,-0.0,off
13.98,0.28195950388908386,0.42786794900894165,4.64625358581543,0.6260421872138977,0.7511221170425415,4.674424648284912,4.617287635803223,-0.0,0.0,-0.0,-0.0,off
14.0,0.27260062098503113,0.4557998776435852,4.77970552444458,0.6858311295509338,0.7445930242538452,4.809121608734131,4.636295795440674,-0.0,0.0,-0.0,-0.0,off
14.02,0.24805495142936707,0.5249826312065125,4.887181282043457,0.8018167614936829,0.7503153681755066,4.9215521812438965,4.664634704589844,-0.0,0.0,-0.0,-0.0,off
14.040000000000001,0.21290776133537292,0.501753032207489,4.89860725402832,0.8322997689247131,0.7585137486457825,4.928837776184082,4.690980911254883,-0.0,-0.0,-0.0,-0.0,off
14.06,0.18049272894859314,0.37481755018234253,4.590312480926514,0.7075405716896057,0.7534164190292358,4.609125137329102,4.6827874183654785,-0.0,-0.0,-0.0,-0.0,off
14.08,0.17831918597221375,0.29588884115219116,4.6075592041015625,0.604295551776886,0.7385043501853943,4.620492458343506,4.676453590393066,-0.0,-0.0,-0.0,-0.0,off
14.1,0.1881074607372284,0.26815932989120483,4.6872453689575195,0.5549610257148743,0.7201499938964844,4.698676586151123,4.678519248962402,-0.0,-0.0,-0.0,-0.0,off
14.120000000000001,0.1762051284313202,0.24807733297348022,4.55399227142334,0.5371084809303284,0.7018458843231201,4.564146995544434,4.666930198669434,-0.0,-0.0,-0.0,-0.0,off
14.14,0.1556520164012909,0.22646015882492065,4.493325710296631,0.5302107930183411,0.6846823692321777,4.501720428466797,4.650241851806641,-0.0,-0.0,-0.0,-0.0,off
14.16,0.12236782908439636,0.155329167842865,4.033751487731934,0.5035873055458069,0.6665728092193604,4.038595199584961,4.588807582855225,-0.0,-0.0,-0.0,-0.0,off
14.18,0.1085643470287323,0.10901398211717606,3.744354724884033,0.4990258812904358,0.6498180627822876,3.747514247894287,4.504339694976807,-0.0,-0.0,-0.0,-0.0,off
14.200000000000001,0.08532914519309998,0.06841511279344559,3.4467015266418457,0.4928770661354065,0.6341239213943481,3.4484362602233887,4.398342609405518,-0.0,-0.0,-0.0,-0.0,off
14.22,0.054242342710494995,0.02927965670824051,3.235630989074707,0.4963849186897278,0.6203500032424927,3.236217975616455,4.281606197357178,0.0,-0.0,-0.0,0.0,off
14.24,0.022845596075057983,0.002472110092639923,3.0276055335998535,0.5078104138374329,0.6090960502624512,3.0276927947998047,4.155609130859375,-0.0,0.0,-0.0,-0.0,off
14.26,0.033382147550582886,0.012691445648670197,3.076460838317871,0.5025764107704163,0.5984440445899963,3.0766680240631104,4.04725980758667,-0.0,-0.0,-0.0,-0.0,off
14.280000000000001,0.04823216795921326,0.09230846911668777,3.3492298126220703,0.5381746888160706,0.5924170613288879,3.35084867477417,3.9774832725524902,-0.0,-0.0,-0.0,-0.0,off
14.3,0.07245156168937683,0.176236093044281,3.6540794372558594,0.5880683064460754,0.5919821858406067,3.6590442657470703,3.945624589920044,-0.0,-0.0,-0.0,-0.0,off
14.32,0.10334154963493347,0.2712482810020447,4.055997371673584,0.6522098183631897,0.598004937171936,4.066370487213135,3.957648754119873,-0.0,-0.0,-0.0,-0.0,off
14.34,0.13192448019981384,0.3747643828392029,4.431038856506348,0.7386675477027893,0.61207115650177,4.44881534576416,4.006557941436768,-0.0,-0.0,-0.0,-0.0,off
14.36,0.15647432208061218,0.4643635153770447,4.807788848876953,0.8166759610176086,0.6325316429138184,4.832695960998535,4.088815212249756,-0.0,-0.0,-0.0,-0.0,off
14.38,0.1726754605770111,0.5826186537742615,5.11368465423584,0.9413319230079651,0.6634116768836975,5.14966344833374,4.1942596435546875,0.0,-0.0,-0.0,0.0,off
14.4,0.17029735445976257,0.6821255087852478,5.177486419677734,1.0523324012756348,0.7023037672042847,5.225003719329834,4.296390533447266,0.0,-0.0,-0.0,0.0,off
14.42,0.18136820197105408,0.7728173136711121,5.261125087738037,1.1491076946258545,0.7469841837882996,5.320674419403076,4.397632598876953,-0.0,0.0,-0.0,-0.0,off
14.44,0.20256111025810242,0.8219470381736755,5.366790771484375,1.2031373977661133,0.7925994992256165,5.433145523071289,4.500047206878662,-0.0,-0.0,-0.0,-0.0,off
14.46,0.21037957072257996,0.8806228041648865,5.3431525230407715,1.262195348739624,0.8395590782165527,5.419320583343506,4.590730667114258,-0.0,-0.0,-0.0,-0.0,off
