t,Fx_hat,Fy_hat,Fz_hat,tau_yaw_hat,tau_yaw_ema,force_mag,force_mag_ema,wz_obs,vx_cmd,vy_cmd,wz_cmd,compliance_mode
0.0,8.43101978302002,-12.601616859436035,19.358362197875977,-0.5651161670684814,-0.3645983040332794,24.589204788208008,23.428701400756836,-0.0,-0.0,-0.0,-0.0,off
0.02,8.69131088256836,-12.632844924926758,19.508136749267578,-0.5729381442070007,-0.38543227314949036,24.813203811645508,23.566444396972656,-0.0,-0.0,-0.0,-0.0,off
0.04,8.841745376586914,-12.689516067504883,19.621688842773438,-0.5997113585472107,-0.4068601727485657,24.98421287536621,23.707500457763672,-0.0,-0.0,-0.0,-0.0,off
0.06,9.050823211669922,-12.685364723205566,19.756772994995117,-0.618232786655426,-0.4279974102973938,25.16278839111328,23.852067947387695,-0.0,-0.0,-0.0,-0.0,off
0.08,9.271317481994629,-12.729863166809082,19.843542098999023,-0.623181164264679,-0.4475157856941223,25.33323860168457,23.999055862426758,-0.0,-0.0,-0.0,-0.0,off
0.1,9.453543663024902,-12.651817321777344,19.906341552734375,-0.6330889463424683,-0.46607309579849243,25.410634994506836,24.138757705688477,-0.0,-0.0,-0.0,-0.0,off
0.12,9.706332206726074,-12.570566177368164,19.9802188873291,-0.6540780067443848,-0.48487359285354614,25.523345947265625,24.27522087097168,-0.0,-0.0,-0.0,-0.0,off
0.14,9.94467830657959,-12.500489234924316,20.04060935974121,-0.6860195994377136,-0.5049881935119629,25.62781524658203,24.408010482788086,-0.0,-0.0,-0.0,-0.0,off
0.16,10.14063835144043,-12.544776916503906,20.078655242919922,-0.7054871320724487,-0.5250380635261536,25.755706787109375,24.540271759033203,-0.0,-0.0,-0.0,-0.0,off
0.18,10.319150924682617,-12.50191593170166,20.146867752075195,-0.7179660797119141,-0.5443308353424072,25.858829498291016,24.669437408447266,-0.0,-0.0,-0.0,-0.0,off
0.2,10.636847496032715,-12.560063362121582,20.204687118530273,-0.7404524087905884,-0.5639429688453674,26.06006622314453,24.805349349975586,-0.0,-0.0,-0.0,-0.0,off
0.22,10.921586990356445,-12.498469352722168,20.2617130279541,-0.7665036916732788,-0.5841990113258362,26.192171096801758,24.940263748168945,-0.0,-0.0,-0.0,-0.0,off
0.24,11.250625610351562,-12.48938274383545,20.321529388427734,-0.7846502661705017,-0.6042441129684448,26.37282371520996,25.079092025756836,-0.0,-0.0,-0.0,-0.0,off
0.26,11.547659873962402,-12.384117126464844,20.37849235534668,-0.7982337474822998,-0.6236430406570435,26.495241165161133,25.215547561645508,-0.0,-0.0,-0.0,-0.0,off
0.28,11.844425201416016,-12.342537879943848,20.415281295776367,-0.8113855123519897,-0.6424172520637512,26.634796142578125,25.351791381835938,-0.0,-0.0,-0.0,-0.0,off
0.3,12.155086517333984,-12.169896125793457,20.466405868530273,-0.8511878252029419,-0.66329425573349,26.734365463256836,25.48341178894043,-0.0,-0.0,-0.0,-0.0,off
0.32,12.628414154052734,-11.996248245239258,20.495609283447266,-0.8903218507766724,-0.6859970092773438,26.897151947021484,25.61618995666504,-0.0,-0.0,-0.0,-0.0,off
0.34,12.910961151123047,-11.842113494873047,20.520109176635742,-0.9033651947975159,-0.7077338099479675,26.981538772583008,25.743560791015625,-0.0,-0.0,-0.0,-0.0,off
0.36,13.16688060760498,-11.67607307434082,20.51848030090332,-0.9031069874763489,-0.7272710800170898,27.031564712524414,25.862756729125977,-0.0,-0.0,-0.0,-0.0,off
0.38,13.549585342407227,-11.530838012695312,20.534053802490234,-0.9113029837608337,-0.7456742525100708,27.169815063476562,25.982715606689453,-0.0,-0.0,-0.0,-0.0,off
0.4,13.827844619750977,-11.303924560546875,20.554670333862305,-0.9300010800361633,-0.7641069293022156,27.230175018310547,26.096012115478516,-0.0,-0.0,-0.0,-0.0,off
0.42,14.04996109008789,-11.089550018310547,20.590816497802734,-0.9697380661964417,-0.7846699953079224,27.28298568725586,26.203073501586914,-0.0,-0.0,-0.0,-0.0,off
0.44,14.303767204284668,-10.872918128967285,20.599937438964844,-1.003948450088501,-0.8065978288650513,27.33451271057129,26.304126739501953,-0.0,-0.0,-0.0,-0.0,off
0.46,14.588672637939453,-10.69406795501709,20.6114444732666,-1.027462363243103,-0.8286842703819275,27.423057556152344,26.40350914001465,-0.0,-0.0,-0.0,-0.0,off
0.48,14.851211547851562,-10.370017051696777,20.622478485107422,-1.064646601676941,-0.8522804975509644,27.447811126708984,26.49435043334961,-0.0,0.0,-0.0,-0.0,off
0.5,15.091470718383789,-10.122560501098633,20.62480354309082,-1.0973608493804932,-0.8767884969711304,27.488201141357422,26.579740524291992,-0.0,0.0,-0.0,-0.0,off
0.52,15.34477710723877,-9.796998977661133,20.599458694458008,-1.1297557353973389,-0.9020852446556091,27.491472244262695,26.65589141845703,0.0,-0.0,-0.0,0.0,off
0.54,15.498290061950684,-9.55469036102295,20.590120315551758,-1.1403121948242188,-0.9259079098701477,27.485307693481445,26.724136352539062,-0.0,0.0,-0.0,-0.0,off
0.56,15.754592895507812,-9.230568885803223,20.527158737182617,-1.129346251487732,-0.9462517499923706,27.47316551208496,26.783260345458984,-0.0,-0.0,-0.0,-0.0,off
0.58,15.99659252166748,-8.888861656188965,20.463871002197266,-1.1304433345794678,-0.9646708965301514,27.453102111816406,26.833406448364258,-0.0,-0.0,-0.0,-0.0,off
0.6,16.127859115600586,-8.570256233215332,20.4195613861084,-1.1308194398880005,-0.9812856912612915,27.395540237426758,26.872766494750977,-0.0,-0.0,-0.0,-0.0,off
0.62,16.125741958618164,-8.135258674621582,20.35425567626953,-1.1263049840927124,-0.9957875609397888,27.21245574951172,26.889707565307617,-0.0,0.0,-0.0,-0.0,off
0.64,16.328096389770508,-7.777908802032471,20.24336814880371,-1.119789719581604,-1.0081877708435059,27.145837783813477,26.897296905517578,-0.0,-0.0,-0.0,-0.0,off
0.66,16.576091766357422,-7.40419864654541,20.118940353393555,-1.1255064010620117,-1.0199196338653564,27.099090576171875,26.898027420043945,-0.0,-0.0,-0.0,-0.0,off
0.68,16.58453941345215,-7.026890754699707,20.019916534423828,-1.1363939046859741,-1.0315669775009155,26.929931640625,26.88202476501465,-0.0,-0.0,-0.0,-0.0,off
0.7000000000000001,16.719188690185547,-6.562586784362793,19.900707244873047,-1.1411463022232056,-1.042524814605713,26.807405471801758,26.853837966918945,-0.0,-0.0,-0.0,-0.0,off
0.72,16.902996063232422,-6.16277551651001,19.760942459106445,-1.1222314834594727,-1.0504953861236572,26.72425651550293,26.818965911865234,-0.0,0.0,-0.0,-0.0,off
0.74,17.058629989624023,-5.699718952178955,19.547130584716797,-1.0898643732070923,-1.0544322729110718,26.56264305114746,26.76968002319336,-0.0,-0.0,-0.0,-0.0,off
0.76,17.20938491821289,-5.270144462585449,19.413803100585938,-1.049155592918396,-1.0539045333862305,26.47325325012207,26.71523094177246,-0.0,-0.0,-0.0,-0.0,off
0.78,17.40814971923828,-4.910640716552734,19.383636474609375,-1.0088847875595093,-1.0494024753570557,26.51194953918457,26.669662475585938,-0.0,-0.0,-0.0,-0.0,off
0.8,17.570812225341797,-4.499979496002197,19.276803970336914,-0.9480535387992859,-1.0392675399780273,26.468442916870117,26.623414993286133,-0.0,-0.0,-0.0,-0.0,off
0.8200000000000001,17.59493637084961,-3.9122939109802246,19.111454010009766,-0.8718360066413879,-1.022524356842041,26.270429611206055,26.5598087310791,-0.0,-0.0,-0.0,-0.0,off
0.84,17.758014678955078,-3.353579521179199,18.98597526550293,-0.8073973059654236,-1.001011610031128,26.21184539794922,26.494064331054688,-0.0,-0.0,-0.0,-0.0,off
0.86,17.798786163330078,-2.698194980621338,18.91962242126465,-0.758628249168396,-0.9767732620239258,26.11568832397461,26.422304153442383,-0.0,-0.0,-0.0,-0.0,off
0.88,17.794189453125,-2.0880942344665527,18.875913619995117,-0.7143946290016174,-0.9505353569984436,26.024860382080078,26.346614837646484,0.0,-0.0,-0.0,0.0,off
0.9,17.83622169494629,-1.3475080728530884,18.653461456298828,-0.6487773060798645,-0.9203595519065857,25.843727111816406,26.255701065063477,0.0,-0.0,-0.0,0.0,off
0.92,17.887187957763672,-0.6927601099014282,18.21013069152832,-0.5619109272956848,-0.8845146894454956,25.535079956054688,26.139158248901367,-0.0,0.0,-0.0,-0.0,off
0.9400000000000001,17.749591827392578,-0.02743971347808838,17.935256958007812,-0.5603981614112854,-0.8521029949188232,25.233354568481445,26.001543045043945,-0.0,-0.0,-0.0,-0.0,off
0.96,18.263912200927734,1.2824677228927612,18.425687789916992,-0.6461188197135925,-0.8315045833587646,25.97539520263672,25.935985565185547,-0.0,0.0,-0.0,-0.0,off
0.98,18.89799690246582,2.4676833152770996,18.59227180480957,-0.6533128619194031,-0.8136853575706482,26.625106811523438,25.927780151367188,-0.0,-0.0,-0.0,-0.0,off
1.0,19.210716247558594,3.252042770385742,18.518875122070312,-0.6341972947120667,-0.79573655128479,26.880775451660156,25.942678451538086,-0.0,-0.0,-0.0,-0.0,off
1.02,19.490215301513672,4.015000820159912,18.518014907836914,-0.6458951830863953,-0.7807523608207703,27.182817459106445,25.98461151123047,-0.0,-0.0,-0.0,-0.0,off
1.04,19.679916381835938,4.727986812591553,18.510469436645508,-0.6917309165000916,-0.7718502283096313,27.427913665771484,26.04712677001953,-0.0,-0.0,-0.0,-0.0,off
1.06,19.910717010498047,5.338244438171387,18.44877052307129,-0.7169967293739319,-0.7663648724555969,27.66388702392578,26.12935447692871,-0.0,0.0,-0.0,-0.0,off
1.08,20.34632110595703,6.045822620391846,18.396404266357422,-0.7154068350791931,-0.7612690925598145,28.08829689025879,26.24556541442871,-0.0,0.0,-0.0,-0.0,off
1.1,20.70832061767578,6.561479091644287,18.334503173828125,-0.6990121603012085,-0.7550433874130249,28.426071166992188,26.3883056640625,-0.0,-0.0,-0.0,-0.0,off
1.12,21.021467208862305,7.218425273895264,18.27134132385254,-0.6985446214675903,-0.7493934631347656,28.772377014160156,26.55276870727539,-0.0,-0.0,-0.0,-0.0,off
1.1400000000000001,21.228118896484375,7.5870280265808105,18.201887130737305,-0.7314490675926208,-0.7475990056991577,28.974206924438477,26.72823715209961,-0.0,-0.0,-0.0,-0.0,off
1.16,21.37325668334961,8.409119606018066,18.107492446899414,-0.7685161828994751,-0.7496907114982605,29.247406005859375,26.911312103271484,-0.0,-0.0,-0.0,-0.0,off
1.18,21.259033203125,9.035832405090332,17.82493782043457,-0.7836039662361145,-0.7530819773674011,29.17740821838379,27.06989860534668,-0.0,-0.0,-0.0,-0.0,off
1.2,20.971637725830078,9.501965522766113,17.618488311767578,-0.7814634442329407,-0.7559201121330261,28.99151611328125,27.19818115234375,-0.0,-0.0,-0.0,-0.0,off
1.22,20.69815444946289,9.864151954650879,17.219106674194336,-0.7345895171165466,-0.7537870407104492,28.674251556396484,27.285682678222656,-0.0,0.0,-0.0,-0.0,off
1.24,21.25376319885254,11.045794486999512,17.059507369995117,-0.6386416554450989,-0.7422724962234497,29.406782150268555,27.4277400970459,0.0,-0.0,-0.0,0.0,off
1.26,21.60158920288086,11.526679039001465,16.781896591186523,-0.5119933485984802,-0.7192445397377014,29.68375015258789,27.586694717407227,-0.0,-0.0,-0.0,-0.0,off
1.28,21.961349487304688,12.234427452087402,16.636293411254883,-0.41768574714660645,-0.6890886425971985,30.14545249938965,27.776208877563477,-0.0,-0.0,-0.0,-0.0,off
1.3,22.05262565612793,12.626694679260254,16.47075080871582,-0.36791133880615234,-0.6569709181785583,30.282625198364258,27.966196060180664,-0.0,-0.0,-0.0,-0.0,off
1.32,21.844247817993164,13.154144287109375,16.134071350097656,-0.3533230423927307,-0.6266061067581177,30.174673080444336,28.127422332763672,-0.0,-0.0,-0.0,-0.0,off
1.34,22.519071578979492,13.523452758789062,16.097318649291992,-0.30438363552093506,-0.5943838357925415,30.80772590637207,28.342327117919922,-0.0,-0.0,-0.0,-0.0,off
1.36,23.035926818847656,13.981271743774414,15.940929412841797,-0.235664963722229,-0.5585119128227234,31.308834075927734,28.58905601501465,-0.0,-0.0,-0.0,-0.0,off
1.3800000000000001,23.463808059692383,13.80943489074707,15.96270751953125,-0.1673438549041748,-0.5193950533866882,31.560400009155273,28.84855079650879,-0.0,-0.0,-0.0,-0.0,off
1.4000000000000001,23.726696014404297,13.916053771972656,15.93828010559082,-0.15435141324996948,-0.48289066553115845,31.79058837890625,29.111347198486328,-0.0,-0.0,-0.0,-0.0,off
1.42,23.94317054748535,13.559285163879395,16.034719467163086,-0.15947794914245605,-0.4505493640899658,31.847164154052734,29.36351776123047,-0.0,-0.0,-0.0,-0.0,off
1.44,24.03917694091797,13.690096855163574,15.79791259765625,-0.12843334674835205,-0.41833776235580444,31.857099533081055,29.593116760253906,-0.0,-0.0,-0.0,-0.0,off
1.46,24.128372192382812,13.587410926818848,15.670965194702148,-0.07287747412919998,-0.3837917149066925,31.81784439086914,29.799543380737305,-0.0,-0.0,-0.0,-0.0,off
1.48,24.163986206054688,13.65501880645752,15.565752029418945,0.005648486316204071,-0.3448476791381836,31.822168350219727,29.987882614135742,-0.0,-0.0,-0.0,-0.0,off
1.5,24.172943115234375,13.577763557434082,15.600605010986328,0.07914673537015915,-0.30244824290275574,31.81298065185547,30.15984344482422,-0.0,0.0,-0.0,-0.0,off
1.52,24.20338249206543,13.26941204071045,15.799901962280273,0.16853570938110352,-0.2553498446941376,31.80436897277832,30.31803321838379,0.0,0.0,-0.0,0.0,off
1.54,24.308645248413086,13.197455406188965,15.886449813842773,0.24061369895935059,-0.20575349032878876,31.897686004638672,30.471433639526367,-0.0,-0.0,-0.0,-0.0,off
1.56,24.337318420410156,13.095871925354004,16.003480911254883,0.3045499324798584,-0.1547231376171112,31.936161041259766,30.6148681640625,-0.0,-0.0,-0.0,-0.0,off
1.58,24.460132598876953,12.949562072753906,16.184513092041016,0.33887016773223877,-0.10536380112171173,32.06131362915039,30.757720947265625,-0.0,-0.0,-0.0,-0.0,off
1.6,24.526010513305664,12.922331809997559,16.378122329711914,0.37048810720443726,-0.05777860805392265,32.19867706298828,30.900775909423828,0.0,-0.0,-0.0,0.0,off
1.62,24.51177215576172,12.636332511901855,16.54532814025879,0.4043539762496948,-0.011565346270799637,32.15978240966797,31.026288986206055,-0.0,-0.0,-0.0,-0.0,off
1.6400000000000001,24.539352416992188,12.48120403289795,16.70801544189453,0.4625261425971985,0.035843804478645325,32.20431900024414,31.14391326904297,-0.0,0.0,-0.0,-0.0,off
1.6600000000000001,24.601350784301758,12.18676471710205,16.86617088317871,0.5390062928199768,0.08616004884243011,32.22128677368164,31.251352310180664,-0.0,0.0,-0.0,-0.0,off
1.68,24.625900268554688,11.881942749023438,17.060394287109375,0.6061670184135437,0.13816073536872864,32.22844314575195,31.348373413085938,-0.0,0.0,-0.0,-0.0,off
1.7,24.582313537597656,11.63960075378418,17.19852638244629,0.6578903794288635,0.1901336908340454,32.18011474609375,31.430482864379883,0.0,-0.0,-0.0,0.0,off
1.72,24.499061584472656,11.324612617492676,17.343828201293945,0.7040791511535645,0.2415282428264618,32.082069396972656,31.493932723999023,-0.0,-0.0,-0.0,-0.0,off
1.74,24.495342254638672,11.085419654846191,17.447681427001953,0.76341712474823,0.2937171161174774,32.05198669433594,31.547550201416016,-0.0,-0.0,-0.0,-0.0,off
1.76,24.48171615600586,11.031733512878418,17.544214248657227,0.8112842440605164,0.3454738259315491,32.075740814208984,31.598318099975586,-0.0,-0.0,-0.0,-0.0,off
1.78,24.40542221069336,10.801980018615723,17.642366409301758,0.8576200604438782,0.39668846130371094,31.993131637573242,31.635326385498047,-0.0,-0.0,-0.0,-0.0,off
1.8,24.38207244873047,10.700446128845215,17.701807022094727,0.9031534790992737,0.4473349452018738,31.974035263061523,31.66678810119629,-0.0,-0.0,-0.0,-0.0,off
1.82,24.304630279541016,10.490801811218262,17.79368782043457,0.9788471460342407,0.5004861354827881,31.896509170532227,31.687002182006836,-0.0,-0.0,-0.0,-0.0,off
1.84,24.3450927734375,10.373489379882812,17.956039428710938,1.0574029684066772,0.5561777949333191,31.97987174987793,31.713356018066406,-0.0,0.0,-0.0,-0.0,off
1.86,24.34092140197754,10.158108711242676,18.111055374145508,1.1381276845932007,0.614372730255127,31.99496841430664,31.738082885742188,-0.0,-0.0,-0.0,-0.0,off
1.8800000000000001,24.319881439208984,9.958827018737793,18.198558807373047,1.2057942152023315,0.6735148429870605,31.965957641601562,31.757171630859375,-0.0,-0.0,-0.0,-0.0,off
1.9000000000000001,24.22308921813965,9.661111831665039,18.301162719726562,1.2637104988098145,0.7325344085693359,31.859498977661133,31.763011932373047,-0.0,-0.0,-0.0,-0.0,off
1.92,24.207012176513672,9.445586204528809,18.419267654418945,1.3210910558700562,0.791390061378479,31.8507137298584,31.76703643798828,-0.0,-0.0,-0.0,-0.0,off
1.94,24.223541259765625,9.26253604888916,18.555070877075195,1.3553358316421509,0.8477845788002014,31.888322830200195,31.77419662475586,-0.0,0.0,-0.0,-0.0,off
1.96,24.176084518432617,9.028057098388672,18.725051879882812,1.3743082284927368,0.9004369378089905,31.884422302246094,31.779695510864258,0.0,-0.0,-0.0,0.0,off
1.98,24.2099666595459,8.676026344299316,18.905820846557617,1.4178828001022339,0.9521815180778503,31.91905403137207,31.786968231201172,0.0,-0.0,-0.0,0.0,off
2.0,24.17900276184082,8.383277893066406,19.085092544555664,1.4772082567214966,1.0046842098236084,31.92403793334961,31.793216705322266,-0.0,-0.0,-0.0,-0.0,off
2.02,24.165416717529297,8.300726890563965,19.214441299438477,1.5368739366531372,1.0579031705856323,31.969738006591797,31.80400276184082,-0.0,-0.0,-0.0,-0.0,off
2.04,24.12873077392578,8.290050506591797,19.32938575744629,1.5804591178894043,1.1101588010787964,32.00852584838867,31.81848907470703,-0.0,0.0,-0.0,-0.0,off
2.06,24.18731117248535,8.255629539489746,19.424768447875977,1.6270874738693237,1.1618516445159912,32.10144805908203,31.84156608581543,-0.0,-0.0,-0.0,-0.0,off
2.08,24.26189613342285,8.121355056762695,19.49730110168457,1.6860319375991821,1.2142696380615234,32.16738510131836,31.869197845458984,-0.0,-0.0,-0.0,-0.0,off
2.1,24.300573348999023,7.916594505310059,19.584819793701172,1.7336739301681519,1.2662100791931152,32.19868850708008,31.897050857543945,0.0,-0.0,-0.0,0.0,off
2.12,24.298376083374023,7.8420000076293945,19.65958595275879,1.7682536840438843,1.316414475440979,32.224327087402344,31.92515754699707,-0.0,-0.0,-0.0,-0.0,off
2.14,24.31149673461914,7.763759613037109,19.73880958557129,1.7939212322235107,1.3641650676727295,32.26368713378906,31.954776763916016,-0.0,-0.0,-0.0,-0.0,off
2.16,24.258996963500977,7.677370071411133,19.79583168029785,1.8222094774246216,1.409969449043274,32.23842239379883,31.979230880737305,-0.0,-0.0,-0.0,-0.0,off
2.18,24.303329467773438,7.6519317626953125,19.840391159057617,1.8660539388656616,1.4555778503417969,32.29310989379883,32.007286071777344,-0.0,-0.0,-0.0,-0.0,off
2.2,24.336978912353516,7.561641216278076,19.89565086364746,1.9084781408309937,1.5008678436279297,32.33115768432617,32.03657150268555,0.0,-0.0,-0.0,0.0,off
2.22,24.395572662353516,7.480125427246094,19.96586036682129,1.9607536792755127,1.5468562841415405,32.399566650390625,32.069976806640625,-0.0,-0.0,-0.0,-0.0,off
2.24,24.39373016357422,7.41682243347168,20.03972816467285,2.001801013946533,1.592350721359253,32.42921447753906,32.10322570800781,-0.0,-0.0,-0.0,-0.0,off
2.2600000000000002,24.391923904418945,7.2806196212768555,20.09761619567871,2.038180351257324,1.63693368434906,32.43281555175781,32.133487701416016,-0.0,-0.0,-0.0,-0.0,off
2.2800000000000002,24.361309051513672,7.204155921936035,20.132049560546875,2.074774742126465,1.6807177066802979,32.41408157348633,32.15904998779297,-0.0,-0.0,-0.0,-0.0,off
2.3000000000000003,24.35097312927246,7.160512924194336,20.17015266418457,2.1077592372894287,1.7234218120574951,32.42033004760742,32.182960510253906,-0.0,-0.0,-0.0,-0.0,off
2.32,24.309959411621094,7.081366539001465,20.229494094848633,2.1243133544921875,1.7635109424591064,32.40913772583008,32.203453063964844,-0.0,-0.0,-0.0,-0.0,off
2.34,24.28630256652832,7.029799938201904,20.285429000854492,2.1378519535064697,1.8009449243545532,32.415138244628906,32.22266387939453,-0.0,-0.0,-0.0,-0.0,off
2.36,24.29894256591797,6.996896266937256,20.29099464416504,2.1586251258850098,1.8367129564285278,32.42097473144531,32.24081802368164,-0.0,-0.0,-0.0,-0.0,off
2.38,24.286300659179688,6.955225944519043,20.342321395874023,2.177189350128174,1.8707605600357056,32.43470001220703,32.25867462158203,-0.0,-0.0,-0.0,-0.0,off
2.4,24.265026092529297,6.900915145874023,20.371511459350586,2.186340093612671,1.9023184776306152,32.42549133300781,32.27394485473633,-0.0,0.0,-0.0,-0.0,off
2.42,24.268186569213867,6.811178207397461,20.402225494384766,2.1937992572784424,1.9314664602279663,32.428192138671875,32.28798294067383,-0.0,-0.0,-0.0,-0.0,off
2.44,24.26778221130371,6.783604621887207,20.42520523071289,2.197625160217285,1.9580823183059692,32.43657684326172,32.301631927490234,-0.0,-0.0,-0.0,-0.0,off
2.46,24.295269012451172,6.700004577636719,20.425535202026367,2.215449333190918,1.9838190078735352,32.43998718261719,32.31431579589844,0.0,0.0,-0.0,0.0,off
2.48,24.310535430908203,6.684840679168701,20.44080352783203,2.2245914936065674,2.0078961849212646,32.45790481567383,32.327701568603516,0.0,0.0,-0.0,0.0,off
2.5,24.315601348876953,6.596114635467529,20.440793991088867,2.2335267066955566,2.03045916557312,32.443538665771484,32.338321685791016,-0.0,-0.0,-0.0,-0.0,off
2.52,24.372825622558594,6.496304512023926,20.441633224487305,2.2496256828308105,2.0523757934570312,32.46685791015625,32.35019302368164,-0.0,-0.0,-0.0,-0.0,off
2.54,24.447343826293945,6.463132381439209,20.43907356262207,2.265296459197998,2.0736677646636963,32.514617919921875,32.36577606201172,-0.0,-0.0,-0.0,-0.0,off
2.56,24.48023223876953,6.444876194000244,20.474531173706055,2.2565698623657227,2.0919580459594727,32.558021545410156,32.38425064086914,-0.0,0.0,-0.0,-0.0,off
2.58,24.43769073486328,6.3723883628845215,20.49028205871582,2.2433481216430664,2.1070969104766846,32.52168273925781,32.39724349975586,-0.0,-0.0,-0.0,-0.0,off
2.6,24.44061851501465,6.344101428985596,20.497648239135742,2.2282826900482178,2.119215488433838,32.52299118041992,32.40915298461914,-0.0,-0.0,-0.0,-0.0,off
2.62,24.447280883789062,6.3385467529296875,20.488954544067383,2.2271063327789307,2.130004644393921,32.52143859863281,32.41984176635742,0.0,-0.0,-0.0,0.0,off
2.64,24.439302444458008,6.330852508544922,20.488840103149414,2.228908061981201,2.139894962310791,32.51387023925781,32.42879104614258,0.0,-0.0,-0.0,0.0,off
2.66,24.457374572753906,6.321633338928223,20.49616050720215,2.2285397052764893,2.148759365081787,32.5302734375,32.438560485839844,-0.0,-0.0,-0.0,-0.0,off
2.68,24.456310272216797,6.347067832946777,20.49131202697754,2.219169855117798,2.1558003425598145,32.5313720703125,32.447566986083984,-0.0,-0.0,-0.0,-0.0,off
2.7,24.468441009521484,6.328979969024658,20.50324821472168,2.217052698135376,2.1619255542755127,32.544490814208984,32.45701217651367,-0.0,-0.0,-0.0,-0.0,off
2.72,24.48842430114746,6.270143032073975,20.500804901123047,2.2178778648376465,2.167520761489868,32.546592712402344,32.46570587158203,-0.0,-0.0,-0.0,-0.0,off
2.74,24.51498794555664,6.282612323760986,20.49941635131836,2.22935152053833,2.173703670501709,32.568111419677734,32.47574234008789,-0.0,-0.0,-0.0,-0.0,off
2.7600000000000002,24.507503509521484,6.294665336608887,20.51004981994629,2.2176294326782227,2.178096294403076,32.571502685546875,32.485164642333984,-0.0,-0.0,-0.0,-0.0,off
2.7800000000000002,24.51812744140625,6.227686405181885,20.516868591308594,2.2181220054626465,2.182098865509033,32.57091522216797,32.493553161621094,-0.0,0.0,-0.0,-0.0,off
2.8000000000000003,24.548377990722656,6.190624713897705,20.5330867767334,2.217240333557129,2.185612916946411,32.59684371948242,32.50368881225586,-0.0,-0.0,-0.0,-0.0,off
2.82,24.516708374023438,6.20186710357666,20.549070358276367,2.211632251739502,2.1882147789001465,32.5852165222168,32.511695861816406,-0.0,-0.0,-0.0,-0.0,off
2.84,24.51274299621582,6.153831481933594,20.57819938659668,2.2087481021881104,2.190268039703369,32.59151077270508,32.519508361816406,-0.0,-0.0,-0.0,-0.0,off
2.86,24.525230407714844,6.168830394744873,20.571863174438477,2.211108922958374,2.192352056503296,32.59973907470703,32.52740478515625,-0.0,-0.0,-0.0,-0.0,off
2.88,24.54172706604004,6.145357131958008,20.558765411376953,2.215261936187744,2.194643020629883,32.599456787109375,32.53449630737305,-0.0,-0.0,-0.0,-0.0,off
2.9,24.5278263092041,6.149812698364258,20.557849884033203,2.226149559020996,2.19779372215271,32.589256286621094,32.53988265991211,-0.0,-0.0,-0.0,-0.0,off
2.92,24.537405014038086,6.190484523773193,20.560667037963867,2.227355718612671,2.2007498741149902,32.60594177246094,32.54643630981445,-0.0,0.0,-0.0,-0.0,off
2.94,24.54402732849121,6.178783416748047,20.546735763549805,2.2342746257781982,2.2041022777557373,32.59992218017578,32.55174255371094,-0.0,0.0,-0.0,-0.0,off
2.96,24.509817123413086,6.120308876037598,20.547388076782227,2.2308316230773926,2.206775188446045,32.56354522705078,32.5528564453125,-0.0,-0.0,-0.0,-0.0,off
2.98,24.493913650512695,6.1528520584106445,20.530786514282227,2.23873233795166,2.209970712661743,32.54723358154297,32.5522575378418,-0.0,-0.0,-0.0,-0.0,off
3.0,24.487823486328125,6.1842241287231445,20.536020278930664,2.2309701442718506,2.2120707035064697,32.55189895629883,32.55220413208008,-0.0,-0.0,-0.0,-0.0,off
3.02,24.45901107788086,6.143694877624512,20.514089584350586,2.228382110595703,2.2137017250061035,32.50870895385742,32.547828674316406,-0.0,0.0,-0.0,-0.0,off
3.04,24.445953369140625,6.1719160079956055,20.501005172729492,2.2262320518493652,2.2149546146392822,32.495975494384766,32.54262924194336,-0.0,0.0,-0.0,-0.0,off
3.06,24.454893112182617,6.127704620361328,20.4647159576416,2.2399702072143555,2.217456102371216,32.47145080566406,32.535491943359375,-0.0,-0.0,-0.0,-0.0,off
3.08,24.45869255065918,6.131246566772461,20.44041633605957,2.250898838043213,2.2208003997802734,32.45967483520508,32.527896881103516,-0.0,-0.0,-0.0,-0.0,off
3.1,24.440650939941406,6.147178649902344,20.4180908203125,2.2549071311950684,2.2242109775543213,32.435035705566406,32.51860046386719,-0.0,-0.0,-0.0,-0.0,off
3.12,24.388235092163086,6.138594150543213,20.387941360473633,2.2557711601257324,2.2273669242858887,32.374935150146484,32.50422668457031,-0.0,-0.0,-0.0,-0.0,off
3.14,24.334802627563477,6.087353706359863,20.363805770874023,2.252279281616211,2.229857921600342,32.30979919433594,32.484771728515625,-0.0,-0.0,-0.0,-0.0,off
3.16,24.259998321533203,6.084647178649902,20.30423927307129,2.2540693283081055,2.232279062271118,32.21540832519531,32.457828521728516,-0.0,-0.0,-0.0,-0.0,off
3.18,24.277355194091797,6.121262550354004,20.24517250061035,2.2651889324188232,2.235569953918457,32.1982421875,32.43186569213867,-0.0,-0.0,-0.0,-0.0,off
3.2,24.201995849609375,6.162896156311035,20.19828987121582,2.265043020248413,2.2385172843933105,32.11991500854492,32.400665283203125,-0.0,-0.0,-0.0,-0.0,off
3.22,24.169374465942383,6.127673149108887,20.136789321899414,2.2696919441223145,2.2416348457336426,32.04991912841797,32.36558532714844,-0.0,-0.0,-0.0,-0.0,off
3.24,24.130460739135742,6.126826763153076,20.068750381469727,2.273033618927002,2.244774580001831,31.977676391601562,32.3267822265625,-0.0,-0.0,-0.0,-0.0,off
3.2600000000000002,24.14171600341797,6.250480651855469,20.034265518188477,2.2781894207000732,2.2481160163879395,31.98847770690918,32.292903900146484,-0.0,0.0,-0.0,-0.0,off
3.2800000000000002,24.057538986206055,6.2397356033325195,20.045358657836914,2.256474018096924,2.2489519119262695,31.929859161376953,32.25657272338867,-0.0,-0.0,-0.0,-0.0,off
3.3000000000000003,23.97756576538086,6.200525760650635,20.07854652404785,2.2253308296203613,2.2465896606445312,31.882883071899414,32.21918869018555,-0.0,-0.0,-0.0,-0.0,off
3.3200000000000003,23.94223976135254,6.212591648101807,20.145875930786133,2.190634250640869,2.2409942150115967,31.901151657104492,32.187355041503906,-0.0,-0.0,-0.0,-0.0,off
3.34,23.932838439941406,6.250213146209717,20.19907569885254,2.161390781402588,2.2330338954925537,31.935068130493164,32.16207504272461,-0.0,-0.0,-0.0,-0.0,off
3.36,23.849376678466797,6.295226097106934,20.249591827392578,2.1299312114715576,2.2227234840393066,31.913455963134766,32.137107849121094,-0.0,-0.0,-0.0,-0.0,off
3.38,23.753307342529297,6.3251543045043945,20.279478073120117,2.0971055030822754,2.2101616859436035,31.866666793823242,32.109901428222656,-0.0,-0.0,-0.0,-0.0,off
3.4,23.708602905273438,6.374983787536621,20.25841522216797,2.0765318870544434,2.196798801422119,31.829885482788086,32.08172607421875,-0.0,-0.0,-0.0,-0.0,off
3.42,23.57316780090332,6.4560346603393555,20.23484992980957,2.064095973968506,2.183528423309326,31.730485916137695,32.04633331298828,-0.0,-0.0,-0.0,-0.0,off
3.44,23.497112274169922,6.479049205780029,20.19548797607422,2.0584335327148438,2.1710188388824463,31.653594970703125,32.00679016113281,-0.0,-0.0,-0.0,-0.0,off
3.46,23.448596954345703,6.520378112792969,20.16791343688965,2.041900157928467,2.158106803894043,31.608491897583008,31.966691970825195,-0.0,-0.0,-0.0,-0.0,off
3.48,23.352977752685547,6.696308135986328,20.125383377075195,2.011213779449463,2.1434173583984375,31.54731559753418,31.924301147460938,-0.0,-0.0,-0.0,-0.0,off
3.5,23.20522689819336,6.680883407592773,20.071439743041992,1.981063723564148,2.1271820068359375,31.40030860900879,31.8714656829834,-0.0,-0.0,-0.0,-0.0,off
3.52,23.17436981201172,6.623610496520996,19.986032485961914,1.9621539115905762,2.1106791496276855,31.31078338623047,31.815120697021484,-0.0,-0.0,-0.0,-0.0,off
3.54,23.1358699798584,6.594794750213623,19.855249404907227,1.9448596239089966,2.094097137451172,31.192798614501953,31.75270652770996,-0.0,-0.0,-0.0,-0.0,off
3.56,22.998363494873047,6.5905046463012695,19.68071937561035,1.9064228534698486,2.0753297805786133,30.978866577148438,31.67514991760254,0.0,-0.0,-0.0,0.0,off
3.58,23.004701614379883,6.543676376342773,19.473743438720703,1.8811465501785278,2.0559115409851074,30.842546463012695,31.591760635375977,-0.0,-0.0,-0.0,-0.0,off
3.6,23.084840774536133,6.526146411895752,19.28464698791504,1.85587477684021,2.035907745361328,30.77983283996582,31.510364532470703,-0.0,-0.0,-0.0,-0.0,off
3.62,23.126609802246094,6.523043632507324,19.11046600341797,1.8086017370224,2.0131771564483643,30.701793670654297,31.429174423217773,-0.0,-0.0,-0.0,-0.0,off
3.64,23.170989990234375,6.472157955169678,18.93079948425293,1.7521916627883911,1.9870785474777222,30.61305046081543,31.347089767456055,-0.0,-0.0,-0.0,-0.0,off
3.66,23.197509765625,6.361880302429199,18.777915954589844,1.6831152439117432,1.9566820859909058,30.515703201293945,31.263381958007812,-0.0,-0.0,-0.0,-0.0,off
3.68,23.157611846923828,6.224538803100586,18.538118362426758,1.6133917570114136,1.9223530292510986,30.309762954711914,31.16725730895996,-0.0,-0.0,-0.0,-0.0,off
3.7,23.106170654296875,6.042262077331543,18.3132381439209,1.56593918800354,1.886711597442627,30.096158981323242,31.059181213378906,-0.0,-0.0,-0.0,-0.0,off
3.72,23.217082977294922,5.985766887664795,18.164831161499023,1.5138367414474487,1.8494240045547485,30.080284118652344,30.96002960205078,-0.0,-0.0,-0.0,-0.0,off
3.74,23.312129974365234,5.822474479675293,18.036592483520508,1.4297221899032593,1.8074537515640259,30.044553756713867,30.866901397705078,-0.0,-0.0,-0.0,-0.0,off
3.7600000000000002,23.22958755493164,5.669096946716309,17.93156623840332,1.3255586624145508,1.7592642307281494,29.888015747070312,30.767498016357422,-0.0,-0.0,-0.0,-0.0,off
3.7800000000000002,23.36514663696289,5.479884147644043,17.78009605407715,1.2397856712341309,1.7073163986206055,29.86789321899414,30.67546844482422,0.0,-0.0,-0.0,0.0,off
3.8000000000000003,23.434907913208008,5.289434432983398,17.717151641845703,1.1810005903244019,1.6546847820281982,29.85080337524414,30.590688705444336,-0.0,-0.0,-0.0,-0.0,off
3.8200000000000003,23.38177490234375,4.943970680236816,17.66188621520996,1.104023814201355,1.5996185541152954,29.71687126159668,30.500595092773438,-0.0,-0.0,-0.0,-0.0,off
3.84,23.493213653564453,4.742400646209717,17.5854549407959,1.0302847623825073,1.5426850318908691,29.726581573486328,30.42002296447754,-0.0,-0.0,-0.0,-0.0,off
3.86,23.59996795654297,4.51869535446167,17.40251350402832,0.9412020444869995,1.482536792755127,29.6685791015625,30.34096908569336,-0.0,-0.0,-0.0,-0.0,off
3.88,23.672454833984375,4.366361141204834,17.41936683654785,0.8712895512580872,1.4214121103286743,29.7133731842041,30.274368286132812,-0.0,-0.0,-0.0,-0.0,off
3.9,23.847434997558594,4.44185733795166,17.494064331054688,0.8328762650489807,1.3625584840774536,29.907733917236328,30.234600067138672,-0.0,0.0,-0.0,-0.0,off
3.92,23.89250946044922,4.368714332580566,17.534883499145508,0.7888398170471191,1.3051866292953491,29.956798553466797,30.204063415527344,0.0,-0.0,-0.0,0.0,off
3.94,23.91334342956543,4.23452091217041,17.61309051513672,0.7725563049316406,1.2519235610961914,30.000001907348633,30.181093215942383,0.0,-0.0,-0.0,0.0,off
3.96,23.82428741455078,4.205402374267578,17.822404861450195,0.77229243516922,1.2039604187011719,30.04863166809082,30.166006088256836,-0.0,-0.0,-0.0,-0.0,off
3.98,23.797761917114258,4.202139854431152,18.042478561401367,0.789202868938446,1.1624846458435059,30.15829086303711,30.163850784301758,-0.0,0.0,-0.0,-0.0,off
4.0,23.712705612182617,4.126595497131348,18.147676467895508,0.7665549516677856,1.1228916645050049,30.143978118896484,30.16058921813965,-0.0,0.0,-0.0,-0.0,off
4.0200000000000005,23.639019012451172,3.962674140930176,18.145566940307617,0.7205858826637268,1.0826610326766968,30.062726974487305,30.149356842041016,-0.0,-0.0,-0.0,-0.0,off
4.04,23.610519409179688,3.782341957092285,18.06795310974121,0.6498982310295105,1.0393847227096558,29.970212936401367,30.129779815673828,-0.0,-0.0,-0.0,-0.0,off
4.0600000000000005,23.658918380737305,3.601193428039551,18.0524959564209,0.6142228841781616,0.9968684911727905,29.97675132751465,30.112548828125,-0.0,-0.0,-0.0,-0.0,off
4.08,23.68560028076172,3.3803658485412598,17.954103469848633,0.569382905960083,0.9541199207305908,29.912946701049805,30.09027099609375,0.0,-0.0,-0.0,0.0,off
4.1,23.71576499938965,3.1365628242492676,17.760404586791992,0.492307186126709,0.9079385995864868,29.79442024230957,30.057838439941406,-0.0,0.0,-0.0,-0.0,off
4.12,23.828250885009766,2.72580623626709,17.46131706237793,0.42750751972198486,0.8598954677581787,29.66670036315918,30.01432228088379,-0.0,-0.0,-0.0,-0.0,off
4.14,23.956161499023438,2.270872116088867,17.24755859375,0.40923863649368286,0.8148297071456909,29.60629653930664,29.96717643737793,-0.0,-0.0,-0.0,-0.0,off
4.16,24.030384063720703,2.0089640617370605,17.085439682006836,0.37636739015579224,0.7709834575653076,29.553468704223633,29.91880226135254,-0.0,-0.0,-0.0,-0.0,off
4.18,24.156112670898438,1.6728957891464233,16.893808364868164,0.34125375747680664,0.7280104756355286,29.524856567382812,29.871124267578125,-0.0,-0.0,-0.0,-0.0,off
4.2,24.27667999267578,1.2682064771652222,16.720365524291992,0.31106895208358765,0.6863163113594055,29.50484848022461,29.82453727722168,-0.0,-0.0,-0.0,-0.0,off
4.22,24.363279342651367,1.0997933149337769,16.687646865844727,0.2951764464378357,0.6472023129463196,29.550914764404297,29.7877140045166,-0.0,-0.0,-0.0,-0.0,off
4.24,24.389774322509766,0.9153746366500854,16.750850677490234,0.303989052772522,0.6128809452056885,29.602195739746094,29.760379791259766,-0.0,0.0,-0.0,-0.0,off
4.26,24.365755081176758,0.785781741142273,16.835844039916992,0.3059728741645813,0.5821900963783264,29.62689781188965,29.739294052124023,-0.0,-0.0,-0.0,-0.0,off
4.28,24.417821884155273,0.58226478099823,16.952882766723633,0.3029555678367615,0.554266631603241,29.73162078857422,29.731101989746094,-0.0,0.0,-0.0,-0.0,off
4.3,24.465681076049805,0.29452216625213623,17.01874351501465,0.29995089769363403,0.5288350582122803,29.80426025390625,29.73063850402832,-0.0,0.0,-0.0,-0.0,off
4.32,24.51114845275879,-0.0011235475540161133,17.1075439453125,0.31336110830307007,0.5072876811027527,29.89087677001953,29.73850440979004,-0.0,0.0,-0.0,-0.0,off
4.34,24.527700424194336,-0.10400974750518799,17.179445266723633,0.3300631642341614,0.4895652234554291,29.94582176208496,29.75202751159668,-0.0,0.0,-0.0,-0.0,off
4.36,24.54840850830078,-0.3369351625442505,17.144254684448242,0.3401363492012024,0.47462230920791626,29.944337844848633,29.76394271850586,-0.0,-0.0,-0.0,-0.0,off
4.38,24.539432525634766,-0.5132571458816528,17.12683868408203,0.33993786573410034,0.4611538350582123,29.929513931274414,29.773487091064453,-0.0,-0.0,-0.0,-0.0,off
4.4,24.56361961364746,-0.6897040605545044,17.115665435791016,0.34722763299942017,0.44976121187210083,29.946504592895508,29.784027099609375,-0.0,-0.0,-0.0,-0.0,off
4.42,24.56392478942871,-0.8695870637893677,17.112871170043945,0.3689029812812805,0.4416753649711609,29.949840545654297,29.7940673828125,-0.0,-0.0,-0.0,-0.0,off
4.44,24.50637435913086,-1.0373002290725708,17.248624801635742,0.3686991333961487,0.4343777298927307,29.98588752746582,29.807056427001953,-0.0,-0.0,-0.0,-0.0,off
4.46,24.451087951660156,-1.0972615480422974,17.36189079284668,0.358531653881073,0.4267931282520294,30.00824737548828,29.821847915649414,-0.0,0.0,-0.0,-0.0,off
4.48,24.406171798706055,-1.2270299196243286,17.416086196899414,0.33338016271591187,0.4174518287181854,30.008113861083984,29.835468292236328,0.0,-0.0,-0.0,0.0,off
4.5,24.358081817626953,-1.3263541460037231,17.52446174621582,0.3514752984046936,0.41085416078567505,30.036346435546875,29.8509578704834,-0.0,-0.0,-0.0,-0.0,off
4.5200000000000005,24.359933853149414,-1.5090347528457642,17.593971252441406,0.36461514234542847,0.40623024106025696,30.08706283569336,29.869911193847656,-0.0,-0.0,-0.0,-0.0,off
4.54,24.34632110595703,-1.6418296098709106,17.713363647460938,0.3983526825904846,0.405442476272583,30.15298080444336,29.89372444152832,-0.0,-0.0,-0.0,-0.0,off
4.5600000000000005,24.35733413696289,-1.8815871477127075,17.779077529907227,0.41968828439712524,0.40686702728271484,30.214494705200195,29.92095375061035,-0.0,-0.0,-0.0,-0.0,off
4.58,24.311840057373047,-2.061741828918457,17.86207389831543,0.41207820177078247,0.4073881208896637,30.23855209350586,29.947797775268555,-0.0,0.0,-0.0,-0.0,off
4.6000000000000005,24.178573608398438,-2.1963706016540527,17.959318161010742,0.394326388835907,0.4060819447040558,30.19875144958496,29.968042373657227,-0.0,-0.0,-0.0,-0.0,off
4.62,24.05681037902832,-2.328092575073242,18.02338981628418,0.3609190583229065,0.40156564116477966,30.149505615234375,29.981420516967773,-0.0,-0.0,-0.0,-0.0,off
4.64,23.958789825439453,-2.469503402709961,18.112329483032227,0.31688225269317627,0.39309728145599365,30.13599967956543,29.992115020751953,-0.0,-0.0,-0.0,-0.0,off
4.66,23.894927978515625,-2.6614761352539062,18.134557723999023,0.2813560962677002,0.3819231390953064,30.114999771118164,29.999523162841797,-0.0,-0.0,-0.0,-0.0,off
4.68,23.88836097717285,-2.8789806365966797,18.13975715637207,0.27332305908203125,0.37106311321258545,30.132923126220703,30.007841110229492,-0.0,-0.0,-0.0,-0.0,off
4.7,23.908023834228516,-3.1043639183044434,18.175554275512695,0.26964449882507324,0.3609212636947632,30.192407608032227,30.02109718322754,-0.0,0.0,-0.0,-0.0,off
4.72,23.889076232910156,-3.2785730361938477,18.205148696899414,0.25260210037231445,0.35008934140205383,30.213645935058594,30.03521728515625,-0.0,0.0,-0.0,-0.0,off
4.74,23.909238815307617,-3.4915771484375,18.228384017944336,0.22199881076812744,0.3372802734375,30.26742172241211,30.05320930480957,-0.0,-0.0,-0.0,-0.0,off
4.76,23.874109268188477,-3.623084545135498,18.2546329498291,0.18791472911834717,0.32234370708465576,30.270967483520508,30.070032119750977,-0.0,0.0,-0.0,-0.0,off
4.78,23.834102630615234,-3.783745765686035,18.256467819213867,0.17907029390335083,0.3080163598060608,30.260202407836914,30.084199905395508,-0.0,-0.0,-0.0,-0.0,off
4.8,23.827648162841797,-4.0162553787231445,18.251264572143555,0.16004633903503418,0.29321932792663574,30.281938552856445,30.098886489868164,-0.0,-0.0,-0.0,-0.0,off
4.82,23.784809112548828,-4.116693496704102,18.276384353637695,0.12878865003585815,0.2767762541770935,30.276897430419922,30.11201286315918,-0.0,-0.0,-0.0,-0.0,off
4.84,23.7331485748291,-4.248030662536621,18.29640769958496,0.0938972756266594,0.25848835706710815,30.266592025756836,30.122987747192383,-0.0,-0.0,-0.0,-0.0,off
4.86,23.669822692871094,-4.321056365966797,18.366926193237305,0.08066140860319138,0.240705668926239,30.270051956176758,30.133607864379883,0.0,-0.0,-0.0,0.0,off
4.88,23.59351348876953,-4.428502082824707,18.422407150268555,0.07129930704832077,0.223765030503273,30.25971794128418,30.142301559448242,-0.0,-0.0,-0.0,-0.0,off
4.9,23.524335861206055,-4.565886974334717,18.46159553527832,0.06831663101911545,0.20822018384933472,30.250160217285156,30.149200439453125,-0.0,-0.0,-0.0,-0.0,off
4.92,23.458086013793945,-4.717083930969238,18.507112503051758,0.04280548542737961,0.1916787177324295,30.249725341796875,30.15532684326172,-0.0,-0.0,-0.0,-0.0,off
4.94,23.36044692993164,-4.730478286743164,18.575420379638672,0.034058623015880585,0.17591671645641327,30.218109130859375,30.15816307067871,-0.0,-0.0,-0.0,-0.0,off
4.96,23.2890682220459,-4.904465198516846,18.633255004882812,0.04235105961561203,0.16256015002727509,30.226356506347656,30.16133689880371,-0.0,-0.0,-0.0,-0.0,off
4.98,23.129417419433594,-5.014559745788574,18.68682098388672,0.018020622432231903,0.148106187582016,30.154817581176758,30.156970977783203,-0.0,-0.0,-0.0,-0.0,off
5.0,22.977487564086914,-5.136143684387207,18.73579216003418,-0.02755708247423172,0.13053986430168152,30.089445114135742,30.14639663696289,-0.0,-0.0,-0.0,-0.0,off
5.0200000000000005,22.795581817626953,-5.322750091552734,18.769187927246094,-0.07274407893419266,0.11021146178245544,30.004209518432617,30.127927780151367,-0.0,-0.0,-0.0,-0.0,off
5.04,22.62921714782715,-5.435320854187012,18.791919708251953,-0.0950060561299324,0.089689701795578,29.912546157836914,30.10211181640625,-0.0,-0.0,-0.0,-0.0,off
5.0600000000000005,22.437246322631836,-5.708816051483154,18.805360794067383,-0.11921418458223343,0.06879930943250656,29.827205657958984,30.069536209106445,-0.0,-0.0,-0.0,-0.0,off
5.08,22.233192443847656,-5.948230266571045,18.82611656188965,-0.16606995463371277,0.04531238228082657,29.73413848876953,30.030244827270508,-0.0,-0.0,-0.0,-0.0,off
5.1000000000000005,21.98387908935547,-6.196013927459717,18.817197799682617,-0.2203572690486908,0.018745416775345802,29.593385696411133,29.980043411254883,-0.0,-0.0,-0.0,-0.0,off
5.12,21.795455932617188,-6.351235389709473,18.805540084838867,-0.24531161785125732,-0.007660286501049995,29.47928810119629,29.923397064208984,-0.0,-0.0,-0.0,-0.0,off
5.14,21.773345947265625,-6.521427631378174,18.753833770751953,-0.25463488698005676,-0.032357748597860336,29.467164993286133,29.871583938598633,-0.0,0.0,-0.0,-0.0,off
5.16,21.85921859741211,-6.767027854919434,18.683374404907227,-0.2521596848964691,-0.054337941110134125,29.541269302368164,29.832529067993164,-0.0,-0.0,-0.0,-0.0,off
5.18,21.873226165771484,-7.082001209259033,18.65467643737793,-0.27574771642684937,-0.07647892087697983,29.607257843017578,29.803443908691406,-0.0,-0.0,-0.0,-0.0,off
5.2,21.741609573364258,-7.250045299530029,18.67264747619629,-0.3110088109970093,-0.09993191063404083,29.56228256225586,29.772777557373047,-0.0,-0.0,-0.0,-0.0,off
5.22,21.71775245666504,-7.49284553527832,18.69809913635254,-0.3262360394001007,-0.12256231904029846,29.62131690979004,29.75088882446289,-0.0,-0.0,-0.0,-0.0,off
5.24,21.643402099609375,-7.460169792175293,18.76479148864746,-0.32292649149894714,-0.1425987333059311,29.60081672668457,29.730388641357422,-0.0,-0.0,-0.0,-0.0,off
5.26,21.45690155029297,-7.659690856933594,18.79078483581543,-0.33101388812065125,-0.16144025325775146,29.532407760620117,29.70468521118164,-0.0,-0.0,-0.0,-0.0,off
5.28,21.183067321777344,-7.729323387145996,18.820520401000977,-0.35532572865486145,-0.18082880973815918,29.37135887145996,29.665510177612305,0.0,-0.0,-0.0,0.0,off
5.3,20.87234115600586,-7.895698547363281,18.845563888549805,-0.3706904649734497,-0.19981497526168823,29.208765029907227,29.613374710083008,-0.0,0.0,-0.0,-0.0,off
5.32,20.62064552307129,-8.031817436218262,18.864381790161133,-0.37112510204315186,-0.21694597601890564,29.078962326049805,29.55320930480957,-0.0,0.0,-0.0,-0.0,off
5.34,20.30910301208496,-8.181410789489746,18.889724731445312,-0.36803004145622253,-0.23205438256263733,28.91741371154785,29.482343673706055,-0.0,-0.0,-0.0,-0.0,off
5.36,20.031055450439453,-8.357375144958496,18.9327449798584,-0.35376572608947754,-0.24422551691532135,28.80169677734375,29.406370162963867,-0.0,-0.0,-0.0,-0.0,off
5.38,19.738605499267578,-8.547242164611816,18.97014045715332,-0.34504538774490356,-0.25430750846862793,28.679855346679688,29.325077056884766,0.0,0.0,-0.0,0.0,off
5.4,19.48700714111328,-8.757105827331543,19.00531768798828,-0.3075123429298401,-0.2596279978752136,28.59427261352539,29.24271011352539,-0.0,-0.0,-0.0,-0.0,off
5.42,19.135435104370117,-9.028725624084473,19.048803329467773,-0.27420467138290405,-0.2610856592655182,28.46997833251953,29.154666900634766,-0.0,-0.0,-0.0,-0.0,off
5.44,18.841598510742188,-9.28098201751709,19.110593795776367,-0.24246817827224731,-0.25922390818595886,28.39643096923828,29.066993713378906,-0.0,-0.0,-0.0,-0.0,off
5.46,18.560691833496094,-9.641064643859863,19.132776260375977,-0.23140522837638855,-0.25644204020500183,28.346296310424805,28.981470108032227,-0.0,0.0,-0.0,-0.0,off
5.48,18.21725082397461,-10.01554012298584,19.164249420166016,-0.22026273608207703,-0.2528240978717804,28.274507522583008,28.8952579498291,-0.0,-0.0,-0.0,-0.0,off
5.5,17.98971939086914,-10.408171653747559,19.18088150024414,-0.21868741512298584,-0.24941042065620422,28.28190803527832,28.817005157470703,-0.0,0.0,-0.0,-0.0,off
5.5200000000000005,17.674406051635742,-10.882315635681152,19.19036293029785,-0.23256045579910278,-0.24772542715072632,28.267993927001953,28.742586135864258,-0.0,0.0,-0.0,-0.0,off
5.54,17.378582000732422,-11.237393379211426,19.167478561401367,-0.2666163444519043,-0.24961450695991516,28.20791244506836,28.66836929321289,-0.0,-0.0,-0.0,-0.0,off
5.5600000000000005,17.083332061767578,-11.427762985229492,19.184114456176758,-0.29311487078666687,-0.25396454334259033,28.115196228027344,28.59258460998535,-0.0,-0.0,-0.0,-0.0,off
5.58,17.105857849121094,-11.84500789642334,19.113027572631836,-0.27480536699295044,-0.25604861974716187,28.252830505371094,28.538599014282227,-0.0,-0.0,-0.0,-0.0,off
5.6000000000000005,16.786808013916016,-12.18857192993164,19.075292587280273,-0.26748543977737427,-0.2571922838687897,28.181997299194336,28.481657028198242,-0.0,-0.0,-0.0,-0.0,off
5.62,16.675901412963867,-12.356133460998535,19.016448974609375,-0.24963247776031494,-0.256436288356781,28.149335861206055,28.42900848388672,-0.0,-0.0,-0.0,-0.0,off
5.64,16.458139419555664,-12.43292236328125,19.001630783081055,-0.261650025844574,-0.25695765018463135,28.044784545898438,28.37285804748535,-0.0,-0.0,-0.0,-0.0,off
5.66,16.193235397338867,-12.644421577453613,18.937753677368164,-0.26905664801597595,-0.2581675350666046,27.941740036010742,28.312057495117188,0.0,0.0,-0.0,0.0,off
5.68,15.931685447692871,-12.858287811279297,18.8592472076416,-0.26910585165023804,-0.2592613697052002,27.83568572998047,28.24675178527832,-0.0,-0.0,-0.0,-0.0,off
5.7,15.745789527893066,-12.947867393493652,18.83660125732422,-0.2684118151664734,-0.260176420211792,27.755983352661133,28.181482315063477,-0.0,-0.0,-0.0,-0.0,off
5.72,15.561750411987305,-12.990352630615234,18.85066795349121,-0.2542881369590759,-0.2595875859260559,27.68149185180664,28.116901397705078,-0.0,-0.0,-0.0,-0.0,off
5.74,15.385196685791016,-13.083590507507324,18.818883895874023,-0.2545062303543091,-0.2590794563293457,27.604982376098633,28.05219268798828,-0.0,-0.0,-0.0,-0.0,off
5.76,14.92465877532959,-13.044087409973145,18.813873291015625,-0.2570938467979431,-0.2588808834552765,27.328657150268555,27.96635627746582,-0.0,-0.0,-0.0,-0.0,off
5.78,14.762436866760254,-12.984123229980469,18.78020477294922,-0.24422505497932434,-0.2574152946472168,27.188474655151367,27.87700843811035,-0.0,-0.0,-0.0,-0.0,off
5.8,14.54277515411377,-13.173596382141113,18.74295425415039,-0.21767759323120117,-0.2534415125846863,27.135480880737305,27.791074752807617,-0.0,-0.0,-0.0,-0.0,off
5.82,14.264451026916504,-13.247056007385254,18.665441513061523,-0.20020553469657898,-0.24811790883541107,26.969572067260742,27.69731903076172,-0.0,-0.0,-0.0,-0.0,off
5.84,13.981084823608398,-13.490455627441406,18.565095901489258,-0.16505485773086548,-0.23981159925460815,26.872400283813477,27.602279663085938,-0.0,-0.0,-0.0,-0.0,off
5.86,13.66685962677002,-13.488822937011719,18.3417911529541,-0.12791001796722412,-0.2286214381456375,26.554712295532227,27.48553466796875,-0.0,-0.0,-0.0,-0.0,off
5.88,13.462550163269043,-13.425662994384766,18.004234313964844,-0.08078218251466751,-0.21383750438690186,26.184749603271484,27.345012664794922,-0.0,-0.0,-0.0,-0.0,off
5.9,13.1574068069458,-13.368228912353516,17.6685848236084,-0.07086993008852005,-0.19954073429107666,25.768310546875,27.17752456665039,-0.0,-0.0,-0.0,-0.0,off
5.92,13.055865287780762,-13.576720237731934,17.392549514770508,-0.11163956671953201,-0.1907505989074707,25.63754653930664,27.013633728027344,-0.0,-0.0,-0.0,-0.0,off
5.94,12.733843803405762,-13.612454414367676,17.006084442138672,-0.12090159207582474,-0.1837656944990158,25.2320556640625,26.82524871826172,-0.0,-0.0,-0.0,-0.0,off
5.96,12.510397911071777,-13.571602821350098,16.608461380004883,-0.13460209965705872,-0.17884932458400726,24.830211639404297,26.616100311279297,-0.0,-0.0,-0.0,-0.0,off
5.98,12.368391990661621,-13.503238677978516,16.31915855407715,-0.1520342230796814,-0.1761678010225296,24.52813720703125,26.39877700805664,-0.0,-0.0,-0.0,-0.0,off
6.0,12.28154182434082,-13.296870231628418,16.085498809814453,-0.16890758275985718,-0.17544178664684296,24.215415954589844,26.17393684387207,-0.0,-0.0,-0.0,-0.0,off
6.0200000000000005,12.003141403198242,-13.257036209106445,15.765596389770508,-0.17978593707084656,-0.1758762001991272,23.840688705444336,25.933998107910156,-0.0,-0.0,-0.0,-0.0,off
6.04,11.81959342956543,-13.133796691894531,15.370655059814453,-0.1712321639060974,-0.17541180551052094,23.419145584106445,25.676427841186523,-0.0,-0.0,-0.0,-0.0,off
6.0600000000000005,11.684427261352539,-13.170886039733887,15.260696411132812,-0.15613895654678345,-0.17348451912403107,23.29993438720703,25.432924270629883,-0.0,-0.0,-0.0,-0.0,off
6.08,11.268503189086914,-12.971545219421387,14.868939399719238,-0.13537055253982544,-0.1696731150150299,22.722797393798828,25.156085968017578,-0.0,-0.0,-0.0,-0.0,off
6.1000000000000005,10.956485748291016,-12.607053756713867,14.574692726135254,-0.12812212109565735,-0.16551801562309265,22.167634963989258,24.852754592895508,-0.0,-0.0,-0.0,-0.0,off
6.12,10.653265953063965,-12.311116218566895,14.398080825805664,-0.10997918993234634,-0.15996412932872772,21.733854293823242,24.537256240844727,-0.0,-0.0,-0.0,-0.0,off
6.140000000000001,10.35360050201416,-11.952031135559082,14.022963523864746,-0.09938836842775345,-0.15390655398368835,21.135080337524414,24.194190979003906,0.0,-0.0,-0.0,0.0,off
6.16,10.100460052490234,-11.800248146057129,13.974006652832031,-0.10686445981264114,-0.14920233190059662,20.893491744995117,23.8614444732666,-0.0,-0.0,-0.0,-0.0,off
6.18,9.719767570495605,-11.40849781036377,13.665201187133789,-0.11815427988767624,-0.14609752595424652,20.28214454650879,23.501190185546875,-0.0,0.0,-0.0,-0.0,off
6.2,9.381949424743652,-11.04428482055664,13.52367877960205,-0.11628121882677078,-0.14311589300632477,19.821378707885742,23.131032943725586,-0.0,0.0,-0.0,-0.0,off
6.22,9.144454002380371,-10.713988304138184,12.968191146850586,-0.11629054695367813,-0.14043335616588593,19.146398544311523,22.731056213378906,-0.0,-0.0,-0.0,-0.0,off
6.24,8.604453086853027,-10.123743057250977,12.06737995147705,-0.07838449627161026,-0.13422845304012299,17.94849395751953,22.251537322998047,-0.0,-0.0,-0.0,-0.0,off
6.26,8.076146125793457,-9.65553092956543,11.330865859985352,-0.06746070832014084,-0.12755167484283447,16.93640899658203,21.71864128112793,-0.0,-0.0,-0.0,-0.0,off
6.28,7.70791482925415,-9.371599197387695,10.570499420166016,-0.08399192243814468,-0.12319569289684296,16.09267807006836,21.154226303100586,-0.0,0.0,-0.0,-0.0,off
6.3,7.0065131187438965,-8.924975395202637,9.496133804321289,-0.0467597171664238,-0.11555209010839462,14.796046257019043,20.514982223510742,-0.0,0.0,-0.0,-0.0,off
6.32,6.484433650970459,-8.537153244018555,8.566413879394531,0.000995248556137085,-0.10389735549688339,13.722765922546387,19.830656051635742,-0.0,-0.0,-0.0,-0.0,off
6.34,5.68571138381958,-8.339122772216797,8.053755760192871,-0.014981135725975037,-0.09500572830438614,12.912446022033691,19.13075828552246,-0.0,-0.0,-0.0,-0.0,off
6.36,5.044851779937744,-7.762438774108887,7.046761989593506,-0.027484014630317688,-0.08825355023145676,11.634553909301758,18.371177673339844,-0.0,-0.0,-0.0,-0.0,off
6.38,4.822663307189941,-7.978133678436279,6.5941901206970215,-0.09608691185712814,-0.08903688937425613,11.418933868408203,17.66069793701172,-0.0,0.0,-0.0,-0.0,off
6.4,5.4626784324646,-8.53067684173584,7.210921764373779,-0.22400939464569092,-0.10253413766622543,12.434255599975586,17.126625061035156,-0.0,0.0,-0.0,-0.0,off
6.42,5.983018398284912,-8.925813674926758,7.581677436828613,-0.3483554422855377,-0.12711626291275024,13.15098762512207,16.719985961914062,-0.0,-0.0,-0.0,-0.0,off
6.44,6.093925952911377,-8.956276893615723,8.007369995117188,-0.4792119264602661,-0.16232582926750183,13.471035957336426,16.389801025390625,-0.0,-0.0,-0.0,-0.0,off
6.46,6.134251594543457,-8.856770515441895,8.441507339477539,-0.60209721326828,-0.2063029706478119,13.686872482299805,16.117088317871094,-0.0,-0.0,-0.0,-0.0,off
6.48,6.1122517585754395,-8.672118186950684,8.602774620056152,-0.6741000413894653,-0.2530826926231384,13.659172058105469,15.870081901550293,-0.0,0.0,-0.0,-0.0,off
6.5,6.0468268394470215,-8.630202293395996,8.577851295471191,-0.6998021006584167,-0.2977546155452728,13.587642669677734,15.6407470703125,-0.0,0.0,-0.0,-0.0,off
6.5200000000000005,5.9424920082092285,-8.437164306640625,8.500837326049805,-0.7341645359992981,-0.34139561653137207,13.370235443115234,15.412927627563477,-0.0,-0.0,-0.0,-0.0,off
6.54,5.901522159576416,-8.313859939575195,8.32772445678711,-0.7703512907028198,-0.3842911720275879,13.164316177368164,15.187517166137695,-0.0,0.0,-0.0,-0.0,off
6.5600000000000005,5.736471652984619,-8.187142372131348,8.132120132446289,-0.8018803596496582,-0.426050066947937,12.88672924041748,14.956808090209961,-0.0,-0.0,-0.0,-0.0,off
6.58,5.572633266448975,-8.013638496398926,7.989731311798096,-0.8105069398880005,-0.4644957482814789,12.613819122314453,14.721920013427734,-0.0,-0.0,-0.0,-0.0,off
6.6000000000000005,5.496458530426025,-7.9301018714904785,7.903478145599365,-0.7957789301872253,-0.49762406945228577,12.472471237182617,14.49644947052002,-0.0,-0.0,-0.0,-0.0,off
6.62,5.418406963348389,-7.785068988800049,7.836363315582275,-0.8168835639953613,-0.5295500159263611,12.30345630645752,14.276768684387207,-0.0,-0.0,-0.0,-0.0,off
6.640000000000001,5.323948383331299,-7.684848308563232,7.759440898895264,-0.8357824087142944,-0.5601732730865479,12.149496078491211,14.063676834106445,-0.0,-0.0,-0.0,-0.0,off
6.66,5.26776647567749,-7.601451396942139,7.708062648773193,-0.850092351436615,-0.5891651511192322,12.039337158203125,13.860936164855957,-0.0,-0.0,-0.0,-0.0,off
6.68,5.204561710357666,-7.410274028778076,7.629113674163818,-0.8589761853218079,-0.6161462664604187,11.840734481811523,13.658723831176758,-0.0,-0.0,-0.0,-0.0,off
6.7,5.209377765655518,-7.247342109680176,7.680389881134033,-0.898525059223175,-0.6443841457366943,11.774972915649414,13.470125198364258,-0.0,-0.0,-0.0,-0.0,off
6.72,5.195307731628418,-6.967587947845459,7.636623859405518,-0.9197105169296265,-0.6719167828559875,11.5696382522583,13.279634475708008,-0.0,-0.0,-0.0,-0.0,off
6.74,5.175164699554443,-6.854616165161133,7.622275352478027,-0.9386155605316162,-0.698586642742157,11.483343124389648,13.099451065063477,-0.0,-0.0,-0.0,-0.0,off
6.76,5.15151834487915,-6.698918342590332,7.541393756866455,-0.9655261635780334,-0.7252805829048157,11.326353073120117,12.9215087890625,-0.0,-0.0,-0.0,-0.0,off
6.78,5.028540134429932,-6.528180122375488,7.527337074279785,-0.9926457405090332,-0.752017080783844,11.160831451416016,12.744515419006348,-0.0,-0.0,-0.0,-0.0,off
6.8,4.987298488616943,-6.438642978668213,7.52164363861084,-1.034856915473938,-0.780301034450531,11.086225509643555,12.577675819396973,-0.0,-0.0,-0.0,-0.0,off
6.82,5.025472164154053,-6.272471904754639,7.51899528503418,-1.075926423072815,-0.8098635673522949,11.006114959716797,12.419161796569824,-0.0,-0.0,-0.0,-0.0,off
6.84,4.97266149520874,-6.1668596267700195,7.52395486831665,-1.0960229635238647,-0.8384794592857361,10.92553997039795,12.268291473388672,-0.0,-0.0,-0.0,-0.0,off
6.86,4.8743205070495605,-5.977189540863037,7.436858654022217,-1.1147321462631226,-0.8661047220230103,10.714134216308594,12.111193656921387,-0.0,-0.0,-0.0,-0.0,off
6.88,4.869854927062988,-5.890892028808594,7.4449615478515625,-1.1598368883132935,-0.8954778909683228,10.669842720031738,11.965291023254395,-0.0,-0.0,-0.0,-0.0,off
6.9,4.872636318206787,-5.756736755371094,7.3955817222595215,-1.2023319005966187,-0.9261632561683655,10.56301212310791,11.823189735412598,-0.0,-0.0,-0.0,-0.0,off
6.92,4.9208760261535645,-5.627896785736084,7.339137554168701,-1.2199312448501587,-0.9555400609970093,10.47622013092041,11.686485290527344,-0.0,-0.0,-0.0,-0.0,off
6.94,4.8388214111328125,-5.516637802124023,7.278836727142334,-1.2352880239486694,-0.9835147857666016,10.335808753967285,11.549516677856445,-0.0,-0.0,-0.0,-0.0,off
6.96,4.943403720855713,-5.460162162780762,7.183827877044678,-1.242430329322815,-1.009406328201294,10.288731575012207,11.421692848205566,-0.0,-0.0,-0.0,-0.0,off
6.98,4.9846367835998535,-5.41545295715332,7.073808670043945,-1.2390011548995972,-1.0323657989501953,10.208452224731445,11.298845291137695,-0.0,-0.0,-0.0,-0.0,off
7.0,5.029725551605225,-5.298280239105225,6.992445468902588,-1.2511779069900513,-1.0542470216751099,10.112576484680176,11.178458213806152,-0.0,-0.0,-0.0,-0.0,off
7.0200000000000005,5.066150188446045,-5.190678596496582,6.855846881866455,-1.2629897594451904,-1.075121283531189,9.98056411743164,11.056768417358398,-0.0,-0.0,-0.0,-0.0,off
7.04,4.984145641326904,-5.137508392333984,6.687987804412842,-1.2646386623382568,-1.094072937965393,9.79616641998291,10.929305076599121,-0.0,-0.0,-0.0,-0.0,off
7.0600000000000005,4.993383884429932,-4.995166778564453,6.508810997009277,-1.2671250104904175,-1.1113781929016113,9.604696273803711,10.79515552520752,-0.0,-0.0,-0.0,-0.0,off
7.08,5.037210941314697,-4.887118339538574,6.311268329620361,-1.2593811750411987,-1.126178503036499,9.438724517822266,10.657419204711914,-0.0,-0.0,-0.0,-0.0,off
7.1000000000000005,5.072961330413818,-4.776219367980957,6.148952960968018,-1.2532423734664917,-1.1388849020004272,9.292837142944336,10.518448829650879,-0.0,-0.0,-0.0,-0.0,off
7.12,5.117404460906982,-4.622592926025391,5.993916034698486,-1.2472480535507202,-1.1497211456298828,9.13691520690918,10.377114295959473,-0.0,-0.0,-0.0,-0.0,off
7.140000000000001,5.120345592498779,-4.565010070800781,5.841271877288818,-1.2389403581619263,-1.1586430072784424,9.009867668151855,10.2371826171875,-0.0,-0.0,-0.0,-0.0,off
7.16,5.127364158630371,-4.467738628387451,5.660711288452148,-1.2462928295135498,-1.1674079895019531,8.848401069641113,10.094770431518555,-0.0,-0.0,-0.0,-0.0,off
7.18,5.127796173095703,-4.326231002807617,5.577883243560791,-1.2497997283935547,-1.1756471395492554,8.724869728088379,9.954084396362305,-0.0,-0.0,-0.0,-0.0,off
7.2,5.1548614501953125,-4.204799175262451,5.422631740570068,-1.2416704893112183,-1.1822494268417358,8.582416534423828,9.812698364257812,-0.0,-0.0,-0.0,-0.0,off
7.22,5.173037528991699,-4.0900559425354,5.329345226287842,-1.232309341430664,-1.1872553825378418,8.478843688964844,9.67487621307373,-0.0,-0.0,-0.0,-0.0,off
7.24,5.271365642547607,-3.976235866546631,5.246617794036865,-1.2393971681594849,-1.192469596862793,8.433548927307129,9.545458793640137,-0.0,-0.0,-0.0,-0.0,off
7.26,5.372247219085693,-3.8902764320373535,5.197476863861084,-1.2381902933120728,-1.197041630744934,8.426687240600586,9.427721977233887,-0.0,-0.0,-0.0,-0.0,off
7.28,5.431674480438232,-3.732452869415283,5.138449192047119,-1.2387548685073853,-1.2012128829956055,8.356910705566406,9.314126014709473,-0.0,-0.0,-0.0,-0.0,off
7.3,5.504148006439209,-3.679250717163086,5.099955081939697,-1.2143868207931519,-1.2025301456451416,8.357156753540039,9.211923599243164,-0.0,0.0,-0.0,-0.0,off
7.32,5.495693683624268,-3.5717225074768066,5.058138370513916,-1.1841946840286255,-1.2006964683532715,8.279167175292969,9.112503051757812,-0.0,0.0,-0.0,-0.0,off
7.34,5.634366512298584,-3.560741901397705,4.973721981048584,-1.1516048908233643,-1.1957873106002808,8.316422462463379,9.026244163513184,0.0,-0.0,-0.0,0.0,off
7.36,5.704804420471191,-3.472792148590088,4.905419826507568,-1.131813645362854,-1.189389944076538,8.286628723144531,8.945331573486328,-0.0,-0.0,-0.0,-0.0,off
7.38,5.724488735198975,-3.4577488899230957,4.864167213439941,-1.0975202322006226,-1.1802029609680176,8.269577980041504,8.871590614318848,-0.0,-0.0,-0.0,-0.0,off
7.4,5.726357460021973,-3.359959602355957,4.837701797485352,-1.067935824394226,-1.1689763069152832,8.214856147766113,8.80012321472168,-0.0,-0.0,-0.0,-0.0,off
7.42,5.831760883331299,-3.33487606048584,4.815558910369873,-1.0399106740951538,-1.1560696363449097,8.265618324279785,8.740840911865234,-0.0,-0.0,-0.0,-0.0,off
7.44,5.876453876495361,-3.284946918487549,4.779416561126709,-1.0480613708496094,-1.1452687978744507,8.256295204162598,8.686806678771973,-0.0,-0.0,-0.0,-0.0,off
7.46,5.860123157501221,-3.2508487701416016,4.7316460609436035,-1.0587730407714844,-1.136619210243225,8.203507423400879,8.633633613586426,-0.0,-0.0,-0.0,-0.0,off
7.48,5.958538055419922,-3.167912483215332,4.783133029937744,-1.0420929193496704,-1.127166509628296,8.271530151367188,8.592467308044434,-0.0,-0.0,-0.0,-0.0,off
7.5,6.026247024536133,-3.116931438446045,4.794164180755615,-0.9993927478790283,-1.1143890619277954,8.30752182006836,8.559186935424805,-0.0,-0.0,-0.0,-0.0,off
7.5200000000000005,6.0040364265441895,-3.0214085578918457,4.811280727386475,-0.9839082360267639,-1.101340889930725,8.265941619873047,8.52552604675293,-0.0,0.0,-0.0,-0.0,off
7.54,6.008725643157959,-2.941342830657959,4.806832790374756,-0.9837866425514221,-1.0895854234695435,8.237834930419922,8.49264907836914,-0.0,-0.0,-0.0,-0.0,off
7.5600000000000005,5.999175548553467,-2.8679165840148926,4.848552227020264,-0.9910637140274048,-1.0797332525253296,8.229429244995117,8.462607383728027,0.0,-0.0,-0.0,0.0,off
7.58,6.114024639129639,-2.827742576599121,4.826683521270752,-0.9605969190597534,-1.067819595336914,8.286995887756348,8.441113471984863,0.0,-0.0,-0.0,0.0,off
7.6000000000000005,6.270229816436768,-2.662405490875244,4.84235143661499,-0.9610444903373718,-1.0571421384811401,8.357784271240234,8.427518844604492,-0.0,0.0,-0.0,-0.0,off
7.62,6.370865821838379,-2.5559744834899902,4.853450775146484,-0.9899393916130066,-1.0504218339920044,8.406956672668457,8.41974925994873,0.0,0.0,-0.0,0.0,off
7.640000000000001,6.49175500869751,-2.482145309448242,4.874025821685791,-0.9760844111442566,-1.0429880619049072,8.48882007598877,8.420736312866211,-0.0,0.0,-0.0,-0.0,off
7.66,6.570573329925537,-2.425658702850342,4.883367538452148,-0.960313618183136,-1.034720540046692,8.53835678100586,8.426800727844238,-0.0,0.0,-0.0,-0.0,off
7.68,6.635066032409668,-2.329057216644287,4.858133316040039,-0.9427693486213684,-1.025525450706482,8.5469331741333,8.432964324951172,-0.0,-0.0,-0.0,-0.0,off
7.7,6.677921772003174,-2.270218849182129,4.88416051864624,-0.9472150802612305,-1.017694354057312,8.579251289367676,8.442191123962402,-0.0,-0.0,-0.0,-0.0,off
7.72,6.703210353851318,-2.2260689735412598,4.906280994415283,-0.9432410597801208,-1.0102490186691284,8.600000381469727,8.45316219329834,-0.0,-0.0,-0.0,-0.0,off
7.74,6.739078044891357,-2.117215633392334,4.901907920837402,-0.9298949837684631,-1.0022135972976685,8.598051071166992,8.462696075439453,-0.0,-0.0,-0.0,-0.0,off
7.76,6.844676494598389,-1.9758144617080688,4.918859004974365,-0.9125376343727112,-0.9932459592819214,8.657286643981934,8.476463317871094,-0.0,-0.0,-0.0,-0.0,off
7.78,6.8957390785217285,-1.8792701959609985,4.929459095001221,-0.9159349799156189,-0.9855148196220398,8.682306289672852,8.491362571716309,-0.0,-0.0,-0.0,-0.0,off
7.8,6.930127143859863,-1.8368936777114868,4.913592338562012,-0.9211690425872803,-0.9790802001953125,8.691617965698242,8.50625228881836,-0.0,-0.0,-0.0,-0.0,off
7.82,6.947682857513428,-1.800575852394104,4.952497959136963,-0.9065616130828857,-0.9718283414840698,8.720069885253906,8.523173332214355,-0.0,-0.0,-0.0,-0.0,off
7.84,7.027782917022705,-1.712015986442566,4.943211555480957,-0.895909309387207,-0.9642363786697388,8.761054039001465,8.54232406616211,-0.0,-0.0,-0.0,-0.0,off
7.86,7.130371570587158,-1.615484356880188,4.956869125366211,-0.8733445405960083,-0.9551471471786499,8.833036422729492,8.566486358642578,-0.0,-0.0,-0.0,-0.0,off
7.88,7.2736639976501465,-1.5690516233444214,4.984684944152832,-0.8679758906364441,-0.9464300274848938,8.956293106079102,8.600647926330566,-0.0,-0.0,-0.0,-0.0,off
7.9,7.4398345947265625,-1.4963494539260864,5.019505977630615,-0.8565651178359985,-0.9374435544013977,9.098661422729492,8.645428657531738,-0.0,-0.0,-0.0,-0.0,off
7.92,7.462522029876709,-1.4543253183364868,5.0638427734375,-0.8474017977714539,-0.9284393191337585,9.13492202758789,8.690018653869629,0.0,0.0,-0.0,0.0,off
7.94,7.507977485656738,-1.4035793542861938,5.094614028930664,-0.8325725793838501,-0.9188526272773743,9.181222915649414,8.735158920288086,-0.0,-0.0,-0.0,-0.0,off
7.96,7.609715461730957,-1.29841148853302,5.154209613800049,-0.8010154366493225,-0.9070689082145691,9.282215118408203,8.785649299621582,-0.0,-0.0,-0.0,-0.0,off
7.98,7.765854358673096,-1.2534211874008179,5.224177837371826,-0.781596839427948,-0.8945217132568359,9.443071365356445,8.847342491149902,-0.0,-0.0,-0.0,-0.0,off
8.0,7.838675022125244,-1.2150646448135376,5.279449462890625,-0.7715177536010742,-0.8822212815284729,9.52857780456543,8.911834716796875,0.0,-0.0,-0.0,0.0,off
8.02,7.8469157218933105,-1.1163305044174194,5.32997465133667,-0.7571765780448914,-0.8697167634963989,9.551383018493652,8.972187995910645,-0.0,0.0,-0.0,-0.0,off
8.040000000000001,7.977723598480225,-1.0278726816177368,5.3958001136779785,-0.7469241619110107,-0.8574374914169312,9.685827255249023,9.03980541229248,-0.0,0.0,-0.0,-0.0,off
8.06,8.080642700195312,-0.9233473539352417,5.453475475311279,-0.738817036151886,-0.8455753922462463,9.792330741882324,9.111117362976074,-0.0,0.0,-0.0,-0.0,off
8.08,8.171151161193848,-0.8137644529342651,5.512816905975342,-0.7255600094795227,-0.8335738778114319,9.890453338623047,9.184929847717285,-0.0,-0.0,-0.0,-0.0,off
8.1,8.164509773254395,-0.741867184638977,5.557685375213623,-0.7083986401557922,-0.8210563659667969,9.90441608428955,9.253058433532715,-0.0,-0.0,-0.0,-0.0,off
8.120000000000001,8.265510559082031,-0.678331732749939,5.644263744354248,-0.68994140625,-0.8079448938369751,10.03177547454834,9.327295303344727,-0.0,-0.0,-0.0,-0.0,off
8.14,8.40294361114502,-0.5843774080276489,5.720255374908447,-0.6755092144012451,-0.7947012782096863,10.181958198547363,9.40902042388916,-0.0,-0.0,-0.0,-0.0,off
8.16,8.413393020629883,-0.4569360017776489,5.824650287628174,-0.6852457523345947,-0.7837557196617126,10.243071556091309,9.488445281982422,-0.0,-0.0,-0.0,-0.0,off
8.18,8.494959831237793,-0.4155060052871704,5.8966779708862305,-0.6756481528282166,-0.7729449272155762,10.349289894104004,9.570975303649902,-0.0,0.0,-0.0,-0.0,off
8.2,8.650768280029297,-0.283746600151062,5.9792704582214355,-0.6425237059593201,-0.7599027752876282,10.519885063171387,9.661946296691895,-0.0,-0.0,-0.0,-0.0,off
8.22,8.793957710266113,-0.20505797863006592,6.0630011558532715,-0.6236214637756348,-0.7462745904922485,10.683432579040527,9.760299682617188,-0.0,0.0,-0.0,-0.0,off
8.24,8.904610633850098,-0.18648970127105713,6.168369770050049,-0.627210795879364,-0.7343682050704956,10.834004402160645,9.864466667175293,-0.0,0.0,-0.0,-0.0,off
8.26,8.971234321594238,-0.09493815898895264,6.230823040008545,-0.6156889796257019,-0.7225002646446228,10.923150062561035,9.967135429382324,-0.0,0.0,-0.0,-0.0,off
8.28,9.097467422485352,-0.032096028327941895,6.319314479827881,-0.5998564958572388,-0.7102358341217041,11.076943397521973,10.075116157531738,-0.0,-0.0,-0.0,-0.0,off
8.3,9.157708168029785,0.005175948143005371,6.403552532196045,-0.5753645300865173,-0.6967487335205078,11.17448616027832,10.18240737915039,-0.0,-0.0,-0.0,-0.0,off
8.32,9.345852851867676,0.14240944385528564,6.506136417388916,-0.5560771822929382,-0.6826815605163574,11.388373374938965,10.300009727478027,0.0,-0.0,-0.0,0.0,off
8.34,9.419333457946777,0.25903165340423584,6.618492603302002,-0.5553196668624878,-0.6699453592300415,11.515007019042969,10.418347358703613,-0.0,0.0,-0.0,-0.0,off
8.36,9.449713706970215,0.3571075201034546,6.718123912811279,-0.5487629771232605,-0.6578271389007568,11.599905014038086,10.533302307128906,-0.0,0.0,-0.0,-0.0,off
8.38,9.541346549987793,0.4302576780319214,6.8463664054870605,-0.5262526869773865,-0.6446696519851685,11.751389503479004,10.65204906463623,-0.0,-0.0,-0.0,-0.0,off
8.4,9.62985897064209,0.47195279598236084,6.994171619415283,-0.5039582252502441,-0.6305985450744629,11.911144256591797,10.775190353393555,-0.0,-0.0,-0.0,-0.0,off
8.42,9.786738395690918,0.4650486707687378,7.0920233726501465,-0.49339935183525085,-0.6168786287307739,12.09517765045166,10.905060768127441,0.0,-0.0,-0.0,0.0,off
8.44,9.855228424072266,0.4977186918258667,7.24974250793457,-0.49306440353393555,-0.6044971942901611,12.244672775268555,11.037053108215332,-0.0,-0.0,-0.0,-0.0,off
8.46,9.95113468170166,0.6178768873214722,7.391524791717529,-0.47925883531570435,-0.5919733643531799,12.411345481872559,11.172247886657715,-0.0,-0.0,-0.0,-0.0,off
8.48,10.091111183166504,0.7420600652694702,7.579370021820068,-0.4664236307144165,-0.5794183611869812,12.642311096191406,11.31674575805664,-0.0,-0.0,-0.0,-0.0,off
8.5,10.187016487121582,0.8590368032455444,7.753910541534424,-0.4564744234085083,-0.5671239495277405,12.831070899963379,11.465422630310059,-0.0,-0.0,-0.0,-0.0,off
8.52,10.234735488891602,0.86626136302948,7.933760166168213,-0.46953830122947693,-0.5573654174804688,12.97862720489502,11.614249229431152,-0.0,-0.0,-0.0,-0.0,off
8.540000000000001,10.309638023376465,0.9605511426925659,8.094286918640137,-0.4816911518573761,-0.5497980117797852,13.142631530761719,11.764458656311035,-0.0,-0.0,-0.0,-0.0,off
8.56,10.505874633789062,1.0334290266036987,8.28557300567627,-0.4725923240184784,-0.5420774221420288,13.419839859008789,11.927550315856934,-0.0,-0.0,-0.0,-0.0,off
8.58,10.56956672668457,1.0995014905929565,8.473018646240234,-0.46268337965011597,-0.534138023853302,13.591052055358887,12.091377258300781,-0.0,-0.0,-0.0,-0.0,off
8.6,10.837128639221191,1.1622995138168335,8.637472152709961,-0.4543832540512085,-0.5261625647544861,13.906841278076172,12.270851135253906,-0.0,-0.0,-0.0,-0.0,off
8.620000000000001,11.02037239074707,1.2879208326339722,8.872864723205566,-0.46176016330718994,-0.5197223424911499,14.206867218017578,12.46218490600586,-0.0,-0.0,-0.0,-0.0,off
8.64,11.153592109680176,1.3992565870285034,9.108646392822266,-0.44410303235054016,-0.5121604204177856,14.468171119689941,12.660307884216309,-0.0,-0.0,-0.0,-0.0,off
8.66,11.351853370666504,1.4768375158309937,9.29580020904541,-0.40287208557128906,-0.5012315511703491,14.746441841125488,12.866677284240723,-0.0,-0.0,-0.0,-0.0,off
8.68,11.444649696350098,1.5414446592330933,9.553436279296875,-0.394977331161499,-0.4906061291694641,14.987468719482422,13.076380729675293,-0.0,-0.0,-0.0,-0.0,off
8.700000000000001,11.600262641906738,1.717124342918396,9.839899063110352,-0.3977311849594116,-0.4813186228275299,15.308109283447266,13.296674728393555,-0.0,-0.0,-0.0,-0.0,off
8.72,11.805001258850098,1.8516334295272827,10.07829761505127,-0.3801880180835724,-0.47120553255081177,15.631976127624512,13.527321815490723,-0.0,0.0,-0.0,-0.0,off
8.74,12.00284481048584,1.929160475730896,10.362397193908691,-0.34148985147476196,-0.45823395252227783,15.974017143249512,13.76923656463623,-0.0,0.0,-0.0,-0.0,off
8.76,12.121334075927734,2.0324325561523438,10.701066970825195,-0.2925572991371155,-0.44166627526283264,16.296329498291016,14.01883316040039,-0.0,0.0,-0.0,-0.0,off
8.78,12.365056037902832,2.123599052429199,11.022634506225586,-0.27099043130874634,-0.42459869384765625,16.700382232666016,14.28403377532959,-0.0,-0.0,-0.0,-0.0,off
8.8,12.577057838439941,2.1849913597106934,11.408297538757324,-0.26130443811416626,-0.4082692563533783,17.12033462524414,14.564682006835938,-0.0,-0.0,-0.0,-0.0,off
8.82,12.759835243225098,2.258112907409668,11.802799224853516,-0.2310042679309845,-0.39054274559020996,17.527650833129883,14.857804298400879,-0.0,0.0,-0.0,-0.0,off
8.84,12.97106647491455,2.3210973739624023,12.146280288696289,-0.1916840374469757,-0.3706568777561188,17.921165466308594,15.161096572875977,-0.0,0.0,-0.0,-0.0,off
8.86,13.2616548538208,2.4112863540649414,12.572219848632812,-0.16430255770683289,-0.35002145171165466,18.432214736938477,15.485215187072754,-0.0,0.0,-0.0,-0.0,off
8.88,13.50284194946289,2.4648070335388184,13.007457733154297,-0.15521323680877686,-0.33054062724113464,18.910207748413086,15.824678421020508,-0.0,0.0,-0.0,-0.0,off
8.9,13.748900413513184,2.530094623565674,13.502788543701172,-0.13086435198783875,-0.3105729818344116,19.43602180480957,16.18252944946289,-0.0,-0.0,-0.0,-0.0,off
8.92,13.991886138916016,2.5115108489990234,14.005906105041504,-0.09609494358301163,-0.2891251742839813,19.956100463867188,16.55647850036621,-0.0,-0.0,-0.0,-0.0,off
8.94,14.310389518737793,2.46254825592041,14.617277145385742,-0.06482131034135818,-0.2666947841644287,20.603790283203125,16.957542419433594,-0.0,-0.0,-0.0,-0.0,off
8.96,14.71826457977295,2.5133094787597656,15.247665405273438,-0.04147417098283768,-0.24417270720005035,21.340930938720703,17.392192840576172,-0.0,-0.0,-0.0,-0.0,off
8.98,15.025566101074219,2.5555777549743652,15.817270278930664,-0.03872571140527725,-0.2236279994249344,21.965532302856445,17.84571075439453,-0.0,-0.0,-0.0,-0.0,off
9.0,15.47475814819336,2.6284961700439453,16.28056526184082,-0.023982234299182892,-0.2036634236574173,22.614904403686523,18.319639205932617,-0.0,-0.0,-0.0,-0.0,off
9.02,16.144001007080078,2.730368137359619,16.92267417907715,-0.012901075184345245,-0.18458719551563263,23.546985626220703,18.840164184570312,-0.0,-0.0,-0.0,-0.0,off
9.040000000000001,16.753353118896484,2.805236339569092,17.5990047454834,0.012066565454006195,-0.1649218201637268,24.45954132080078,19.400253295898438,-0.0,0.0,-0.0,-0.0,off
9.06,17.579788208007812,2.9756622314453125,18.29996109008789,0.03547530621290207,-0.14488209784030914,25.54979705810547,20.014074325561523,-0.0,0.0,-0.0,-0.0,off
9.08,18.305360794067383,3.052877902984619,18.765439987182617,0.07302113622426987,-0.12309176474809647,26.392196655273438,20.651418685913086,-0.0,-0.0,-0.0,-0.0,off
9.1,18.9061222076416,3.1767730712890625,19.131174087524414,0.11035766452550888,-0.09974682331085205,27.08385467529297,21.294509887695312,-0.0,-0.0,-0.0,-0.0,off
9.120000000000001,19.735681533813477,3.386354446411133,19.499248504638672,0.1359817087650299,-0.07617396116256714,27.949691772460938,21.95998191833496,-0.0,-0.0,-0.0,-0.0,off
9.14,20.30348777770996,3.448178768157959,19.738475799560547,0.15765231847763062,-0.052791327238082886,28.525936126708984,22.616426467895508,-0.0,-0.0,-0.0,-0.0,off
9.16,20.919971466064453,3.5666189193725586,20.00381088256836,0.13846838474273682,-0.03366535156965256,29.16364860534668,23.2707462310791,-0.0,-0.0,-0.0,-0.0,off
9.18,21.45868492126465,3.615385055541992,20.154462814331055,0.1384088397026062,-0.01645793206989765,29.660554885864258,23.90897560119629,-0.0,-0.0,-0.0,-0.0,off
9.200000000000001,21.767797470092773,3.638638496398926,20.252885818481445,0.13106977939605713,-0.0017051603645086288,29.954233169555664,24.51263999938965,-0.0,-0.0,-0.0,-0.0,off
9.22,22.131999969482422,3.7550110816955566,20.29940414428711,0.09836988896131516,0.00830234494060278,30.265348434448242,25.086721420288086,-0.0,-0.0,-0.0,-0.0,off
9.24,22.25732421875,3.8061118125915527,20.32598304748535,0.052876509726047516,0.01275976188480854,30.381254196166992,25.61507797241211,-0.0,-0.0,-0.0,-0.0,off
9.26,22.510009765625,3.9854955673217773,20.25988006591797,0.029955647885799408,0.014479350298643112,30.54582405090332,26.10663414001465,-0.0,-0.0,-0.0,-0.0,off
9.28,22.651798248291016,3.7993555068969727,20.118289947509766,0.03241681307554245,0.016273096203804016,30.533336639404297,26.547666549682617,-0.0,0.0,-0.0,-0.0,off
9.3,22.740154266357422,3.735278606414795,19.943096160888672,0.05511034280061722,0.020156819373369217,30.47612190246582,26.938671112060547,-0.0,0.0,-0.0,-0.0,off
9.32,22.94331932067871,3.693432331085205,19.792783737182617,0.0945996418595314,0.027601100504398346,30.5252628326416,27.29507064819336,-0.0,-0.0,-0.0,-0.0,off
9.34,22.998291015625,3.4440059661865234,19.634721755981445,0.1339358687400818,0.03823457658290863,30.435256958007812,27.606672286987305,-0.0,-0.0,-0.0,-0.0,off
9.36,23.179466247558594,3.2327537536621094,19.581668853759766,0.18332058191299438,0.05274317413568497,30.515243530273438,27.894832611083984,-0.0,-0.0,-0.0,-0.0,off
9.38,23.163509368896484,3.292372703552246,19.545473098754883,0.23457735776901245,0.07092659175395966,30.486282348632812,28.1518497467041,-0.0,-0.0,-0.0,-0.0,off
9.4,23.359821319580078,3.3554234504699707,19.56140899658203,0.2791883945465088,0.09175276756286621,30.652713775634766,28.399904251098633,-0.0,-0.0,-0.0,-0.0,off
9.42,23.3654842376709,3.4247164726257324,19.43094253540039,0.31469467282295227,0.11404696106910706,30.58163070678711,28.616182327270508,-0.0,0.0,-0.0,-0.0,off
9.44,23.420854568481445,3.3255763053894043,19.313758850097656,0.36637914180755615,0.13928017020225525,30.538782119750977,28.80648422241211,-0.0,-0.0,-0.0,-0.0,off
9.46,23.61107635498047,3.2285079956054688,19.291521072387695,0.43472009897232056,0.16882415115833282,30.66054344177246,28.989795684814453,-0.0,-0.0,-0.0,-0.0,off
9.48,23.716121673583984,3.2128500938415527,19.1637020111084,0.5070757269859314,0.2026493102312088,30.659814834594727,29.154571533203125,-0.0,0.0,-0.0,-0.0,off
9.5,23.81093978881836,3.1642656326293945,19.116071701049805,0.5525899529457092,0.23764336109161377,30.698495864868164,29.306814193725586,-0.0,-0.0,-0.0,-0.0,off
9.52,23.850404739379883,3.467757225036621,19.065881729125977,0.587529182434082,0.2726319432258606,30.730684280395508,29.44740104675293,-0.0,0.0,-0.0,-0.0,off
9.540000000000001,23.922527313232422,3.5706262588500977,18.979034423828125,0.6057990193367004,0.3059486448764801,30.744762420654297,29.57532501220703,-0.0,0.0,-0.0,-0.0,off
9.56,24.145280838012695,3.7897233963012695,18.897464752197266,0.6351093649864197,0.33886468410491943,30.89451026916504,29.70501708984375,-0.0,-0.0,-0.0,-0.0,off
9.58,24.291959762573242,4.059136390686035,18.818647384643555,0.6600699424743652,0.370985209941864,30.995441436767578,29.831459045410156,-0.0,-0.0,-0.0,-0.0,off
9.6,24.38030242919922,4.046616554260254,18.906064987182617,0.6791380047798157,0.4018004834651947,31.116130828857422,29.95791244506836,-0.0,0.0,-0.0,-0.0,off
9.620000000000001,24.274444580078125,4.413604736328125,18.93766975402832,0.6669911742210388,0.4283195436000824,31.102474212646484,30.070363998413086,0.0,-0.0,-0.0,0.0,off
9.64,24.40526580810547,4.771956443786621,18.969789505004883,0.6762261390686035,0.4531102180480957,31.276851654052734,30.18842315673828,0.0,-0.0,-0.0,0.0,off
9.66,24.306093215942383,4.894896507263184,19.152143478393555,0.6925661563873291,0.47705578804016113,31.329710006713867,30.3005313873291,-0.0,-0.0,-0.0,-0.0,off
9.68,24.360694885253906,5.210336685180664,19.272241592407227,0.7066028118133545,0.5000104904174805,31.496196746826172,30.41763687133789,-0.0,-0.0,-0.0,-0.0,off
9.700000000000001,24.25707244873047,5.2517499923706055,19.484621047973633,0.7145817875862122,0.5214676260948181,31.553714752197266,30.529348373413086,-0.0,-0.0,-0.0,-0.0,off
9.72,24.213123321533203,5.404143333435059,19.647127151489258,0.7409998178482056,0.5434208512306213,31.64632225036621,30.639116287231445,-0.0,0.0,-0.0,-0.0,off
9.74,24.19106674194336,5.527343273162842,19.77745246887207,0.7886598110198975,0.5679447650909424,31.731796264648438,30.74646759033203,-0.0,0.0,-0.0,-0.0,off
9.76,24.182878494262695,5.715510845184326,19.840242385864258,0.8338247537612915,0.5945327877998352,31.798017501831055,30.8494815826416,-0.0,-0.0,-0.0,-0.0,off
9.78,24.215824127197266,5.873903274536133,19.88599395751953,0.880291223526001,0.6231086254119873,31.88042640686035,30.950363159179688,-0.0,-0.0,-0.0,-0.0,off
9.8,24.235401153564453,6.06223201751709,19.927595138549805,0.9171826839447021,0.6525160074234009,31.956443786621094,31.04857635498047,0.0,0.0,-0.0,0.0,off
9.82,24.288244247436523,6.2287187576293945,19.97481346130371,0.9496327638626099,0.6822276711463928,32.057899475097656,31.147052764892578,-0.0,-0.0,-0.0,-0.0,off
9.84,24.318899154663086,6.440964698791504,20.000696182250977,1.0009642839431763,0.7141013145446777,32.13911437988281,31.24355697631836,-0.0,-0.0,-0.0,-0.0,off
9.86,24.301965713500977,6.633963108062744,20.03424644470215,1.0388492345809937,0.7465761303901672,32.18642807006836,31.33495330810547,-0.0,0.0,-0.0,-0.0,off
9.88,24.3320255279541,6.857573986053467,20.05171012878418,1.0582258701324463,0.7777410745620728,32.26677703857422,31.424983978271484,-0.0,-0.0,-0.0,-0.0,off
9.9,24.328168869018555,7.088444709777832,20.06608772277832,1.0819076299667358,0.808157742023468,32.32265090942383,31.511295318603516,-0.0,0.0,-0.0,-0.0,off
9.92,24.3604793548584,7.255548477172852,20.09588050842285,1.100569725036621,0.8373989462852478,32.4024772644043,31.596988677978516,-0.0,-0.0,-0.0,-0.0,off
9.94,24.29652214050293,7.521787643432617,20.154359817504883,1.106852412223816,0.8643442392349243,32.451446533203125,31.678516387939453,-0.0,-0.0,-0.0,-0.0,off
9.96,24.334644317626953,7.768007278442383,20.171525955200195,1.1076537370681763,0.8886752128601074,32.54853820800781,31.76133155822754,-0.0,-0.0,-0.0,-0.0,off
9.98,24.347389221191406,8.086133003234863,20.210424423217773,1.1186941862106323,0.9116770625114441,32.659488677978516,31.846338272094727,-0.0,-0.0,-0.0,-0.0,off
10.0,24.3956298828125,8.296599388122559,20.209028244018555,1.149642825126648,0.935473620891571,32.747291564941406,31.931612014770508,-0.0,-0.0,-0.0,-0.0,off
10.02,24.42711067199707,8.531516075134277,20.21790885925293,1.1815673112869263,0.9600829482078552,32.83647918701172,32.01713180541992,-0.0,-0.0,-0.0,-0.0,off
10.040000000000001,24.49241065979004,8.854022979736328,20.21629524230957,1.2005478143692017,0.9841294288635254,32.969234466552734,32.10681915283203,-0.0,-0.0,-0.0,-0.0,off
10.06,24.60375213623047,9.159356117248535,20.232778549194336,1.2107120752334595,1.006787657737732,33.14519119262695,32.204769134521484,-0.0,-0.0,-0.0,-0.0,off
10.08,24.666908264160156,9.508744239807129,20.20957374572754,1.2182083129882812,1.027929663658142,33.27610778808594,32.30534744262695,-0.0,0.0,-0.0,-0.0,off
10.1,24.7100887298584,9.769944190979004,20.195220947265625,1.2299435138702393,1.048130989074707,33.37495040893555,32.4056282043457,-0.0,-0.0,-0.0,-0.0,off
10.120000000000001,24.787321090698242,10.03734016418457,20.196691513061523,1.2398399114608765,1.067301869392395,33.512176513671875,32.50951385498047,-0.0,-0.0,-0.0,-0.0,off
10.14,24.87626075744629,10.349003791809082,20.17136573791504,1.246817946434021,1.0852534770965576,33.65730667114258,32.61717224121094,-0.0,-0.0,-0.0,-0.0,off
10.16,24.958465576171875,10.622328758239746,20.151363372802734,1.257408857345581,1.1024689674377441,33.79106903076172,32.72734832763672,-0.0,-0.0,-0.0,-0.0,off
10.18,24.974851608276367,10.84603500366211,20.1470890045166,1.274340033531189,1.1196560859680176,33.8715934753418,32.83473205566406,-0.0,-0.0,-0.0,-0.0,off
10.200000000000001,25.03951072692871,11.08775806427002,20.105127334594727,1.2953212261199951,1.1372225284576416,33.972511291503906,32.9415168762207,-0.0,-0.0,-0.0,-0.0,off
10.22,25.101993560791016,11.3064603805542,20.108013153076172,1.3003476858139038,1.153535008430481,34.09220504760742,33.04983139038086,-0.0,-0.0,-0.0,-0.0,off
10.24,25.15457534790039,11.566547393798828,20.090621948242188,1.2863234281539917,1.1668137311935425,34.207759857177734,33.158817291259766,-0.0,-0.0,-0.0,-0.0,off
10.26,25.22205924987793,11.784394264221191,20.074438095092773,1.2696328163146973,1.1770955324172974,34.322113037109375,33.26854705810547,-0.0,-0.0,-0.0,-0.0,off
10.28,25.292266845703125,12.070444107055664,20.03415298461914,1.2565726041793823,1.1850430965423584,34.44940948486328,33.37980651855469,-0.0,0.0,-0.0,-0.0,off
10.3,25.292116165161133,12.19831657409668,19.989858627319336,1.2713813781738281,1.1936769485473633,34.46860122680664,33.482452392578125,-0.0,-0.0,-0.0,-0.0,off
10.32,25.32550811767578,12.418848991394043,19.965028762817383,1.2810848951339722,1.2024177312850952,34.55736541748047,33.583805084228516,-0.0,-0.0,-0.0,-0.0,off
10.34,25.35133934020996,12.547859191894531,19.93720054626465,1.2985972166061401,1.2120356559753418,34.606807708740234,33.680503845214844,-0.0,-0.0,-0.0,-0.0,off
10.36,25.39255142211914,12.71597957611084,19.908306121826172,1.3245517015457153,1.2232873439788818,34.68167495727539,33.77531051635742,-0.0,-0.0,-0.0,-0.0,off
10.38,25.352630615234375,12.728156089782715,19.92192268371582,1.3343682289123535,1.2343953847885132,34.66474914550781,33.85991287231445,-0.0,0.0,-0.0,-0.0,off
10.4,25.31822395324707,12.736830711364746,19.935205459594727,1.3357003927230835,1.2445259094238281,34.650421142578125,33.9354248046875,-0.0,-0.0,-0.0,-0.0,off
10.42,25.315900802612305,12.806875228881836,19.896955490112305,1.3246251344680786,1.2525358200073242,34.652557373046875,34.00397872924805,-0.0,-0.0,-0.0,-0.0,off
10.44,25.31036949157715,12.80789566040039,19.88602066040039,1.3152354955673218,1.258805751800537,34.642616271972656,34.065269470214844,-0.0,-0.0,-0.0,-0.0,off
10.46,25.3160400390625,12.763567924499512,19.83836555480957,1.3393982648849487,1.2668650150299072,34.60305404663086,34.11705017089844,-0.0,-0.0,-0.0,-0.0,off
10.48,25.369531631469727,12.774928092956543,19.81168556213379,1.362991213798523,1.276477575302124,34.631126403808594,34.166805267333984,-0.0,-0.0,-0.0,-0.0,off
10.5,25.337045669555664,12.810164451599121,19.78369903564453,1.3791567087173462,1.286745548248291,34.604347229003906,34.20909881591797,-0.0,0.0,-0.0,-0.0,off
10.52,25.286788940429688,12.773712158203125,19.766843795776367,1.3938419818878174,1.297455072402954,34.544429779052734,34.24149703979492,-0.0,-0.0,-0.0,-0.0,off
10.540000000000001,25.188058853149414,12.662610054016113,19.743528366088867,1.4030314683914185,1.3080127239227295,34.41782760620117,34.25837707519531,-0.0,-0.0,-0.0,-0.0,off
10.56,25.13692855834961,12.611468315124512,19.735841751098633,1.3813577890396118,1.3153471946716309,34.357208251953125,34.26771545410156,-0.0,-0.0,-0.0,-0.0,off
10.58,25.06507682800293,12.634961128234863,19.689165115356445,1.3592208623886108,1.3197345733642578,34.28649139404297,34.26906967163086,-0.0,-0.0,-0.0,-0.0,off
10.6,25.015216827392578,12.603732109069824,19.652164459228516,1.3272625207901,1.3204872608184814,34.217288970947266,34.26347351074219,0.0,-0.0,-0.0,0.0,off
10.620000000000001,24.963668823242188,12.507159233093262,19.61627769470215,1.305883526802063,1.3190269470214844,34.12348175048828,34.24922180175781,-0.0,-0.0,-0.0,-0.0,off
10.64,24.902820587158203,12.418656349182129,19.587003707885742,1.3033868074417114,1.3174629211425781,34.029754638671875,34.22712707519531,-0.0,-0.0,-0.0,-0.0,off
10.66,24.860185623168945,12.407936096191406,19.5484676361084,1.3041492700576782,1.316131591796875,33.97246551513672,34.201534271240234,-0.0,-0.0,-0.0,-0.0,off
10.68,24.81361961364746,12.345025062561035,19.53520393371582,1.2955008745193481,1.3140685558319092,33.90781021118164,34.17208480834961,-0.0,-0.0,-0.0,-0.0,off
10.700000000000001,24.77126693725586,12.33971881866455,19.4879207611084,1.28947913646698,1.3116095066070557,33.84764862060547,34.13956832885742,-0.0,0.0,-0.0,-0.0,off
10.72,24.720279693603516,12.299666404724121,19.458566665649414,1.2970445156097412,1.3101530075073242,33.77883529663086,34.103450775146484,-0.0,-0.0,-0.0,-0.0,off
10.74,24.73097801208496,12.211657524108887,19.447525024414062,1.3245512247085571,1.3115928173065186,33.74836349487305,34.067928314208984,-0.0,-0.0,-0.0,-0.0,off
10.76,24.657630920410156,12.16651439666748,19.46059226989746,1.3424254655838013,1.31467604637146,33.68586730957031,34.02971649169922,-0.0,-0.0,-0.0,-0.0,off
10.78,24.603029251098633,12.09438705444336,19.463834762573242,1.3534868955612183,1.3185571432113647,33.62178039550781,33.98891830444336,-0.0,0.0,-0.0,-0.0,off
10.8,24.505746841430664,12.073988914489746,19.4818058013916,1.3591026067733765,1.322611689567566,33.553741455078125,33.945377349853516,-0.0,-0.0,-0.0,-0.0,off
10.82,24.477481842041016,12.052348136901855,19.4603328704834,1.3628777265548706,1.3266383409500122,33.51284408569336,33.902103424072266,-0.0,-0.0,-0.0,-0.0,off
10.84,24.400712966918945,12.053915977478027,19.454809188842773,1.3725205659866333,1.3312265872955322,33.454166412353516,33.85728073120117,-0.0,-0.0,-0.0,-0.0,off
10.86,24.34252166748047,12.059067726135254,19.429794311523438,1.3622111082077026,1.3343250751495361,33.3990478515625,33.81142044067383,-0.0,-0.0,-0.0,-0.0,off
10.88,24.269731521606445,12.026158332824707,19.442699432373047,1.3700884580612183,1.3379013538360596,33.341670989990234,33.7643928527832,-0.0,0.0,-0.0,-0.0,off
10.9,24.2205810546875,11.977741241455078,19.441024780273438,1.3877272605895996,1.3428839445114136,33.287479400634766,33.71664810180664,-0.0,-0.0,-0.0,-0.0,off
10.92,24.161317825317383,11.919896125793457,19.44231414794922,1.404915690422058,1.349087119102478,33.224342346191406,33.6673469543457,-0.0,-0.0,-0.0,-0.0,off
10.94,24.132259368896484,11.930752754211426,19.427534103393555,1.4133816957473755,1.3555164337158203,33.198463439941406,33.620399475097656,-0.0,-0.0,-0.0,-0.0,off
10.96,24.06928825378418,11.935992240905762,19.42076873779297,1.4106385707855225,1.3610285520553589,33.150638580322266,33.573360443115234,-0.0,-0.0,-0.0,-0.0,off
10.98,24.098297119140625,11.987545013427734,19.39225196838379,1.4138097763061523,1.3663066625595093,33.17361068725586,33.533348083496094,-0.0,-0.0,-0.0,-0.0,off
11.0,24.133804321289062,12.01292896270752,19.375829696655273,1.4320108890533447,1.3728771209716797,33.19900131225586,33.49988555908203,-0.0,0.0,-0.0,-0.0,off
11.02,24.105010986328125,12.041704177856445,19.411325454711914,1.4231822490692139,1.377907633781433,33.20924377441406,33.470787048339844,-0.0,0.0,-0.0,-0.0,off
11.040000000000001,24.07168197631836,12.070666313171387,19.427461624145508,1.4016300439834595,1.380279779434204,33.20501708984375,33.444156646728516,-0.0,0.0,-0.0,-0.0,off
11.06,24.016366958618164,12.093552589416504,19.446306228637695,1.3822375535964966,1.3804755210876465,33.1843147277832,33.418094635009766,-0.0,0.0,-0.0,-0.0,off
11.08,24.03177833557129,12.14029598236084,19.455480575561523,1.3885658979415894,1.381284475326538,33.217899322509766,33.39800262451172,0.0,-0.0,-0.0,0.0,off
11.1,24.045543670654297,12.172185897827148,19.48270034790039,1.4086586236953735,1.3840217590332031,33.255462646484375,33.38367462158203,-0.0,-0.0,-0.0,-0.0,off
11.120000000000001,24.08489990234375,12.195147514343262,19.507814407348633,1.4358253479003906,1.3892021179199219,33.30704116821289,33.37594985961914,-0.0,-0.0,-0.0,-0.0,off
11.14,24.10516357421875,12.228282928466797,19.51801109313965,1.4602696895599365,1.3963088989257812,33.339805603027344,33.37228012084961,-0.0,-0.0,-0.0,-0.0,off
11.16,24.089550018310547,12.22400951385498,19.5454158782959,1.4702529907226562,1.4037033319473267,33.3430061340332,33.369300842285156,-0.0,-0.0,-0.0,-0.0,off
11.18,24.03289794921875,12.282097816467285,19.5606746673584,1.4695115089416504,1.410284161567688,33.332420349121094,33.36552047729492,-0.0,-0.0,-0.0,-0.0,off
11.200000000000001,23.994163513183594,12.341477394104004,19.56449317932129,1.468335747718811,1.4160892963409424,33.32868576049805,33.36171340942383,-0.0,-0.0,-0.0,-0.0,off
11.22,23.97624397277832,12.445453643798828,19.5621280670166,1.4573557376861572,1.4202159643173218,33.353057861328125,33.36067199707031,-0.0,-0.0,-0.0,-0.0,off
11.24,23.922658920288086,12.466604232788086,19.56785774230957,1.4483407735824585,1.4230283498764038,33.325828552246094,33.35699462890625,-0.0,-0.0,-0.0,-0.0,off
11.26,23.90111541748047,12.487854957580566,19.580123901367188,1.4457895755767822,1.4253044128417969,33.325531005859375,33.35366439819336,-0.0,-0.0,-0.0,-0.0,off
11.28,23.933265686035156,12.572439193725586,19.612279891967773,1.4500113725662231,1.4277751445770264,33.399234771728516,33.3580207824707,-0.0,-0.0,-0.0,-0.0,off
11.3,23.870403289794922,12.63082218170166,19.64934730529785,1.4342045783996582,1.4284180402755737,33.39806365966797,33.36176681518555,-0.0,-0.0,-0.0,-0.0,off
11.32,23.83383560180664,12.673969268798828,19.67689323425293,1.421724796295166,1.427748680114746,33.404510498046875,33.365760803222656,-0.0,-0.0,-0.0,-0.0,off
11.34,23.804563522338867,12.633872032165527,19.711515426635742,1.4188634157180786,1.4268600940704346,33.388858795166016,33.36784362792969,-0.0,-0.0,-0.0,-0.0,off
11.36,23.768213272094727,12.712153434753418,19.72810935974121,1.4167850017547607,1.4258525371551514,33.402469635009766,33.37103271484375,-0.0,0.0,-0.0,-0.0,off
11.38,23.745134353637695,12.779765129089355,19.73407745361328,1.4063388109207153,1.423901081085205,33.41537857055664,33.37516403198242,-0.0,-0.0,-0.0,-0.0,off
11.4,23.689224243164062,12.884352684020996,19.737873077392578,1.3849016427993774,1.4200011491775513,33.4181022644043,33.379066467285156,-0.0,-0.0,-0.0,-0.0,off
11.42,23.62772560119629,12.9315767288208,19.735610961914062,1.3729828596115112,1.4152991771697998,33.39146041870117,33.3798828125,-0.0,-0.0,-0.0,-0.0,off
11.44,23.609804153442383,12.966282844543457,19.723682403564453,1.378804087638855,1.4116497039794922,33.38519287109375,33.38002395629883,-0.0,-0.0,-0.0,-0.0,off
11.46,23.63234519958496,13.07949447631836,19.71751594543457,1.3898255825042725,1.4094672203063965,33.441612243652344,33.3857536315918,0.0,-0.0,-0.0,0.0,off
11.48,23.631589889526367,13.175226211547852,19.708932876586914,1.4025005102157593,1.4087705612182617,33.47358322143555,33.394065856933594,0.0,-0.0,-0.0,0.0,off
11.5,23.59765625,13.332547187805176,19.696992874145508,1.3957972526550293,1.4074732065200806,33.50489044189453,33.404518127441406,-0.0,-0.0,-0.0,-0.0,off
11.52,23.614534378051758,13.443195343017578,19.68861198425293,1.3881577253341675,1.4055416584014893,33.5560302734375,33.41899490356445,-0.0,-0.0,-0.0,-0.0,off
11.540000000000001,23.613454818725586,13.524046897888184,19.679096221923828,1.396340250968933,1.4046214818954468,33.58216857910156,33.434627532958984,-0.0,-0.0,-0.0,-0.0,off
11.56,23.62479019165039,13.564705848693848,19.682355880737305,1.40330970287323,1.4044902324676514,33.608436584472656,33.45140075683594,0.0,0.0,-0.0,0.0,off
11.58,23.65143394470215,13.686718940734863,19.677677154541016,1.4113696813583374,1.405178189277649,33.67384338378906,33.47297668457031,-0.0,-0.0,-0.0,-0.0,off
11.6,23.6483097076416,13.776496887207031,19.676992416381836,1.4134724140167236,1.4060076475143433,33.70783996582031,33.49576950073242,-0.0,-0.0,-0.0,-0.0,off
11.620000000000001,23.61309051513672,13.842545509338379,19.69066619873047,1.4238859415054321,1.4077954292297363,33.71819305419922,33.5173225402832,-0.0,-0.0,-0.0,-0.0,off
11.64,23.61686897277832,13.916447639465332,19.684412002563477,1.4453818798065186,1.411553978919983,33.74759292602539,33.539669036865234,-0.0,-0.0,-0.0,-0.0,off
11.66,23.63311195373535,14.063956260681152,19.682781219482422,1.451282262802124,1.4155267477035522,33.819087982177734,33.56682205200195,-0.0,-0.0,-0.0,-0.0,off
11.68,23.642906188964844,14.118931770324707,19.694292068481445,1.4509392976760864,1.4190679788589478,33.85552215576172,33.594966888427734,0.0,-0.0,-0.0,0.0,off
11.700000000000001,23.57227325439453,14.141064643859863,19.688631057739258,1.46274995803833,1.423436164855957,33.81218719482422,33.61601638793945,0.0,-0.0,-0.0,0.0,off
11.72,23.56816864013672,14.2664213180542,19.68877601623535,1.4729632139205933,1.4283888339996338,33.86203384399414,33.639862060546875,-0.0,-0.0,-0.0,-0.0,off
11.74,23.600704193115234,14.46112060546875,19.686246871948242,1.48366379737854,1.4339162111282349,33.96565246582031,33.67149353027344,-0.0,-0.0,-0.0,-0.0,off
11.76,23.627368927001953,14.586506843566895,19.6929988861084,1.4787355661392212,1.4383981227874756,34.0416374206543,33.707523345947266,-0.0,-0.0,-0.0,-0.0,off
11.78,23.58565330505371,14.680403709411621,19.67829704284668,1.448268175125122,1.4393850564956665,34.04457092285156,33.740203857421875,-0.0,-0.0,-0.0,-0.0,off
11.8,23.5432186126709,14.730193138122559,19.659732818603516,1.4412294626235962,1.4395694732666016,34.02597427368164,33.76781463623047,-0.0,-0.0,-0.0,-0.0,off
11.82,23.467214584350586,14.735190391540527,19.65814781188965,1.44206702709198,1.439819097518921,33.97467803955078,33.78764724731445,-0.0,-0.0,-0.0,-0.0,off
11.84,23.442975997924805,14.819993019104004,19.64525604248047,1.4212268590927124,1.437959909439087,33.987369537353516,33.80674743652344,-0.0,0.0,-0.0,-0.0,off
11.86,23.42690658569336,14.896052360534668,19.64179801940918,1.4015250205993652,1.4343163967132568,34.007537841796875,33.82597351074219,-0.0,-0.0,-0.0,-0.0,off
11.88,23.3920955657959,15.029745101928711,19.62275505065918,1.3901584148406982,1.4299005270004272,34.031394958496094,33.84553146362305,-0.0,-0.0,-0.0,-0.0,off
11.9,23.38410758972168,15.072325706481934,19.607934951782227,1.3862879276275635,1.425539255142212,34.03619384765625,33.863712310791016,-0.0,-0.0,-0.0,-0.0,off
11.92,23.393390655517578,15.17281436920166,19.5956974029541,1.3830057382583618,1.42128586769104,34.08014678955078,33.88445281982422,-0.0,0.0,-0.0,-0.0,off
11.94,23.379602432250977,15.243827819824219,19.577848434448242,1.3741310834884644,1.4165704250335693,34.09211349487305,33.90433883666992,-0.0,-0.0,-0.0,-0.0,off
11.96,23.362882614135742,15.3392333984375,19.536420822143555,1.3776564598083496,1.4126789569854736,34.09967803955078,33.92294692993164,-0.0,0.0,-0.0,-0.0,off
11.98,23.409101486206055,15.418417930603027,19.49810028076172,1.3817094564437866,1.4095820188522339,34.14512634277344,33.944278717041016,-0.0,0.0,-0.0,-0.0,off
12.0,23.429340362548828,15.5230712890625,19.468852996826172,1.369939923286438,1.4056178331375122,34.18970489501953,33.967899322509766,-0.0,0.0,-0.0,-0.0,off
12.02,23.462244033813477,15.629570960998535,19.432762145996094,1.3671401739120483,1.401769995689392,34.24021911621094,33.99417495727539,-0.0,0.0,-0.0,-0.0,off
12.040000000000001,23.490062713623047,15.67927074432373,19.405481338500977,1.3529404401779175,1.3968870639801025,34.26653289794922,34.02054214477539,-0.0,-0.0,-0.0,-0.0,off
12.06,23.48616600036621,15.695967674255371,19.381715774536133,1.350650429725647,1.392263412475586,34.258052825927734,34.043540954589844,0.0,-0.0,-0.0,0.0,off
12.08,23.55840301513672,15.801478385925293,19.364126205444336,1.3507527112960815,1.3881123065948486,34.34609603881836,34.073020935058594,0.0,-0.0,-0.0,0.0,off
12.1,23.6088809967041,15.862879753112793,19.37371253967285,1.3525136709213257,1.3845524787902832,34.41440200805664,34.10646057128906,0.0,-0.0,-0.0,0.0,off
12.120000000000001,23.583498001098633,15.844016075134277,19.405231475830078,1.3491010665893555,1.3810073137283325,34.406063079833984,34.13589859008789,-0.0,-0.0,-0.0,-0.0,off
12.14,23.542224884033203,15.893418312072754,19.415475845336914,1.3519207239151,1.3780986070632935,34.4063606262207,34.16244888305664,-0.0,0.0,-0.0,-0.0,off
12.16,23.602848052978516,15.932127952575684,19.442096710205078,1.360894799232483,1.3763781785964966,34.480751037597656,34.19386672973633,0.0,-0.0,-0.0,0.0,off
12.18,23.579524993896484,15.998215675354004,19.45652198791504,1.3587294816970825,1.3746132850646973,34.50352478027344,34.22441482543945,-0.0,-0.0,-0.0,-0.0,off
12.200000000000001,23.577808380126953,16.065433502197266,19.471052169799805,1.3432883024215698,1.3714808225631714,34.5417594909668,34.2557373046875,-0.0,-0.0,-0.0,-0.0,off
12.22,23.520822525024414,16.194629669189453,19.477720260620117,1.3162137269973755,1.365954041481018,34.56698989868164,34.28633117675781,-0.0,-0.0,-0.0,-0.0,off
12.24,23.502904891967773,16.200225830078125,19.483564376831055,1.304764747619629,1.3598350286483765,34.56071472167969,34.31332778930664,-0.0,-0.0,-0.0,-0.0,off
12.26,23.506528854370117,16.33269500732422,19.455411911010742,1.3070436716079712,1.3545558452606201,34.60963439941406,34.342411041259766,-0.0,0.0,-0.0,-0.0,off
12.280000000000001,23.522783279418945,16.431549072265625,19.4290771484375,1.2911711931228638,1.3482173681259155,34.65264892578125,34.372840881347656,-0.0,-0.0,-0.0,-0.0,off
12.3,23.504247665405273,16.57681655883789,19.387948989868164,1.2788394689559937,1.3412795066833496,34.68620681762695,34.403438568115234,-0.0,-0.0,-0.0,-0.0,off
12.32,23.47784423828125,16.61138916015625,19.34681510925293,1.258302927017212,1.332981824874878,34.66189193725586,34.4285888671875,0.0,0.0,-0.0,0.0,off
12.34,23.45978355407715,16.707483291625977,19.27515983581543,1.2478724718093872,1.3244708776474,34.65592575073242,34.450538635253906,-0.0,-0.0,-0.0,-0.0,off
12.36,23.51995086669922,16.725971221923828,19.24021339416504,1.2431379556655884,1.3163375854492188,34.686195373535156,34.47344207763672,-0.0,-0.0,-0.0,-0.0,off
12.38,23.566452026367188,16.73168182373047,19.233169555664062,1.2370837926864624,1.3084121942520142,34.716590881347656,34.49722671508789,-0.0,-0.0,-0.0,-0.0,off
12.4,23.601205825805664,16.74766731262207,19.221900939941406,1.230749487876892,1.3006458282470703,34.74165725708008,34.521217346191406,-0.0,-0.0,-0.0,-0.0,off
12.42,23.652503967285156,16.774534225463867,19.213891983032227,1.2319461107254028,1.2937757968902588,34.7850456237793,34.547203063964844,-0.0,-0.0,-0.0,-0.0,off
12.44,23.650846481323242,16.764450073242188,19.226682662963867,1.2440916299819946,1.2888073921203613,34.786128997802734,34.570796966552734,-0.0,0.0,-0.0,-0.0,off
12.46,23.641986846923828,16.783226013183594,19.255460739135742,1.2481813430786133,1.2847447395324707,34.80506896972656,34.5939826965332,-0.0,-0.0,-0.0,-0.0,off
12.48,23.66927719116211,16.90350914001465,19.246723175048828,1.2362619638442993,1.2798964977264404,34.876922607421875,34.62196350097656,-0.0,-0.0,-0.0,-0.0,off
12.5,23.65569496154785,16.974002838134766,19.243616104125977,1.2351371049880981,1.2754205465316772,34.90021896362305,34.64945983886719,-0.0,-0.0,-0.0,-0.0,off
12.52,23.703224182128906,17.006160736083984,19.26073455810547,1.2357358932495117,1.2714519500732422,34.95751953125,34.679988861083984,-0.0,-0.0,-0.0,-0.0,off
12.540000000000001,23.763547897338867,17.053001403808594,19.269922256469727,1.2551597356796265,1.2698227167129517,35.02629089355469,34.7143669128418,-0.0,0.0,-0.0,-0.0,off
12.56,23.8040828704834,17.104705810546875,19.26974105834961,1.263461709022522,1.2691864967346191,35.07888412475586,34.75057601928711,0.0,0.0,-0.0,0.0,off
12.58,23.768688201904297,17.17055892944336,19.276601791381836,1.2514845132827759,1.26741623878479,35.090824127197266,34.784339904785156,-0.0,-0.0,-0.0,-0.0,off
12.6,23.775291442871094,17.207836151123047,19.281171798706055,1.2546387910842896,1.2661384344100952,35.11606216430664,34.8172721862793,-0.0,-0.0,-0.0,-0.0,off
12.620000000000001,23.77511978149414,17.284650802612305,19.26130485534668,1.2685805559158325,1.2663826942443848,35.142757415771484,34.849544525146484,-0.0,0.0,-0.0,-0.0,off
12.64,23.824304580688477,17.368736267089844,19.265432357788086,1.2819119691848755,1.2679356336593628,35.21969985961914,34.88627243041992,-0.0,0.0,-0.0,-0.0,off
12.66,23.874563217163086,17.44156265258789,19.279600143432617,1.2691761255264282,1.2680596113204956,35.29738998413086,34.92709732055664,0.0,0.0,-0.0,0.0,off
12.68,23.82007598876953,17.531749725341797,19.290714263916016,1.2554335594177246,1.2667969465255737,35.31132888793945,34.96519088745117,-0.0,-0.0,-0.0,-0.0,off
12.700000000000001,23.79120635986328,17.583879470825195,19.279767990112305,1.2563668489456177,1.2657538652420044,35.311805725097656,34.99951171875,-0.0,-0.0,-0.0,-0.0,off
12.72,23.810209274291992,17.702922821044922,19.277631759643555,1.2580783367156982,1.264986276626587,35.38285827636719,35.037445068359375,0.0,0.0,-0.0,0.0,off
12.74,23.834890365600586,17.77094268798828,19.29368019104004,1.265082836151123,1.264995813369751,35.4422721862793,35.07754135131836,-0.0,-0.0,-0.0,-0.0,off
12.76,23.833900451660156,17.866493225097656,19.30061912536621,1.2710155248641968,1.2655977010726929,35.493385314941406,35.11870574951172,-0.0,-0.0,-0.0,-0.0,off
12.780000000000001,23.836191177368164,17.86687660217285,19.319992065429688,1.2749303579330444,1.2665308713912964,35.505653381347656,35.15707015991211,-0.0,-0.0,-0.0,-0.0,off
12.8,23.872098922729492,17.92344093322754,19.345779418945312,1.279654622077942,1.267843246459961,35.572265625,35.19829177856445,-0.0,-0.0,-0.0,-0.0,off
12.82,23.885438919067383,18.080652236938477,19.349491119384766,1.2895095348358154,1.2700098752975464,35.66268539428711,35.24432373046875,-0.0,0.0,-0.0,-0.0,off
12.84,23.822093963623047,18.16860580444336,19.340625762939453,1.2803140878677368,1.2710402011871338,35.66020584106445,35.285438537597656,-0.0,-0.0,-0.0,-0.0,off
12.86,23.81882095336914,18.32880401611328,19.33040428161621,1.275652289390564,1.2715014219284058,35.734378814697266,35.3297233581543,-0.0,-0.0,-0.0,-0.0,off
12.88,23.88953971862793,18.436805725097656,19.34224510192871,1.2838748693466187,1.2727386951446533,35.8433837890625,35.380496978759766,-0.0,-0.0,-0.0,-0.0,off
12.9,23.897794723510742,18.528654098510742,19.36273765563965,1.2913131713867188,1.274596095085144,35.90726089477539,35.432579040527344,-0.0,-0.0,-0.0,-0.0,off
12.92,23.926740646362305,18.63605499267578,19.376079559326172,1.299088954925537,1.2770453691482544,35.989219665527344,35.487640380859375,0.0,-0.0,-0.0,0.0,off
12.94,23.914871215820312,18.67092514038086,19.393041610717773,1.3031073808670044,1.2796515226364136,36.00853729248047,35.5391960144043,-0.0,-0.0,-0.0,-0.0,off
12.96,23.922767639160156,18.735551834106445,19.397104263305664,1.3095701932907104,1.2826433181762695,36.04951477050781,35.589717864990234,-0.0,-0.0,-0.0,-0.0,off
12.98,23.924428939819336,18.793725967407227,19.41419792175293,1.3229330778121948,1.2866723537445068,36.0900764465332,35.639278411865234,-0.0,0.0,-0.0,-0.0,off
13.0,23.95486831665039,18.90129852294922,19.41643714904785,1.3236284255981445,1.2903679609298706,36.167564392089844,35.69160079956055,-0.0,0.0,-0.0,-0.0,off
13.02,23.946094512939453,19.013235092163086,19.423646926879883,1.3193044662475586,1.2932616472244263,36.2242546081543,35.74430847167969,-0.0,-0.0,-0.0,-0.0,off
13.040000000000001,23.907825469970703,19.075340270996094,19.429840087890625,1.3109807968139648,1.2950334548950195,36.234947204589844,35.79281997680664,-0.0,-0.0,-0.0,-0.0,off
13.06,23.913959503173828,19.139989852905273,19.42470359802246,1.3203754425048828,1.29756760597229,36.27031707763672,35.84003448486328,-0.0,-0.0,-0.0,-0.0,off
13.08,23.927331924438477,19.119909286499023,19.427915573120117,1.3285713195800781,1.3006678819656372,36.270263671875,35.88266372680664,-0.0,-0.0,-0.0,-0.0,off
13.1,23.91571044921875,19.17226219177246,19.443326950073242,1.3206175565719604,1.30266273021698,36.29848098754883,35.92386245727539,-0.0,-0.0,-0.0,-0.0,off
13.120000000000001,23.865188598632812,19.109508514404297,19.462465286254883,1.3036326169967651,1.3027596473693848,36.24235153198242,35.955448150634766,-0.0,0.0,-0.0,-0.0,off
13.14,23.835281372070312,19.077594757080078,19.45536231994629,1.3040293455123901,1.3028866052627563,36.202022552490234,35.97990036010742,-0.0,-0.0,-0.0,-0.0,off
13.16,23.8021240234375,19.106128692626953,19.448766708374023,1.3070272207260132,1.3033006191253662,36.19171142578125,36.00087356567383,0.0,-0.0,-0.0,0.0,off
13.18,23.75150489807129,19.065073013305664,19.421188354492188,1.3206363916397095,1.3050341606140137,36.121925354003906,36.012813568115234,-0.0,-0.0,-0.0,-0.0,off
13.200000000000001,23.7308292388916,19.093984603881836,19.41029930114746,1.3221361637115479,1.3067443370819092,36.11775588989258,36.02314376831055,-0.0,-0.0,-0.0,-0.0,off
13.22,23.73168182373047,19.148895263671875,19.391664505004883,1.3035800457000732,1.3064278364181519,36.13737106323242,36.03438949584961,-0.0,-0.0,-0.0,-0.0,off
13.24,23.680606842041016,19.160415649414062,19.36773681640625,1.2945162057876587,1.3052366971969604,36.09711837768555,36.04048538208008,-0.0,-0.0,-0.0,-0.0,off
13.26,23.642866134643555,19.11188316345215,19.371774673461914,1.2811137437820435,1.3028243780136108,36.04878616333008,36.04118347167969,-0.0,-0.0,-0.0,-0.0,off
13.280000000000001,23.597803115844727,19.119808197021484,19.34601402282715,1.2495092153549194,1.2974927425384521,36.009605407714844,36.037899017333984,-0.0,-0.0,-0.0,-0.0,off
13.3,23.605815887451172,19.137676239013672,19.329679489135742,1.22260582447052,1.290004014968872,36.01557540893555,36.03554916381836,-0.0,-0.0,-0.0,-0.0,off
13.32,23.639245986938477,19.15764808654785,19.326025009155273,1.210481882095337,1.2820518016815186,36.046146392822266,36.03651428222656,-0.0,-0.0,-0.0,-0.0,off
13.34,23.6199951171875,19.166048049926758,19.313230514526367,1.2140988111495972,1.2752565145492554,36.031131744384766,36.035892486572266,-0.0,-0.0,-0.0,-0.0,off
13.36,23.64830780029297,19.20801544189453,19.305707931518555,1.2083760499954224,1.2685683965682983,36.06800079345703,36.03901290893555,-0.0,-0.0,0.0,-0.0,off
13.38,23.63559341430664,19.256580352783203,19.287858963012695,1.1863042116165161,1.2603418827056885,36.07601547241211,36.042606353759766,0.0,-0.0,-0.0,0.0,off
13.4,23.598390579223633,19.307342529296875,19.278181076049805,1.1605007648468018,1.250357747077942,36.07361602783203,36.04557800292969,0.0,-0.0,-0.0,0.0,off
13.42,23.59120750427246,19.26972198486328,19.279245376586914,1.1567391157150269,1.2409958839416504,36.04936218261719,36.045867919921875,-0.0,0.0,-0.0,-0.0,off
13.44,23.60287094116211,19.233121871948242,19.268129348754883,1.158774971961975,1.232773780822754,36.0315055847168,36.04438400268555,-0.0,-0.0,-0.0,-0.0,off
13.46,23.6544132232666,19.415884017944336,19.233604431152344,1.1565898656845093,1.2251553535461426,36.14469909667969,36.05427169799805,-0.0,-0.0,-0.0,-0.0,off
13.48,23.700170516967773,19.529090881347656,19.222333908081055,1.1490072011947632,1.2175405025482178,36.22956848144531,36.071617126464844,0.0,-0.0,-0.0,0.0,off
13.5,23.71531105041504,19.601581573486328,19.216753005981445,1.151626467704773,1.2109490633010864,36.275634765625,36.09181213378906,0.0,-0.0,-0.0,0.0,off
13.52,23.792009353637695,19.673784255981445,19.198583602905273,1.1690610647201538,1.2067601680755615,36.3552360534668,36.11793899536133,-0.0,-0.0,-0.0,-0.0,off
13.540000000000001,23.787933349609375,19.653297424316406,19.2230167388916,1.1666394472122192,1.2027480602264404,36.354400634765625,36.14143753051758,-0.0,-0.0,-0.0,-0.0,off
13.56,23.817764282226562,19.770605087280273,19.242002487182617,1.1609530448913574,1.19856858253479,36.44746017456055,36.171852111816406,-0.0,-0.0,-0.0,-0.0,off
13.58,23.7620906829834,19.89297103881836,19.223003387451172,1.1594494581222534,1.1946567296981812,36.46767044067383,36.20115280151367,-0.0,-0.0,-0.0,-0.0,off
13.6,23.7879581451416,19.944477081298828,19.215776443481445,1.1763378381729126,1.1928248405456543,36.50883483886719,36.231651306152344,-0.0,-0.0,-0.0,-0.0,off
13.620000000000001,23.825740814208984,19.9620418548584,19.223676681518555,1.1989272832870483,1.1934350728988647,36.54721450805664,36.26298904418945,-0.0,-0.0,-0.0,-0.0,off
13.64,23.79045295715332,19.96550941467285,19.228933334350586,1.2018802165985107,1.1942795515060425,36.52888107299805,36.28939437866211,-0.0,-0.0,-0.0,-0.0,off
13.66,23.7749080657959,20.072423934936523,19.2434139251709,1.1997302770614624,1.1948245763778687,36.58493423461914,36.31871032714844,-0.0,0.0,-0.0,-0.0,off
13.68,23.72978973388672,19.998167037963867,19.267799377441406,1.2029496431350708,1.1956369876861572,36.527767181396484,36.339473724365234,-0.0,0.0,-0.0,-0.0,off
13.700000000000001,23.74549674987793,20.05223274230957,19.242721557617188,1.2185412645339966,1.197927474975586,36.554386138916016,36.360809326171875,-0.0,-0.0,-0.0,-0.0,off
13.72,23.77007293701172,20.105199813842773,19.23801612854004,1.2319971323013306,1.2013343572616577,36.59695053100586,36.3842658996582,-0.0,-0.0,-0.0,-0.0,off
13.74,23.737184524536133,20.103954315185547,19.2213191986084,1.249603271484375,1.2061611413955688,36.566131591796875,36.402313232421875,-0.0,-0.0,-0.0,-0.0,off
13.76,23.718351364135742,20.09066390991211,19.20159149169922,1.2643911838531494,1.2119840383529663,36.53622817993164,36.41558837890625,-0.0,-0.0,-0.0,-0.0,off
13.780000000000001,23.747142791748047,20.153034210205078,19.1616153717041,1.2771397829055786,1.2184996604919434,36.56827926635742,36.43071365356445,-0.0,-0.0,-0.0,-0.0,off
13.8,23.737878799438477,20.181297302246094,19.1315975189209,1.2832413911819458,1.2249737977981567,36.5621337890625,36.4437141418457,-0.0,-0.0,-0.0,-0.0,off
13.82,23.781896591186523,20.239524841308594,19.087427139282227,1.2746883630752563,1.229945182800293,36.59981918334961,36.45915222167969,-0.0,-0.0,-0.0,-0.0,off
13.84,23.729446411132812,20.182641983032227,19.04314613342285,1.283795952796936,1.2353302240371704,36.511192321777344,36.46422576904297,-0.0,-0.0,-0.0,-0.0,off
13.86,23.756175994873047,20.093883514404297,19.01881980895996,1.293013572692871,1.2410985231399536,36.46691131591797,36.464420318603516,-0.0,-0.0,-0.0,-0.0,off
13.88,23.7833309173584,20.088380813598633,19.01422691345215,1.2946354150772095,1.2464522123336792,36.479183197021484,36.46583557128906,-0.0,-0.0,-0.0,-0.0,off
13.9,23.800111770629883,19.97064971923828,19.003923416137695,1.283100962638855,1.2501170635223389,36.420066833496094,36.46122360229492,-0.0,-0.0,-0.0,-0.0,off
13.92,23.861310958862305,20.060951232910156,18.97056007385254,1.273828387260437,1.2524882555007935,36.49227523803711,36.46426773071289,-0.0,-0.0,-0.0,-0.0,off
13.94,23.95585823059082,20.148874282836914,18.871118545532227,1.2675660848617554,1.2539958953857422,36.55105209350586,36.4727897644043,-0.0,0.0,-0.0,-0.0,off
13.96,23.952266693115234,20.127410888671875,18.803537368774414,1.2770129442214966,1.2562975883483887,36.502010345458984,36.47554397583008,-0.0,-0.0,-0.0,-0.0,off
13.98,23.947072982788086,20.102983474731445,18.7391414642334,1.2850706577301025,1.2591748237609863,36.45199203491211,36.4730110168457,-0.0,-0.0,-0.0,-0.0,off
14.0,23.936904907226562,20.106698989868164,18.70216941833496,1.28339684009552,1.261596918106079,36.428367614746094,36.46837615966797,-0.0,-0.0,-0.0,-0.0,off
14.02,23.937843322753906,19.921100616455078,18.674821853637695,1.2708595991134644,1.2625231742858887,36.312801361083984,36.45268630981445,-0.0,-0.0,-0.0,-0.0,off
14.040000000000001,23.93174171447754,19.906158447265625,18.638547897338867,1.254630446434021,1.261733889579773,36.28193664550781,36.435482025146484,-0.0,-0.0,-0.0,-0.0,off
14.06,23.99532699584961,19.873998641967773,18.598674774169922,1.2524381875991821,1.260804295539856,36.28583908081055,36.420352935791016,-0.0,-0.0,-0.0,-0.0,off
14.08,24.072032928466797,19.988460540771484,18.561368942260742,1.2571827173233032,1.2604420185089111,36.38029479980469,36.4161491394043,-0.0,-0.0,-0.0,-0.0,off
14.1,24.104045867919922,20.041088104248047,18.51384925842285,1.2559651136398315,1.2599942684173584,36.406219482421875,36.41493225097656,-0.0,-0.0,-0.0,-0.0,off
14.120000000000001,24.10272789001465,19.95264434814453,18.484041213989258,1.2563239336013794,1.2596272230148315,36.3415641784668,36.40739822387695,-0.0,0.0,-0.0,-0.0,off
14.14,24.080904006958008,19.95807647705078,18.485532760620117,1.2528910636901855,1.25895357131958,36.33083724975586,36.39959716796875,-0.0,0.0,-0.0,-0.0,off
14.16,24.05560302734375,19.953264236450195,18.48578643798828,1.2329908609390259,1.2563573122024536,36.311553955078125,36.39068603515625,-0.0,-0.0,-0.0,-0.0,off
14.18,24.077978134155273,20.03495216369629,18.458650588989258,1.2112245559692383,1.251844048500061,36.3575325012207,36.38724899291992,-0.0,-0.0,-0.0,-0.0,off
14.200000000000001,24.112884521484375,20.051143646240234,18.440095901489258,1.1884897947311401,1.2455086708068848,36.38016891479492,36.386417388916016,-0.0,-0.0,-0.0,-0.0,off
14.22,24.131853103637695,20.14746856689453,18.398530960083008,1.174700140953064,1.238427758216858,36.42489242553711,36.390106201171875,-0.0,-0.0,-0.0,-0.0,off
14.24,24.163455963134766,20.099023818969727,18.37122917175293,1.1711126565933228,1.2316961288452148,36.40529251098633,36.3914794921875,-0.0,-0.0,-0.0,-0.0,off
14.26,24.139535903930664,19.996374130249023,18.35258674621582,1.1694761514663696,1.2254741191864014,36.323402404785156,36.384559631347656,0.0,-0.0,-0.0,0.0,off
14.280000000000001,24.187114715576172,19.96205711364746,18.325366973876953,1.1564199924468994,1.2185686826705933,36.32243728637695,36.37821960449219,0.0,-0.0,-0.0,0.0,off
14.3,24.133832931518555,19.88720703125,18.303834915161133,1.1305218935012817,1.209764003753662,36.2349739074707,36.363800048828125,-0.0,-0.0,-0.0,-0.0,off
14.32,24.069129943847656,19.77579116821289,18.2788028717041,1.1085671186447144,1.1996443271636963,36.118133544921875,36.33915710449219,-0.0,-0.0,-0.0,-0.0,off
14.34,24.08884048461914,19.70795440673828,18.192686080932617,1.099187970161438,1.1895986795425415,36.05065155029297,36.310184478759766,-0.0,-0.0,-0.0,-0.0,off
14.36,24.093650817871094,19.59039306640625,18.10758399963379,1.0776571035385132,1.178404450416565,35.94679641723633,36.2736701965332,-0.0,-0.0,-0.0,-0.0,off
14.38,24.103670120239258,19.419851303100586,18.000106811523438,1.0613511800765991,1.1666990518569946,35.80672073364258,36.226688385009766,-0.0,-0.0,-0.0,-0.0,off
14.4,24.10702896118164,19.1625919342041,17.884437561035156,1.0307207107543945,1.1531012058258057,35.61189270019531,36.164730072021484,-0.0,0.0,-0.0,-0.0,off
14.42,24.170366287231445,18.962398529052734,17.772432327270508,1.0075435638427734,1.1385453939437866,35.49138641357422,36.09666442871094,-0.0,-0.0,-0.0,-0.0,off
14.44,24.210369110107422,18.783363342285156,17.641908645629883,0.9722499251365662,1.1219158172607422,35.35807800292969,36.02185821533203,-0.0,-0.0,-0.0,-0.0,off
14.46,24.300128936767578,18.58837127685547,17.466548919677734,0.9433197379112244,1.1040562391281128,35.22930908203125,35.941280364990234,-0.0,0.0,-0.0,-0.0,off
14.48,24.31888198852539,18.346797943115234,17.296125411987305,0.9009872078895569,1.0837492942810059,35.03097152709961,35.848602294921875,-0.0,0.0,-0.0,-0.0,off
14.5,24.30277442932129,17.983091354370117,17.076810836791992,0.8651849627494812,1.0618928670883179,34.72223663330078,35.733768463134766,-0.0,-0.0,-0.0,-0.0,off
14.52,24.37505340576172,17.673961639404297,16.807737350463867,0.8205451369285583,1.0377581119537354,34.4820556640625,35.60564422607422,-0.0,-0.0,-0.0,-0.0,off
14.540000000000001,24.52232551574707,17.473054885864258,16.53575325012207,0.7697188258171082,1.0109541416168213,34.35234069824219,35.476600646972656,-0.0,-0.0,-0.0,-0.0,off
14.56,24.736766815185547,17.189184188842773,16.318748474121094,0.7268571257591248,0.9825444221496582,34.25897216796875,35.34998321533203,-0.0,-0.0,-0.0,-0.0,off
14.58,24.872163772583008,16.912561416625977,16.138566970825195,0.7048283219337463,0.9547728300094604,34.13374328613281,35.222747802734375,-0.0,-0.0,-0.0,-0.0,off
14.6,25.051530838012695,16.549097061157227,16.02724266052246,0.725896418094635,0.9318851828575134,34.03416442871094,35.09720230102539,-0.0,-0.0,-0.0,-0.0,off
14.620000000000001,25.274288177490234,16.240856170654297,15.979341506958008,0.7720217108726501,0.9158987998962402,34.02784729003906,34.982666015625,-0.0,-0.0,-0.0,-0.0,off
14.64,25.418926239013672,15.872761726379395,15.906452178955078,0.7719941735267639,0.9015082716941833,33.92759323120117,34.86867141723633,-0.0,-0.0,-0.0,-0.0,off
14.66,25.497188568115234,15.49575138092041,15.781095504760742,0.7465742230415344,0.8860148787498474,33.75304412841797,34.74789047241211,-0.0,-0.0,-0.0,-0.0,off
14.68,25.5751895904541,15.144493103027344,15.63247013092041,0.6994829773902893,0.8673616647720337,33.583030700683594,34.62156295776367,-0.0,-0.0,-0.0,-0.0,off
14.700000000000001,25.611631393432617,14.837855339050293,15.611164093017578,0.6742269396781921,0.8480481505393982,33.463802337646484,34.496002197265625,-0.0,-0.0,-0.0,-0.0,off
14.72,25.6533145904541,14.61763858795166,15.583733558654785,0.6490959525108337,0.8281528949737549,33.38593292236328,34.37565994262695,-0.0,-0.0,-0.0,-0.0,off
14.74,25.637048721313477,14.252582550048828,15.443489074707031,0.6157721877098083,0.8069148063659668,33.14959716796875,34.24339294433594,-0.0,-0.0,-0.0,-0.0,off
14.76,25.616544723510742,13.888253211975098,15.318899154663086,0.5926482081413269,0.7854881286621094,32.920501708984375,34.10114669799805,-0.0,-0.0,-0.0,-0.0,off
14.780000000000001,25.63937759399414,13.455709457397461,15.167984962463379,0.5797677636146545,0.7649160623550415,32.68794250488281,33.94892501831055,-0.0,-0.0,-0.0,-0.0,off
14.8,25.580339431762695,13.116043090820312,15.17702579498291,0.5724828839302063,0.7456727027893066,32.507328033447266,33.7940788269043,-0.0,0.0,-0.0,-0.0,off
14.82,25.588726043701172,12.752860069274902,15.01215648651123,0.5590782761573792,0.7270132899284363,32.292152404785156,33.632720947265625,-0.0,-0.0,-0.0,-0.0,off
14.84,25.570650100708008,12.37336254119873,14.853507041931152,0.5180781483650208,0.7061197757720947,32.055965423583984,33.46342468261719,-0.0,-0.0,-0.0,-0.0,off
14.86,25.54270362854004,12.067756652832031,14.568711280822754,0.4886776804924011,0.684375524520874,31.78533935546875,33.28391647338867,-0.0,-0.0,-0.0,-0.0,off
14.88,25.50775146484375,11.705121994018555,14.348214149475098,0.46594303846359253,0.6625322699546814,31.52025604248047,33.095458984375,-0.0,-0.0,-0.0,-0.0,off
14.9,25.48822593688965,11.346463203430176,14.096396446228027,0.4285019040107727,0.6391292214393616,31.258604049682617,32.89917755126953,-0.0,-0.0,-0.0,-0.0,off
14.92,25.526086807250977,11.042147636413574,13.859512329101562,0.38775259256362915,0.6139915585517883,31.07404327392578,32.703697204589844,-0.0,-0.0,-0.0,-0.0,off
14.94,25.503999710083008,10.753609657287598,13.611934661865234,0.3489609360694885,0.5874884724617004,30.84442901611328,32.504783630371094,-0.0,0.0,-0.0,-0.0,off
14.96,25.495838165283203,10.474257469177246,13.45866584777832,0.35637515783309937,0.5643771290779114,30.673824310302734,32.30887985229492,-0.0,-0.0,-0.0,-0.0,off
14.98,25.501928329467773,10.229848861694336,13.325250625610352,0.37785881757736206,0.5457252860069275,30.537853240966797,32.11933517456055,-0.0,-0.0,-0.0,-0.0,off
15.0,25.48053741455078,9.984185218811035,13.188984870910645,0.4005046486854553,0.5312032103538513,30.37912368774414,31.93328857421875,-0.0,-0.0,-0.0,-0.0,off
15.02,25.512287139892578,9.82515811920166,13.038248062133789,0.4235857129096985,0.5204414129257202,30.28871726989746,31.757484436035156,-0.0,0.0,-0.0,-0.0,off
15.040000000000001,25.429048538208008,9.568717002868652,12.894794464111328,0.4368210434913635,0.5120793581008911,30.074451446533203,31.57828140258789,-0.0,-0.0,-0.0,-0.0,off
15.06,25.343891143798828,9.404374122619629,12.79354476928711,0.45304709672927856,0.5061761140823364,29.907020568847656,31.401321411132812,-0.0,-0.0,-0.0,-0.0,off
15.08,25.20613670349121,9.183196067810059,12.616340637207031,0.44167667627334595,0.49972614645957947,29.64544677734375,31.21648406982422,-0.0,-0.0,-0.0,-0.0,off
15.1,25.00876235961914,9.009798049926758,12.461586952209473,0.38158947229385376,0.48791247606277466,29.358232498168945,31.022441864013672,-0.0,-0.0,-0.0,-0.0,off
15.120000000000001,24.77972984313965,8.782949447631836,12.326241493225098,0.33229976892471313,0.47235119342803955,29.036380767822266,30.816328048706055,-0.0,0.0,-0.0,-0.0,off
15.14,24.561429977416992,8.537354469299316,12.079218864440918,0.2920493483543396,0.4543209969997406,28.671550750732422,30.594568252563477,-0.0,-0.0,-0.0,-0.0,off
15.16,24.268203735351562,8.32603931427002,11.914466857910156,0.28005510568618774,0.43689438700675964,28.288217544555664,30.357410430908203,-0.0,-0.0,-0.0,-0.0,off
15.18,24.040586471557617,8.00418758392334,11.656152725219727,0.2726450562477112,0.4204694330692291,27.890548706054688,30.10385513305664,-0.0,-0.0,-0.0,-0.0,off
15.200000000000001,23.77836036682129,7.666551113128662,11.427364349365234,0.24944621324539185,0.4033671021461487,27.47309684753418,29.833633422851562,-0.0,-0.0,-0.0,-0.0,off
15.22,23.542404174804688,7.342628479003906,11.194461822509766,0.22553092241287231,0.38558346033096313,27.08274269104004,29.55108070373535,-0.0,-0.0,-0.0,-0.0,off
15.24,23.363603591918945,6.988558769226074,10.919163703918457,0.20029479265213013,0.3670545816421509,26.71939468383789,29.2596435546875,0.0,-0.0,-0.0,0.0,off
15.26,23.285186767578125,6.589916706085205,10.549636840820312,0.1784561276435852,0.3481947183609009,26.399276733398438,28.963592529296875,-0.0,-0.0,-0.0,-0.0,off
15.280000000000001,23.288253784179688,6.174567699432373,10.224842071533203,0.13882321119308472,0.32725754380226135,26.172800064086914,28.672380447387695,-0.0,-0.0,-0.0,-0.0,off
15.3,23.312175750732422,5.809289455413818,9.82612419128418,0.08679109066724777,0.30321091413497925,25.956850051879883,28.38652801513672,-0.0,-0.0,-0.0,-0.0,off
15.32,23.168556213378906,5.4707183837890625,9.590631484985352,0.044320158660411835,0.27732184529304504,25.664976119995117,28.099584579467773,-0.0,-0.0,-0.0,-0.0,off
15.34,23.0468692779541,5.079474449157715,9.314166069030762,0.014954380691051483,0.251085102558136,25.371498107910156,27.810749053955078,-0.0,0.0,-0.0,-0.0,off
15.36,22.9862060546875,4.6728715896606445,9.063833236694336,-0.007008858025074005,0.2252756953239441,25.14665985107422,27.526777267456055,-0.0,0.0,-0.0,-0.0,off
15.38,22.88406753540039,4.210747718811035,8.76508903503418,-0.03521246463060379,0.19922687113285065,24.86438751220703,27.240861892700195,-0.0,0.0,-0.0,-0.0,off
15.4,22.674434661865234,3.949692726135254,8.538810729980469,-0.0778934434056282,0.1715148389339447,24.548755645751953,26.95274543762207,-0.0,-0.0,-0.0,-0.0,off
15.42,22.45478057861328,3.5597190856933594,8.470634460449219,-0.11438650637865067,0.1429246962070465,24.261911392211914,26.6649169921875,-0.0,-0.0,-0.0,-0.0,off
15.44,22.136871337890625,3.2604150772094727,8.439846992492676,-0.1398213505744934,0.11465008556842804,23.914480209350586,26.372528076171875,0.0,0.0,-0.0,0.0,off
15.46,21.72666358947754,3.174004077911377,8.286226272583008,-0.17123377323150635,0.08606169372797012,23.468782424926758,26.067827224731445,-0.0,0.0,-0.0,-0.0,off
15.48,21.311119079589844,3.0157017707824707,8.108198165893555,-0.21978521347045898,0.05547700077295303,23.000024795532227,25.748477935791016,-0.0,0.0,-0.0,-0.0,off
15.5,21.00680923461914,2.9281749725341797,7.8576130867004395,-0.2781914472579956,0.02211015298962593,22.618627548217773,25.42441177368164,-0.0,-0.0,-0.0,-0.0,off
15.52,20.239948272705078,2.3487839698791504,7.349701404571533,-0.4066620469093323,-0.02076706662774086,21.660804748535156,25.034345626831055,-0.0,-0.0,-0.0,-0.0,off
15.540000000000001,18.87034034729004,1.746700406074524,6.4453125,-0.6322667598724365,-0.08191703259944916,20.017061233520508,24.515806198120117,-0.0,-0.0,-0.0,-0.0,off
15.56,17.597314834594727,0.7916749715805054,4.935013294219971,-0.8682183623313904,-0.1605471670627594,18.29334831237793,23.862548828125,-0.0,-0.0,-0.0,-0.0,off
15.58,17.525615692138672,0.11832296848297119,4.267226219177246,-0.9785792827606201,-0.24235036969184875,18.038026809692383,23.237197875976562,-0.0,-0.0,-0.0,-0.0,off
15.6,17.05355453491211,-1.5546983480453491,3.369450330734253,-1.062778115272522,-0.3243931531906128,17.452621459960938,22.580289840698242,-0.0,-0.0,-0.0,-0.0,off
15.620000000000001,16.64282989501953,-2.6234707832336426,2.894867420196533,-1.0821930170059204,-0.4001731276512146,17.09522247314453,21.93260955810547,-0.0,-0.0,-0.0,-0.0,off
15.64,15.953166007995605,-4.221268653869629,1.9895093441009521,-1.1452943086624146,-0.4746852219104767,16.621694564819336,21.254127502441406,-0.0,-0.0,-0.0,-0.0,off
15.66,16.12234878540039,-5.498724937438965,1.5600929260253906,-1.1054760217666626,-0.537764310836792,17.105554580688477,20.659446716308594,-0.0,-0.0,-0.0,-0.0,off
15.68,16.106624603271484,-5.683093070983887,1.4398136138916016,-1.048599362373352,-0.588847815990448,17.140419006347656,20.146188735961914,-0.0,-0.0,-0.0,-0.0,off
15.700000000000001,16.150760650634766,-6.845448017120361,0.7948265671730042,-1.018064022064209,-0.6317694187164307,17.55958366394043,19.696901321411133,-0.0,-0.0,-0.0,-0.0,off
15.72,15.947577476501465,-6.69819974899292,0.6871362328529358,-0.9914692044258118,-0.6677393913269043,17.3107852935791,19.300748825073242,-0.0,-0.0,-0.0,-0.0,off
15.74,15.705074310302734,-7.703439712524414,0.4374738335609436,-1.0002583265304565,-0.7009912729263306,17.498106002807617,18.948522567749023,-0.0,-0.0,-0.0,-0.0,off
15.76,15.20694637298584,-7.946008682250977,0.4691076874732971,-0.9691023826599121,-0.7278023958206177,17.164216995239258,18.61576271057129,-0.0,-0.0,-0.0,-0.0,off
15.780000000000001,15.028058052062988,-9.076662063598633,0.5666010975837708,-0.9317300915718079,-0.7481951713562012,17.56557273864746,18.34410858154297,-0.0,-0.0,-0.0,-0.0,off
15.8,14.364620208740234,-8.954933166503906,0.8380416035652161,-0.8771213889122009,-0.7610877752304077,16.948020935058594,18.067617416381836,-0.0,-0.0,-0.0,-0.0,off
15.82,13.99499225616455,-10.181326866149902,1.0160250663757324,-0.8435308933258057,-0.7693320512771606,17.336421966552734,17.83798599243164,-0.0,-0.0,-0.0,-0.0,off
15.84,13.259173393249512,-9.541634559631348,1.4858453273773193,-0.8054205775260925,-0.7729408740997314,16.40293312072754,17.580215454101562,-0.0,-0.0,-0.0,-0.0,off
15.860000000000001,12.930338859558105,-10.281678199768066,1.6949431896209717,-0.7815688252449036,-0.7738036513328552,16.60660743713379,17.362548828125,-0.0,-0.0,-0.0,-0.0,off
15.88,12.122145652770996,-9.785615921020508,2.2345831394195557,-0.7631162405014038,-0.7727349400520325,15.738425254821777,17.105018615722656,-0.0,0.0,-0.0,-0.0,off
15.9,11.408087730407715,-9.810280799865723,2.5244693756103516,-0.7696131467819214,-0.7724227905273438,15.256442070007324,16.829601287841797,-0.0,-0.0,-0.0,-0.0,off
15.92,10.695328712463379,-9.517422676086426,2.720625877380371,-0.7602729201316833,-0.7712077498435974,14.573029518127441,16.524341583251953,-0.0,-0.0,-0.0,-0.0,off
15.94,9.940773010253906,-9.431889533996582,2.872736692428589,-0.751736581325531,-0.7692606449127197,14.001147270202637,16.194377899169922,-0.0,-0.0,-0.0,-0.0,off
15.96,9.237964630126953,-9.461983680725098,3.0454061031341553,-0.7098111510276794,-0.7633156776428223,13.569952964782715,15.852517127990723,-0.0,-0.0,-0.0,-0.0,off
15.98,8.605074882507324,-9.331411361694336,3.1331875324249268,-0.6762713193893433,-0.7546111941337585,13.074379920959473,15.498332977294922,-0.0,-0.0,-0.0,-0.0,off
16.0,7.992142200469971,-9.215683937072754,3.4862253665924072,-0.6482270359992981,-0.7439727783203125,12.686881065368652,15.140571594238281,-0.0,-0.0,-0.0,-0.0,off
16.02,7.3812174797058105,-8.923303604125977,3.7803452014923096,-0.6339318156242371,-0.7329686880111694,12.181901931762695,14.770572662353516,-0.0,0.0,-0.0,-0.0,off
16.04,6.455674648284912,-8.605721473693848,3.9520387649536133,-0.6154014468193054,-0.7212119102478027,11.46092414855957,14.360077857971191,-0.0,0.0,-0.0,-0.0,off
16.06,5.656833171844482,-8.242030143737793,4.178761959075928,-0.5861815810203552,-0.7077088356018066,10.834799766540527,13.923640251159668,-0.0,0.0,-0.0,-0.0,off
16.080000000000002,5.546642780303955,-7.844692230224609,4.555004596710205,-0.516181230545044,-0.6885560154914856,10.632615089416504,13.520880699157715,-0.0,-0.0,-0.0,-0.0,off
16.1,5.293337821960449,-8.383349418640137,4.689854621887207,-0.5328519940376282,-0.6729855537414551,10.967894554138184,13.185343742370605,-0.0,-0.0,-0.0,-0.0,off
16.12,5.1927714347839355,-8.647366523742676,5.115017890930176,-0.5894558429718018,-0.6646325588226318,11.30951976776123,12.916412353515625,-0.0,-0.0,-0.0,-0.0,off
16.14,5.15285062789917,-9.389188766479492,5.408751010894775,-0.6132806539535522,-0.6594973206520081,11.9984712600708,12.740283012390137,-0.0,-0.0,-0.0,-0.0,off
16.16,5.095249652862549,-9.640559196472168,5.7825798988342285,-0.6374250054359436,-0.6572901010513306,12.342616081237793,12.6206636428833,-0.0,-0.0,-0.0,-0.0,off
16.18,4.969080924987793,-10.035992622375488,6.087889194488525,-0.6991481184959412,-0.6614758968353271,12.746580123901367,12.555684089660645,-0.0,-0.0,-0.0,-0.0,off
16.2,4.722042083740234,-10.167630195617676,6.313146114349365,-0.7859260439872742,-0.6739208698272705,12.866009712219238,12.51293659210205,-0.0,-0.0,-0.0,-0.0,off
16.22,4.582496643066406,-10.296358108520508,6.573470115661621,-0.8352203369140625,-0.6900507807731628,13.047021865844727,12.498591423034668,-0.0,-0.0,-0.0,-0.0,off
16.240000000000002,4.524026870727539,-10.436776161193848,6.814947605133057,-0.8816044330596924,-0.7092061638832092,13.260340690612793,12.514694213867188,-0.0,-0.0,-0.0,-0.0,off
16.26,4.360065937042236,-10.431718826293945,7.1226301193237305,-0.916512131690979,-0.7299367189407349,13.362738609313965,12.543848037719727,0.0,-0.0,-0.0,0.0,off
16.28,4.4391093254089355,-10.53585147857666,7.490846157073975,-0.9536282420158386,-0.7523058652877808,13.668307304382324,12.608449935913086,-0.0,-0.0,-0.0,-0.0,off
16.3,4.317501544952393,-10.487845420837402,7.716897010803223,-1.0042328834533691,-0.7774985432624817,13.718098640441895,12.67632007598877,-0.0,-0.0,-0.0,-0.0,off
16.32,4.239173889160156,-10.372995376586914,7.9853196144104,-1.022015929222107,-0.8019502758979797,13.759903907775879,12.745890617370605,-0.0,-0.0,-0.0,-0.0,off
16.34,4.213717937469482,-10.4964017868042,8.242841720581055,-1.007909893989563,-0.8225461840629578,13.99551010131836,12.836394309997559,-0.0,-0.0,-0.0,-0.0,off
16.36,4.1000447273254395,-10.38887882232666,8.374366760253906,-0.9977949261665344,-0.8400710225105286,13.959555625915527,12.918033599853516,-0.0,-0.0,-0.0,-0.0,off
16.38,4.008086204528809,-10.467089653015137,8.563349723815918,-0.9798359870910645,-0.8540474772453308,14.105164527893066,13.008951187133789,-0.0,-0.0,-0.0,-0.0,off
16.4,3.9072835445404053,-10.350955963134766,8.748970985412598,-0.9603920578956604,-0.8646819591522217,14.105093002319336,13.093008995056152,-0.0,-0.0,-0.0,-0.0,off
16.42,3.7647156715393066,-10.39735221862793,8.838626861572266,-0.9468442797660828,-0.8728981614112854,14.15624713897705,13.176206588745117,-0.0,0.0,-0.0,-0.0,off
16.44,3.652618408203125,-10.263218879699707,9.057938575744629,-0.9499959349632263,-0.8806079626083374,14.167622566223145,13.253170013427734,-0.0,0.0,-0.0,-0.0,off
16.46,3.5480239391326904,-10.208483695983887,9.135868072509766,-0.9663400650024414,-0.8891811966896057,14.15152645111084,13.323166847229004,-0.0,-0.0,-0.0,-0.0,off
16.48,3.4358274936676025,-10.115548133850098,9.394880294799805,-1.0020817518234253,-0.9004712104797363,14.226490020751953,13.393739700317383,-0.0,-0.0,-0.0,-0.0,off
16.5,3.29419207572937,-10.042691230773926,9.586824417114258,-1.0242811441421509,-0.9128522276878357,14.269356727600098,13.46191120147705,-0.0,-0.0,-0.0,-0.0,off
16.52,3.270904779434204,-10.045255661010742,9.799471855163574,-1.0120984315872192,-0.9227768182754517,14.409566879272461,13.539026260375977,-0.0,-0.0,-0.0,-0.0,off
16.54,3.3113324642181396,-10.028698921203613,10.020760536193848,-0.9974492192268372,-0.9302440285682678,14.558687210083008,13.625319480895996,-0.0,-0.0,-0.0,-0.0,off
16.56,3.3721797466278076,-10.162407875061035,10.271944046020508,-0.9965399503707886,-0.9368736147880554,14.83775520324707,13.7330904006958,-0.0,0.0,-0.0,-0.0,off
16.580000000000002,3.4258031845092773,-10.105902671813965,10.482405662536621,-0.9979451894760132,-0.9429807662963867,14.958148956298828,13.843422889709473,-0.0,-0.0,-0.0,-0.0,off
16.6,3.5511183738708496,-10.098714828491211,10.635673522949219,-0.971684992313385,-0.9458511471748352,15.090130805969238,13.958069801330566,-0.0,0.0,-0.0,-0.0,off
16.62,3.6149795055389404,-10.024871826171875,10.819509506225586,-0.9187880754470825,-0.9431448578834534,15.18643856048584,14.07164478302002,-0.0,-0.0,-0.0,-0.0,off
16.64,3.7234046459198,-9.911484718322754,10.951051712036133,-0.8666879534721375,-0.9354991316795349,15.232426643371582,14.179376602172852,-0.0,-0.0,-0.0,-0.0,off
16.66,3.714099645614624,-9.98429012298584,11.193897247314453,-0.848195493221283,-0.9267687797546387,15.452634811401367,14.29879379272461,-0.0,0.0,-0.0,-0.0,off
16.68,3.8830018043518066,-9.78936767578125,11.42758560180664,-0.8396899104118347,-0.9180608987808228,15.540242195129395,14.414616584777832,-0.0,0.0,-0.0,-0.0,off
16.7,3.976999521255493,-9.83410358428955,11.66305923461914,-0.855688750743866,-0.9118236303329468,15.765565872192383,14.542072296142578,-0.0,-0.0,-0.0,-0.0,off
16.72,4.088975429534912,-9.728859901428223,11.969958305358887,-0.9090331196784973,-0.9115445613861084,15.957767486572266,14.67520809173584,-0.0,-0.0,-0.0,-0.0,off
16.740000000000002,4.229011058807373,-9.735189437866211,12.215457916259766,-0.9254612326622009,-0.9129362106323242,16.182579040527344,14.817953109741211,-0.0,-0.0,-0.0,-0.0,off
16.76,4.318406581878662,-9.510025024414062,12.292449951171875,-0.874966025352478,-0.9091391563415527,16.130516052246094,14.940977096557617,-0.0,-0.0,-0.0,-0.0,off
16.78,4.3693976402282715,-9.554869651794434,12.419949531555176,-0.8133394122123718,-0.8995591402053833,16.26782989501953,15.066693305969238,-0.0,-0.0,-0.0,-0.0,off
16.8,4.513207912445068,-9.437125205993652,12.615703582763672,-0.7937347888946533,-0.8889766931533813,16.3885440826416,15.191523551940918,-0.0,0.0,-0.0,-0.0,off
16.82,4.615177631378174,-9.391803741455078,12.91107177734375,-0.8080734610557556,-0.8808863162994385,16.619314193725586,15.32653522491455,-0.0,-0.0,-0.0,-0.0,off
16.84,4.816500186920166,-9.333097457885742,13.139131546020508,-0.8182701468467712,-0.8746247291564941,16.820884704589844,15.468052864074707,-0.0,-0.0,-0.0,-0.0,off
16.86,4.845717430114746,-9.180333137512207,13.284717559814453,-0.7842198610305786,-0.8655842542648315,16.859514236450195,15.599059104919434,-0.0,-0.0,-0.0,-0.0,off
16.88,4.975253105163574,-9.007349967956543,13.48892879486084,-0.7564597129821777,-0.8546717762947083,16.96575164794922,15.72678279876709,-0.0,-0.0,-0.0,-0.0,off
16.9,5.173381328582764,-8.977343559265137,13.678489685058594,-0.7337409853935242,-0.842578649520874,17.15976905822754,15.861478805541992,-0.0,0.0,-0.0,-0.0,off
16.92,5.314828395843506,-8.882339477539062,13.821900367736816,-0.672865092754364,-0.8256072402000427,17.268129348754883,15.993646621704102,-0.0,0.0,-0.0,-0.0,off
16.94,5.4028239250183105,-8.921887397766113,13.92197036743164,-0.5893224477767944,-0.8019787669181824,17.395742416381836,16.126758575439453,-0.0,0.0,-0.0,-0.0,off
16.96,5.471189022064209,-8.816251754760742,13.833029747009277,-0.4991733431816101,-0.7716982364654541,17.291990280151367,16.237096786499023,-0.0,0.0,-0.0,-0.0,off
16.98,5.533400058746338,-8.628135681152344,13.827741622924805,-0.44867128133773804,-0.7393954992294312,17.212486267089844,16.328359603881836,-0.0,-0.0,-0.0,-0.0,off
17.0,5.62391996383667,-8.563958168029785,14.171976089477539,-0.482377290725708,-0.7136936783790588,17.487560272216797,16.437429428100586,-0.0,-0.0,-0.0,-0.0,off
17.02,5.7908501625061035,-8.51008129119873,14.359163284301758,-0.49504321813583374,-0.6918286085128784,17.667512893676758,16.55354881286621,0.0,0.0,-0.0,0.0,off
17.04,5.8357462882995605,-8.362149238586426,14.13103199005127,-0.4535667896270752,-0.6680024266242981,17.42605972290039,16.634912490844727,0.0,0.0,-0.0,0.0,off
17.06,6.133187770843506,-8.42459774017334,14.598779678344727,-0.46250495314598083,-0.647452712059021,17.93639373779297,16.758533477783203,-0.0,-0.0,-0.0,-0.0,off
17.080000000000002,6.570501804351807,-8.475858688354492,15.202301025390625,-0.4879381060600281,-0.6315011978149414,18.604345321655273,16.935096740722656,-0.0,0.0,-0.0,-0.0,off
17.1,7.125120639801025,-8.536662101745605,15.827821731567383,-0.5532912611961365,-0.6236802339553833,19.343265533447266,17.16607666015625,-0.0,-0.0,-0.0,-0.0,off
17.12,7.554236888885498,-8.525885581970215,16.195905685424805,-0.5546708106994629,-0.6167792677879333,19.800621032714844,17.418777465820312,-0.0,0.0,-0.0,-0.0,off
17.14,8.077109336853027,-8.608369827270508,16.718597412109375,-0.5838820338249207,-0.6134895086288452,20.465951919555664,17.711851119995117,-0.0,0.0,-0.0,-0.0,off
17.16,8.580462455749512,-8.549323081970215,17.07967185974121,-0.620363175868988,-0.614176869392395,20.938730239868164,18.021438598632812,-0.0,-0.0,-0.0,-0.0,off
17.18,9.089756965637207,-8.396489143371582,17.648836135864258,-0.7336903810501099,-0.6261281967163086,21.554723739624023,18.359296798706055,-0.0,-0.0,-0.0,-0.0,off
17.2,9.740419387817383,-8.309490203857422,17.93260383605957,-0.7879992723464966,-0.6423152685165405,22.034103393554688,18.70917320251465,-0.0,-0.0,-0.0,-0.0,off
17.22,10.300073623657227,-8.263968467712402,18.43325424194336,-0.8617450594902039,-0.6642582416534424,22.67530632019043,19.087228775024414,-0.0,0.0,-0.0,-0.0,off
17.240000000000002,10.816885948181152,-8.18821907043457,19.019731521606445,-0.9519568085670471,-0.6930280923843384,23.362407684326172,19.495588302612305,-0.0,0.0,-0.0,-0.0,off
17.26,11.520598411560059,-8.055112838745117,19.469287872314453,-1.0586873292922974,-0.7295940518379211,24.013792037963867,19.925973892211914,-0.0,-0.0,-0.0,-0.0,off
17.28,12.028234481811523,-7.8339524269104,19.69536018371582,-1.1160284280776978,-0.7682374715805054,24.3712215423584,20.347942352294922,-0.0,-0.0,-0.0,-0.0,off
17.3,12.454683303833008,-7.553853988647461,19.802654266357422,-1.142583966255188,-0.8056721091270447,24.58302116394043,20.74800682067871,-0.0,-0.0,-0.0,-0.0,off
17.32,12.921196937561035,-7.346442222595215,19.896005630493164,-1.1546827554702759,-0.8405731320381165,24.83502769470215,21.132829666137695,-0.0,-0.0,-0.0,-0.0,off
17.34,13.426348686218262,-7.002033710479736,19.905704498291016,-1.1850011348724365,-0.875015914440155,25.01064682006836,21.494544982910156,-0.0,-0.0,-0.0,-0.0,off
17.36,13.905401229858398,-6.669252395629883,20.011993408203125,-1.2360155582427979,-0.9111158847808838,25.26497459411621,21.844024658203125,-0.0,-0.0,-0.0,-0.0,off
17.38,14.48205280303955,-6.336457252502441,20.08293342590332,-1.2690237760543823,-0.9469066858291626,25.557870864868164,22.18556785583496,-0.0,-0.0,-0.0,-0.0,off
17.400000000000002,14.951638221740723,-6.035520553588867,20.22423553466797,-1.2826259136199951,-0.9804785847663879,25.865009307861328,22.523195266723633,-0.0,-0.0,-0.0,-0.0,off
17.42,15.372400283813477,-5.774310111999512,20.350231170654297,-1.2901344299316406,-1.0114442110061646,26.1492862701416,22.85599708557129,-0.0,-0.0,-0.0,-0.0,off
17.44,15.861213684082031,-5.577607154846191,20.432621002197266,-1.3000808954238892,-1.040307879447937,26.46091079711914,23.18714714050293,-0.0,-0.0,-0.0,-0.0,off
17.46,16.31696891784668,-5.360118865966797,20.49601936340332,-1.2960580587387085,-1.065882921218872,26.74062728881836,23.513647079467773,-0.0,-0.0,-0.0,-0.0,off
17.48,16.68840980529785,-5.077205657958984,20.58781623840332,-1.270162582397461,-1.086310863494873,26.984054565429688,23.83249282836914,-0.0,0.0,-0.0,-0.0,off
17.5,17.055137634277344,-4.699220657348633,20.603849411010742,-1.2228118181228638,-1.0999609231948853,27.156564712524414,24.136144638061523,-0.0,-0.0,-0.0,-0.0,off
17.52,17.413511276245117,-4.39708948135376,20.57093048095703,-1.180195927619934,-1.1079844236373901,27.308019638061523,24.424768447875977,-0.0,-0.0,-0.0,-0.0,off
17.54,17.711111068725586,-4.089911460876465,20.48529052734375,-1.1328774690628052,-1.1104736328125,27.38718605041504,24.69286346435547,-0.0,0.0,-0.0,-0.0,off
17.56,18.090423583984375,-3.758965492248535,20.34606170654297,-1.0928488969802856,-1.1087111234664917,27.48373031616211,24.943038940429688,-0.0,-0.0,-0.0,-0.0,off
17.580000000000002,18.504249572753906,-3.217660903930664,20.1043643951416,-1.0370128154754639,-1.10154128074646,27.512653350830078,25.167394638061523,-0.0,0.0,-0.0,-0.0,off
17.6,18.83810043334961,-2.8932032585144043,19.800046920776367,-0.943892776966095,-1.085776448249817,27.48247528076172,25.365550994873047,-0.0,-0.0,-0.0,-0.0,off
17.62,18.890466690063477,-2.615300178527832,19.138355255126953,-0.789283812046051,-1.0561271905899048,27.017887115478516,25.49755859375,-0.0,-0.0,-0.0,-0.0,off
17.64,19.38103485107422,-2.3398218154907227,19.390161514282227,-0.8003270030021667,-1.0305471420288086,27.515043258666992,25.667375564575195,0.0,-0.0,-0.0,0.0,off
17.66,20.083585739135742,-1.695579171180725,19.69803237915039,-0.849296510219574,-1.0124220848083496,28.182226181030273,25.88287353515625,-0.0,-0.0,-0.0,-0.0,off
17.68,20.536590576171875,-0.7419530153274536,19.70752716064453,-0.8222558498382568,-0.9934054017066956,28.47259521484375,26.09860610961914,-0.0,-0.0,-0.0,-0.0,off
17.7,20.938140869140625,0.040398478507995605,19.75604820251465,-0.7726115584373474,-0.9713259935379028,28.787302017211914,26.320192337036133,-0.0,-0.0,-0.0,-0.0,off
17.72,21.07070541381836,0.5508183240890503,19.804174423217773,-0.7215004563331604,-0.9463434219360352,28.922021865844727,26.535213470458984,-0.0,-0.0,-0.0,-0.0,off
17.740000000000002,21.305389404296875,1.1676510572433472,19.74196434020996,-0.6674966812133789,-0.9184587597846985,29.069368362426758,26.742462158203125,-0.0,-0.0,-0.0,-0.0,off
17.76,21.737186431884766,1.6379145383834839,19.567401885986328,-0.5842055678367615,-0.8850334286689758,29.2928524017334,26.950777053833008,-0.0,-0.0,-0.0,-0.0,off
17.78,21.956663131713867,2.2415833473205566,19.403451919555664,-0.49548494815826416,-0.8460785746574402,29.387304306030273,27.14664649963379,-0.0,-0.0,-0.0,-0.0,off
17.8,22.118806838989258,2.86859130859375,19.330961227416992,-0.4423266649246216,-0.805703341960907,29.51535987854004,27.335285186767578,-0.0,0.0,-0.0,-0.0,off
17.82,22.363784790039062,3.448338508605957,19.27895164489746,-0.40983304381370544,-0.7661163210868835,29.727224349975586,27.526241302490234,-0.0,0.0,-0.0,-0.0,off
17.84,22.549814224243164,3.9816207885742188,19.294191360473633,-0.39518076181411743,-0.729022741317749,29.943500518798828,27.72117042541504,0.0,-0.0,-0.0,0.0,off
17.86,22.79357147216797,4.1590423583984375,19.30027961730957,-0.36975976824760437,-0.6930964589118958,30.155351638793945,27.923938751220703,0.0,-0.0,-0.0,0.0,off
17.88,22.92407989501953,4.465585708618164,19.280492782592773,-0.3427981436252594,-0.6580666303634644,30.28518295288086,28.1231632232666,0.0,-0.0,-0.0,0.0,off
17.900000000000002,22.95824432373047,4.587828159332275,19.15603256225586,-0.30872225761413574,-0.6231321692466736,30.250335693359375,28.304218292236328,-0.0,-0.0,-0.0,-0.0,off
17.92,22.683412551879883,4.855501174926758,19.084115982055664,-0.27733340859413147,-0.5885522365570068,30.038585662841797,28.44971466064453,-0.0,-0.0,-0.0,-0.0,off
17.94,22.414344787597656,4.855066776275635,18.889251708984375,-0.20137548446655273,-0.5498345494270325,29.711585998535156,28.55327796936035,-0.0,-0.0,-0.0,-0.0,off
17.96,22.672760009765625,5.3148603439331055,18.709566116333008,-0.12846553325653076,-0.5076976418495178,29.872220993041992,28.660995483398438,-0.0,-0.0,-0.0,-0.0,off
17.98,23.121471405029297,5.74639368057251,18.611101150512695,-0.08687976747751236,-0.465615838766098,30.232376098632812,28.79281234741211,-0.0,0.0,-0.0,-0.0,off
18.0,23.580768585205078,6.225035190582275,18.56912612915039,-0.08587834984064102,-0.4276420772075653,30.65315818786621,28.952329635620117,-0.0,-0.0,-0.0,-0.0,off
18.02,23.769954681396484,6.284226417541504,18.511587142944336,-0.06714723259210587,-0.3915925920009613,30.776308059692383,29.11217498779297,-0.0,-0.0,-0.0,-0.0,off
18.04,23.880599975585938,6.500217437744141,18.503732681274414,-0.0529676154255867,-0.35773009061813354,30.901844024658203,29.27084732055664,-0.0,0.0,-0.0,-0.0,off
18.06,23.774343490600586,6.603587627410889,18.39243507385254,-0.05906683951616287,-0.32786375284194946,30.775127410888672,29.403825759887695,-0.0,-0.0,-0.0,-0.0,off
18.080000000000002,23.585494995117188,6.7788543701171875,18.203340530395508,-0.049351997673511505,-0.30001258850097656,30.554704666137695,29.502973556518555,-0.0,-0.0,-0.0,-0.0,off
18.1,23.54562759399414,7.039289474487305,17.970417022705078,-0.015050478279590607,-0.2715163826942444,30.44477081298828,29.58131980895996,-0.0,-0.0,-0.0,-0.0,off
18.12,23.73721694946289,7.357815265655518,17.61033058166504,0.003017537295818329,-0.24406298995018005,30.45844078063965,29.651756286621094,-0.0,-0.0,-0.0,-0.0,off
18.14,24.116802215576172,7.915326118469238,17.12830352783203,0.03129559010267258,-0.21652713418006897,30.62109375,29.726694107055664,-0.0,-0.0,-0.0,-0.0,off
18.16,24.438533782958984,8.510858535766602,16.722951889038086,0.06299664825201035,-0.18857476115226746,30.811260223388672,29.808725357055664,-0.0,-0.0,-0.0,-0.0,off
18.18,24.73062515258789,9.202168464660645,16.529600143432617,0.10205715149641037,-0.15951156616210938,31.136978149414062,29.911623001098633,0.0,-0.0,-0.0,0.0,off
18.2,24.91738510131836,9.512542724609375,16.563119888305664,0.15562623739242554,-0.12799778580665588,31.395883560180664,30.032867431640625,-0.0,-0.0,-0.0,-0.0,off
18.22,24.894094467163086,10.2660551071167,16.629621505737305,0.16686218976974487,-0.09851178526878357,31.648889541625977,30.165660858154297,-0.0,-0.0,-0.0,-0.0,off
18.240000000000002,25.08526611328125,10.751786231994629,16.730234146118164,0.19624227285385132,-0.06903637945652008,32.012062072753906,30.322711944580078,-0.0,-0.0,-0.0,-0.0,off
18.26,25.237411499023438,10.888522148132324,16.872961044311523,0.26649338006973267,-0.03548339754343033,32.25188064575195,30.492948532104492,-0.0,-0.0,-0.0,-0.0,off
18.28,25.10713005065918,10.676295280456543,17.140966415405273,0.3537268042564392,0.003437623381614685,32.22055435180664,30.650596618652344,-0.0,-0.0,-0.0,-0.0,off
18.3,25.02513313293457,10.538390159606934,17.34576416015625,0.42730623483657837,0.04582448676228523,32.22096252441406,30.797208786010742,-0.0,-0.0,-0.0,-0.0,off
18.32,25.162376403808594,10.559261322021484,17.49797248840332,0.47132664918899536,0.08837470412254333,32.41638946533203,30.951107025146484,-0.0,-0.0,-0.0,-0.0,off
18.34,25.297700881958008,10.323593139648438,17.664749145507812,0.5145498514175415,0.13099221885204315,32.53603744506836,31.10477638244629,-0.0,-0.0,-0.0,-0.0,off
18.36,25.44011878967285,10.294248580932617,17.778573989868164,0.5488181710243225,0.17277482151985168,32.699371337890625,31.26072883605957,-0.0,-0.0,-0.0,-0.0,off
18.38,25.559913635253906,10.24378490447998,17.88118553161621,0.5802549719810486,0.21352283656597137,32.83262252807617,31.41545867919922,-0.0,-0.0,-0.0,-0.0,off
18.400000000000002,25.58237075805664,10.47649097442627,17.962064743041992,0.594060480594635,0.25157660245895386,32.96741485595703,31.568065643310547,-0.0,-0.0,-0.0,-0.0,off
18.42,25.65740394592285,10.753229141235352,17.99936866760254,0.5876126885414124,0.2851802110671997,33.13475036621094,31.7217960357666,-0.0,-0.0,-0.0,-0.0,off
18.44,25.625268936157227,10.978765487670898,18.061267852783203,0.5857930183410645,0.3152414858341217,33.21742248535156,31.86826515197754,-0.0,0.0,-0.0,-0.0,off
18.46,25.646129608154297,11.192831993103027,18.06782341003418,0.6037250757217407,0.3440898358821869,33.30840301513672,32.00902557373047,-0.0,-0.0,-0.0,-0.0,off
18.48,25.60230827331543,11.287869453430176,18.12642478942871,0.6322841644287109,0.372909277677536,33.33858871459961,32.13905715942383,-0.0,0.0,-0.0,-0.0,off
18.5,25.61858558654785,11.559582710266113,18.114864349365234,0.6872230768203735,0.4043406546115875,33.437767028808594,32.26558303833008,-0.0,-0.0,-0.0,-0.0,off
18.52,25.595996856689453,11.64908504486084,18.173315048217773,0.7224437594413757,0.4361509680747986,33.48321533203125,32.384361267089844,-0.0,-0.0,-0.0,-0.0,off
18.54,25.638795852661133,11.80977725982666,18.17609977722168,0.7514603137969971,0.467681884765625,33.573638916015625,32.500362396240234,-0.0,-0.0,-0.0,-0.0,off
18.56,25.586040496826172,11.764336585998535,18.185331344604492,0.8105225563049316,0.5019659399986267,33.52239990234375,32.600318908691406,0.0,-0.0,-0.0,0.0,off
18.580000000000002,25.63358497619629,11.768342018127441,18.192577362060547,0.8877976536750793,0.540549099445343,33.56403350830078,32.69491195678711,-0.0,-0.0,-0.0,-0.0,off
18.6,25.663930892944336,11.859030723571777,18.21544075012207,0.9694603085517883,0.5834401845932007,33.63147735595703,32.786930084228516,-0.0,-0.0,-0.0,-0.0,off
18.62,25.6768798828125,11.732365608215332,18.29868507385254,1.0307139158248901,0.6281675696372986,33.64212417602539,32.8714714050293,-0.0,-0.0,-0.0,-0.0,off
18.64,25.653121948242188,11.704964637756348,18.32088279724121,1.075766921043396,0.6729274392127991,33.62653350830078,32.94623947143555,-0.0,-0.0,-0.0,-0.0,off
18.66,25.700740814208984,11.634056091308594,18.32469940185547,1.1418589353561401,0.7198205590248108,33.64036178588867,33.01519012451172,-0.0,-0.0,-0.0,-0.0,off
18.68,25.728084564208984,11.684901237487793,18.33329963684082,1.2052370309829712,0.7683621644973755,33.68354415893555,33.08159637451172,-0.0,-0.0,-0.0,-0.0,off
