t,Fx_hat,Fy_hat,Fz_hat,force_mag,force_mag_ema,wz_obs,vx_cmd,vy_cmd,wz_cmd,compliance_mode
0.0,15.534849166870117,-6.662374973297119,6.791087627410889,18.216411590576172,18.1506404876709,-0.0,-0.0,-0.0,-0.0,off
0.02,15.526912689208984,-6.643802165985107,6.766851902008057,18.193828582763672,18.154010772705078,-0.0,-0.0,-0.0,-0.0,off
0.04,15.504955291748047,-6.668375492095947,6.760639667510986,18.181779861450195,18.156097412109375,-0.0,-0.0,-0.0,-0.0,off
0.06,15.506985664367676,-6.564192771911621,6.76682710647583,18.147869110107422,18.154468536376953,0.0,-0.0,-0.0,0.0,off
0.08,15.495038986206055,-6.454423904418945,6.7645792961120605,18.09738540649414,18.14784049987793,-0.0,0.0,-0.0,-0.0,off
0.1,15.492053031921387,-6.380510330200195,6.757221698760986,18.065841674804688,18.138710021972656,-0.0,-0.0,-0.0,-0.0,off
0.12,15.466351509094238,-6.369730472564697,6.741694927215576,18.03418731689453,18.127506256103516,-0.0,-0.0,-0.0,-0.0,off
0.14,15.45860481262207,-6.2962965965271,6.740853786468506,18.001415252685547,18.114118576049805,-0.0,-0.0,-0.0,-0.0,off
0.16,15.459380149841309,-6.234488487243652,6.730376720428467,17.97663116455078,18.099592208862305,-0.0,-0.0,-0.0,-0.0,off
0.18,15.448148727416992,-6.243087291717529,6.710366249084473,17.962472915649414,18.085289001464844,-0.0,-0.0,-0.0,-0.0,off
0.2,15.44180679321289,-6.1636762619018555,6.708003997802734,17.928682327270508,18.068979263305664,-0.0,-0.0,-0.0,-0.0,off
0.22,15.444019317626953,-6.0693359375,6.719030857086182,17.902511596679688,18.051576614379883,-0.0,0.0,-0.0,-0.0,off
0.24,15.453300476074219,-5.979531288146973,6.70581579208374,17.87532615661621,18.033109664916992,-0.0,0.0,-0.0,-0.0,off
0.26,15.460894584655762,-5.90215539932251,6.704634666442871,17.855722427368164,18.01447868347168,-0.0,0.0,-0.0,-0.0,off
0.28,15.468634605407715,-5.909121513366699,6.689794540405273,17.859163284301758,17.998241424560547,-0.0,-0.0,-0.0,-0.0,off
0.3,15.457283973693848,-5.847631931304932,6.681032180786133,17.82578468322754,17.980287551879883,-0.0,-0.0,-0.0,-0.0,off
0.32,15.464622497558594,-5.743605136871338,6.684606552124023,17.799650192260742,17.961381912231445,-0.0,-0.0,-0.0,-0.0,off
0.34,15.45295238494873,-5.67820405960083,6.685961723327637,17.769012451171875,17.94129753112793,-0.0,-0.0,-0.0,-0.0,off
0.36,15.442974090576172,-5.610223293304443,6.695567607879639,17.742341995239258,17.92053985595703,-0.0,-0.0,-0.0,-0.0,off
0.38,15.42142105102539,-5.531838417053223,6.707942485809326,17.70361328125,17.897947311401367,-0.0,0.0,-0.0,-0.0,off
0.4,15.408942222595215,-5.366962432861328,6.728515625,17.649723052978516,17.87190818786621,-0.0,-0.0,-0.0,-0.0,off
0.42,15.384683609008789,-5.269802093505859,6.732504367828369,17.600736618041992,17.843507766723633,-0.0,-0.0,-0.0,-0.0,off
0.44,15.363875389099121,-5.273699760437012,6.732717037200928,17.58380126953125,17.8165225982666,-0.0,-0.0,-0.0,-0.0,off
0.46,15.379158973693848,-5.272451877593994,6.713099479675293,17.589284896850586,17.792970657348633,-0.0,-0.0,-0.0,-0.0,off
0.48,15.375081062316895,-5.192951679229736,6.712422847747803,17.561790466308594,17.768972396850586,-0.0,0.0,-0.0,-0.0,off
0.5,15.382089614868164,-5.1037821769714355,6.7237162590026855,17.546100616455078,17.745710372924805,-0.0,0.0,-0.0,-0.0,off
0.52,15.355146408081055,-5.095337390899658,6.731162071228027,17.522886276245117,17.72262954711914,-0.0,-0.0,-0.0,-0.0,off
0.54,15.348454475402832,-4.989969730377197,6.749724864959717,17.493816375732422,17.698806762695312,-0.0,-0.0,-0.0,-0.0,off
0.56,15.358427047729492,-4.895050525665283,6.746182918548584,17.474374771118164,17.675321578979492,-0.0,0.0,-0.0,-0.0,off
0.58,15.344131469726562,-4.881496429443359,6.747244834899902,17.45842742919922,17.652753829956055,-0.0,-0.0,-0.0,-0.0,off
0.6,15.353839874267578,-4.83192777633667,6.742020606994629,17.451154708862305,17.631746292114258,-0.0,-0.0,-0.0,-0.0,off
0.62,15.367154121398926,-4.7505927085876465,6.748483180999756,17.443038940429688,17.611949920654297,-0.0,-0.0,-0.0,-0.0,off
0.64,15.374048233032227,-4.628759384155273,6.762540340423584,17.421789169311523,17.591808319091797,-0.0,-0.0,-0.0,-0.0,off
0.66,15.387885093688965,-4.579203128814697,6.753133773803711,17.417259216308594,17.57328224182129,-0.0,0.0,-0.0,-0.0,off
0.68,15.38365364074707,-4.537042140960693,6.756722927093506,17.40387535095215,17.555349349975586,0.0,-0.0,-0.0,0.0,off
0.7000000000000001,15.375324249267578,-4.437084674835205,6.78005838394165,17.37980079650879,17.536680221557617,-0.0,0.0,-0.0,-0.0,off
0.72,15.37039852142334,-4.399863243103027,6.783348083496094,17.36726188659668,17.518722534179688,-0.0,-0.0,-0.0,-0.0,off
0.74,15.3629150390625,-4.271831512451172,6.813574314117432,17.340486526489258,17.49966049194336,-0.0,-0.0,-0.0,-0.0,off
0.76,15.370633125305176,-4.179559230804443,6.8120880126953125,17.324249267578125,17.480804443359375,-0.0,-0.0,-0.0,-0.0,off
0.78,15.312080383300781,-4.111069202423096,6.84971284866333,17.270763397216797,17.458511352539062,-0.0,-0.0,-0.0,-0.0,off
0.8,15.326028823852539,-3.966150999069214,6.8737711906433105,17.25880241394043,17.43695068359375,-0.0,-0.0,-0.0,-0.0,off
0.8200000000000001,15.332488059997559,-3.875490427017212,6.883932590484619,17.247989654541016,17.416412353515625,-0.0,-0.0,-0.0,-0.0,off
0.84,15.325478553771973,-3.7625513076782227,6.885403633117676,17.217313766479492,17.394737243652344,-0.0,-0.0,-0.0,-0.0,off
0.86,15.323448181152344,-3.6855621337890625,6.884841442108154,17.198617935180664,17.37339210510254,-0.0,-0.0,-0.0,-0.0,off
0.88,15.289230346679688,-3.581756114959717,6.9149603843688965,17.15826988220215,17.350055694580078,-0.0,0.0,-0.0,-0.0,off
0.9,15.29229736328125,-3.4876761436462402,6.936995983123779,17.150514602661133,17.328216552734375,-0.0,0.0,-0.0,-0.0,off
0.92,15.273323059082031,-3.429114818572998,6.95430326461792,17.128793716430664,17.306503295898438,-0.0,0.0,-0.0,-0.0,off
0.9400000000000001,15.300102233886719,-3.2584614753723145,6.964766502380371,17.123628616333008,17.286039352416992,-0.0,0.0,-0.0,-0.0,off
0.96,15.300366401672363,-3.2473580837249756,6.944777965545654,17.11363410949707,17.26700210571289,-0.0,-0.0,-0.0,-0.0,off
0.98,15.295297622680664,-3.1283156871795654,6.952437400817871,17.090023040771484,17.24735450744629,-0.0,-0.0,-0.0,-0.0,off
1.0,15.294451713562012,-3.043787956237793,6.935434818267822,17.06707763671875,17.227401733398438,-0.0,-0.0,-0.0,-0.0,off
1.02,15.290348052978516,-2.9305503368377686,6.9368205070495605,17.044130325317383,17.207033157348633,-0.0,-0.0,-0.0,-0.0,off
1.04,15.260002136230469,-2.876391649246216,6.956278324127197,17.015613555908203,17.18600845336914,-0.0,-0.0,-0.0,-0.0,off
1.06,15.245814323425293,-2.834812879562378,6.954006195068359,16.994976043701172,17.165218353271484,-0.0,-0.0,-0.0,-0.0,off
1.08,15.23905086517334,-2.773507833480835,6.960968971252441,16.981639862060547,17.145252227783203,-0.0,0.0,-0.0,-0.0,off
1.1,15.241286277770996,-2.5772745609283447,6.978363513946533,16.959856033325195,17.12458038330078,-0.0,-0.0,-0.0,-0.0,off
1.12,15.248030662536621,-2.490264415740967,6.95641565322876,16.94389533996582,17.10440444946289,-0.0,-0.0,-0.0,-0.0,off
1.1400000000000001,15.244696617126465,-2.3608291149139404,6.978858470916748,16.931589126586914,17.084814071655273,-0.0,0.0,-0.0,-0.0,off
1.16,15.26209545135498,-2.3355965614318848,6.966208457946777,16.938554763793945,17.068201065063477,-0.0,-0.0,-0.0,-0.0,off
1.18,15.222421646118164,-2.3167386054992676,6.971743106842041,16.902503967285156,17.049955368041992,-0.0,-0.0,-0.0,-0.0,off
1.2,15.219802856445312,-2.206169843673706,6.986124515533447,16.891284942626953,17.032276153564453,-0.0,0.0,-0.0,-0.0,off
1.22,15.251953125,-2.078993082046509,6.976259231567383,16.900074005126953,17.01703643798828,-0.0,0.0,-0.0,-0.0,off
1.24,15.279182434082031,-2.02483868598938,6.948665618896484,16.90672492980957,17.00412940979004,-0.0,-0.0,-0.0,-0.0,off
1.26,15.280216217041016,-1.9031058549880981,6.946706295013428,16.89270782470703,16.990942001342773,-0.0,0.0,-0.0,-0.0,off
1.28,15.258020401000977,-1.7433961629867554,6.964194297790527,16.862581253051758,16.97572135925293,0.0,-0.0,-0.0,0.0,off
1.3,15.248448371887207,-1.6429442167282104,6.956546783447266,16.840665817260742,16.959810256958008,-0.0,-0.0,-0.0,-0.0,off
1.32,15.235456466674805,-1.5089426040649414,6.976663589477539,16.82468032836914,16.94368553161621,-0.0,-0.0,-0.0,-0.0,off
1.34,15.228833198547363,-1.3290672302246094,6.994165420532227,16.810773849487305,16.927337646484375,-0.0,-0.0,-0.0,-0.0,off
1.36,15.224139213562012,-1.191727876663208,6.998085021972656,16.7978515625,16.91115379333496,-0.0,-0.0,-0.0,-0.0,off
1.3800000000000001,15.220129013061523,-0.9743698835372925,7.007371425628662,16.784069061279297,16.89454460144043,-0.0,-0.0,-0.0,-0.0,off
1.4000000000000001,15.21660041809082,-0.8591904044151306,7.0036163330078125,16.773006439208984,16.87852668762207,0.0,0.0,-0.0,0.0,off
1.42,15.218958854675293,-0.6214568614959717,7.002613067626953,16.764232635498047,16.86243438720703,0.0,0.0,-0.0,0.0,off
1.44,15.210647583007812,-0.5321025252342224,6.993879795074463,16.749963760375977,16.84682273864746,-0.0,-0.0,-0.0,-0.0,off
1.46,15.220556259155273,-0.41345974802970886,6.978237628936768,16.74909210205078,16.83274269104004,-0.0,-0.0,-0.0,-0.0,off
1.48,15.204228401184082,-0.22581127285957336,6.990121364593506,16.735631942749023,16.818296432495117,-0.0,-0.0,-0.0,-0.0,off
1.5,15.18946361541748,-0.03124474734067917,7.0031819343566895,16.726186752319336,16.803892135620117,0.0,-0.0,-0.0,0.0,off
1.52,15.16989517211914,0.21868014335632324,6.997826099395752,16.707576751708984,16.788206100463867,0.0,-0.0,-0.0,0.0,off
1.54,15.135785102844238,0.43264564871788025,6.9997968673706055,16.681615829467773,16.770954132080078,-0.0,-0.0,-0.0,-0.0,off
1.56,15.117441177368164,0.5219453573226929,6.984423637390137,16.661081314086914,16.753921508789062,-0.0,-0.0,-0.0,-0.0,off
1.58,15.123766899108887,0.5958576202392578,6.9675116539001465,16.662221908569336,16.739299774169922,-0.0,-0.0,-0.0,-0.0,off
1.6,15.119707107543945,0.764411985874176,6.964138507843018,16.664005279541016,16.726104736328125,-0.0,0.0,-0.0,-0.0,off
1.62,15.138476371765137,0.8035812377929688,6.93724250793457,16.671669006347656,16.715787887573242,-0.0,0.0,-0.0,-0.0,off
1.6400000000000001,15.147687911987305,0.8461280465126038,6.912115573883057,16.67170524597168,16.707141876220703,-0.0,-0.0,-0.0,-0.0,off
1.6600000000000001,15.156740188598633,0.9645395278930664,6.886595249176025,16.675800323486328,16.699806213378906,-0.0,-0.0,-0.0,-0.0,off
1.68,15.163578033447266,1.0872178077697754,6.868355751037598,16.68204116821289,16.69383430480957,-0.0,-0.0,-0.0,-0.0,off
1.7,15.159753799438477,1.1463690996170044,6.851131439208984,16.675439834594727,16.68821907043457,-0.0,0.0,-0.0,-0.0,off
1.72,15.141297340393066,1.2910470962524414,6.828978061676025,16.6601505279541,16.68145751953125,-0.0,0.0,-0.0,-0.0,off
1.74,15.134839057922363,1.3846499919891357,6.816064357757568,16.656509399414062,16.675174713134766,0.0,0.0,-0.0,0.0,off
1.76,15.141546249389648,1.470414400100708,6.781682968139648,16.65592384338379,16.669649124145508,-0.0,-0.0,-0.0,-0.0,off
1.78,15.14663028717041,1.6245380640029907,6.738511562347412,16.6573429107666,16.6645450592041,-0.0,-0.0,-0.0,-0.0,off
1.8,15.120538711547852,1.7309613227844238,6.72772216796875,16.639986038208008,16.658292770385742,-0.0,-0.0,-0.0,-0.0,off
1.82,15.117192268371582,1.9082903861999512,6.715356826782227,16.651338577270508,16.653411865234375,-0.0,-0.0,-0.0,-0.0,off
1.84,15.101617813110352,1.9858026504516602,6.708617210388184,16.643550872802734,16.648544311523438,-0.0,-0.0,-0.0,-0.0,off
1.86,15.117162704467773,2.1336171627044678,6.661168098449707,16.656892776489258,16.64528465270996,-0.0,-0.0,-0.0,-0.0,off
1.8800000000000001,15.101661682128906,2.287604570388794,6.629576683044434,16.650663375854492,16.641496658325195,-0.0,-0.0,-0.0,-0.0,off
1.9000000000000001,15.102293968200684,2.480510950088501,6.610889911651611,16.671415328979492,16.639692306518555,-0.0,-0.0,-0.0,-0.0,off
1.92,15.08328914642334,2.696636438369751,6.5963568687438965,16.682008743286133,16.638511657714844,-0.0,-0.0,-0.0,-0.0,off
1.94,15.104557037353516,2.9301538467407227,6.568603992462158,16.7296142578125,16.64149284362793,-0.0,-0.0,-0.0,-0.0,off
1.96,15.104351997375488,2.9909026622772217,6.52565336227417,16.723369598388672,16.64422035217285,-0.0,-0.0,-0.0,-0.0,off
1.98,15.086265563964844,3.112053632736206,6.493837833404541,16.716764450073242,16.646142959594727,0.0,-0.0,-0.0,0.0,off
2.0,15.06071949005127,3.320664644241333,6.488580226898193,16.73181915283203,16.648862838745117,0.0,-0.0,-0.0,0.0,off
2.02,15.04568862915039,3.443309783935547,6.471335411071777,16.736406326293945,16.651952743530273,-0.0,-0.0,-0.0,-0.0,off
2.04,15.067699432373047,3.5352585315704346,6.411350727081299,16.75228500366211,16.656681060791016,-0.0,0.0,-0.0,-0.0,off
2.06,15.059311866760254,3.6468544006347656,6.38352108001709,16.75803565979004,16.661706924438477,-0.0,-0.0,-0.0,-0.0,off
2.08,15.05760383605957,3.7180988788604736,6.347719669342041,16.758556365966797,16.666725158691406,-0.0,-0.0,-0.0,-0.0,off
2.1,15.032552719116211,3.8937509059906006,6.337803363800049,16.772199630737305,16.672298431396484,-0.0,-0.0,-0.0,-0.0,off
2.12,15.01862907409668,3.958564043045044,6.276844501495361,16.751962661743164,16.675708770751953,-0.0,-0.0,-0.0,-0.0,off
2.14,15.007163047790527,4.046726226806641,6.2537946701049805,16.75412940979004,16.679262161254883,-0.0,-0.0,-0.0,-0.0,off
2.16,15.002767562866211,4.158190727233887,6.206874370574951,16.760038375854492,16.683101654052734,-0.0,-0.0,-0.0,-0.0,off
2.18,15.007911682128906,4.1573967933654785,6.1461873054504395,16.7420711517334,16.68547248840332,-0.0,-0.0,-0.0,-0.0,off
2.2,14.993705749511719,4.191555976867676,6.0821146965026855,16.714439392089844,16.68520164489746,-0.0,-0.0,-0.0,-0.0,off
2.22,15.003878593444824,4.161454200744629,6.003789901733398,16.687707901000977,16.682884216308594,-0.0,-0.0,-0.0,-0.0,off
2.24,15.005813598632812,4.1226677894592285,5.956098556518555,16.662710189819336,16.678852081298828,-0.0,-0.0,-0.0,-0.0,off
2.2600000000000002,14.998083114624023,4.0747971534729,5.882490634918213,16.617765426635742,16.671125411987305,-0.0,-0.0,-0.0,-0.0,off
2.2800000000000002,14.9774169921875,4.012574672698975,5.817946434020996,16.561168670654297,16.658870697021484,-0.0,-0.0,-0.0,-0.0,off
2.3000000000000003,14.981891632080078,4.019723892211914,5.727108478546143,16.535266876220703,16.645261764526367,-0.0,-0.0,-0.0,-0.0,off
2.32,14.98340129852295,4.05277156829834,5.695749759674072,16.53386878967285,16.632951736450195,-0.0,-0.0,-0.0,-0.0,off
2.34,14.993749618530273,4.041648864746094,5.607652187347412,16.51039695739746,16.619558334350586,-0.0,-0.0,-0.0,-0.0,off
2.36,14.970358848571777,4.110683917999268,5.551424980163574,16.487197875976562,16.6051082611084,-0.0,-0.0,-0.0,-0.0,off
2.38,14.971406936645508,4.164991855621338,5.498890399932861,16.484172821044922,16.591768264770508,0.0,-0.0,-0.0,0.0,off
2.4,14.956864356994629,4.190232276916504,5.438247203826904,16.45722770690918,16.57709503173828,0.0,-0.0,-0.0,0.0,off
2.42,14.955183982849121,4.190436840057373,5.370457172393799,16.433475494384766,16.561569213867188,-0.0,-0.0,-0.0,-0.0,off
2.44,14.959012985229492,4.250182628631592,5.317559719085693,16.435100555419922,16.547706604003906,-0.0,-0.0,-0.0,-0.0,off
2.46,14.937076568603516,4.250279903411865,5.271434307098389,16.400278091430664,16.5318660736084,-0.0,0.0,-0.0,-0.0,off
2.48,14.921880722045898,4.288949966430664,5.200008869171143,16.373689651489258,16.514896392822266,-0.0,-0.0,-0.0,-0.0,off
2.5,14.902032852172852,4.383364677429199,5.191887378692627,16.378040313720703,16.500051498413086,-0.0,-0.0,-0.0,-0.0,off
2.52,14.893497467041016,4.42158842086792,5.16775369644165,16.37291717529297,16.486251831054688,-0.0,-0.0,-0.0,-0.0,off
2.54,14.897790908813477,4.404581546783447,5.106132507324219,16.35289192199707,16.471927642822266,0.0,-0.0,-0.0,0.0,off
2.56,14.885697364807129,4.584781646728516,5.045528888702393,16.372587203979492,16.460609436035156,-0.0,-0.0,-0.0,-0.0,off
2.58,14.894035339355469,4.666399002075195,4.985046863555908,16.384695053100586,16.451513290405273,-0.0,-0.0,-0.0,-0.0,off
2.6,14.874839782714844,4.769965171813965,4.951314449310303,16.386852264404297,16.443429946899414,-0.0,-0.0,-0.0,-0.0,off
2.62,14.845638275146484,4.7978410720825195,4.926187992095947,16.360916137695312,16.433717727661133,-0.0,0.0,-0.0,-0.0,off
2.64,14.841863632202148,4.991517066955566,4.899960994720459,16.40749168395996,16.429201126098633,-0.0,-0.0,-0.0,-0.0,off
2.66,14.842350959777832,5.010664463043213,4.832052707672119,16.39362335205078,16.42388153076172,-0.0,-0.0,-0.0,-0.0,off
2.68,14.83437442779541,5.06536340713501,4.792557716369629,16.391618728637695,16.4189453125,-0.0,-0.0,-0.0,-0.0,off
2.7,14.83360481262207,5.085062503814697,4.741117477416992,16.38205909729004,16.41368293762207,-0.0,-0.0,-0.0,-0.0,off
2.72,14.83065414428711,5.173564434051514,4.700484752655029,16.395383834838867,16.410198211669922,-0.0,-0.0,-0.0,-0.0,off
2.74,14.813060760498047,5.256550312042236,4.66937780380249,16.39698600769043,16.407182693481445,-0.0,-0.0,-0.0,-0.0,off
2.7600000000000002,14.809215545654297,5.327262878417969,4.6181111335754395,16.40181541442871,16.4049129486084,-0.0,-0.0,-0.0,-0.0,off
2.7800000000000002,14.807918548583984,5.392840385437012,4.564795017242432,16.407148361206055,16.403383255004883,-0.0,-0.0,-0.0,-0.0,off
2.8000000000000003,14.812170028686523,5.4325032234191895,4.497674942016602,16.405534744262695,16.40188217163086,-0.0,-0.0,-0.0,-0.0,off
2.82,14.795806884765625,5.520424842834473,4.467383861541748,16.411840438842773,16.40111541748047,-0.0,-0.0,-0.0,-0.0,off
2.84,14.791525840759277,5.647115707397461,4.399896144866943,16.43284034729004,16.402244567871094,-0.0,-0.0,-0.0,-0.0,off
2.86,14.80396842956543,5.733481407165527,4.322757244110107,16.45346450805664,16.405195236206055,-0.0,0.0,-0.0,-0.0,off
2.88,14.790139198303223,5.843719959259033,4.251723289489746,16.461301803588867,16.408424377441406,-0.0,0.0,-0.0,-0.0,off
2.9,14.792923927307129,5.870326042175293,4.168702125549316,16.45203399658203,16.410512924194336,-0.0,0.0,-0.0,-0.0,off
2.92,14.776542663574219,5.958791732788086,4.134308338165283,16.46043586730957,16.413232803344727,-0.0,-0.0,-0.0,-0.0,off
2.94,14.789873123168945,5.997130393981934,4.043642520904541,16.463808059692383,16.416048049926758,-0.0,-0.0,-0.0,-0.0,off
2.96,14.797948837280273,6.065532207489014,3.957533597946167,16.475194931030273,16.41963768005371,-0.0,-0.0,-0.0,-0.0,off
2.98,14.792673110961914,6.17779541015625,3.8952982425689697,16.497323989868164,16.424915313720703,-0.0,-0.0,-0.0,-0.0,off
3.0,14.793682098388672,6.303671836853027,3.851720094680786,16.53557014465332,16.433347702026367,-0.0,-0.0,-0.0,-0.0,off
3.02,14.762886047363281,6.346616268157959,3.7847769260406494,16.50899314880371,16.43838119506836,-0.0,-0.0,-0.0,-0.0,off
3.04,14.762378692626953,6.256991386413574,3.6990151405334473,16.454801559448242,16.437999725341797,-0.0,-0.0,-0.0,-0.0,off
3.06,14.775287628173828,6.268654823303223,3.6091201305389404,16.450862884521484,16.437314987182617,-0.0,0.0,-0.0,-0.0,off
3.08,14.775674819946289,6.239099979400635,3.5444183349609375,16.42588996887207,16.434432983398438,-0.0,-0.0,-0.0,-0.0,off
3.1,14.772260665893555,6.128519058227539,3.4290363788604736,16.356550216674805,16.425060272216797,-0.0,-0.0,-0.0,-0.0,off
3.12,14.768594741821289,6.166018009185791,3.3528945446014404,16.351547241210938,16.41608428955078,-0.0,-0.0,-0.0,-0.0,off
3.14,14.772293090820312,6.045744895935059,3.246555805206299,16.288394927978516,16.40177345275879,-0.0,-0.0,-0.0,-0.0,off
3.16,14.744946479797363,5.93397331237793,3.1502442359924316,16.203380584716797,16.380422592163086,-0.0,-0.0,-0.0,-0.0,off
3.18,14.741236686706543,5.761326313018799,3.024435043334961,16.11347770690918,16.352033615112305,-0.0,-0.0,-0.0,-0.0,off
3.2,14.73469352722168,5.621484756469727,2.9305331707000732,16.04058265686035,16.319061279296875,-0.0,-0.0,-0.0,-0.0,off
3.22,14.740994453430176,5.4668779373168945,2.8343327045440674,15.975516319274902,16.282636642456055,-0.0,-0.0,-0.0,-0.0,off
3.24,14.735758781433105,5.393765926361084,2.730665922164917,15.927706718444824,16.24492073059082,-0.0,-0.0,-0.0,-0.0,off
3.2600000000000002,14.74100112915039,5.272769451141357,2.599104881286621,15.869926452636719,16.204809188842773,-0.0,-0.0,-0.0,-0.0,off
3.2800000000000002,14.712658882141113,5.089259624481201,2.4929933547973633,15.766353607177734,16.157978057861328,-0.0,-0.0,-0.0,-0.0,off
3.3000000000000003,14.736998558044434,4.899665832519531,2.350510835647583,15.70702838897705,16.109167098999023,-0.0,0.0,-0.0,-0.0,off
3.3200000000000003,14.724042892456055,4.741390228271484,2.2466487884521484,15.630919456481934,16.05727767944336,-0.0,-0.0,-0.0,-0.0,off
3.34,14.718202590942383,4.538485527038574,2.1172430515289307,15.54689884185791,16.001468658447266,-0.0,0.0,-0.0,-0.0,off
3.36,14.722061157226562,4.392128944396973,1.9732487201690674,15.48946762084961,15.944960594177246,0.0,-0.0,-0.0,0.0,off
3.38,14.725223541259766,4.163646697998047,1.8293802738189697,15.411515235900879,15.88534164428711,0.0,-0.0,-0.0,0.0,off
3.4,14.70372486114502,3.9985854625701904,1.6981587409973145,15.332056045532227,15.823296546936035,-0.0,-0.0,-0.0,-0.0,off
3.42,14.65755844116211,3.8236615657806396,1.5940556526184082,15.231724739074707,15.757163047790527,-0.0,-0.0,-0.0,-0.0,off
3.44,14.630630493164062,3.6733782291412354,1.4722118377685547,15.156399726867676,15.689847946166992,-0.0,-0.0,-0.0,-0.0,off
3.46,14.60021686553955,3.482787609100342,1.3489038944244385,15.070358276367188,15.620131492614746,-0.0,-0.0,-0.0,-0.0,off
3.48,14.601956367492676,3.284404754638672,1.2333881855010986,15.017513275146484,15.551488876342773,-0.0,-0.0,-0.0,-0.0,off
3.5,14.59370231628418,3.0740504264831543,1.1519908905029297,14.958375930786133,15.483349800109863,-0.0,-0.0,-0.0,-0.0,off
3.52,14.562118530273438,2.8855364322662354,1.072021722793579,14.883913040161133,15.414376258850098,-0.0,0.0,-0.0,-0.0,off
3.54,14.545068740844727,2.620718002319336,0.9669198989868164,14.81087875366211,15.34393310546875,-0.0,-0.0,-0.0,-0.0,off
3.56,14.54651927947998,2.490736246109009,0.881767988204956,14.784536361694336,15.278162956237793,-0.0,0.0,-0.0,-0.0,off
3.58,14.538732528686523,2.2451019287109375,0.8056893348693848,14.733104705810547,15.213080406188965,-0.0,0.0,-0.0,-0.0,off
3.6,14.497282028198242,2.030794858932495,0.7482538223266602,14.657939910888672,15.146747589111328,-0.0,0.0,-0.0,-0.0,off
3.62,14.519351959228516,1.7482494115829468,0.6732068061828613,14.6397123336792,15.084014892578125,-0.0,0.0,-0.0,-0.0,off
3.64,14.502660751342773,1.538610577583313,0.5989558696746826,14.596343040466309,15.02293872833252,-0.0,0.0,-0.0,-0.0,off
3.66,14.457730293273926,1.3084379434585571,0.5373306274414062,14.526758193969727,14.960637092590332,-0.0,-0.0,-0.0,-0.0,off
3.68,14.412498474121094,1.0759260654449463,0.48514124751091003,14.460742950439453,14.897603034973145,-0.0,-0.0,-0.0,-0.0,off
3.7,14.383971214294434,0.8106954097747803,0.44727346301078796,14.413740158081055,14.835456848144531,-0.0,-0.0,-0.0,-0.0,off
3.72,14.38422966003418,0.5197831392288208,0.4031665027141571,14.399263381958008,14.776972770690918,-0.0,-0.0,-0.0,-0.0,off
3.74,14.385239601135254,0.14937224984169006,0.3743722140789032,14.390885353088379,14.721427917480469,-0.0,0.0,-0.0,-0.0,off
3.7600000000000002,14.38233757019043,-0.1320420503616333,0.34203407168388367,14.38701057434082,14.67029094696045,-0.0,-0.0,-0.0,-0.0,off
3.7800000000000002,14.392294883728027,-0.46423646807670593,0.31837984919548035,14.403299331665039,14.624462127685547,-0.0,-0.0,-0.0,-0.0,off
3.8000000000000003,14.400038719177246,-0.8507545590400696,0.28153011202812195,14.427894592285156,14.58342170715332,-0.0,-0.0,-0.0,-0.0,off
3.8200000000000003,14.386085510253906,-1.2040648460388184,0.2666299045085907,14.438847541809082,14.546076774597168,-0.0,0.0,-0.0,-0.0,off
3.84,14.383588790893555,-1.5543416738510132,0.2428133189678192,14.469366073608398,14.514132499694824,-0.0,-0.0,-0.0,-0.0,off
3.86,14.348101615905762,-1.9121661186218262,0.24318549036979675,14.47700023651123,14.484798431396484,-0.0,-0.0,-0.0,-0.0,off
3.88,14.34062385559082,-2.3766250610351562,0.23924586176872253,14.538193702697754,14.461316108703613,-0.0,-0.0,-0.0,-0.0,off
3.9,14.336929321289062,-2.7989165782928467,0.24962875247001648,14.609716415405273,14.445192337036133,-0.0,-0.0,-0.0,-0.0,off
3.92,14.313998222351074,-3.1624748706817627,0.25833818316459656,14.66146469116211,14.435020446777344,-0.0,-0.0,-0.0,-0.0,off
3.94,14.304943084716797,-3.592733860015869,0.2881617248058319,14.752022743225098,14.432948112487793,-0.0,-0.0,-0.0,-0.0,off
3.96,14.344526290893555,-3.9658753871917725,0.3101756274700165,14.885892868041992,14.444026947021484,0.0,0.0,-0.0,0.0,off
3.98,14.329586029052734,-4.458737850189209,0.33891603350639343,15.01107120513916,14.463607788085938,0.0,0.0,-0.0,0.0,off
4.0,14.337308883666992,-4.845198631286621,0.37200185656547546,15.138453483581543,14.493714332580566,-0.0,-0.0,-0.0,-0.0,off
4.0200000000000005,14.347221374511719,-5.2295942306518555,0.39105579257011414,15.275612831115723,14.534457206726074,-0.0,-0.0,-0.0,-0.0,off
4.04,14.346993446350098,-5.530214786529541,0.43712589144706726,15.38215160369873,14.583475112915039,-0.0,0.0,-0.0,-0.0,off
4.0600000000000005,14.33053207397461,-5.74798583984375,0.4911911189556122,15.448131561279297,14.637222290039062,-0.0,0.0,-0.0,-0.0,off
4.08,14.306983947753906,-5.999478816986084,0.5453348159790039,15.523560523986816,14.695113182067871,-0.0,0.0,-0.0,-0.0,off
4.1,14.290812492370605,-6.270007610321045,0.5978455543518066,15.617225646972656,14.758040428161621,-0.0,-0.0,-0.0,-0.0,off
4.12,14.311330795288086,-6.468748092651367,0.6721022129058838,15.719752311706543,14.82763385772705,-0.0,-0.0,-0.0,-0.0,off
4.14,14.336015701293945,-6.54740047454834,0.7392139434814453,15.77771282196045,14.900257110595703,-0.0,-0.0,-0.0,-0.0,off
4.16,14.324968338012695,-6.548947334289551,0.8020012378692627,15.77138614654541,14.969286918640137,-0.0,-0.0,-0.0,-0.0,off
4.18,14.343217849731445,-6.534176826477051,0.885777473449707,15.786322593688965,15.036629676818848,-0.0,-0.0,-0.0,-0.0,off
4.2,14.380248069763184,-6.553335666656494,0.9489755630493164,15.831560134887695,15.104448318481445,-0.0,-0.0,-0.0,-0.0,off
4.22,14.416122436523438,-6.539206504821777,1.0130457878112793,15.862284660339355,15.171015739440918,-0.0,0.0,-0.0,-0.0,off
4.24,14.43356990814209,-6.51034688949585,1.0782363414764404,15.870574951171875,15.233741760253906,-0.0,-0.0,-0.0,-0.0,off
4.26,14.45327377319336,-6.5795698165893555,1.1587779521942139,15.92264461517334,15.296201705932617,-0.0,-0.0,-0.0,-0.0,off
4.28,14.451573371887207,-6.6878886222839355,1.2382090091705322,15.972131729125977,15.357684135437012,-0.0,-0.0,-0.0,-0.0,off
4.3,14.45840072631836,-6.7479705810546875,1.3184990882873535,16.00996208190918,15.417427062988281,-0.0,-0.0,-0.0,-0.0,off
4.32,14.472481727600098,-6.752659797668457,1.3831570148468018,16.030105590820312,15.474129676818848,-0.0,-0.0,-0.0,-0.0,off
4.34,14.471707344055176,-6.8262248039245605,1.4314765930175781,16.064767837524414,15.528987884521484,-0.0,-0.0,-0.0,-0.0,off
4.36,14.465476989746094,-6.953788757324219,1.5110926628112793,16.121061325073242,15.583900451660156,0.0,-0.0,-0.0,0.0,off
4.38,14.480525016784668,-7.026803016662598,1.5922002792358398,16.1739501953125,15.638882637023926,0.0,-0.0,-0.0,0.0,off
4.4,14.482044219970703,-7.074812889099121,1.6578640937805176,16.20281219482422,15.691622734069824,-0.0,0.0,-0.0,-0.0,off
4.42,14.516124725341797,-7.157923698425293,1.7200970649719238,16.276132583618164,15.746655464172363,-0.0,-0.0,-0.0,-0.0,off
4.44,14.560168266296387,-7.302339553833008,1.763472318649292,16.383909225463867,15.806963920593262,-0.0,0.0,-0.0,-0.0,off
4.46,14.561250686645508,-7.3856072425842285,1.8360917568206787,16.43010902404785,15.865964889526367,-0.0,-0.0,-0.0,-0.0,off
4.48,14.563261032104492,-7.421069622039795,1.9195101261138916,16.457380294799805,15.922059059143066,-0.0,-0.0,-0.0,-0.0,off
4.5,14.579845428466797,-7.562373638153076,1.980513334274292,16.543392181396484,15.981026649475098,-0.0,-0.0,-0.0,-0.0,off
4.5200000000000005,14.565038681030273,-7.690672397613525,2.0393550395965576,16.596559524536133,16.03929328918457,-0.0,-0.0,-0.0,-0.0,off
4.54,14.59086799621582,-7.754054546356201,2.103015184402466,16.656574249267578,16.097999572753906,-0.0,-0.0,-0.0,-0.0,off
4.5600000000000005,14.600502014160156,-7.845100402832031,2.1469576358795166,16.713159561157227,16.15662956237793,-0.0,-0.0,-0.0,-0.0,off
4.58,14.605751037597656,-7.837700843811035,2.2407712936401367,16.72658348083496,16.211076736450195,-0.0,-0.0,-0.0,-0.0,off
4.6000000000000005,14.651248931884766,-7.905571460723877,2.317892551422119,16.808622360229492,16.26842498779297,-0.0,-0.0,-0.0,-0.0,off
4.62,14.680139541625977,-7.989996910095215,2.38853120803833,16.883472442626953,16.32758140563965,-0.0,-0.0,-0.0,-0.0,off
4.64,14.72439193725586,-8.043012619018555,2.466923475265503,16.95828628540039,16.388460159301758,-0.0,-0.0,-0.0,-0.0,off
4.66,14.747281074523926,-8.099729537963867,2.560587167739868,17.018945693969727,16.4493465423584,-0.0,-0.0,-0.0,-0.0,off
4.68,14.77005386352539,-8.121148109436035,2.646122455596924,17.061931610107422,16.508588790893555,-0.0,-0.0,-0.0,-0.0,off
4.7,14.81754207611084,-8.1263427734375,2.735016107559204,17.1195011138916,16.567840576171875,-0.0,-0.0,-0.0,-0.0,off
4.72,14.821513175964355,-8.134456634521484,2.8387296199798584,17.143657684326172,16.62358856201172,-0.0,-0.0,-0.0,-0.0,off
4.74,14.855358123779297,-8.125946044921875,2.949069023132324,17.18748664855957,16.67818260192871,0.0,0.0,-0.0,0.0,off
4.76,14.863821983337402,-8.128486633300781,3.0833585262298584,17.219541549682617,16.73038673400879,-0.0,-0.0,-0.0,-0.0,off
4.78,14.881856918334961,-8.140737533569336,3.2209205627441406,17.266023635864258,16.7818603515625,-0.0,-0.0,-0.0,-0.0,off
4.8,14.910392761230469,-8.18542194366455,3.382270097732544,17.342453002929688,16.83555030822754,-0.0,-0.0,-0.0,-0.0,off
4.82,14.958953857421875,-8.2382173538208,3.5497934818267822,17.44246482849121,16.893596649169922,-0.0,0.0,-0.0,-0.0,off
4.84,14.99223804473877,-8.337286949157715,3.670349359512329,17.542776107788086,16.955778121948242,-0.0,-0.0,-0.0,-0.0,off
4.86,15.01953125,-8.396957397460938,3.8019704818725586,17.622434616088867,17.019609451293945,-0.0,-0.0,-0.0,-0.0,off
4.88,15.053586959838867,-8.473265647888184,3.8989596366882324,17.70899772644043,17.085790634155273,-0.0,-0.0,-0.0,-0.0,off
4.9,15.071006774902344,-8.484522819519043,4.041227340698242,17.76102066040039,17.15045166015625,-0.0,0.0,-0.0,-0.0,off
4.92,15.08288860321045,-8.616416931152344,4.1798014640808105,17.866361618041992,17.218957901000977,-0.0,-0.0,-0.0,-0.0,off
4.94,15.097185134887695,-8.705641746520996,4.272828102111816,17.943531036376953,17.28841209411621,-0.0,-0.0,-0.0,-0.0,off
4.96,15.135831832885742,-8.68001651763916,4.383111000061035,17.99021339416504,17.35576629638672,-0.0,-0.0,-0.0,-0.0,off
4.98,15.165024757385254,-8.673978805541992,4.505842685699463,18.042131423950195,17.421615600585938,-0.0,-0.0,-0.0,-0.0,off
5.0,15.20261001586914,-8.821497917175293,4.578812599182129,18.163251876831055,17.493141174316406,-0.0,-0.0,-0.0,-0.0,off
5.0200000000000005,15.24755859375,-8.811986923217773,4.715768337249756,18.231225967407227,17.56431007385254,-0.0,-0.0,-0.0,-0.0,off
5.04,15.268162727355957,-8.798303604125977,4.833730697631836,18.272708892822266,17.632539749145508,-0.0,0.0,-0.0,-0.0,off
5.0600000000000005,15.290904998779297,-8.799671173095703,4.954935550689697,18.32477569580078,17.69915008544922,-0.0,0.0,-0.0,-0.0,off
5.08,15.328424453735352,-8.851296424865723,5.058619976043701,18.409120559692383,17.767620086669922,-0.0,0.0,-0.0,-0.0,off
5.1000000000000005,15.352846145629883,-8.897544860839844,5.1862053871154785,18.48710060119629,17.836992263793945,-0.0,-0.0,-0.0,-0.0,off
5.12,15.349762916564941,-8.933279037475586,5.315582752227783,18.538450241088867,17.904468536376953,-0.0,0.0,-0.0,-0.0,off
5.14,15.392583847045898,-8.892845153808594,5.413287162780762,18.582735061645508,17.96978187561035,-0.0,0.0,-0.0,-0.0,off
5.16,15.390430450439453,-8.88730239868164,5.539547443389893,18.615480422973633,18.031761169433594,-0.0,-0.0,-0.0,-0.0,off
5.18,15.401554107666016,-8.920268058776855,5.632678508758545,18.668319702148438,18.09293556213379,-0.0,-0.0,-0.0,-0.0,off
5.2,15.44448471069336,-8.878536224365234,5.6998162269592285,18.704235076904297,18.151832580566406,-0.0,-0.0,-0.0,-0.0,off
5.22,15.479461669921875,-8.820058822631836,5.775914669036865,18.728811264038086,18.207427978515625,0.0,-0.0,-0.0,0.0,off
5.24,15.495150566101074,-8.82767105102539,5.837584018707275,18.76445770263672,18.261215209960938,-0.0,-0.0,-0.0,-0.0,off
5.26,15.522041320800781,-8.793402671813965,5.910282611846924,18.79332733154297,18.312606811523438,-0.0,-0.0,-0.0,-0.0,off
5.28,15.541963577270508,-8.740896224975586,5.9781951904296875,18.806772232055664,18.36027717590332,-0.0,-0.0,-0.0,-0.0,off
5.3,15.555871963500977,-8.706131935119629,6.0358452796936035,18.820556640625,18.404664993286133,0.0,0.0,-0.0,0.0,off
5.32,15.569557189941406,-8.61253833770752,6.086965560913086,18.805267333984375,18.4431209564209,-0.0,-0.0,-0.0,-0.0,off
5.34,15.578714370727539,-8.614362716674805,6.116426944732666,18.823238372802734,18.479751586914062,-0.0,-0.0,-0.0,-0.0,off
5.36,15.606742858886719,-8.551900863647461,6.148043155670166,18.82827377319336,18.51331901550293,-0.0,-0.0,-0.0,-0.0,off
5.38,15.619495391845703,-8.49238395690918,6.193355083465576,18.826759338378906,18.54340934753418,-0.0,-0.0,-0.0,-0.0,off
5.4,15.631124496459961,-8.4541654586792,6.211837291717529,18.825298309326172,18.570478439331055,-0.0,-0.0,-0.0,-0.0,off
5.42,15.64981746673584,-8.391295433044434,6.227667808532715,18.817930221557617,18.59417724609375,-0.0,-0.0,-0.0,-0.0,off
5.44,15.668869018554688,-8.306053161621094,6.249746322631836,18.80327796936035,18.614038467407227,0.0,-0.0,-0.0,0.0,off
5.46,15.669794082641602,-8.278738975524902,6.270482540130615,18.798908233642578,18.631580352783203,0.0,-0.0,-0.0,0.0,off
5.48,15.67965030670166,-8.208738327026367,6.289072036743164,18.78263282775879,18.645750045776367,-0.0,-0.0,-0.0,-0.0,off
5.5,15.68018913269043,-8.123434066772461,6.303659915924072,18.750856399536133,18.655305862426758,-0.0,-0.0,-0.0,-0.0,off
5.5200000000000005,15.685815811157227,-7.992465972900391,6.341311454772949,18.711936950683594,18.659832000732422,-0.0,-0.0,-0.0,-0.0,off
5.54,15.72368049621582,-7.890571594238281,6.335842132568359,18.6986141204834,18.662527084350586,0.0,-0.0,-0.0,0.0,off
5.5600000000000005,15.716172218322754,-7.772923469543457,6.343118190765381,18.645416259765625,18.65953826904297,0.0,-0.0,-0.0,0.0,off
5.58,15.709139823913574,-7.712127208709717,6.359673500061035,18.6198673248291,18.654346466064453,-0.0,-0.0,-0.0,-0.0,off
5.6000000000000005,15.717897415161133,-7.597626209259033,6.369008541107178,18.58333969116211,18.645910263061523,0.0,-0.0,-0.0,0.0,off
5.62,15.691877365112305,-7.493245601654053,6.397511005401611,18.528676986694336,18.63277244567871,-0.0,-0.0,-0.0,-0.0,off
5.64,15.68880558013916,-7.4703521728515625,6.404470443725586,18.51923370361328,18.620195388793945,-0.0,-0.0,-0.0,-0.0,off
5.66,15.669978141784668,-7.351690769195557,6.421363830566406,18.46156883239746,18.60298728942871,-0.0,-0.0,-0.0,-0.0,off
5.68,15.663345336914062,-7.337833881378174,6.415904998779297,18.448524475097656,18.58642578125,-0.0,-0.0,-0.0,-0.0,off
5.7,15.651458740234375,-7.3533501625061035,6.412474632263184,18.44342041015625,18.571269989013672,-0.0,0.0,-0.0,-0.0,off
5.72,15.671420097351074,-7.251560211181641,6.4250640869140625,18.424440383911133,18.555614471435547,-0.0,-0.0,-0.0,-0.0,off
5.74,15.669665336608887,-7.160499095916748,6.437406539916992,18.391611099243164,18.53817367553711,-0.0,-0.0,-0.0,-0.0,off
5.76,15.668079376220703,-7.060624599456787,6.437795162200928,18.35173988342285,18.518409729003906,-0.0,-0.0,-0.0,-0.0,off
5.78,15.662686347961426,-7.030566692352295,6.426874160766602,18.331756591796875,18.4987735748291,-0.0,-0.0,-0.0,-0.0,off
5.8,15.65931510925293,-7.010562419891357,6.4239349365234375,18.32018280029297,18.480077743530273,-0.0,-0.0,-0.0,-0.0,off
5.82,15.652322769165039,-6.9704155921936035,6.414297103881836,18.295494079589844,18.460859298706055,-0.0,-0.0,-0.0,-0.0,off
5.84,15.642745018005371,-6.9064788818359375,6.435498237609863,18.270483016967773,18.441043853759766,-0.0,-0.0,-0.0,-0.0,off
5.86,15.652158737182617,-6.855621814727783,6.429072856903076,18.257123947143555,18.421897888183594,-0.0,-0.0,-0.0,-0.0,off
5.88,15.657181739807129,-6.762669086456299,6.438786029815674,18.230167388916016,18.40187644958496,-0.0,-0.0,-0.0,-0.0,off
5.9,15.626442909240723,-6.775731086730957,6.438902854919434,18.20867156982422,18.38191795349121,-0.0,-0.0,-0.0,-0.0,off
5.92,15.632353782653809,-6.633116722106934,6.452363967895508,18.16594886779785,18.359451293945312,-0.0,-0.0,-0.0,-0.0,off
5.94,15.625946998596191,-6.594472885131836,6.466928958892822,18.151540756225586,18.337848663330078,-0.0,-0.0,-0.0,-0.0,off
5.96,15.620570182800293,-6.556402206420898,6.474058151245117,18.135656356811523,18.316877365112305,-0.0,-0.0,-0.0,-0.0,off
5.98,15.609601020812988,-6.513689994812012,6.489067554473877,18.116174697875977,18.296092987060547,-0.0,-0.0,-0.0,-0.0,off
6.0,15.604040145874023,-6.426836013793945,6.497509956359863,18.08336067199707,18.274030685424805,-0.0,0.0,-0.0,-0.0,off
6.0200000000000005,15.570215225219727,-6.335491180419922,6.510699272155762,18.026626586914062,18.24843406677246,-0.0,-0.0,-0.0,-0.0,off
6.04,15.568273544311523,-6.300286293029785,6.518587112426758,18.015459060668945,18.224348068237305,-0.0,-0.0,-0.0,-0.0,off
6.0600000000000005,15.547966003417969,-6.264977931976318,6.520939350128174,17.986434936523438,18.199844360351562,-0.0,-0.0,-0.0,-0.0,off
6.08,15.536406517028809,-6.248350143432617,6.530323505401611,17.974061965942383,18.17664909362793,-0.0,-0.0,-0.0,-0.0,off
6.1000000000000005,15.541186332702637,-6.189692497253418,6.540277004241943,17.96151351928711,18.154495239257812,-0.0,-0.0,-0.0,-0.0,off
6.12,15.529611587524414,-6.070924282073975,6.563790798187256,17.91949462890625,18.130186080932617,-0.0,-0.0,-0.0,-0.0,off
6.140000000000001,15.53284740447998,-6.021805763244629,6.559020519256592,17.903972625732422,18.106786727905273,-0.0,-0.0,-0.0,-0.0,off
6.16,15.527154922485352,-5.9387688636779785,6.570843696594238,17.875612258911133,18.08282470703125,-0.0,-0.0,-0.0,-0.0,off
6.18,15.525834083557129,-5.869986057281494,6.571184158325195,17.85185432434082,18.05886459350586,-0.0,0.0,-0.0,-0.0,off
6.2,15.516200065612793,-5.825260162353516,6.586704730987549,17.83453941345215,18.03561019897461,0.0,0.0,-0.0,0.0,off
6.22,15.492178916931152,-5.746009826660156,6.6060709953308105,17.795066833496094,18.010683059692383,-0.0,-0.0,-0.0,-0.0,off
6.24,15.492816925048828,-5.686207294464111,6.60860013961792,17.77734375,17.986482620239258,-0.0,-0.0,-0.0,-0.0,off
6.26,15.484725952148438,-5.667184352874756,6.594717502593994,17.75905418395996,17.96300506591797,-0.0,-0.0,-0.0,-0.0,off
6.28,15.487831115722656,-5.576727867126465,6.598188400268555,17.734397888183594,17.93931770324707,-0.0,0.0,-0.0,-0.0,off
6.3,15.456560134887695,-5.5686235427856445,6.6151299476623535,17.710866928100586,17.915786743164062,-0.0,-0.0,-0.0,-0.0,off
6.32,15.469924926757812,-5.541923522949219,6.5976996421813965,17.707656860351562,17.894359588623047,-0.0,0.0,-0.0,-0.0,off
6.34,15.463115692138672,-5.5303120613098145,6.5957255363464355,17.697341918945312,17.8741397857666,-0.0,-0.0,-0.0,-0.0,off
6.36,15.469552040100098,-5.449082374572754,6.598376750946045,17.678747177124023,17.85400390625,-0.0,-0.0,-0.0,-0.0,off
6.38,15.461691856384277,-5.394834041595459,6.59956693649292,17.655662536621094,17.833566665649414,-0.0,-0.0,-0.0,-0.0,off
6.4,15.468774795532227,-5.274113178253174,6.615197658538818,17.6312255859375,17.812541961669922,-0.0,-0.0,-0.0,-0.0,off
6.42,15.451349258422852,-5.237342834472656,6.625743389129639,17.608930587768555,17.791452407836914,-0.0,-0.0,-0.0,-0.0,off
6.44,15.447787284851074,-5.179018497467041,6.632007598876953,17.590904235839844,17.770660400390625,-0.0,-0.0,-0.0,-0.0,off
6.46,15.423941612243652,-5.089171886444092,6.646307468414307,17.549104690551758,17.747682571411133,-0.0,-0.0,-0.0,-0.0,off
6.48,15.440433502197266,-5.055755138397217,6.62611722946167,17.54631233215332,17.726795196533203,-0.0,0.0,-0.0,-0.0,off
6.5,15.43376636505127,-4.958686828613281,6.630918025970459,17.514530181884766,17.704710006713867,-0.0,-0.0,-0.0,-0.0,off
6.5200000000000005,15.428339004516602,-4.82717227935791,6.650865077972412,17.480539321899414,17.681209564208984,-0.0,-0.0,-0.0,-0.0,off
6.54,15.411888122558594,-4.781824111938477,6.664876461029053,17.458887100219727,17.6579647064209,-0.0,-0.0,-0.0,-0.0,off
6.5600000000000005,15.396184921264648,-4.687778472900391,6.688228130340576,17.428430557250977,17.633901596069336,-0.0,-0.0,-0.0,-0.0,off
6.58,15.368853569030762,-4.6072773933410645,6.7224860191345215,17.3959903717041,17.608945846557617,-0.0,-0.0,-0.0,-0.0,off
6.6000000000000005,15.362716674804688,-4.550084590911865,6.7438130378723145,17.383766174316406,17.58528709411621,-0.0,-0.0,-0.0,-0.0,off
6.62,15.371655464172363,-4.450973033905029,6.754368305206299,17.370101928710938,17.562515258789062,-0.0,-0.0,-0.0,-0.0,off
6.640000000000001,15.361688613891602,-4.398392677307129,6.767535209655762,17.35300636291504,17.54037094116211,-0.0,-0.0,-0.0,-0.0,off
6.66,15.36540699005127,-4.285961151123047,6.759671211242676,17.3250789642334,17.51751136779785,-0.0,-0.0,-0.0,-0.0,off
6.68,15.359042167663574,-4.198976993560791,6.759938716888428,17.2982177734375,17.49420928955078,-0.0,-0.0,-0.0,-0.0,off
6.7,15.353449821472168,-4.115721225738525,6.779063701629639,17.280719757080078,17.471445083618164,-0.0,-0.0,-0.0,-0.0,off
6.72,15.348173141479492,-3.9944064617156982,6.788762092590332,17.2513484954834,17.447843551635742,-0.0,-0.0,-0.0,-0.0,off
6.74,15.328531265258789,-3.958817958831787,6.788522243499756,17.225566864013672,17.424205780029297,-0.0,-0.0,-0.0,-0.0,off
6.76,15.332878112792969,-3.8539535999298096,6.80150032043457,17.21076774597168,17.40132713317871,-0.0,-0.0,-0.0,-0.0,off
6.78,15.313498497009277,-3.806569814682007,6.810478687286377,17.186500549316406,17.378435134887695,-0.0,-0.0,-0.0,-0.0,off
6.8,15.298012733459473,-3.7899093627929688,6.819342136383057,17.172536849975586,17.356643676757812,-0.0,-0.0,-0.0,-0.0,off
6.82,15.304132461547852,-3.7345573902130127,6.8205084800720215,17.16632652282715,17.336456298828125,-0.0,-0.0,-0.0,-0.0,off
6.84,15.308466911315918,-3.6239144802093506,6.829101085662842,17.149885177612305,17.316486358642578,-0.0,-0.0,-0.0,-0.0,off
6.86,15.296606063842773,-3.5684831142425537,6.833260536193848,17.129322052001953,17.296520233154297,-0.0,-0.0,-0.0,-0.0,off
6.88,15.318161964416504,-3.5591917037963867,6.82142972946167,17.141931533813477,17.28001594543457,0.0,-0.0,-0.0,0.0,off
6.9,15.319934844970703,-3.4508109092712402,6.830844402313232,17.125097274780273,17.263324737548828,-0.0,-0.0,-0.0,-0.0,off
6.92,15.33702564239502,-3.334071636199951,6.821014881134033,17.113346099853516,17.2469539642334,-0.0,-0.0,-0.0,-0.0,off
6.94,15.343352317810059,-3.2467949390411377,6.826806545257568,17.104543685913086,17.231279373168945,-0.0,-0.0,-0.0,-0.0,off
6.96,15.344317436218262,-3.1273295879364014,6.8377909660339355,17.087528228759766,17.215288162231445,-0.0,-0.0,-0.0,-0.0,off
6.98,15.345075607299805,-3.089376211166382,6.815777778625488,17.072505950927734,17.199567794799805,-0.0,-0.0,-0.0,-0.0,off
7.0,15.319214820861816,-3.074873924255371,6.81233024597168,17.045265197753906,17.18293571472168,-0.0,-0.0,-0.0,-0.0,off
7.0200000000000005,15.318560600280762,-2.988921642303467,6.815201282501221,17.030529022216797,17.16642951965332,-0.0,-0.0,-0.0,-0.0,off
7.04,15.302865028381348,-2.9412953853607178,6.8416032791137695,17.018707275390625,17.15046501159668,-0.0,-0.0,-0.0,-0.0,off
7.0600000000000005,15.319032669067383,-2.811147928237915,6.854177474975586,17.01631736755371,17.135616302490234,0.0,-0.0,-0.0,0.0,off
7.08,15.321884155273438,-2.6734344959259033,6.85586404800415,16.997360229492188,17.120101928710938,-0.0,-0.0,-0.0,-0.0,off
7.1000000000000005,15.308822631835938,-2.6411240100860596,6.859782695770264,16.982114791870117,17.104814529418945,0.0,-0.0,-0.0,0.0,off
7.12,15.310276985168457,-2.5396316051483154,6.865697383880615,16.9703311920166,17.08976936340332,-0.0,-0.0,-0.0,-0.0,off
7.140000000000001,15.301629066467285,-2.4948222637176514,6.859221935272217,16.953256607055664,17.074663162231445,-0.0,-0.0,-0.0,-0.0,off
7.16,15.293797492980957,-2.3649752140045166,6.873589038848877,16.933385848999023,17.058855056762695,0.0,-0.0,-0.0,0.0,off
7.18,15.294879913330078,-2.309715509414673,6.88300895690918,16.93056297302246,17.04444122314453,-0.0,-0.0,-0.0,-0.0,off
7.2,15.307099342346191,-2.2469322681427,6.877049922943115,16.930736541748047,17.031543731689453,-0.0,-0.0,-0.0,-0.0,off
7.22,15.295470237731934,-2.164243459701538,6.885665416717529,16.912946701049805,17.018131256103516,-0.0,-0.0,-0.0,-0.0,off
7.24,15.285815238952637,-2.0963830947875977,6.894873142242432,16.899415969848633,17.004745483398438,-0.0,-0.0,-0.0,-0.0,off
7.26,15.311071395874023,-1.9469807147979736,6.886096477508545,16.900827407836914,16.992523193359375,-0.0,-0.0,-0.0,-0.0,off
7.28,15.294859886169434,-1.8117680549621582,6.893086910247803,16.87394142150879,16.97860336303711,-0.0,-0.0,-0.0,-0.0,off
7.3,15.271382331848145,-1.7597994804382324,6.9015278816223145,16.85061264038086,16.96391487121582,-0.0,-0.0,-0.0,-0.0,off
7.32,15.278069496154785,-1.6951074600219727,6.894552707672119,16.847185134887695,16.950437545776367,-0.0,-0.0,-0.0,-0.0,off
7.34,15.259400367736816,-1.5402178764343262,6.904352188110352,16.81938362121582,16.93520164489746,-0.0,-0.0,-0.0,-0.0,off
7.36,15.264745712280273,-1.4873638153076172,6.910872936248779,16.822154998779297,16.921932220458984,-0.0,-0.0,-0.0,-0.0,off
7.38,15.282005310058594,-1.3417218923568726,6.90698766708374,16.82398223876953,16.909883499145508,-0.0,-0.0,-0.0,-0.0,off
7.4,15.285317420959473,-1.1541565656661987,6.926926612854004,16.82127571105957,16.89826774597168,0.0,-0.0,-0.0,0.0,off
7.42,15.277327537536621,-0.9819801449775696,6.926138877868652,16.802751541137695,16.885568618774414,-0.0,-0.0,-0.0,-0.0,off
7.44,15.262707710266113,-0.8102241158485413,6.938102722167969,16.78523063659668,16.87200927734375,-0.0,-0.0,-0.0,-0.0,off
7.46,15.247227668762207,-0.6043586134910583,6.950392723083496,16.767562866210938,16.857454299926758,-0.0,-0.0,-0.0,-0.0,off
7.48,15.221168518066406,-0.46624359488487244,6.953864574432373,16.740896224975586,16.84159278869629,-0.0,-0.0,-0.0,-0.0,off
7.5,15.231522560119629,-0.36382806301116943,6.934202194213867,16.7396183013916,16.82734489440918,0.0,-0.0,-0.0,0.0,off
7.5200000000000005,15.246747016906738,-0.2874603569507599,6.9117112159729,16.74268913269043,16.815126419067383,-0.0,-0.0,-0.0,-0.0,off
7.54,15.249944686889648,-0.1728183925151825,6.910300254821777,16.743444442749023,16.80422592163086,-0.0,-0.0,-0.0,-0.0,off
7.5600000000000005,15.228436470031738,-0.08400540798902512,6.903661727905273,16.72043228149414,16.79229736328125,-0.0,-0.0,-0.0,-0.0,off
7.58,15.211902618408203,-0.09295200556516647,6.884225368499756,16.697399139404297,16.779983520507812,-0.0,-0.0,-0.0,-0.0,off
7.6000000000000005,15.189949989318848,-0.013042978942394257,6.888987064361572,16.679115295410156,16.767194747924805,-0.0,-0.0,-0.0,-0.0,off
7.62,15.177109718322754,0.015272490680217743,6.876574993133545,16.66229820251465,16.754375457763672,-0.0,-0.0,-0.0,-0.0,off
7.640000000000001,15.162975311279297,0.16561922430992126,6.876233100891113,16.650100708007812,16.74131965637207,-0.0,-0.0,-0.0,-0.0,off
7.66,15.18418025970459,0.1782180368900299,6.847990036010742,16.657913208007812,16.730783462524414,-0.0,0.0,-0.0,-0.0,off
7.68,15.203398704528809,0.2256588637828827,6.822484016418457,16.665550231933594,16.722259521484375,-0.0,-0.0,-0.0,-0.0,off
7.7,15.194305419921875,0.26964524388313293,6.809386253356934,16.65254783630371,16.713476181030273,-0.0,-0.0,-0.0,-0.0,off
7.72,15.204466819763184,0.39206090569496155,6.787572383880615,16.655349731445312,16.705659866333008,-0.0,-0.0,-0.0,-0.0,off
7.74,15.18777084350586,0.5304932594299316,6.787723541259766,16.64400863647461,16.697240829467773,-0.0,-0.0,-0.0,-0.0,off
7.76,15.17916202545166,0.6245824098587036,6.77883243560791,16.635793685913086,16.688825607299805,-0.0,-0.0,-0.0,-0.0,off
7.78,15.168539047241211,0.7119128704071045,6.767759799957275,16.62510108947754,16.680200576782227,-0.0,-0.0,-0.0,-0.0,off
7.8,15.162230491638184,0.916759729385376,6.773415565490723,16.631681442260742,16.672500610351562,-0.0,-0.0,-0.0,-0.0,off
7.82,15.154919624328613,1.098710060119629,6.756019115447998,16.62896728515625,16.664836883544922,-0.0,-0.0,-0.0,-0.0,off
7.84,15.13046646118164,1.3309400081634521,6.760390281677246,16.62544059753418,16.656816482543945,-0.0,-0.0,-0.0,-0.0,off
7.86,15.119744300842285,1.4765803813934326,6.7506279945373535,16.6240177154541,16.649293899536133,-0.0,-0.0,-0.0,-0.0,off
7.88,15.086647987365723,1.6133396625518799,6.751123905181885,16.606849670410156,16.640718460083008,-0.0,-0.0,-0.0,-0.0,off
7.9,15.078075408935547,1.8126230239868164,6.7538628578186035,16.620729446411133,16.633872985839844,-0.0,0.0,-0.0,-0.0,off
7.92,15.078512191772461,2.0454187393188477,6.741147041320801,16.64296531677246,16.62919044494629,-0.0,0.0,-0.0,-0.0,off
7.94,15.087066650390625,2.238149642944336,6.714858055114746,16.664878845214844,16.626781463623047,-0.0,-0.0,-0.0,-0.0,off
7.96,15.054271697998047,2.374324083328247,6.722508907318115,16.657150268554688,16.623929977416992,-0.0,-0.0,-0.0,-0.0,off
7.98,15.057368278503418,2.5375895500183105,6.682778358459473,16.66802978515625,16.622316360473633,0.0,-0.0,-0.0,0.0,off
8.0,15.069851875305176,2.779198169708252,6.648611545562744,16.704143524169922,16.62371063232422,-0.0,-0.0,-0.0,-0.0,off
8.02,15.054848670959473,2.9685723781585693,6.637208461761475,16.71865463256836,16.626150131225586,-0.0,-0.0,-0.0,-0.0,off
8.040000000000001,15.054665565490723,3.120544195175171,6.6022539138793945,16.732318878173828,16.629785537719727,-0.0,0.0,-0.0,-0.0,off
8.06,15.055390357971191,3.1845829486846924,6.5542168617248535,16.726150512695312,16.633216857910156,-0.0,-0.0,-0.0,-0.0,off
8.08,15.019689559936523,3.3546485900878906,6.537652969360352,16.720815658569336,16.63559913635254,-0.0,-0.0,-0.0,-0.0,off
8.1,15.019989967346191,3.470839262008667,6.497357368469238,16.72909164428711,16.638851165771484,-0.0,-0.0,-0.0,-0.0,off
8.120000000000001,14.989225387573242,3.629838466644287,6.490997791290283,16.732772827148438,16.64206886291504,-0.0,-0.0,-0.0,-0.0,off
8.14,14.998998641967773,3.7100844383239746,6.4506635665893555,16.743528366088867,16.64658546447754,-0.0,-0.0,-0.0,-0.0,off
8.16,15.00660228729248,3.828584909439087,6.400336265563965,16.75769805908203,16.652231216430664,-0.0,0.0,-0.0,-0.0,off
8.18,15.007107734680176,3.89935564994812,6.350967884063721,16.755687713623047,16.6575927734375,0.0,-0.0,-0.0,0.0,off
8.2,15.004566192626953,3.922516107559204,6.3067474365234375,16.742109298706055,16.661788940429688,-0.0,0.0,-0.0,-0.0,off
8.22,14.991798400878906,3.9981725215911865,6.261210918426514,16.73147201538086,16.664772033691406,-0.0,0.0,-0.0,-0.0,off
8.24,14.997987747192383,4.059072494506836,6.209315776824951,16.732343673706055,16.667863845825195,-0.0,-0.0,-0.0,-0.0,off
8.26,15.00648307800293,3.9488532543182373,6.1396965980529785,16.687835693359375,16.66733169555664,-0.0,-0.0,-0.0,-0.0,off
8.28,14.989357948303223,3.919903039932251,6.065695762634277,16.63848304748535,16.66237449645996,-0.0,-0.0,-0.0,-0.0,off
8.3,14.998984336853027,3.8864662647247314,5.985464572906494,16.6102352142334,16.655439376831055,-0.0,-0.0,-0.0,-0.0,off
8.32,15.00051498413086,3.8896119594573975,5.916746616363525,16.587718963623047,16.647111892700195,-0.0,-0.0,-0.0,-0.0,off
8.34,15.003772735595703,3.866053342819214,5.820079326629639,16.550918579101562,16.636072158813477,-0.0,-0.0,-0.0,-0.0,off
8.36,14.996393203735352,3.91442608833313,5.773936748504639,16.5394344329834,16.625011444091797,-0.0,0.0,-0.0,-0.0,off
8.38,14.992718696594238,3.9046475887298584,5.7190656661987305,16.514707565307617,16.612741470336914,-0.0,-0.0,-0.0,-0.0,off
8.4,14.965228080749512,3.9977848529815674,5.672993183135986,16.496156692504883,16.599729537963867,-0.0,-0.0,-0.0,-0.0,off
8.42,14.966552734375,4.04987096786499,5.608621597290039,16.488048553466797,16.587162017822266,-0.0,-0.0,-0.0,-0.0,off
8.44,14.956603050231934,4.1796979904174805,5.583977222442627,16.503049850463867,16.577177047729492,-0.0,-0.0,-0.0,-0.0,off
8.46,14.947108268737793,4.145312309265137,5.547744274139404,16.473527908325195,16.5655517578125,-0.0,0.0,-0.0,-0.0,off
8.48,14.957390785217285,4.236724853515625,5.501507759094238,16.490602493286133,16.556671142578125,-0.0,-0.0,-0.0,-0.0,off
8.5,14.956324577331543,4.228196144104004,5.447772979736328,16.469594955444336,16.546737670898438,-0.0,-0.0,-0.0,-0.0,off
8.52,14.972240447998047,4.237307548522949,5.367053508758545,16.459890365600586,16.536834716796875,-0.0,-0.0,-0.0,-0.0,off
8.540000000000001,14.962167739868164,4.294494152069092,5.308165550231934,16.44645118713379,16.52652359008789,-0.0,-0.0,-0.0,-0.0,off
8.56,14.952974319458008,4.408192157745361,5.263072490692139,16.453678131103516,16.517797470092773,-0.0,-0.0,-0.0,-0.0,off
8.58,14.941829681396484,4.440269470214844,5.219330310821533,16.4382381439209,16.50847625732422,-0.0,-0.0,-0.0,-0.0,off
8.6,14.945466995239258,4.504548072814941,5.157249927520752,16.43943977355957,16.500131607055664,-0.0,-0.0,-0.0,-0.0,off
8.620000000000001,14.90365219116211,4.658565521240234,5.144294261932373,16.44034194946289,16.492488861083984,-0.0,-0.0,-0.0,-0.0,off
8.64,14.890008926391602,4.760753154754639,5.090205192565918,16.440418243408203,16.485454559326172,-0.0,0.0,-0.0,-0.0,off
8.66,14.869708061218262,4.829437732696533,5.04986572265625,16.42963218688965,16.478050231933594,-0.0,-0.0,-0.0,-0.0,off
8.68,14.871929168701172,4.941019535064697,4.98451566696167,16.44485855102539,16.47269058227539,-0.0,-0.0,-0.0,-0.0,off
8.700000000000001,14.882157325744629,4.891397953033447,4.946580410003662,16.427812576293945,16.466625213623047,-0.0,-0.0,-0.0,-0.0,off
8.72,14.883371353149414,4.876130104064941,4.900069713592529,16.410425186157227,16.459657669067383,-0.0,-0.0,-0.0,-0.0,off
8.74,14.866774559020996,5.031301498413086,4.871574401855469,16.4337215423584,16.45543670654297,-0.0,-0.0,-0.0,-0.0,off
8.76,14.838212966918945,5.149102210998535,4.840956211090088,16.435348510742188,16.451629638671875,-0.0,-0.0,-0.0,-0.0,off
8.78,14.81758975982666,5.281392574310303,4.777685642242432,16.440204620361328,16.44838523864746,-0.0,-0.0,-0.0,-0.0,off
8.8,14.82673454284668,5.3456549644470215,4.714441776275635,16.450960159301758,16.446544647216797,-0.0,-0.0,-0.0,-0.0,off
8.82,14.837515830993652,5.362261772155762,4.629326343536377,16.441909790039062,16.444103240966797,-0.0,-0.0,-0.0,-0.0,off
8.84,14.836825370788574,5.434223651885986,4.594242572784424,16.455068588256836,16.44325065612793,-0.0,-0.0,-0.0,-0.0,off
8.86,14.806478500366211,5.579252243041992,4.556168079376221,16.46567726135254,16.443267822265625,-0.0,0.0,-0.0,-0.0,off
8.88,14.792610168457031,5.740221977233887,4.478885173797607,16.48732566833496,16.44499969482422,-0.0,-0.0,-0.0,-0.0,off
8.9,14.779232025146484,5.755143642425537,4.4138054847717285,16.46295928955078,16.444377899169922,-0.0,-0.0,-0.0,-0.0,off
8.92,14.788042068481445,5.821215629577637,4.356754302978516,16.478897094726562,16.445457458496094,-0.0,-0.0,-0.0,-0.0,off
8.94,14.774919509887695,5.929112911224365,4.289641857147217,16.487985610961914,16.447162628173828,-0.0,-0.0,-0.0,-0.0,off
8.96,14.761259078979492,6.027163982391357,4.2318267822265625,16.49635887145996,16.44944190979004,-0.0,-0.0,-0.0,-0.0,off
8.98,14.751659393310547,6.183099269866943,4.155498027801514,16.526050567626953,16.454059600830078,-0.0,-0.0,-0.0,-0.0,off
9.0,14.745475769042969,6.18275260925293,4.0912322998046875,16.504352569580078,16.456424713134766,-0.0,-0.0,-0.0,-0.0,off
9.02,14.74058723449707,6.280646800994873,4.055084705352783,16.528011322021484,16.460914611816406,-0.0,-0.0,-0.0,-0.0,off
9.040000000000001,14.730045318603516,6.339744567871094,3.960831642150879,16.5183162689209,16.463958740234375,-0.0,-0.0,-0.0,-0.0,off
9.06,14.748764038085938,6.368096828460693,3.8655619621276855,16.52335548400879,16.46730613708496,-0.0,-0.0,-0.0,-0.0,off
9.08,14.764665603637695,6.395198345184326,3.7565653324127197,16.522884368896484,16.470294952392578,-0.0,-0.0,-0.0,-0.0,off
9.1,14.757749557495117,6.370821952819824,3.6864469051361084,16.491466522216797,16.47016143798828,-0.0,-0.0,-0.0,-0.0,off
9.120000000000001,14.737167358398438,6.388358116149902,3.649059534072876,16.471515655517578,16.468284606933594,-0.0,-0.0,-0.0,-0.0,off
9.14,14.735401153564453,6.367604732513428,3.5565226078033447,16.441633224487305,16.463727951049805,-0.0,-0.0,-0.0,-0.0,off
9.16,14.746055603027344,6.23554801940918,3.4429843425750732,16.37627410888672,16.45332145690918,-0.0,-0.0,-0.0,-0.0,off
9.18,14.748743057250977,6.0529985427856445,3.3569483757019043,16.292123794555664,16.43576431274414,-0.0,-0.0,-0.0,-0.0,off
9.200000000000001,14.769124031066895,5.8877787590026855,3.25978946685791,16.230194091796875,16.41371726989746,-0.0,-0.0,-0.0,-0.0,off
9.22,14.766749382019043,5.753190994262695,3.1465911865234375,16.157262802124023,16.386383056640625,-0.0,-0.0,-0.0,-0.0,off
9.24,14.768402099609375,5.576885223388672,3.0057625770568848,16.069908142089844,16.352611541748047,-0.0,-0.0,-0.0,-0.0,off
9.26,14.77326774597168,5.371024131774902,2.877866506576538,15.980596542358398,16.312761306762695,-0.0,-0.0,-0.0,-0.0,off
9.28,14.758813858032227,5.199473857879639,2.7560057640075684,15.88875961303711,16.267271041870117,-0.0,-0.0,-0.0,-0.0,off
9.3,14.726728439331055,5.080648899078369,2.645766258239746,15.801569938659668,16.2174072265625,-0.0,-0.0,-0.0,-0.0,off
9.32,14.729158401489258,4.9110107421875,2.529548168182373,15.731012344360352,16.164989471435547,-0.0,-0.0,-0.0,-0.0,off
9.34,14.716840744018555,4.74298095703125,2.408673048019409,15.648736953735352,16.10910987854004,-0.0,0.0,-0.0,-0.0,off
9.36,14.690465927124023,4.568272113800049,2.275907516479492,15.55180549621582,16.048587799072266,-0.0,-0.0,-0.0,-0.0,off
9.38,14.688732147216797,4.440886497497559,2.1456358432769775,15.494647026062012,15.988049507141113,-0.0,-0.0,-0.0,-0.0,off
9.4,14.664552688598633,4.278961181640625,2.0002224445343018,15.406476020812988,15.924208641052246,-0.0,-0.0,-0.0,-0.0,off
9.42,14.65103530883789,4.0811076164245605,1.8813436031341553,15.324742317199707,15.857977867126465,-0.0,-0.0,-0.0,-0.0,off
9.44,14.630375862121582,3.8653061389923096,1.7530615329742432,15.233572006225586,15.788504600524902,-0.0,-0.0,-0.0,-0.0,off
9.46,14.619546890258789,3.6907005310058594,1.664506196975708,15.169805526733398,15.719345092773438,-0.0,-0.0,-0.0,-0.0,off
9.48,14.58184814453125,3.4983747005462646,1.5773303508758545,15.07835865020752,15.647653579711914,-0.0,-0.0,-0.0,-0.0,off
9.5,14.593583106994629,3.2613863945007324,1.4774296283721924,15.02638053894043,15.577072143554688,-0.0,-0.0,-0.0,-0.0,off
9.52,14.589021682739258,3.127487897872925,1.3822026252746582,14.984365463256836,15.509395599365234,-0.0,-0.0,-0.0,-0.0,off
9.540000000000001,14.58134937286377,2.8370940685272217,1.2775678634643555,14.909628868103027,15.439718246459961,-0.0,-0.0,-0.0,-0.0,off
9.56,14.57225227355957,2.6020970344543457,1.180344820022583,14.849736213684082,15.370274543762207,0.0,-0.0,-0.0,0.0,off
9.58,14.53227710723877,2.442456007003784,1.0996050834655762,14.777070045471191,15.300678253173828,-0.0,-0.0,-0.0,-0.0,off
9.6,14.516287803649902,2.2108309268951416,1.0172202587127686,14.718870162963867,15.231600761413574,-0.0,-0.0,-0.0,-0.0,off
9.620000000000001,14.507822036743164,1.9997248649597168,0.9410572052001953,14.675196647644043,15.16468334197998,-0.0,-0.0,-0.0,-0.0,off
9.64,14.468039512634277,1.803845763206482,0.8855938911437988,14.606926918029785,15.097606658935547,-0.0,-0.0,-0.0,-0.0,off
9.66,14.42983341217041,1.3805670738220215,0.8155639171600342,14.51865005493164,15.025740623474121,-0.0,-0.0,-0.0,-0.0,off
9.68,14.399248123168945,1.1122076511383057,0.7573378086090088,14.461981773376465,14.954632759094238,-0.0,-0.0,-0.0,-0.0,off
9.700000000000001,14.399272918701172,0.8395826816558838,0.7006568908691406,14.440736770629883,14.887659072875977,-0.0,-0.0,-0.0,-0.0,off
9.72,14.411571502685547,0.43749114871025085,0.6462106704711914,14.432684898376465,14.82397747039795,-0.0,-0.0,-0.0,-0.0,off
9.74,14.430028915405273,0.07506667822599411,0.6068482398986816,14.442978858947754,14.765789985656738,-0.0,-0.0,-0.0,-0.0,off
9.76,14.393426895141602,-0.19850873947143555,0.5600755214691162,14.40568733215332,14.709295272827148,-0.0,-0.0,-0.0,-0.0,off
9.78,14.399007797241211,-0.5623002052307129,0.5258822441101074,14.419574737548828,14.658038139343262,-0.0,-0.0,-0.0,-0.0,off
9.8,14.375638008117676,-0.9144611954689026,0.5068919658660889,14.413609504699707,14.609886169433594,-0.0,-0.0,-0.0,-0.0,off
9.82,14.355127334594727,-1.2310515642166138,0.48459550738334656,14.415963172912598,14.566030502319336,-0.0,0.0,-0.0,-0.0,off
9.84,14.32663345336914,-1.6297187805175781,0.4642586410045624,14.426501274108887,14.525476455688477,-0.0,-0.0,-0.0,-0.0,off
9.86,14.300357818603516,-1.984999418258667,0.4511978328227997,14.444515228271484,14.489590644836426,-0.0,-0.0,-0.0,-0.0,off
9.88,14.265459060668945,-2.4449760913848877,0.4408895671367645,14.480179786682129,14.457776069641113,-0.0,-0.0,-0.0,-0.0,off
9.9,14.256927490234375,-2.8565752506256104,0.44859549403190613,14.547207832336426,14.434008598327637,-0.0,-0.0,-0.0,-0.0,off
9.92,14.262840270996094,-3.2607057094573975,0.45480796694755554,14.637885093688965,14.420220375061035,-0.0,-0.0,-0.0,-0.0,off
9.94,14.279770851135254,-3.7081422805786133,0.47379323840141296,14.76098346710205,14.418030738830566,-0.0,-0.0,-0.0,-0.0,off
9.96,14.258174896240234,-4.142271518707275,0.4927620589733124,14.855866432189941,14.423883438110352,-0.0,-0.0,-0.0,-0.0,off
9.98,14.225259780883789,-4.56021785736084,0.5255298614501953,14.9475679397583,14.437199592590332,-0.0,-0.0,-0.0,-0.0,off
10.0,14.223004341125488,-5.024982452392578,0.5549843311309814,15.09477710723877,14.462108612060547,-0.0,-0.0,-0.0,-0.0,off
10.02,14.240190505981445,-5.463794708251953,0.5853536128997803,15.263640403747559,14.500602722167969,-0.0,-0.0,-0.0,-0.0,off
10.040000000000001,14.245610237121582,-5.792778015136719,0.6350710391998291,15.391458511352539,14.549734115600586,-0.0,-0.0,-0.0,-0.0,off
10.06,14.264205932617188,-6.100028991699219,0.6684234142303467,15.528191566467285,14.609736442565918,-0.0,-0.0,-0.0,-0.0,off
10.08,14.305598258972168,-6.306206226348877,0.7309834957122803,15.650965690612793,14.68002986907959,-0.0,-0.0,-0.0,-0.0,off
10.1,14.311578750610352,-6.624487400054932,0.785240650177002,15.789924621582031,14.758428573608398,-0.0,-0.0,-0.0,-0.0,off
10.120000000000001,14.306070327758789,-6.807520389556885,0.832533597946167,15.86502742767334,14.839938163757324,-0.0,0.0,-0.0,-0.0,off
10.14,14.338354110717773,-6.879324913024902,0.8959484100341797,15.928472518920898,14.924532890319824,-0.0,0.0,-0.0,-0.0,off
10.16,14.36784839630127,-6.901369094848633,0.9847924709320068,15.96977710723877,15.00943374633789,0.0,-0.0,-0.0,0.0,off
10.18,14.382174491882324,-6.91994571685791,1.0691158771514893,15.996111869812012,15.092137336730957,-0.0,-0.0,-0.0,-0.0,off
10.200000000000001,14.402596473693848,-6.895520210266113,1.1412949562072754,16.008920669555664,15.171283721923828,-0.0,-0.0,-0.0,-0.0,off
10.22,14.443196296691895,-6.879753112792969,1.2048723697662354,16.043336868286133,15.248656272888184,-0.0,-0.0,-0.0,-0.0,off
10.24,14.48115348815918,-6.999974727630615,1.2926385402679443,16.136119842529297,15.328454971313477,-0.0,-0.0,-0.0,-0.0,off
10.26,14.501890182495117,-7.005736827850342,1.382629632949829,16.1646785736084,15.404741287231445,-0.0,-0.0,-0.0,-0.0,off
10.28,14.50834846496582,-7.030360698699951,1.4521253108978271,16.18724250793457,15.47679328918457,-0.0,-0.0,-0.0,-0.0,off
10.3,14.52975082397461,-6.96484375,1.5339417457580566,16.1856632232666,15.542975425720215,-0.0,-0.0,-0.0,-0.0,off
10.32,14.536725997924805,-6.9225945472717285,1.6190574169158936,16.182090759277344,15.603123664855957,-0.0,0.0,-0.0,-0.0,off
10.34,14.563215255737305,-6.970662593841553,1.6957859992980957,16.234317779541016,15.662840843200684,-0.0,-0.0,-0.0,-0.0,off
10.36,14.564542770385742,-6.927107810974121,1.7855298519134521,16.226486206054688,15.716391563415527,-0.0,-0.0,-0.0,-0.0,off
10.38,14.537040710449219,-6.938346862792969,1.8804681301116943,16.217348098754883,15.763832092285156,-0.0,-0.0,-0.0,-0.0,off
10.4,14.557759284973145,-6.9323015213012695,1.9689929485321045,16.243831634521484,15.809463500976562,-0.0,-0.0,-0.0,-0.0,off
10.42,14.590070724487305,-7.028853416442871,2.046376943588257,16.32368278503418,15.85848331451416,-0.0,0.0,-0.0,-0.0,off
10.44,14.574736595153809,-6.984183311462402,2.1055328845977783,16.29831314086914,15.900433540344238,-0.0,-0.0,-0.0,-0.0,off
10.46,14.57870864868164,-6.981953144073486,2.1797256469726562,16.310659408569336,15.939582824707031,-0.0,-0.0,-0.0,-0.0,off
10.48,14.594610214233398,-6.955124378204346,2.2642130851745605,16.324920654296875,15.976396560668945,0.0,-0.0,-0.0,0.0,off
10.5,14.614744186401367,-7.016335487365723,2.3718271255493164,16.384300231933594,16.015335083007812,0.0,-0.0,-0.0,0.0,off
10.52,14.627449035644531,-6.997101783752441,2.4914698600769043,16.405155181884766,16.05242347717285,-0.0,-0.0,-0.0,-0.0,off
10.540000000000001,14.640490531921387,-6.959916114807129,2.5820066928863525,16.414966583251953,16.086868286132812,-0.0,-0.0,-0.0,-0.0,off
10.56,14.661783218383789,-6.967164993286133,2.648423194885254,16.447595596313477,16.121238708496094,-0.0,-0.0,-0.0,-0.0,off
10.58,14.66093635559082,-7.031811714172363,2.733309268951416,16.488189697265625,16.156166076660156,-0.0,-0.0,-0.0,-0.0,off
10.6,14.675416946411133,-6.9774932861328125,2.873879909515381,16.50189208984375,16.188812255859375,-0.0,-0.0,-0.0,-0.0,off
10.620000000000001,14.67690658569336,-7.036065101623535,2.9728877544403076,16.545568466186523,16.22247886657715,-0.0,-0.0,-0.0,-0.0,off
10.64,14.663567543029785,-7.131139755249023,3.094747304916382,16.596712112426758,16.257648468017578,-0.0,0.0,-0.0,-0.0,off
10.66,14.692007064819336,-7.0841569900512695,3.2365965843200684,16.628767013549805,16.292383193969727,-0.0,-0.0,-0.0,-0.0,off
10.68,14.711634635925293,-7.057729721069336,3.35660719871521,16.658647537231445,16.32657241821289,-0.0,-0.0,-0.0,-0.0,off
10.700000000000001,14.787577629089355,-7.069027900695801,3.4904022216796875,16.75787925720215,16.367177963256836,-0.0,-0.0,-0.0,-0.0,off
10.72,14.8311767578125,-7.074751853942871,3.642704725265503,16.831079483032227,16.41083335876465,-0.0,0.0,-0.0,-0.0,off
10.74,14.830513000488281,-7.049369812011719,3.7686285972595215,16.84756088256836,16.451662063598633,-0.0,-0.0,-0.0,-0.0,off
10.76,14.861346244812012,-7.113963603973389,3.899902820587158,16.931549072265625,16.496723175048828,-0.0,-0.0,-0.0,-0.0,off
10.78,14.894208908081055,-7.205755710601807,4.037296772003174,17.031152725219727,16.54712677001953,-0.0,0.0,-0.0,-0.0,off
10.8,14.914371490478516,-7.221519470214844,4.1699090003967285,17.08733367919922,16.598031997680664,-0.0,0.0,-0.0,-0.0,off
10.82,14.903552055358887,-7.2849345207214355,4.347701072692871,17.149011611938477,16.64963150024414,-0.0,-0.0,-0.0,-0.0,off
10.84,14.908366203308105,-7.295403003692627,4.469817638397217,17.188995361328125,16.700084686279297,-0.0,-0.0,-0.0,-0.0,off
10.86,14.918336868286133,-7.288197994232178,4.62319803237915,17.235095977783203,16.74994659423828,-0.0,-0.0,-0.0,-0.0,off
10.88,14.961738586425781,-7.314717769622803,4.75775146484375,17.320362091064453,16.80337142944336,-0.0,-0.0,-0.0,-0.0,off
10.9,15.000467300415039,-7.314896583557129,4.882557392120361,17.388534545898438,16.85834503173828,-0.0,-0.0,-0.0,-0.0,off
10.92,15.028094291687012,-7.331480979919434,5.021774768829346,17.458877563476562,16.91482162475586,-0.0,-0.0,-0.0,-0.0,off
10.94,15.079320907592773,-7.316821098327637,5.1294941902160645,17.528078079223633,16.97275733947754,-0.0,-0.0,-0.0,-0.0,off
10.96,15.105388641357422,-7.367103576660156,5.241352558135986,17.604509353637695,17.032665252685547,-0.0,-0.0,-0.0,-0.0,off
10.98,15.132401466369629,-7.35347843170166,5.363094806671143,17.65859603881836,17.09202766418457,-0.0,-0.0,-0.0,-0.0,off
11.0,15.153438568115234,-7.422476768493652,5.469512462615967,17.737966537475586,17.153528213500977,-0.0,-0.0,-0.0,-0.0,off
11.02,15.183422088623047,-7.466376304626465,5.5915446281433105,17.819889068603516,17.217119216918945,-0.0,-0.0,-0.0,-0.0,off
11.040000000000001,15.210814476013184,-7.514366626739502,5.68611478805542,17.893198013305664,17.281864166259766,-0.0,0.0,-0.0,-0.0,off
11.06,15.255969047546387,-7.500579357147217,5.802034854888916,17.96293067932129,17.347183227539062,-0.0,-0.0,-0.0,-0.0,off
11.08,15.253902435302734,-7.448090076446533,5.95111083984375,17.988086700439453,17.40828514099121,-0.0,-0.0,-0.0,-0.0,off
11.1,15.292753219604492,-7.46673059463501,6.009632587432861,18.048158645629883,17.469654083251953,-0.0,-0.0,-0.0,-0.0,off
11.120000000000001,15.309659004211426,-7.458356857299805,6.111738681793213,18.09326171875,17.529462814331055,-0.0,-0.0,-0.0,-0.0,off
11.14,15.323830604553223,-7.464122295379639,6.183027267456055,18.13181495666504,17.587352752685547,-0.0,0.0,-0.0,-0.0,off
11.16,15.32748794555664,-7.509584426879883,6.24848747253418,18.17606544494629,17.644086837768555,-0.0,-0.0,-0.0,-0.0,off
11.18,15.345834732055664,-7.504276275634766,6.296289920806885,18.205825805664062,17.69837188720703,-0.0,-0.0,-0.0,-0.0,off
11.200000000000001,15.365460395812988,-7.477265357971191,6.324718475341797,18.221111297607422,17.7490291595459,-0.0,-0.0,-0.0,-0.0,off
11.22,15.379199981689453,-7.446879863739014,6.363264560699463,18.23367691040039,17.796052932739258,-0.0,-0.0,-0.0,-0.0,off
11.24,15.412890434265137,-7.442488193511963,6.356791973114014,18.258056640625,17.841140747070312,0.0,-0.0,-0.0,0.0,off
11.26,15.434492111206055,-7.425504684448242,6.371706485748291,18.274580001831055,17.8835506439209,-0.0,-0.0,-0.0,-0.0,off
11.28,15.453232765197754,-7.375386714935303,6.3944220542907715,18.278057098388672,17.922161102294922,0.0,-0.0,-0.0,0.0,off
11.3,15.442228317260742,-7.407498836517334,6.430172920227051,18.29427719116211,17.9586238861084,0.0,-0.0,-0.0,0.0,off
11.32,15.454411506652832,-7.380454063415527,6.450166702270508,18.30067253112793,17.99216651916504,-0.0,-0.0,-0.0,-0.0,off
11.34,15.472949981689453,-7.3739519119262695,6.472334861755371,18.321529388427734,18.024526596069336,-0.0,-0.0,-0.0,-0.0,off
11.36,15.477607727050781,-7.297685623168945,6.491245746612549,18.301607131958008,18.051664352416992,-0.0,-0.0,-0.0,-0.0,off
11.38,15.488420486450195,-7.337273120880127,6.494815826416016,18.327831268310547,18.078853607177734,-0.0,-0.0,-0.0,-0.0,off
11.4,15.503304481506348,-7.281886100769043,6.511756420135498,18.3243350982666,18.102983474731445,-0.0,-0.0,-0.0,-0.0,off
11.42,15.505960464477539,-7.279556751251221,6.532370567321777,18.332992553710938,18.125612258911133,-0.0,-0.0,-0.0,-0.0,off
11.44,15.529805183410645,-7.220890045166016,6.5290846824646,18.32880401611328,18.14558219909668,-0.0,-0.0,-0.0,-0.0,off
11.46,15.536687850952148,-7.2081780433654785,6.52168607711792,18.32699966430664,18.163440704345703,-0.0,-0.0,-0.0,-0.0,off
11.48,15.538785934448242,-7.179969787597656,6.535214900970459,18.32252311706543,18.179073333740234,-0.0,-0.0,-0.0,-0.0,off
11.5,15.542320251464844,-7.158779621124268,6.538135528564453,18.31827163696289,18.192747116088867,-0.0,-0.0,-0.0,-0.0,off
11.52,15.543970108032227,-7.121883392333984,6.5487961769104,18.30909538269043,18.204130172729492,-0.0,-0.0,-0.0,-0.0,off
11.540000000000001,15.559477806091309,-7.09721040725708,6.54443359375,18.311126708984375,18.2146053314209,-0.0,-0.0,-0.0,-0.0,off
11.56,15.571227073669434,-7.033961296081543,6.5459747314453125,18.29725456237793,18.222610473632812,0.0,-0.0,-0.0,0.0,off
11.58,15.557506561279297,-7.03727388381958,6.546746730804443,18.28713035583496,18.228858947753906,0.0,-0.0,-0.0,0.0,off
11.6,15.543600082397461,-6.999612808227539,6.555974006652832,18.264142990112305,18.232175827026367,-0.0,-0.0,-0.0,-0.0,off
11.620000000000001,15.525075912475586,-6.914464950561523,6.572911262512207,18.22199249267578,18.230873107910156,-0.0,-0.0,-0.0,-0.0,off
11.64,15.525806427001953,-6.823081970214844,6.583526134490967,18.191974639892578,18.22661018371582,-0.0,-0.0,-0.0,-0.0,off
11.66,15.521745681762695,-6.8594865798950195,6.572866439819336,18.19834327697754,18.223541259765625,-0.0,-0.0,-0.0,-0.0,off
11.68,15.537395477294922,-6.826992988586426,6.573568820953369,18.19973373413086,18.220918655395508,-0.0,-0.0,-0.0,-0.0,off
11.700000000000001,15.555378913879395,-6.840511322021484,6.565017223358154,18.217077255249023,18.220354080200195,-0.0,-0.0,-0.0,-0.0,off
11.72,15.571921348571777,-6.782588005065918,6.549912452697754,18.20410919189453,18.218515396118164,-0.0,-0.0,-0.0,-0.0,off
11.74,15.588759422302246,-6.763147830963135,6.531032085418701,18.204504013061523,18.2169189453125,-0.0,-0.0,-0.0,-0.0,off
11.76,15.59518051147461,-6.713667392730713,6.527838230133057,18.19053840637207,18.214054107666016,-0.0,-0.0,-0.0,-0.0,off
11.78,15.577981948852539,-6.713838577270508,6.542771816253662,18.18122673034668,18.21059226989746,-0.0,-0.0,-0.0,-0.0,off
11.8,15.581279754638672,-6.657253265380859,6.544617652893066,18.16390037536621,18.205707550048828,-0.0,-0.0,-0.0,-0.0,off
11.82,15.564802169799805,-6.6661505699157715,6.537246227264404,18.15037727355957,18.20001792907715,-0.0,-0.0,-0.0,-0.0,off
11.84,15.558465003967285,-6.703911781311035,6.525251865386963,18.1545352935791,18.195383071899414,-0.0,-0.0,-0.0,-0.0,off
11.86,15.572009086608887,-6.69130802154541,6.51179313659668,18.156665802001953,18.191429138183594,-0.0,-0.0,-0.0,-0.0,off
11.88,15.560636520385742,-6.698031425476074,6.513160705566406,18.149885177612305,18.18721580505371,-0.0,-0.0,-0.0,-0.0,off
11.9,15.567302703857422,-6.648664951324463,6.522712230682373,18.14087677001953,18.182493209838867,-0.0,-0.0,-0.0,-0.0,off
11.92,15.582673072814941,-6.639873027801514,6.508825302124023,18.145864486694336,18.178749084472656,-0.0,-0.0,-0.0,-0.0,off
11.94,15.586384773254395,-6.603749752044678,6.504439830780029,18.134294509887695,18.17420768737793,-0.0,-0.0,-0.0,-0.0,off
11.96,15.599960327148438,-6.550848007202148,6.4939751625061035,18.12302589416504,18.168956756591797,-0.0,-0.0,-0.0,-0.0,off
11.98,15.600438117980957,-6.499513626098633,6.504491329193115,18.108720779418945,18.162769317626953,-0.0,-0.0,-0.0,-0.0,off
12.0,15.587414741516113,-6.463815689086914,6.51187801361084,18.087369918823242,18.155059814453125,-0.0,-0.0,-0.0,-0.0,off
12.02,15.576367378234863,-6.441805362701416,6.504623889923096,18.067378997802734,18.146137237548828,-0.0,-0.0,-0.0,-0.0,off
12.040000000000001,15.575735092163086,-6.385000228881836,6.514096260070801,18.05007553100586,18.136337280273438,-0.0,-0.0,-0.0,-0.0,off
12.06,15.547057151794434,-6.398489952087402,6.508738994598389,18.028182983398438,18.125391006469727,0.0,-0.0,-0.0,0.0,off
12.08,15.542631149291992,-6.390268325805664,6.50719690322876,18.020891189575195,18.11482810974121,0.0,-0.0,-0.0,0.0,off
12.1,15.549113273620605,-6.420520305633545,6.497759819030762,18.033824920654297,18.106660842895508,-0.0,-0.0,-0.0,-0.0,off
12.120000000000001,15.569231986999512,-6.421304225921631,6.493771076202393,18.050018310546875,18.10093879699707,-0.0,-0.0,-0.0,-0.0,off
12.14,15.582465171813965,-6.33791446685791,6.49430513381958,18.032148361206055,18.09393882751465,-0.0,-0.0,-0.0,-0.0,off
12.16,15.596087455749512,-6.280625343322754,6.480373859405518,18.018863677978516,18.086267471313477,-0.0,-0.0,-0.0,-0.0,off
12.18,15.574079513549805,-6.270108222961426,6.466904640197754,17.99130630493164,18.076637268066406,-0.0,-0.0,-0.0,-0.0,off
12.200000000000001,15.57321548461914,-6.265957832336426,6.457765579223633,17.985828399658203,18.06744384765625,-0.0,0.0,-0.0,-0.0,off
12.22,15.560347557067871,-6.254258155822754,6.457027912139893,17.970346450805664,18.057636260986328,0.0,0.0,-0.0,0.0,off
12.24,15.540411949157715,-6.253782749176025,6.461981296539307,17.95470428466797,18.047269821166992,-0.0,-0.0,-0.0,-0.0,off
12.26,15.54378604888916,-6.304253578186035,6.436096668243408,17.965974807739258,18.03911018371582,-0.0,-0.0,-0.0,-0.0,off
12.280000000000001,15.537148475646973,-6.29030704498291,6.442903518676758,17.957782745361328,18.030946731567383,-0.0,-0.0,-0.0,-0.0,off
12.3,15.52212142944336,-6.296998023986816,6.453400135040283,17.950899124145508,18.022924423217773,-0.0,-0.0,-0.0,-0.0,off
12.32,15.538718223571777,-6.280885219573975,6.4520487785339355,17.959125518798828,18.01651954650879,-0.0,0.0,-0.0,-0.0,off
12.34,15.525134086608887,-6.306850433349609,6.4368510246276855,17.95102310180664,18.009960174560547,-0.0,-0.0,-0.0,-0.0,off
12.36,15.518786430358887,-6.3488898277282715,6.426604747772217,17.956680297851562,18.004629135131836,-0.0,-0.0,-0.0,-0.0,off
12.38,15.507915496826172,-6.337663650512695,6.4373579025268555,17.947172164916992,17.998882293701172,-0.0,-0.0,-0.0,-0.0,off
12.4,15.511146545410156,-6.256411552429199,6.4473700523376465,17.925037384033203,17.991477966308594,-0.0,-0.0,-0.0,-0.0,off
12.42,15.511475563049316,-6.2519731521606445,6.453984260559082,17.9261531829834,17.98492431640625,-0.0,-0.0,-0.0,-0.0,off
12.44,15.510107040405273,-6.244796276092529,6.4643235206604,17.926193237304688,17.979032516479492,-0.0,-0.0,-0.0,-0.0,off
12.46,15.503211975097656,-6.236291408538818,6.474857330322266,17.92106819152832,17.973217010498047,-0.0,-0.0,-0.0,-0.0,off
12.48,15.492166519165039,-6.192081451416016,6.483587265014648,17.899330139160156,17.965789794921875,-0.0,-0.0,-0.0,-0.0,off
12.5,15.504644393920898,-6.152806758880615,6.486246585845947,17.897552490234375,17.95890998840332,-0.0,-0.0,-0.0,-0.0,off
12.52,15.516088485717773,-6.186830043792725,6.484591960906982,17.918588638305664,17.954849243164062,-0.0,-0.0,-0.0,-0.0,off
12.540000000000001,15.526331901550293,-6.139235496520996,6.5008769035339355,17.9169921875,17.95100975036621,-0.0,-0.0,-0.0,-0.0,off
12.56,15.520963668823242,-6.100330829620361,6.5122222900390625,17.903165817260742,17.94615364074707,-0.0,-0.0,-0.0,-0.0,off
12.58,15.508782386779785,-6.088305950164795,6.5079216957092285,17.886945724487305,17.940168380737305,-0.0,-0.0,-0.0,-0.0,off
12.6,15.50621223449707,-6.04772424697876,6.518752098083496,17.87489128112793,17.933557510375977,-0.0,0.0,-0.0,-0.0,off
12.620000000000001,15.497241020202637,-6.036101341247559,6.53651762008667,17.86966896057129,17.927085876464844,-0.0,-0.0,-0.0,-0.0,off
12.64,15.490577697753906,-6.015269756317139,6.541726589202881,17.858768463134766,17.920169830322266,-0.0,-0.0,-0.0,-0.0,off
12.66,15.485458374023438,-6.055471420288086,6.535950660705566,17.865798950195312,17.91469383239746,-0.0,-0.0,-0.0,-0.0,off
12.68,15.485424041748047,-6.059414863586426,6.550949573516846,17.87259864807129,17.91044807434082,-0.0,-0.0,-0.0,-0.0,off
12.700000000000001,15.487454414367676,-6.002950668334961,6.547552108764648,17.854049682617188,17.904748916625977,-0.0,-0.0,-0.0,-0.0,off
12.72,15.495282173156738,-5.9529218673706055,6.538984775543213,17.840946197509766,17.898284912109375,-0.0,-0.0,-0.0,-0.0,off
12.74,15.492703437805176,-5.923948287963867,6.532072067260742,17.82652473449707,17.891019821166992,-0.0,-0.0,-0.0,-0.0,off
12.76,15.486673355102539,-5.910171985626221,6.529777526855469,17.815868377685547,17.883420944213867,-0.0,-0.0,-0.0,-0.0,off
12.780000000000001,15.446856498718262,-5.879053592681885,6.546406269073486,17.77706527709961,17.872695922851562,-0.0,-0.0,-0.0,-0.0,off
12.8,15.43964672088623,-5.8616461753845215,6.557176113128662,17.76902198791504,17.862239837646484,-0.0,-0.0,-0.0,-0.0,off
12.82,15.437602996826172,-5.884574890136719,6.56140661239624,17.776384353637695,17.85359764099121,-0.0,0.0,-0.0,-0.0,off
12.84,15.432633399963379,-5.931783676147461,6.549999713897705,17.783552169799805,17.846572875976562,-0.0,-0.0,-0.0,-0.0,off
12.86,15.472071647644043,-5.920008659362793,6.53916072845459,17.80988883972168,17.84288215637207,-0.0,-0.0,-0.0,-0.0,off
12.88,15.485876083374023,-5.89276123046875,6.531019687652588,17.80986213684082,17.839550018310547,0.0,0.0,-0.0,0.0,off
12.9,15.50562858581543,-5.883591651916504,6.512787818908691,17.817338943481445,17.837295532226562,-0.0,-0.0,-0.0,-0.0,off
12.92,15.511180877685547,-5.905066967010498,6.501467227935791,17.82513999938965,17.8360595703125,-0.0,-0.0,-0.0,-0.0,off
12.94,15.507784843444824,-5.882248878479004,6.489628791809082,17.810319900512695,17.833459854125977,-0.0,-0.0,-0.0,-0.0,off
12.96,15.505842208862305,-5.856969833374023,6.502315044403076,17.80492401123047,17.83057403564453,-0.0,-0.0,-0.0,-0.0,off
12.98,15.492236137390137,-5.8876495361328125,6.5015387535095215,17.802915573120117,17.827796936035156,-0.0,-0.0,-0.0,-0.0,off
13.0,15.504839897155762,-5.847875118255615,6.508824825286865,17.80344009399414,17.825334548950195,-0.0,-0.0,-0.0,-0.0,off
13.02,15.490633010864258,-5.848868370056152,6.521490573883057,17.79603385925293,17.822385787963867,-0.0,-0.0,-0.0,-0.0,off
13.040000000000001,15.495308876037598,-5.8162455558776855,6.52301549911499,17.78997039794922,17.819114685058594,-0.0,-0.0,-0.0,-0.0,off
13.06,15.51657485961914,-5.813816547393799,6.512918949127197,17.804006576538086,17.81757354736328,-0.0,-0.0,-0.0,-0.0,off
13.08,15.512107849121094,-5.758760929107666,6.52162504196167,17.785398483276367,17.814300537109375,-0.0,-0.0,-0.0,-0.0,off
13.1,15.493988037109375,-5.774266242980957,6.525101184844971,17.775903701782227,17.810428619384766,-0.0,-0.0,-0.0,-0.0,off
13.120000000000001,15.487947463989258,-5.774121284484863,6.540812015533447,17.7763671875,17.80699348449707,-0.0,-0.0,-0.0,-0.0,off
13.14,15.487279891967773,-5.797194480895996,6.550119876861572,17.786718368530273,17.804950714111328,-0.0,-0.0,-0.0,-0.0,off
13.16,15.481886863708496,-5.758215427398682,6.555431365966797,17.771312713623047,17.801557540893555,-0.0,-0.0,-0.0,-0.0,off
13.18,15.490510940551758,-5.745866775512695,6.551158428192139,17.77325439453125,17.7987003326416,0.0,0.0,-0.0,0.0,off
13.200000000000001,15.4955415725708,-5.7509379386901855,6.528006553649902,17.770761489868164,17.79588508605957,-0.0,-0.0,-0.0,-0.0,off
13.22,15.487116813659668,-5.735344409942627,6.519168853759766,17.755126953125,17.79178810119629,-0.0,-0.0,-0.0,-0.0,off
13.24,15.484593391418457,-5.764331817626953,6.51427698135376,17.760517120361328,17.788652420043945,-0.0,0.0,-0.0,-0.0,off
13.26,15.492976188659668,-5.783401966094971,6.516157627105713,17.77471160888672,17.787256240844727,-0.0,0.0,-0.0,-0.0,off
13.280000000000001,15.48564338684082,-5.793858528137207,6.5184197425842285,17.77255630493164,17.785783767700195,-0.0,-0.0,-0.0,-0.0,off
13.3,15.504709243774414,-5.765979766845703,6.514806747436523,17.778785705566406,17.785079956054688,-0.0,-0.0,-0.0,-0.0,off
13.32,15.507562637329102,-5.736093044281006,6.531773567199707,17.77783203125,17.78434181213379,-0.0,0.0,-0.0,-0.0,off
13.34,15.528468132019043,-5.789377212524414,6.499575138092041,17.801536560058594,17.786056518554688,-0.0,-0.0,-0.0,-0.0,off
13.36,15.52527141571045,-5.790963649749756,6.49921178817749,17.799131393432617,17.78736114501953,-0.0,-0.0,-0.0,-0.0,off
13.38,15.523502349853516,-5.7633771896362305,6.485392093658447,17.783586502075195,17.786975860595703,-0.0,-0.0,-0.0,-0.0,off
13.4,15.529901504516602,-5.75789737701416,6.482264995574951,17.786258697509766,17.786895751953125,-0.0,-0.0,-0.0,-0.0,off
13.42,15.520130157470703,-5.768800735473633,6.479353904724121,17.780200958251953,17.78622055053711,-0.0,-0.0,-0.0,-0.0,off
13.44,15.503939628601074,-5.772426128387451,6.498971462249756,17.774410247802734,17.7850399017334,0.0,-0.0,-0.0,0.0,off
13.46,15.50776195526123,-5.8068528175354,6.485896587371826,17.7841796875,17.784950256347656,0.0,-0.0,-0.0,0.0,off
13.48,15.53853988647461,-5.758687973022461,6.49685525894165,17.79937744140625,17.786388397216797,-0.0,-0.0,-0.0,-0.0,off
13.5,15.528448104858398,-5.763459205627441,6.4921793937683105,17.790407180786133,17.786787033081055,-0.0,-0.0,-0.0,-0.0,off
13.52,15.510285377502441,-5.795472621917725,6.486636161804199,17.78293800354004,17.786399841308594,-0.0,-0.0,-0.0,-0.0,off
13.540000000000001,15.51986312866211,-5.813298225402832,6.472695350646973,17.792030334472656,17.786958694458008,-0.0,0.0,-0.0,-0.0,off
13.56,15.506929397583008,-5.76361608505249,6.477303981781006,17.76624870300293,17.78488540649414,-0.0,0.0,-0.0,-0.0,off
13.58,15.486668586730957,-5.7470383644104,6.503060817718506,17.752609252929688,17.781654357910156,-0.0,-0.0,-0.0,-0.0,off
13.6,15.489910125732422,-5.743868827819824,6.502796649932861,17.754314422607422,17.778919219970703,-0.0,-0.0,-0.0,-0.0,off
13.620000000000001,15.47435188293457,-5.767391681671143,6.498866558074951,17.746932983398438,17.77571678161621,-0.0,-0.0,-0.0,-0.0,off
13.64,15.49667739868164,-5.731586933135986,6.476923942565918,17.74679183959961,17.77281951904297,-0.0,-0.0,-0.0,-0.0,off
13.66,15.469425201416016,-5.76185941696167,6.4913153648376465,17.738075256347656,17.769346237182617,-0.0,-0.0,-0.0,-0.0,off
13.68,15.482084274291992,-5.793779373168945,6.477148532867432,17.754329681396484,17.767841339111328,-0.0,-0.0,-0.0,-0.0,off
13.700000000000001,15.477487564086914,-5.771888732910156,6.486440658569336,17.746583938598633,17.765714645385742,-0.0,0.0,-0.0,-0.0,off
13.72,15.488709449768066,-5.753669261932373,6.486743450164795,17.750568389892578,17.764198303222656,0.0,0.0,-0.0,0.0,off
13.74,15.487163543701172,-5.749509334564209,6.489177227020264,17.748762130737305,17.76265525817871,-0.0,0.0,-0.0,-0.0,off
13.76,15.484896659851074,-5.760653972625732,6.491546154022217,17.751262664794922,17.76151466369629,-0.0,0.0,-0.0,-0.0,off
13.780000000000001,15.47583293914795,-5.807277202606201,6.481858730316162,17.755008697509766,17.7608585357666,0.0,0.0,-0.0,0.0,off
13.8,15.463736534118652,-5.778597831726074,6.505518436431885,17.743762969970703,17.75914764404297,-0.0,-0.0,-0.0,-0.0,off
13.82,15.451881408691406,-5.780576705932617,6.508914470672607,17.735322952270508,17.75676155090332,-0.0,-0.0,-0.0,-0.0,off
13.84,15.442180633544922,-5.748138904571533,6.53253698348999,17.725013732910156,17.753578186035156,0.0,-0.0,-0.0,0.0,off
13.86,15.444002151489258,-5.78360652923584,6.530912399291992,17.737533569335938,17.75196647644043,0.0,-0.0,-0.0,0.0,off
13.88,15.446121215820312,-5.794211387634277,6.529830455780029,17.742441177368164,17.751008987426758,-0.0,-0.0,-0.0,-0.0,off
13.9,15.44737434387207,-5.781126022338867,6.5559306144714355,17.74888801574707,17.75078773498535,-0.0,-0.0,-0.0,-0.0,off
13.92,15.433268547058105,-5.737862586975098,6.593037128448486,17.736318588256836,17.749317169189453,-0.0,-0.0,-0.0,-0.0,off
13.94,15.453338623046875,-5.712378978729248,6.587396144866943,17.743471145629883,17.748708724975586,-0.0,-0.0,-0.0,-0.0,off
13.96,15.460132598876953,-5.678554058074951,6.5859856605529785,17.738006591796875,17.747610092163086,-0.0,-0.0,-0.0,-0.0,off
13.98,15.426905632019043,-5.635342121124268,6.611828804016113,17.704879760742188,17.743282318115234,-0.0,-0.0,-0.0,-0.0,off
14.0,15.423324584960938,-5.554610252380371,6.626280307769775,17.6816349029541,17.73701286315918,-0.0,-0.0,-0.0,-0.0,off
14.02,15.4301176071167,-5.506689548492432,6.625168323516846,17.67215347290039,17.730396270751953,-0.0,-0.0,-0.0,-0.0,off
14.040000000000001,15.43278980255127,-5.512662887573242,6.632311820983887,17.679027557373047,17.725156784057617,-0.0,-0.0,-0.0,-0.0,off
14.06,15.431591033935547,-5.54406213760376,6.6348652839660645,17.68875503540039,17.72145652770996,-0.0,-0.0,-0.0,-0.0,off
14.08,15.437431335449219,-5.527190208435059,6.631526470184326,17.687318801879883,17.71798324584961,-0.0,-0.0,-0.0,-0.0,off
14.1,15.437702178955078,-5.478926658630371,6.637918949127197,17.6749324798584,17.713592529296875,-0.0,-0.0,-0.0,-0.0,off
14.120000000000001,15.432965278625488,-5.4716339111328125,6.628117084503174,17.66485595703125,17.708646774291992,-0.0,-0.0,-0.0,-0.0,off
14.14,15.428665161132812,-5.434202671051025,6.645521640777588,17.656082153320312,17.703298568725586,-0.0,-0.0,-0.0,-0.0,off
14.16,15.425716400146484,-5.435702323913574,6.6272759437561035,17.647106170654297,17.697612762451172,-0.0,-0.0,-0.0,-0.0,off
14.18,15.412364959716797,-5.4574127197265625,6.618258953094482,17.638755798339844,17.691688537597656,-0.0,-0.0,-0.0,-0.0,off
14.200000000000001,15.406922340393066,-5.439273834228516,6.614320755004883,17.626916885375977,17.68517303466797,-0.0,-0.0,-0.0,-0.0,off
14.22,15.385241508483887,-5.440442085266113,6.613846778869629,17.608152389526367,17.677440643310547,-0.0,-0.0,-0.0,-0.0,off
14.24,15.394186019897461,-5.388532638549805,6.610252857208252,17.598655700683594,17.669509887695312,-0.0,-0.0,-0.0,-0.0,off
14.26,15.392913818359375,-5.362355709075928,6.621479511260986,17.593767166137695,17.6618709564209,-0.0,-0.0,-0.0,-0.0,off
14.280000000000001,15.389846801757812,-5.353165626525879,6.618061542510986,17.586997985839844,17.654327392578125,-0.0,-0.0,-0.0,-0.0,off
14.3,15.418503761291504,-5.356446266174316,6.614845275878906,17.61186981201172,17.650033950805664,-0.0,-0.0,-0.0,-0.0,off
14.32,15.429045677185059,-5.262343406677246,6.618917465209961,17.594253540039062,17.644336700439453,-0.0,-0.0,-0.0,-0.0,off
14.34,15.443668365478516,-5.267107009887695,6.608426570892334,17.604562759399414,17.6402645111084,-0.0,-0.0,-0.0,-0.0,off
14.36,15.454713821411133,-5.254729270935059,6.596686840057373,17.60615348815918,17.636762619018555,-0.0,-0.0,-0.0,-0.0,off
14.38,15.442485809326172,-5.233836650848389,6.59730863571167,17.589426040649414,17.631940841674805,0.0,-0.0,-0.0,0.0,off
14.4,15.445125579833984,-5.232231140136719,6.593056678771973,17.589672088623047,17.627641677856445,-0.0,-0.0,-0.0,-0.0,off
14.42,15.441940307617188,-5.195405006408691,6.599209785461426,17.578262329101562,17.62261390686035,-0.0,0.0,-0.0,-0.0,off
14.44,15.44258975982666,-5.1374616622924805,6.612602233886719,17.566831588745117,17.616907119750977,-0.0,-0.0,-0.0,-0.0,off
14.46,15.424622535705566,-5.166182994842529,6.613226890563965,17.559703826904297,17.611112594604492,-0.0,-0.0,-0.0,-0.0,off
14.48,15.410013198852539,-5.133543491363525,6.631232261657715,17.54408836364746,17.60432243347168,-0.0,-0.0,-0.0,-0.0,off
14.5,15.40832805633545,-5.110273361206055,6.63350772857666,17.536672592163086,17.59746551513672,0.0,0.0,-0.0,0.0,off
14.52,15.430648803710938,-5.037968635559082,6.640074253082275,17.53786277770996,17.591352462768555,-0.0,-0.0,-0.0,-0.0,off
14.540000000000001,15.434432983398438,-5.014581680297852,6.650843620300293,17.538570404052734,17.585918426513672,-0.0,-0.0,-0.0,-0.0,off
14.56,15.436250686645508,-5.032728672027588,6.648211479187012,17.544368743896484,17.58165740966797,-0.0,-0.0,-0.0,-0.0,off
14.58,15.408023834228516,-5.07011604309082,6.663458824157715,17.536104202270508,17.577045440673828,-0.0,-0.0,-0.0,-0.0,off
14.6,15.431854248046875,-4.90187931060791,6.679932117462158,17.515480041503906,17.57065773010254,-0.0,-0.0,-0.0,-0.0,off
14.620000000000001,15.413494110107422,-4.920469284057617,6.678164005279541,17.503849029541016,17.563817977905273,-0.0,-0.0,-0.0,-0.0,off
14.64,15.430651664733887,-4.904658794403076,6.665152072906494,17.509567260742188,17.558246612548828,-0.0,-0.0,-0.0,-0.0,off
14.66,15.424354553222656,-4.896367073059082,6.666682720184326,17.50227928161621,17.55252456665039,-0.0,-0.0,-0.0,-0.0,off
14.68,15.414483070373535,-4.836455821990967,6.676144123077393,17.48051643371582,17.545154571533203,-0.0,-0.0,-0.0,-0.0,off
14.700000000000001,15.395984649658203,-4.854883193969727,6.666295051574707,17.465557098388672,17.53708267211914,-0.0,-0.0,-0.0,-0.0,off
14.72,15.395410537719727,-4.800605773925781,6.6700968742370605,17.451494216918945,17.528377532958984,-0.0,-0.0,-0.0,-0.0,off
14.74,15.373546600341797,-4.824653625488281,6.681272029876709,17.443124771118164,17.519756317138672,-0.0,-0.0,-0.0,-0.0,off
14.76,15.382190704345703,-4.798614978790283,6.685865879058838,17.445323944091797,17.512208938598633,-0.0,-0.0,-0.0,-0.0,off
14.780000000000001,15.3831787109375,-4.791337966918945,6.677935600280762,17.4411563873291,17.505016326904297,-0.0,0.0,-0.0,-0.0,off
14.8,15.381068229675293,-4.755802631378174,6.6852312088012695,17.432361602783203,17.49764633178711,-0.0,-0.0,-0.0,-0.0,off
14.82,15.418136596679688,-4.693945407867432,6.67207145690918,17.443296432495117,17.492053985595703,-0.0,-0.0,-0.0,-0.0,off
14.84,15.420734405517578,-4.690032005310059,6.665695667266846,17.442102432250977,17.486928939819336,-0.0,-0.0,-0.0,-0.0,off
14.86,15.445695877075195,-4.640923500061035,6.6552839279174805,17.44707679748535,17.48277473449707,-0.0,-0.0,-0.0,-0.0,off
14.88,15.434318542480469,-4.629720687866211,6.651120662689209,17.432437896728516,17.477596282958984,-0.0,-0.0,-0.0,-0.0,off
14.9,15.407402038574219,-4.5745439529418945,6.658745288848877,17.396936416625977,17.46935272216797,-0.0,-0.0,-0.0,-0.0,off
14.92,15.380928039550781,-4.603676795959473,6.669404029846191,17.385272979736328,17.460838317871094,-0.0,-0.0,-0.0,-0.0,off
14.94,15.379631042480469,-4.592353820800781,6.684460639953613,17.386913299560547,17.453346252441406,-0.0,0.0,-0.0,-0.0,off
14.96,15.378974914550781,-4.5540056228637695,6.691253662109375,17.37885856628418,17.445777893066406,-0.0,0.0,-0.0,-0.0,off
14.98,15.367630958557129,-4.5366950035095215,6.683355808258057,17.361248016357422,17.43721580505371,-0.0,-0.0,-0.0,-0.0,off
15.0,15.37901496887207,-4.521908760070801,6.691678524017334,17.37067413330078,17.43045425415039,-0.0,-0.0,-0.0,-0.0,off
15.02,15.395306587219238,-4.490322589874268,6.687506198883057,17.37530517578125,17.42481803894043,-0.0,-0.0,-0.0,-0.0,off
15.040000000000001,15.393774032592773,-4.460204124450684,6.686470031738281,17.365787506103516,17.418787002563477,-0.0,-0.0,-0.0,-0.0,off
15.06,15.380378723144531,-4.461337089538574,6.681558609008789,17.352313995361328,17.41204071044922,-0.0,-0.0,-0.0,-0.0,off
15.08,15.38780403137207,-4.420516014099121,6.677875995635986,17.347030639648438,17.40541648864746,-0.0,-0.0,-0.0,-0.0,off
15.1,15.379414558410645,-4.448843955993652,6.672374248504639,17.344715118408203,17.399276733398438,-0.0,-0.0,-0.0,-0.0,off
15.120000000000001,15.373486518859863,-4.394778728485107,6.681243419647217,17.329084396362305,17.392152786254883,-0.0,-0.0,-0.0,-0.0,off
15.14,15.373493194580078,-4.404284954071045,6.691895484924316,17.335613250732422,17.38642120361328,-0.0,-0.0,-0.0,-0.0,off
15.16,15.372004508972168,-4.3647141456604,6.703219413757324,17.328659057617188,17.380542755126953,-0.0,-0.0,-0.0,-0.0,off
15.18,15.374207496643066,-4.337582111358643,6.709259510040283,17.32613754272461,17.3749942779541,-0.0,-0.0,-0.0,-0.0,off
15.200000000000001,15.364583015441895,-4.352558135986328,6.70005464553833,17.317790985107422,17.36920166015625,-0.0,-0.0,-0.0,-0.0,off
15.22,15.388296127319336,-4.404126167297363,6.6674089431762695,17.339271545410156,17.366182327270508,-0.0,0.0,-0.0,-0.0,off
15.24,15.387306213378906,-4.33423376083374,6.684299945831299,17.327280044555664,17.362224578857422,-0.0,-0.0,-0.0,-0.0,off
15.26,15.390679359436035,-4.274748802185059,6.694850444793701,17.319570541381836,17.357852935791016,-0.0,-0.0,-0.0,-0.0,off
15.280000000000001,15.377120018005371,-4.226691722869873,6.70035982131958,17.297849655151367,17.351716995239258,-0.0,-0.0,-0.0,-0.0,off
15.3,15.381009101867676,-4.160970687866211,6.701986789703369,17.285999298095703,17.34495735168457,-0.0,-0.0,-0.0,-0.0,off
15.32,15.369194030761719,-4.142024040222168,6.716534614562988,17.276582717895508,17.337942123413086,-0.0,-0.0,-0.0,-0.0,off
15.34,15.36046028137207,-4.127841472625732,6.719861030578613,17.266712188720703,17.330659866333008,-0.0,-0.0,-0.0,-0.0,off
15.36,15.37629508972168,-4.087283134460449,6.714977741241455,17.269258499145508,17.324337005615234,-0.0,-0.0,-0.0,-0.0,off
15.38,15.368642807006836,-4.104700088500977,6.71493673324585,17.26656150817871,17.31843376159668,-0.0,-0.0,-0.0,-0.0,off
15.4,15.357385635375977,-4.082501411437988,6.729979991912842,17.25713539123535,17.312177658081055,-0.0,-0.0,-0.0,-0.0,off
15.42,15.35550594329834,-4.002137184143066,6.741063117980957,17.240957260131836,17.304853439331055,-0.0,-0.0,-0.0,-0.0,off
15.44,15.343194961547852,-4.016132831573486,6.7329277992248535,17.23006820678711,17.29723358154297,-0.0,-0.0,-0.0,-0.0,off
15.46,15.354235649108887,-3.9745237827301025,6.738064765930176,17.232263565063477,17.290569305419922,-0.0,-0.0,-0.0,-0.0,off
15.48,15.344560623168945,-3.9403076171875,6.740574836730957,17.21676254272461,17.28301239013672,-0.0,-0.0,-0.0,-0.0,off
15.5,15.330256462097168,-3.910796642303467,6.770167827606201,17.208900451660156,17.275413513183594,-0.0,-0.0,-0.0,-0.0,off
15.52,15.329585075378418,-3.8821349143981934,6.777821063995361,17.204824447631836,17.268163681030273,-0.0,-0.0,-0.0,-0.0,off
15.540000000000001,15.33424186706543,-3.85943865776062,6.76810884475708,17.200044631958008,17.261171340942383,-0.0,-0.0,-0.0,-0.0,off
15.56,15.337258338928223,-3.855393171310425,6.764909267425537,17.20056915283203,17.254961013793945,-0.0,-0.0,-0.0,-0.0,off
15.58,15.347918510437012,-3.7944393157958984,6.775999069213867,17.20088768005371,17.249351501464844,0.0,-0.0,-0.0,0.0,off
15.6,15.35452651977539,-3.787731885910034,6.773951053619385,17.204500198364258,17.24468994140625,0.0,-0.0,-0.0,0.0,off
15.620000000000001,15.332352638244629,-3.7554867267608643,6.786654949188232,17.182647705078125,17.238306045532227,-0.0,0.0,-0.0,-0.0,off
15.64,15.316551208496094,-3.7137913703918457,6.789077281951904,17.160436630249023,17.23031997680664,-0.0,-0.0,-0.0,-0.0,off
15.66,15.314170837402344,-3.6879141330718994,6.779093265533447,17.148780822753906,17.221973419189453,-0.0,-0.0,-0.0,-0.0,off
15.68,15.313326835632324,-3.667656183242798,6.78483247756958,17.145950317382812,17.214189529418945,-0.0,-0.0,-0.0,-0.0,off
15.700000000000001,15.32009506225586,-3.686589241027832,6.780735492706299,17.154434204101562,17.208087921142578,-0.0,-0.0,-0.0,-0.0,off
15.72,15.327404975891113,-3.660414457321167,6.776979446411133,17.15387535095215,17.20253562927246,-0.0,-0.0,-0.0,-0.0,off
15.74,15.31457233428955,-3.627843141555786,6.784451961517334,17.13844108581543,17.195985794067383,-0.0,-0.0,-0.0,-0.0,off
15.76,15.318086624145508,-3.534024715423584,6.7875566482543945,17.123201370239258,17.18846893310547,-0.0,-0.0,-0.0,-0.0,off
15.780000000000001,15.339249610900879,-3.513801336288452,6.754262447357178,17.124818801879883,17.181880950927734,0.0,-0.0,-0.0,0.0,off
15.8,15.335433006286621,-3.497037649154663,6.756704807281494,17.118932723999023,17.175384521484375,-0.0,0.0,-0.0,-0.0,off
15.82,15.334833145141602,-3.485825777053833,6.766908168792725,17.12013816833496,17.169679641723633,-0.0,-0.0,-0.0,-0.0,off
15.84,15.343411445617676,-3.4741759300231934,6.745601654052734,17.117048263549805,17.164255142211914,-0.0,0.0,-0.0,-0.0,off
15.860000000000001,15.33829116821289,-3.464613199234009,6.744455337524414,17.11006736755371,17.158695220947266,-0.0,0.0,-0.0,-0.0,off
15.88,15.338311195373535,-3.443220615386963,6.726410388946533,17.09865951538086,17.15255355834961,-0.0,-0.0,-0.0,-0.0,off
15.9,15.351407051086426,-3.3469960689544678,6.738091945648193,17.095905303955078,17.146648406982422,-0.0,0.0,-0.0,-0.0,off
15.92,15.329022407531738,-3.384394407272339,6.743754863739014,17.085411071777344,17.140384674072266,-0.0,-0.0,-0.0,-0.0,off
15.94,15.332097053527832,-3.365954875946045,6.743833541870117,17.084558486938477,17.13466453552246,-0.0,-0.0,-0.0,-0.0,off
15.96,15.316789627075195,-3.3312411308288574,6.757680416107178,17.069488525390625,17.128000259399414,-0.0,-0.0,-0.0,-0.0,off
15.98,15.321603775024414,-3.2854437828063965,6.763697624206543,17.06731605529785,17.121753692626953,-0.0,-0.0,-0.0,-0.0,off
16.0,15.319062232971191,-3.301187038421631,6.765868186950684,17.068933486938477,17.11634635925293,-0.0,-0.0,-0.0,-0.0,off
16.02,15.305865287780762,-3.2038960456848145,6.780243873596191,17.044240951538086,17.108909606933594,-0.0,-0.0,-0.0,-0.0,off
16.04,15.310842514038086,-3.198953866958618,6.782494068145752,17.04867935180664,17.102697372436523,-0.0,-0.0,-0.0,-0.0,off
16.06,15.313284873962402,-3.1738204956054688,6.794765472412109,17.051061630249023,17.097341537475586,-0.0,-0.0,-0.0,-0.0,off
16.080000000000002,15.321223258972168,-3.125868082046509,6.789891719818115,17.047391891479492,17.092126846313477,-0.0,-0.0,-0.0,-0.0,off
16.1,15.313530921936035,-3.072838544845581,6.807867527008057,17.038005828857422,17.08645248413086,-0.0,-0.0,-0.0,-0.0,off
16.12,15.311134338378906,-3.0730888843536377,6.807705879211426,17.035831451416016,17.081180572509766,-0.0,-0.0,-0.0,-0.0,off
16.14,15.321512222290039,-3.098910331726074,6.790736675262451,17.043066024780273,17.077232360839844,-0.0,-0.0,-0.0,-0.0,off
16.16,15.318262100219727,-3.0701823234558105,6.796223163604736,17.03713035583496,17.073078155517578,-0.0,-0.0,-0.0,-0.0,off
16.18,15.322141647338867,-3.0498604774475098,6.799574375152588,17.038307189941406,17.069459915161133,-0.0,-0.0,-0.0,-0.0,off
16.2,15.33041763305664,-2.990142583847046,6.780055522918701,17.02738380432129,17.065067291259766,-0.0,0.0,-0.0,-0.0,off
16.22,15.319311141967773,-3.002328634262085,6.778143405914307,17.018768310546875,17.060302734375,-0.0,0.0,-0.0,-0.0,off
16.240000000000002,15.323402404785156,-2.9882442951202393,6.769237995147705,17.016427993774414,17.055789947509766,-0.0,-0.0,-0.0,-0.0,off
16.26,15.292732238769531,-2.9331793785095215,6.7942423820495605,16.989200592041016,17.048969268798828,-0.0,-0.0,-0.0,-0.0,off
16.28,15.277671813964844,-2.9320943355560303,6.812220096588135,16.9826602935791,17.04220199584961,-0.0,-0.0,-0.0,-0.0,off
16.3,15.275070190429688,-2.881641149520874,6.831084251403809,16.97926139831543,17.035734176635742,-0.0,0.0,-0.0,-0.0,off
16.32,15.267801284790039,-2.914180040359497,6.82758092880249,16.97686767578125,17.029741287231445,-0.0,0.0,-0.0,-0.0,off
16.34,15.280439376831055,-2.897602081298828,6.828981876373291,16.9859619140625,17.0252628326416,-0.0,0.0,-0.0,-0.0,off
16.36,15.272651672363281,-2.884321451187134,6.837943077087402,16.980302810668945,17.02066993713379,-0.0,-0.0,-0.0,-0.0,off
16.38,15.308990478515625,-2.787158727645874,6.8306732177734375,16.993867874145508,17.017797470092773,-0.0,-0.0,-0.0,-0.0,off
16.4,15.303771018981934,-2.7808425426483154,6.835949420928955,16.990253448486328,17.014881134033203,0.0,0.0,-0.0,0.0,off
16.42,15.296248435974121,-2.690495014190674,6.852701187133789,16.97567367553711,17.010700225830078,0.0,0.0,-0.0,0.0,off
16.44,15.310205459594727,-2.6257970333099365,6.853668212890625,16.978513717651367,17.007160186767578,-0.0,-0.0,-0.0,-0.0,off
16.46,15.314457893371582,-2.528317451477051,6.862838268280029,16.971256256103516,17.003124237060547,-0.0,-0.0,-0.0,-0.0,off
16.48,15.312888145446777,-2.497897148132324,6.87143611907959,16.968814849853516,16.999267578125,-0.0,-0.0,-0.0,-0.0,off
16.5,15.300734519958496,-2.4709906578063965,6.891494274139404,16.962045669555664,16.99514389038086,-0.0,0.0,-0.0,-0.0,off
16.52,15.305392265319824,-2.483247995376587,6.88555908203125,16.965625762939453,16.99188995361328,-0.0,0.0,-0.0,-0.0,off
16.54,15.317130088806152,-2.3420803546905518,6.891628265380859,16.958606719970703,16.988037109375,-0.0,-0.0,-0.0,-0.0,off
16.56,15.29216480255127,-2.3352580070495605,6.878718852996826,16.92987060546875,16.98179054260254,-0.0,-0.0,-0.0,-0.0,off
16.580000000000002,15.291953086853027,-2.298431873321533,6.886215686798096,16.92768669128418,16.975955963134766,-0.0,-0.0,-0.0,-0.0,off
16.6,15.284948348999023,-2.2323813438415527,6.8949198722839355,16.916059494018555,16.969484329223633,-0.0,-0.0,-0.0,-0.0,off
16.62,15.271921157836914,-2.2406344413757324,6.896174907684326,16.905895233154297,16.962753295898438,-0.0,-0.0,-0.0,-0.0,off
16.64,15.26630973815918,-2.2368338108062744,6.894816875457764,16.89976692199707,16.956148147583008,-0.0,-0.0,-0.0,-0.0,off
16.66,15.273233413696289,-2.1637279987335205,6.893917560577393,16.896137237548828,16.94976806640625,-0.0,-0.0,-0.0,-0.0,off
16.68,15.274057388305664,-2.101764440536499,6.89172887802124,16.888166427612305,16.943178176879883,-0.0,-0.0,-0.0,-0.0,off
16.7,15.261260986328125,-2.12221360206604,6.879664897918701,16.874231338500977,16.935977935791016,-0.0,-0.0,-0.0,-0.0,off
16.72,15.263833045959473,-2.0860464572906494,6.870723724365234,16.8684024810791,16.928913116455078,-0.0,-0.0,-0.0,-0.0,off
16.740000000000002,15.259976387023926,-2.040432929992676,6.868098735809326,16.85826301574707,16.921520233154297,-0.0,-0.0,-0.0,-0.0,off
16.76,15.258155822753906,-2.0209453105926514,6.870689868927002,16.855323791503906,16.914602279663086,-0.0,-0.0,-0.0,-0.0,off
16.78,15.262190818786621,-1.9543851613998413,6.8752851486206055,16.85300064086914,16.908079147338867,0.0,-0.0,-0.0,0.0,off
16.8,15.257986068725586,-1.8994224071502686,6.874470233917236,16.842573165893555,16.901132583618164,-0.0,-0.0,-0.0,-0.0,off
16.82,15.2421236038208,-1.7870080471038818,6.882768630981445,16.81928253173828,16.89238739013672,-0.0,-0.0,-0.0,-0.0,off
16.84,15.258021354675293,-1.7756381034851074,6.8635077476501465,16.82461929321289,16.8851318359375,-0.0,-0.0,-0.0,-0.0,off
16.86,15.26778507232666,-1.7979953289031982,6.86758279800415,16.837509155273438,16.880022048950195,-0.0,-0.0,-0.0,-0.0,off
16.88,15.266251564025879,-1.7165427207946777,6.879115581512451,16.832324981689453,16.87481117248535,-0.0,-0.0,-0.0,-0.0,off
16.9,15.262594223022461,-1.6220571994781494,6.890564918518066,16.82431983947754,16.86919593811035,0.0,-0.0,-0.0,0.0,off
16.92,15.243273735046387,-1.5805453062057495,6.89346170425415,16.804027557373047,16.86212730407715,0.0,-0.0,-0.0,0.0,off
16.94,15.24720573425293,-1.5187667608261108,6.8973917961120605,16.803510665893555,16.85567283630371,-0.0,0.0,-0.0,-0.0,off
16.96,15.233110427856445,-1.5105315446853638,6.901377201080322,16.791616439819336,16.84876823425293,-0.0,-0.0,-0.0,-0.0,off
16.98,15.22675609588623,-1.4020519256591797,6.919260501861572,16.783802032470703,16.84160804748535,-0.0,-0.0,-0.0,-0.0,off
17.0,15.234396934509277,-1.374891757965088,6.91913366317749,16.788436889648438,16.835683822631836,-0.0,-0.0,-0.0,-0.0,off
17.02,15.24084186553955,-1.2346206903457642,6.921509265899658,16.78436279296875,16.829689025878906,-0.0,-0.0,-0.0,-0.0,off
17.04,15.23419189453125,-1.2353487014770508,6.9309983253479,16.78229522705078,16.824249267578125,-0.0,-0.0,-0.0,-0.0,off
17.06,15.237588882446289,-1.10014808177948,6.925971508026123,16.773893356323242,16.818265914916992,-0.0,0.0,-0.0,-0.0,off
17.080000000000002,15.249250411987305,-1.0752246379852295,6.915258884429932,16.778453826904297,16.813446044921875,-0.0,-0.0,-0.0,-0.0,off
17.1,15.24316692352295,-1.0694040060043335,6.903541564941406,16.76772689819336,16.808181762695312,-0.0,-0.0,-0.0,-0.0,off
17.12,15.24066162109375,-1.039006233215332,6.9065423011779785,16.764772415161133,16.80320167541504,-0.0,-0.0,-0.0,-0.0,off
17.14,15.232599258422852,-1.072746992111206,6.888891696929932,16.752304077148438,16.797672271728516,0.0,0.0,-0.0,0.0,off
17.16,15.25162124633789,-1.0562939643859863,6.885083198547363,16.76699447631836,16.794212341308594,-0.0,-0.0,-0.0,-0.0,off
17.18,15.2490234375,-0.9610923528671265,6.880156517028809,16.756877899169922,16.789962768554688,-0.0,0.0,-0.0,-0.0,off
17.2,15.266368865966797,-0.9418047070503235,6.856513500213623,16.761884689331055,16.78668975830078,-0.0,-0.0,-0.0,-0.0,off
17.22,15.260102272033691,-0.8758170008659363,6.844411849975586,16.747650146484375,16.782264709472656,-0.0,-0.0,-0.0,-0.0,off
17.240000000000002,15.249015808105469,-0.7810007333755493,6.843961238861084,16.732669830322266,16.776660919189453,-0.0,-0.0,-0.0,-0.0,off
17.26,15.232638359069824,-0.7542645931243896,6.8392229080200195,16.71457862854004,16.769866943359375,-0.0,-0.0,-0.0,-0.0,off
17.28,15.248488426208496,-0.6592077016830444,6.826782703399658,16.719924926757812,16.764156341552734,-0.0,0.0,-0.0,-0.0,off
17.3,15.25561237335205,-0.5983603596687317,6.8205437660217285,16.721590042114258,16.7591552734375,-0.0,-0.0,-0.0,-0.0,off
17.32,15.256142616271973,-0.5567570924758911,6.808690071105957,16.715805053710938,16.754104614257812,-0.0,-0.0,-0.0,-0.0,off
17.34,15.24981689453125,-0.5631057024002075,6.797660827636719,16.705753326416016,16.748703002929688,-0.0,0.0,-0.0,-0.0,off
17.36,15.264615058898926,-0.5157699584960938,6.754671573638916,16.700302124023438,16.743274688720703,-0.0,-0.0,-0.0,-0.0,off
17.38,15.265374183654785,-0.4686577618122101,6.75656270980835,16.70037269592285,16.7383975982666,-0.0,-0.0,-0.0,-0.0,off
17.400000000000002,15.265202522277832,-0.44146186113357544,6.756494045257568,16.699447631835938,16.733966827392578,-0.0,-0.0,-0.0,-0.0,off
17.42,15.263699531555176,-0.2401895523071289,6.747857570648193,16.69046974182129,16.728639602661133,-0.0,-0.0,-0.0,-0.0,off
17.44,15.234734535217285,-0.1993667483329773,6.753266334533691,16.665637969970703,16.721435546875,-0.0,-0.0,-0.0,-0.0,off
17.46,15.243402481079102,-0.14685755968093872,6.730563640594482,16.663833618164062,16.714778900146484,-0.0,-0.0,-0.0,-0.0,off
17.48,15.234164237976074,-0.11610134690999985,6.717440128326416,16.64984130859375,16.707468032836914,-0.0,0.0,-0.0,-0.0,off
17.5,15.247328758239746,0.06421270221471786,6.707030773162842,16.657413482666016,16.70122718811035,-0.0,-0.0,-0.0,-0.0,off
17.52,15.210391998291016,0.2243117094039917,6.709287166595459,16.62590980529785,16.692110061645508,-0.0,-0.0,-0.0,-0.0,off
17.54,15.199263572692871,0.39452049136161804,6.718191146850586,16.622495651245117,16.68315315246582,-0.0,-0.0,-0.0,-0.0,off
17.56,15.196161270141602,0.5201797485351562,6.7099080085754395,16.619770050048828,16.67462730407715,-0.0,-0.0,-0.0,-0.0,off
17.580000000000002,15.193553924560547,0.5927118062973022,6.706501007080078,16.618440628051758,16.66690444946289,-0.0,-0.0,-0.0,-0.0,off
17.6,15.204830169677734,0.711035966873169,6.7162275314331055,16.637311935424805,16.661693572998047,-0.0,-0.0,-0.0,-0.0,off
17.62,15.201988220214844,0.8868386745452881,6.713683128356934,16.64212989807129,16.65704917907715,-0.0,-0.0,-0.0,-0.0,off
17.64,15.193279266357422,0.9009194374084473,6.716002464294434,16.635868072509766,16.65268325805664,-0.0,-0.0,-0.0,-0.0,off
17.66,15.187118530273438,1.0795338153839111,6.70858907699585,16.637882232666016,16.648502349853516,-0.0,0.0,-0.0,-0.0,off
17.68,15.19305419921875,1.3030543327331543,6.6986918449401855,16.655309677124023,16.645771026611328,-0.0,-0.0,-0.0,-0.0,off
17.7,15.163666725158691,1.4329605102539062,6.697273254394531,16.63861846923828,16.641530990600586,-0.0,-0.0,-0.0,-0.0,off
17.72,15.165658950805664,1.5811560153961182,6.69274377822876,16.652029037475586,16.638843536376953,-0.0,-0.0,-0.0,-0.0,off
17.740000000000002,15.18777084350586,1.6778709888458252,6.67739200592041,16.675466537475586,16.63890266418457,-0.0,-0.0,-0.0,-0.0,off
17.76,15.158260345458984,1.8945152759552002,6.678687572479248,16.672340393066406,16.637981414794922,-0.0,0.0,-0.0,-0.0,off
17.78,15.140704154968262,2.112637519836426,6.654581546783447,16.67296028137207,16.636550903320312,-0.0,-0.0,-0.0,-0.0,off
17.8,15.11041259765625,2.3388326168060303,6.64255952835083,16.670881271362305,16.634355545043945,-0.0,-0.0,-0.0,-0.0,off
17.82,15.11929702758789,2.533125400543213,6.632339000701904,16.70322608947754,16.635231018066406,-0.0,-0.0,-0.0,-0.0,off
17.84,15.116918563842773,2.675089120864868,6.625688076019287,16.720558166503906,16.637815475463867,-0.0,-0.0,-0.0,-0.0,off
17.86,15.094988822937012,2.8442468643188477,6.614768028259277,16.724340438842773,16.64034652709961,-0.0,-0.0,-0.0,-0.0,off
17.88,15.064992904663086,2.9634039402008057,6.597764492034912,16.711261749267578,16.641544342041016,-0.0,-0.0,-0.0,-0.0,off
17.900000000000002,15.069276809692383,3.1398303508758545,6.58206033706665,16.741121292114258,16.645395278930664,-0.0,-0.0,-0.0,-0.0,off
17.92,15.061585426330566,3.3545758724212646,6.564907550811768,16.769094467163086,16.651132583618164,-0.0,-0.0,-0.0,-0.0,off
17.94,15.028998374938965,3.512000560760498,6.5538787841796875,16.76777458190918,16.656143188476562,-0.0,-0.0,-0.0,-0.0,off
17.96,15.00308895111084,3.7656140327453613,6.541598320007324,16.79479217529297,16.66251564025879,-0.0,0.0,-0.0,-0.0,off
17.98,14.99279499053955,3.8995730876922607,6.512570858001709,16.80488395690918,16.669544219970703,-0.0,-0.0,-0.0,-0.0,off
18.0,14.998360633850098,3.9168198108673096,6.467648983001709,16.796510696411133,16.67623519897461,-0.0,-0.0,-0.0,-0.0,off
18.02,14.985417366027832,4.032082557678223,6.442286968231201,16.8024845123291,16.68311309814453,-0.0,-0.0,-0.0,-0.0,off
18.04,14.967988967895508,4.142138481140137,6.414529323577881,16.8031005859375,16.689617156982422,-0.0,-0.0,-0.0,-0.0,off
18.06,14.923136711120605,4.28815221786499,6.412964344024658,16.799238204956055,16.695039749145508,-0.0,0.0,-0.0,-0.0,off
18.080000000000002,14.947176933288574,4.298772811889648,6.334427356719971,16.79352569580078,16.700267791748047,-0.0,-0.0,-0.0,-0.0,off
18.1,14.979889869689941,4.209323883056641,6.264673709869385,16.77383804321289,16.70433807373047,-0.0,0.0,-0.0,-0.0,off
18.12,14.958328247070312,4.222903728485107,6.2325921058654785,16.746036529541016,16.70571517944336,-0.0,0.0,-0.0,-0.0,off
18.14,14.956212043762207,4.2997355461120605,6.151790142059326,16.733814239501953,16.70575523376465,-0.0,-0.0,-0.0,-0.0,off
18.16,14.959722518920898,4.250093460083008,6.079820156097412,16.697927474975586,16.702821731567383,0.0,-0.0,-0.0,0.0,off
18.18,14.9524564743042,4.365821361541748,6.023439407348633,16.700843811035156,16.700279235839844,-0.0,0.0,-0.0,-0.0,off
18.2,14.945277214050293,4.360184192657471,5.9538679122924805,16.667964935302734,16.69502830505371,-0.0,-0.0,-0.0,-0.0,off
18.22,14.93317699432373,4.450976371765137,5.903950214385986,16.663360595703125,16.68975830078125,-0.0,-0.0,-0.0,-0.0,off
18.240000000000002,14.910568237304688,4.466073989868164,5.832584381103516,16.62196922302246,16.681055068969727,-0.0,-0.0,-0.0,-0.0,off
18.26,14.928709030151367,4.4386701583862305,5.735724925994873,16.59718894958496,16.670978546142578,-0.0,-0.0,-0.0,-0.0,off
18.28,14.906970024108887,4.541772842407227,5.671778678894043,16.58356285095215,16.660362243652344,-0.0,-0.0,-0.0,-0.0,off
18.3,14.901198387145996,4.578965187072754,5.6119771003723145,16.56825065612793,16.64935302734375,-0.0,-0.0,-0.0,-0.0,off
18.32,14.897468566894531,4.787816047668457,5.576923847198486,16.61203956604004,16.643301010131836,-0.0,-0.0,-0.0,-0.0,off
18.34,14.905084609985352,4.938506603240967,5.5006327629089355,16.637527465820312,16.640010833740234,-0.0,-0.0,-0.0,-0.0,off
18.36,14.897310256958008,4.9534196853637695,5.426508903503418,16.61063575744629,16.634605407714844,-0.0,-0.0,-0.0,-0.0,off
18.38,14.902905464172363,4.883206367492676,5.3780341148376465,16.579069137573242,16.627174377441406,-0.0,-0.0,-0.0,-0.0,off
18.400000000000002,14.879159927368164,4.961679935455322,5.330489635467529,16.56568145751953,16.619110107421875,-0.0,-0.0,-0.0,-0.0,off
18.42,14.86086368560791,5.115317344665527,5.300858497619629,16.58646583557129,16.61365509033203,-0.0,-0.0,-0.0,-0.0,off
18.44,14.834760665893555,5.141776084899902,5.256519317626953,16.55714225769043,16.60601043701172,-0.0,-0.0,-0.0,-0.0,off
18.46,14.857234954833984,5.326117992401123,5.2127156257629395,16.621593475341797,16.605133056640625,0.0,-0.0,-0.0,0.0,off
18.48,14.827188491821289,5.406494140625,5.187388896942139,16.6127872467041,16.603517532348633,-0.0,-0.0,-0.0,-0.0,off
18.5,14.82773208618164,5.451752662658691,5.1173529624938965,16.606340408325195,16.601512908935547,-0.0,-0.0,-0.0,-0.0,off
18.52,14.818575859069824,5.608116149902344,5.089150905609131,16.64153289794922,16.60293960571289,-0.0,-0.0,-0.0,-0.0,off
18.54,14.814159393310547,5.653353214263916,5.023772716522217,16.633039474487305,16.603506088256836,-0.0,-0.0,-0.0,-0.0,off
18.56,14.804502487182617,5.655847072601318,4.981307029724121,16.612504959106445,16.60230255126953,-0.0,-0.0,-0.0,-0.0,off
18.580000000000002,14.816577911376953,5.68836784362793,4.933610439300537,16.62013816833496,16.602149963378906,-0.0,-0.0,-0.0,-0.0,off
18.6,14.81193733215332,5.748586177825928,4.871483325958252,16.618396759033203,16.601835250854492,-0.0,-0.0,-0.0,-0.0,off
18.62,14.80972671508789,5.683348655700684,4.836587905883789,16.583757400512695,16.598569869995117,-0.0,-0.0,-0.0,-0.0,off
18.64,14.814001083374023,5.729972839355469,4.73970365524292,16.575645446777344,16.59471321105957,-0.0,-0.0,-0.0,-0.0,off
18.66,14.819604873657227,5.636011123657227,4.672180652618408,16.529203414916992,16.586942672729492,-0.0,-0.0,-0.0,-0.0,off
18.68,14.814912796020508,5.5668158531188965,4.602275371551514,16.481868743896484,16.575382232666016,-0.0,-0.0,-0.0,-0.0,off
18.7,14.80309009552002,5.3878631591796875,4.525540828704834,16.390274047851562,16.556018829345703,-0.0,-0.0,-0.0,-0.0,off
18.72,14.823724746704102,5.215903282165527,4.467024803161621,16.337160110473633,16.53330421447754,-0.0,-0.0,-0.0,-0.0,off
18.740000000000002,14.847984313964844,5.072197437286377,4.3764472007751465,16.289356231689453,16.507883071899414,-0.0,-0.0,-0.0,-0.0,off
18.76,14.86695671081543,4.942827224731445,4.272105693817139,16.23911476135254,16.479694366455078,-0.0,0.0,-0.0,-0.0,off
18.78,14.843039512634277,4.81615686416626,4.217859745025635,16.164823532104492,16.446815490722656,-0.0,-0.0,-0.0,-0.0,off
18.8,14.831870079040527,4.7795090675354,4.114314079284668,16.1169376373291,16.412330627441406,-0.0,0.0,-0.0,-0.0,off
18.82,14.835700988769531,4.6722283363342285,4.044266223907471,16.071210861206055,16.37657356262207,-0.0,0.0,-0.0,-0.0,off
18.84,14.833648681640625,4.485665798187256,3.958195209503174,15.994550704956055,16.3363094329834,-0.0,-0.0,-0.0,-0.0,off
18.86,14.826112747192383,4.544860363006592,3.884653091430664,15.986241340637207,16.299545288085938,-0.0,-0.0,-0.0,-0.0,off
18.88,14.800121307373047,4.468028545379639,3.8146560192108154,15.923519134521484,16.260156631469727,-0.0,-0.0,-0.0,-0.0,off
18.900000000000002,14.805099487304688,4.353199005126953,3.7507948875427246,15.881113052368164,16.220304489135742,-0.0,-0.0,-0.0,-0.0,off
18.92,14.780506134033203,4.216292858123779,3.7162349224090576,15.812997817993164,16.177539825439453,-0.0,-0.0,-0.0,-0.0,off
18.94,14.783153533935547,4.045309066772461,3.648794412612915,15.75499439239502,16.132858276367188,-0.0,-0.0,-0.0,-0.0,off
18.96,14.798724174499512,3.9110658168792725,3.5851516723632812,15.721068382263184,16.08898162841797,-0.0,-0.0,-0.0,-0.0,off
18.98,14.810221672058105,3.7865233421325684,3.495051622390747,15.681065559387207,16.045190811157227,-0.0,-0.0,-0.0,-0.0,off
19.0,14.785940170288086,3.703615188598633,3.430234432220459,15.623933792114258,16.000120162963867,-0.0,-0.0,-0.0,-0.0,off
19.02,14.77552604675293,3.642366409301758,3.3649051189422607,15.585429191589355,15.955820083618164,-0.0,-0.0,-0.0,-0.0,off
19.04,14.765725135803223,3.63183856010437,3.2902395725250244,15.557717323303223,15.91344165802002,-0.0,-0.0,-0.0,-0.0,off
19.06,14.726275444030762,3.468859910964966,3.2491116523742676,15.474266052246094,15.866741180419922,-0.0,-0.0,-0.0,-0.0,off
19.080000000000002,14.72848129272461,3.3987462520599365,3.1741135120391846,15.44521427154541,15.821800231933594,-0.0,-0.0,-0.0,-0.0,off
19.1,14.706684112548828,3.218655586242676,3.120460033416748,15.374771118164062,15.773921012878418,-0.0,-0.0,-0.0,-0.0,off
19.12,14.701940536499023,3.0327770709991455,3.051459550857544,15.31849193572998,15.724681854248047,-0.0,-0.0,-0.0,-0.0,off
19.14,14.702284812927246,2.8927738666534424,2.988708972930908,15.279322624206543,15.6762056350708,-0.0,0.0,-0.0,-0.0,off
19.16,14.711858749389648,2.7586019039154053,2.898238182067871,15.246260643005371,15.628957748413086,-0.0,-0.0,-0.0,-0.0,off
19.18,14.682000160217285,2.6899023056030273,2.8407528400421143,15.194293975830078,15.581521034240723,-0.0,-0.0,-0.0,-0.0,off
19.2,14.681784629821777,2.492847204208374,2.7713592052459717,15.147590637207031,15.533555030822754,-0.0,-0.0,-0.0,-0.0,off
19.22,14.665979385375977,2.3380072116851807,2.7051873207092285,15.095538139343262,15.48490047454834,-0.0,-0.0,-0.0,-0.0,off
19.240000000000002,14.638311386108398,2.2384581565856934,2.653179407119751,15.044275283813477,15.436156272888184,-0.0,-0.0,-0.0,-0.0,off
19.26,14.608006477355957,2.134436845779419,2.5864741802215576,14.9879789352417,15.38672924041748,-0.0,0.0,-0.0,-0.0,off
19.28,14.621435165405273,2.0002424716949463,2.5113890171051025,14.969782829284668,15.340184211730957,-0.0,0.0,-0.0,-0.0,off
19.3,14.64106559753418,1.7810826301574707,2.421656847000122,14.946487426757812,15.295082092285156,-0.0,0.0,-0.0,-0.0,off
19.32,14.607979774475098,1.6345608234405518,2.344038486480713,14.884870529174805,15.24815845489502,-0.0,0.0,-0.0,-0.0,off
19.34,14.598876953125,1.4242792129516602,2.2521820068359375,14.840084075927734,15.200692176818848,-0.0,0.0,-0.0,-0.0,off
19.36,14.578398704528809,1.25962233543396,2.2041661739349365,14.7977933883667,15.153580665588379,-0.0,-0.0,-0.0,-0.0,off
19.38,14.562738418579102,1.0914027690887451,2.151003122329712,14.76114273071289,15.10729694366455,-0.0,-0.0,-0.0,-0.0,off
19.400000000000002,14.544395446777344,0.8827387094497681,2.0845751762390137,14.719514846801758,15.060873031616211,-0.0,-0.0,-0.0,-0.0,off
19.42,14.519031524658203,0.7529820203781128,2.026939630508423,14.679160118103027,15.015227317810059,0.0,0.0,-0.0,0.0,off
19.44,14.511758804321289,0.6534016132354736,1.979848861694336,14.660759925842285,14.972723960876465,-0.0,-0.0,-0.0,-0.0,off
19.46,14.501344680786133,0.3912523686885834,1.9231557846069336,14.633543968200684,14.930662155151367,-0.0,-0.0,-0.0,-0.0,off
19.48,14.494385719299316,0.10923480242490768,1.8785924911499023,14.61602783203125,14.889822959899902,-0.0,-0.0,-0.0,-0.0,off
19.5,14.494007110595703,-0.19186049699783325,1.833089828491211,14.610724449157715,14.85110855102539,-0.0,-0.0,-0.0,-0.0,off
19.52,14.498581886291504,-0.36936917901039124,1.7809534072875977,14.612224578857422,14.81640338897705,-0.0,-0.0,-0.0,-0.0,off
19.54,14.51677417755127,-0.5336998701095581,1.7445542812347412,14.630962371826172,14.787221908569336,0.0,-0.0,-0.0,0.0,off
19.56,14.498448371887207,-0.7349075078964233,1.6999554634094238,14.616255760192871,14.759246826171875,-0.0,0.0,-0.0,-0.0,off
19.580000000000002,14.487848281860352,-1.0031989812850952,1.6520278453826904,14.616202354431152,14.73305606842041,-0.0,-0.0,-0.0,-0.0,off
19.6,14.464156150817871,-1.1895500421524048,1.6216394901275635,14.60330581665039,14.708277702331543,-0.0,-0.0,-0.0,-0.0,off
19.62,14.458805084228516,-1.5751155614852905,1.5858473777770996,14.630547523498535,14.68631362915039,0.0,0.0,-0.0,0.0,off
19.64,14.475481033325195,-1.775791049003601,1.5700995922088623,14.668272018432617,14.670511245727539,-0.0,-0.0,-0.0,-0.0,off
19.66,14.475595474243164,-2.070669412612915,1.547410249710083,14.704591751098633,14.658856391906738,-0.0,-0.0,-0.0,-0.0,off
19.68,14.485321044921875,-2.320176601409912,1.5079150199890137,14.747255325317383,14.652229309082031,-0.0,-0.0,-0.0,-0.0,off
19.7,14.486465454101562,-2.6198971271514893,1.500746488571167,14.797762870788574,14.650359153747559,-0.0,-0.0,-0.0,-0.0,off
19.72,14.490124702453613,-2.854609966278076,1.501418113708496,14.844756126403809,14.653436660766602,-0.0,-0.0,-0.0,-0.0,off
19.740000000000002,14.477249145507812,-3.1008803844451904,1.5087652206420898,14.882290840148926,14.659856796264648,-0.0,-0.0,-0.0,-0.0,off
19.76,14.465901374816895,-3.331181287765503,1.5151691436767578,14.921622276306152,14.66970157623291,-0.0,-0.0,-0.0,-0.0,off
19.78,14.47240924835205,-3.527104616165161,1.5261073112487793,14.973980903625488,14.68443775177002,-0.0,-0.0,-0.0,-0.0,off
19.8,14.469623565673828,-3.738675832748413,1.5244276523590088,15.022369384765625,14.702871322631836,-0.0,-0.0,-0.0,-0.0,off
19.82,14.45882797241211,-3.8618855476379395,1.543567180633545,15.04508113861084,14.723189353942871,-0.0,-0.0,-0.0,-0.0,off
19.84,14.447815895080566,-4.040728569030762,1.5624470710754395,15.083372116088867,14.745871543884277,-0.0,0.0,-0.0,-0.0,off
19.86,14.475391387939453,-4.2464447021484375,1.5813639163970947,15.168057441711426,14.775035858154297,-0.0,-0.0,-0.0,-0.0,off
19.88,14.478930473327637,-4.451758861541748,1.618955373764038,15.234127044677734,14.808117866516113,-0.0,0.0,-0.0,-0.0,off
19.900000000000002,14.484001159667969,-4.700950622558594,1.6468546390533447,15.316571235656738,14.845826148986816,-0.0,0.0,-0.0,-0.0,off
19.92,14.465855598449707,-4.824827194213867,1.6863141059875488,15.342215538024902,14.88347053527832,-0.0,-0.0,-0.0,-0.0,off
19.94,14.464569091796875,-4.866177558898926,1.735490322113037,15.359536170959473,14.920989036560059,-0.0,-0.0,-0.0,-0.0,off
19.96,14.47866153717041,-5.017691612243652,1.7835800647735596,15.426925659179688,14.96201229095459,-0.0,-0.0,-0.0,-0.0,off
19.98,14.503497123718262,-5.202428340911865,1.8203976154327393,15.515493392944336,15.007953643798828,-0.0,-0.0,-0.0,-0.0,off
20.0,14.496275901794434,-5.340377330780029,1.893660306930542,15.564305305480957,15.054680824279785,-0.0,-0.0,-0.0,-0.0,off
20.02,14.485078811645508,-5.500550270080566,1.9650914669036865,15.618423461914062,15.102347373962402,-0.0,-0.0,-0.0,-0.0,off
20.04,14.485269546508789,-5.685035228729248,2.0335533618927,15.693246841430664,15.152717590332031,-0.0,-0.0,-0.0,-0.0,off
20.06,14.450645446777344,-5.761913299560547,2.13305401802063,15.702570915222168,15.199782371520996,-0.0,-0.0,-0.0,-0.0,off
20.080000000000002,14.435712814331055,-5.947061538696289,2.2008278369903564,15.767085075378418,15.248438835144043,0.0,0.0,-0.0,0.0,off
20.1,14.445022583007812,-6.144951343536377,2.2812371253967285,15.86263370513916,15.301599502563477,0.0,0.0,-0.0,0.0,off
20.12,14.46790599822998,-6.298443794250488,2.341275215148926,15.952186584472656,15.358724594116211,-0.0,0.0,-0.0,-0.0,off
20.14,14.485831260681152,-6.359503746032715,2.414393901824951,16.003496170043945,15.416263580322266,-0.0,-0.0,-0.0,-0.0,off
20.16,14.497132301330566,-6.500058174133301,2.504995822906494,16.08392333984375,15.476261138916016,-0.0,-0.0,-0.0,-0.0,off
20.18,14.521398544311523,-6.503603458404541,2.6045589447021484,16.123014450073242,15.535309791564941,-0.0,-0.0,-0.0,-0.0,off
20.2,14.530815124511719,-6.573585510253906,2.6883773803710938,16.17355728149414,15.593987464904785,-0.0,-0.0,-0.0,-0.0,off
20.22,14.536581039428711,-6.640462398529053,2.798588752746582,16.224672317504883,15.652240753173828,-0.0,-0.0,-0.0,-0.0,off
20.240000000000002,14.55176830291748,-6.672506332397461,2.913745403289795,16.271638870239258,15.709829330444336,-0.0,-0.0,-0.0,-0.0,off
20.26,14.58411979675293,-6.82944917678833,3.073882818222046,16.39471435546875,15.77357292175293,-0.0,-0.0,-0.0,-0.0,off
20.28,14.596986770629883,-6.9171624183654785,3.21266770362854,16.469377517700195,15.83842945098877,-0.0,-0.0,-0.0,-0.0,off
20.3,14.58712100982666,-7.031788349151611,3.330259323120117,16.53241539001465,15.902995109558105,-0.0,-0.0,-0.0,-0.0,off
20.32,14.622740745544434,-7.0467305183410645,3.4809298515319824,16.601139068603516,15.968342781066895,-0.0,-0.0,-0.0,-0.0,off
20.34,14.649205207824707,-7.1919755935668945,3.6287457942962646,16.718000411987305,16.03853988647461,-0.0,-0.0,-0.0,-0.0,off
20.36,14.69133186340332,-7.228375434875488,3.7908031940460205,16.806392669677734,16.110733032226562,-0.0,-0.0,-0.0,-0.0,off
20.38,14.718685150146484,-7.398089408874512,3.9047138690948486,16.92980194091797,16.18784523010254,-0.0,-0.0,-0.0,-0.0,off
20.400000000000002,14.747984886169434,-7.549558162689209,4.043778896331787,17.05435562133789,16.269489288330078,-0.0,-0.0,-0.0,-0.0,off
20.42,14.797911643981934,-7.663103103637695,4.184695720672607,17.181764602661133,16.355745315551758,-0.0,-0.0,-0.0,-0.0,off
20.44,14.810759544372559,-7.8205766677856445,4.295114040374756,17.290691375732422,16.44416046142578,-0.0,0.0,-0.0,-0.0,off
20.46,14.85344409942627,-7.9803595542907715,4.4203057289123535,17.43129539489746,16.5377254486084,-0.0,-0.0,-0.0,-0.0,off
20.48,14.884275436401367,-8.012824058532715,4.567437171936035,17.510238647460938,16.630144119262695,-0.0,-0.0,-0.0,-0.0,off
20.5,14.900769233703613,-8.118400573730469,4.723304271697998,17.613941192626953,16.723590850830078,-0.0,-0.0,-0.0,-0.0,off
20.52,14.94931697845459,-8.119020462036133,4.892993927001953,17.701467514038086,16.81673812866211,-0.0,-0.0,-0.0,-0.0,off
20.54,15.003314971923828,-8.198506355285645,5.005671977996826,17.814929962158203,16.91221809387207,-0.0,-0.0,-0.0,-0.0,off
20.56,15.05212688446045,-8.25869369506836,5.110545635223389,17.913408279418945,17.00834083557129,-0.0,-0.0,-0.0,-0.0,off
20.580000000000002,15.073152542114258,-8.291631698608398,5.227848529815674,17.980030059814453,17.101736068725586,-0.0,-0.0,-0.0,-0.0,off
20.6,15.126884460449219,-8.335348129272461,5.358697414398193,18.08359146118164,17.196334838867188,-0.0,-0.0,-0.0,-0.0,off
20.62,15.153778076171875,-8.328083992004395,5.496640682220459,18.14406394958496,17.28766632080078,-0.0,-0.0,-0.0,-0.0,off
20.64,15.18741512298584,-8.268075942993164,5.6232075691223145,18.18348503112793,17.37404441833496,-0.0,-0.0,-0.0,-0.0,off
20.66,15.22935962677002,-8.310442924499512,5.731128215789795,18.2713623046875,17.46074676513672,0.0,0.0,-0.0,0.0,off
20.68,15.279924392700195,-8.377838134765625,5.804166316986084,18.36716079711914,17.548669815063477,0.0,-0.0,-0.0,0.0,off
20.7,15.328251838684082,-8.365228652954102,5.878413677215576,18.425203323364258,17.63393211364746,0.0,-0.0,-0.0,0.0,off
20.72,15.361959457397461,-8.343836784362793,5.951581954956055,18.467018127441406,17.7150936126709,-0.0,-0.0,-0.0,-0.0,off
20.740000000000002,15.375221252441406,-8.321224212646484,6.024796009063721,18.491575241088867,17.79075813293457,-0.0,0.0,-0.0,-0.0,off
20.76,15.410564422607422,-8.327823638916016,6.090379238128662,18.545372009277344,17.864431381225586,0.0,0.0,-0.0,0.0,off
20.78,15.430770874023438,-8.311442375183105,6.148658275604248,18.574033737182617,17.93377113342285,0.0,0.0,-0.0,0.0,off
20.8,15.451030731201172,-8.227832794189453,6.206648826599121,18.572938919067383,17.996185302734375,0.0,0.0,-0.0,0.0,off
20.82,15.476713180541992,-8.171305656433105,6.2486042976379395,18.583431243896484,18.053556442260742,-0.0,0.0,-0.0,-0.0,off
20.84,15.505480766296387,-8.186182022094727,6.260857105255127,18.618051528930664,18.108911514282227,-0.0,-0.0,-0.0,-0.0,off
20.86,15.540875434875488,-8.177055358886719,6.262538909912109,18.644100189208984,18.161563873291016,-0.0,-0.0,-0.0,-0.0,off
20.88,15.573020935058594,-8.137565612792969,6.261386871337891,18.653255462646484,18.21002769470215,-0.0,-0.0,-0.0,-0.0,off
20.900000000000002,15.58210563659668,-8.082953453063965,6.297553539276123,18.649272918701172,18.253259658813477,-0.0,-0.0,-0.0,-0.0,off
20.92,15.592462539672852,-8.00449275970459,6.324912071228027,18.633338928222656,18.290569305419922,-0.0,-0.0,-0.0,-0.0,off
20.94,15.60264778137207,-7.989940643310547,6.331097602844238,18.637718200683594,18.324691772460938,0.0,-0.0,-0.0,0.0,off
20.96,15.616048812866211,-8.002973556518555,6.337751388549805,18.65678596496582,18.3574275970459,-0.0,-0.0,-0.0,-0.0,off
20.98,15.617643356323242,-7.877616882324219,6.375992298126221,18.61775779724121,18.382858276367188,-0.0,-0.0,-0.0,-0.0,off
21.0,15.640728950500488,-7.824947834014893,6.377510070800781,18.615446090698242,18.40555191040039,-0.0,-0.0,-0.0,-0.0,off
21.02,15.62735366821289,-7.798364639282227,6.376483917236328,18.592693328857422,18.42377281188965,-0.0,0.0,-0.0,-0.0,off
21.04,15.626344680786133,-7.739649295806885,6.387728214263916,18.571157455444336,18.43800926208496,-0.0,-0.0,-0.0,-0.0,off
21.06,15.641790390014648,-7.715047359466553,6.381568908691406,18.571805953979492,18.450952529907227,-0.0,-0.0,-0.0,-0.0,off
21.080000000000002,15.664888381958008,-7.684814453125,6.38829231262207,18.5810489654541,18.463550567626953,-0.0,-0.0,-0.0,-0.0,off
21.1,15.65268325805664,-7.629486560821533,6.391273021697998,18.548959732055664,18.471675872802734,-0.0,-0.0,-0.0,-0.0,off
21.12,15.665300369262695,-7.578935623168945,6.388638496398926,18.53797721862793,18.477888107299805,-0.0,-0.0,-0.0,-0.0,off
21.14,15.658133506774902,-7.546267032623291,6.397304534912109,18.521575927734375,18.481861114501953,-0.0,0.0,-0.0,-0.0,off
21.16,15.651966094970703,-7.50284481048584,6.392144203186035,18.496925354003906,18.482988357543945,-0.0,-0.0,-0.0,-0.0,off
21.18,15.654563903808594,-7.457157135009766,6.385125637054443,18.478214263916016,18.48213768005371,-0.0,-0.0,-0.0,-0.0,off
21.2,15.668638229370117,-7.387861728668213,6.393771648406982,18.46529197692871,18.480022430419922,-0.0,-0.0,-0.0,-0.0,off
21.22,15.653042793273926,-7.382834434509277,6.401269912719727,18.452648162841797,18.476930618286133,-0.0,-0.0,-0.0,-0.0,off
21.240000000000002,15.652420997619629,-7.300570011138916,6.402954578399658,18.419946670532227,18.470808029174805,-0.0,-0.0,-0.0,-0.0,off
21.26,15.657793045043945,-7.24393367767334,6.401615619659424,18.40167808532715,18.46345329284668,-0.0,0.0,-0.0,-0.0,off
21.28,15.648299217224121,-7.231740951538086,6.401814937591553,18.388870239257812,18.455617904663086,-0.0,0.0,-0.0,-0.0,off
21.3,15.6456880569458,-7.239729404449463,6.4027485847473145,18.390117645263672,18.448776245117188,-0.0,-0.0,-0.0,-0.0,off
21.32,15.65417766571045,-7.164388179779053,6.4150567054748535,18.37211799621582,18.440750122070312,-0.0,-0.0,-0.0,-0.0,off
21.34,15.67008113861084,-7.111083030700684,6.41640043258667,18.365432739257812,18.43282699584961,-0.0,-0.0,-0.0,-0.0,off
21.36,15.669065475463867,-7.070080757141113,6.415154457092285,18.34829330444336,18.423988342285156,-0.0,0.0,-0.0,-0.0,off
21.38,15.657984733581543,-7.064322471618652,6.406489372253418,18.333581924438477,18.41463851928711,-0.0,0.0,-0.0,-0.0,off
21.400000000000002,15.666094779968262,-6.982771396636963,6.403696537017822,18.30827522277832,18.403614044189453,-0.0,-0.0,-0.0,-0.0,off
21.42,15.653233528137207,-6.963521480560303,6.404150485992432,18.29009246826172,18.391923904418945,-0.0,-0.0,-0.0,-0.0,off
21.44,15.613860130310059,-6.921213150024414,6.439574241638184,18.252779006958008,18.377670288085938,-0.0,-0.0,-0.0,-0.0,off
21.46,15.61798095703125,-6.8851447105407715,6.445168972015381,18.24463653564453,18.364028930664062,-0.0,-0.0,-0.0,-0.0,off
21.48,15.616476058959961,-6.866607666015625,6.447898864746094,18.23732566833496,18.351057052612305,-0.0,-0.0,-0.0,-0.0,off
21.5,15.617443084716797,-6.815799236297607,6.453855991363525,18.221193313598633,18.337743759155273,-0.0,-0.0,-0.0,-0.0,off
21.52,15.603984832763672,-6.749434471130371,6.4738874435424805,18.19204330444336,18.322795867919922,0.0,-0.0,-0.0,0.0,off
21.54,15.617871284484863,-6.674208164215088,6.464049339294434,18.172697067260742,18.307348251342773,-0.0,0.0,-0.0,-0.0,off
21.56,15.590350151062012,-6.641195774078369,6.479355335235596,18.142396926879883,18.29044532775879,-0.0,-0.0,-0.0,-0.0,off
21.580000000000002,15.586201667785645,-6.601383686065674,6.473267078399658,18.12211799621582,18.273218154907227,-0.0,-0.0,-0.0,-0.0,off
21.6,15.580289840698242,-6.599100112915039,6.474679470062256,18.1167049407959,18.257244110107422,-0.0,0.0,-0.0,-0.0,off
21.62,15.585097312927246,-6.5529303550720215,6.478272914886475,18.105363845825195,18.241718292236328,-0.0,-0.0,-0.0,-0.0,off
21.64,15.568634033203125,-6.498790264129639,6.493043422698975,18.076953887939453,18.22488021850586,-0.0,-0.0,-0.0,-0.0,off
21.66,15.583426475524902,-6.410396099090576,6.493729114532471,18.058374404907227,18.207773208618164,-0.0,0.0,-0.0,-0.0,off
21.68,15.571725845336914,-6.38255500793457,6.495736598968506,18.03913116455078,18.19049072265625,-0.0,0.0,-0.0,-0.0,off
21.7,15.57114028930664,-6.39769172668457,6.49636173248291,18.044212341308594,18.17555046081543,-0.0,0.0,-0.0,-0.0,off
21.72,15.586877822875977,-6.387659072875977,6.476314067840576,18.047039031982422,18.162429809570312,-0.0,-0.0,-0.0,-0.0,off
21.740000000000002,15.606656074523926,-6.340981483459473,6.4699201583862305,18.04537582397461,18.15043067932129,-0.0,-0.0,-0.0,-0.0,off
21.76,15.597358703613281,-6.317071437835693,6.468449592590332,18.028417587280273,18.137958526611328,-0.0,-0.0,-0.0,-0.0,off
21.78,15.581716537475586,-6.265509128570557,6.4723801612854,17.99828338623047,18.123703002929688,-0.0,-0.0,-0.0,-0.0,off
21.8,15.582521438598633,-6.229327201843262,6.470744609832764,17.985828399658203,18.10962677001953,-0.0,-0.0,-0.0,-0.0,off
21.82,15.562676429748535,-6.223071575164795,6.48259973526001,17.97074317932129,18.095500946044922,-0.0,-0.0,-0.0,-0.0,off
21.84,15.543368339538574,-6.286019325256348,6.461986541748047,17.968517303466797,18.082693099975586,-0.0,-0.0,-0.0,-0.0,off
21.86,15.533825874328613,-6.237224578857422,6.469358921051025,17.945899963378906,18.068878173828125,-0.0,-0.0,-0.0,-0.0,off
21.88,15.525806427001953,-6.192874431610107,6.484190464019775,17.928945541381836,18.054725646972656,-0.0,-0.0,-0.0,-0.0,off
21.900000000000002,15.509650230407715,-6.138931751251221,6.490205764770508,17.898561477661133,18.03891944885254,-0.0,-0.0,-0.0,-0.0,off
21.92,15.502254486083984,-6.084506034851074,6.5007781982421875,17.87739372253418,18.02254295349121,-0.0,-0.0,-0.0,-0.0,off
21.94,15.495052337646484,-6.122806549072266,6.500965595245361,17.884294509887695,18.008583068847656,-0.0,0.0,-0.0,-0.0,off
21.96,15.504288673400879,-6.051062107086182,6.513529300689697,17.872447967529297,17.994770050048828,-0.0,-0.0,-0.0,-0.0,off
21.98,15.493314743041992,-5.982540607452393,6.531920909881592,17.846555709838867,17.979690551757812,-0.0,-0.0,-0.0,-0.0,off
22.0,15.500560760498047,-5.998813629150391,6.516293048858643,17.852596282958984,17.966798782348633,-0.0,-0.0,-0.0,-0.0,off
22.02,15.501946449279785,-5.909002304077148,6.53713321685791,17.831453323364258,17.952985763549805,-0.0,-0.0,-0.0,-0.0,off
22.04,15.505399703979492,-5.940994739532471,6.52492094039917,17.84061050415039,17.94156837463379,-0.0,-0.0,-0.0,-0.0,off
22.06,15.519415855407715,-5.87648344039917,6.516983509063721,17.828527450561523,17.930034637451172,-0.0,0.0,-0.0,-0.0,off
22.080000000000002,15.51633071899414,-5.836406707763672,6.516689300537109,17.812562942504883,17.918045043945312,-0.0,0.0,-0.0,-0.0,off
22.1,15.488037109375,-5.832495212554932,6.525303363800049,17.789796829223633,17.905027389526367,-0.0,-0.0,-0.0,-0.0,off
22.12,15.476871490478516,-5.794581413269043,6.539085865020752,17.772741317749023,17.89159393310547,-0.0,0.0,-0.0,-0.0,off
22.14,15.460189819335938,-5.698951244354248,6.555023193359375,17.73312759399414,17.875442504882812,-0.0,-0.0,-0.0,-0.0,off
22.16,15.448200225830078,-5.710161209106445,6.561671733856201,17.728744506835938,17.86054229736328,-0.0,-0.0,-0.0,-0.0,off
22.18,15.433327674865723,-5.619093418121338,6.582696437835693,17.694454193115234,17.843605041503906,-0.0,-0.0,-0.0,-0.0,off
22.2,15.440348625183105,-5.545126914978027,6.588282108306885,17.679317474365234,17.826780319213867,-0.0,-0.0,-0.0,-0.0,off
22.22,15.429452896118164,-5.584813117980957,6.576761722564697,17.678007125854492,17.811655044555664,-0.0,-0.0,-0.0,-0.0,off
22.240000000000002,15.426881790161133,-5.5374531745910645,6.593552112579346,17.667116165161133,17.79692268371582,-0.0,-0.0,-0.0,-0.0,off
22.26,15.436016082763672,-5.5104265213012695,6.5956807136535645,17.667438507080078,17.783706665039062,-0.0,-0.0,-0.0,-0.0,off
22.28,15.469274520874023,-5.491513729095459,6.579803943634033,17.684711456298828,17.773555755615234,-0.0,-0.0,-0.0,-0.0,off
22.3,15.459938049316406,-5.459650039672852,6.582626819610596,17.667722702026367,17.762725830078125,-0.0,-0.0,-0.0,-0.0,off
22.32,15.465484619140625,-5.4096550941467285,6.591282367706299,17.660425186157227,17.75221824645996,-0.0,-0.0,-0.0,-0.0,off
22.34,15.44692611694336,-5.39846134185791,6.605733394622803,17.646150588989258,17.741371154785156,-0.0,-0.0,-0.0,-0.0,off
22.36,15.454401969909668,-5.361097812652588,6.592911720275879,17.636507034301758,17.730636596679688,-0.0,0.0,-0.0,-0.0,off
22.38,15.44398021697998,-5.343929767608643,6.598721981048584,17.62433624267578,17.719785690307617,-0.0,0.0,-0.0,-0.0,off
22.400000000000002,15.440851211547852,-5.343479156494141,6.593385219573975,17.61945915222168,17.709575653076172,-0.0,-0.0,-0.0,-0.0,off
22.42,15.440997123718262,-5.298457622528076,6.605578422546387,17.610557556152344,17.6994686126709,-0.0,-0.0,-0.0,-0.0,off
22.44,15.444372177124023,-5.32216739654541,6.596355438232422,17.617206573486328,17.69110679626465,-0.0,-0.0,-0.0,-0.0,off
22.46,15.432785034179688,-5.29156494140625,6.607842922210693,17.602134704589844,17.682065963745117,-0.0,-0.0,-0.0,-0.0,off
22.48,15.442222595214844,-5.245174884796143,6.617288112640381,17.600074768066406,17.673690795898438,-0.0,-0.0,-0.0,-0.0,off
22.5,15.451689720153809,-5.166719913482666,6.611670017242432,17.583057403564453,17.664382934570312,-0.0,-0.0,-0.0,-0.0,off
22.52,15.457334518432617,-5.157866477966309,6.616321086883545,17.587167739868164,17.656444549560547,0.0,-0.0,-0.0,0.0,off
22.54,15.466577529907227,-5.0674147605896,6.620908260345459,17.57071876525879,17.647558212280273,-0.0,-0.0,-0.0,-0.0,off
22.56,15.46724796295166,-5.101650238037109,6.603766918182373,17.574764251708984,17.64007568359375,-0.0,-0.0,-0.0,-0.0,off
22.580000000000002,15.449151039123535,-5.032037734985352,6.627275466918945,17.547605514526367,17.630569458007812,-0.0,-0.0,-0.0,-0.0,off
22.6,15.449819564819336,-4.9930901527404785,6.63620662689209,17.540441513061523,17.62128448486328,-0.0,-0.0,-0.0,-0.0,off
22.62,15.441801071166992,-4.933474063873291,6.644545555114746,17.519657135009766,17.61080551147461,-0.0,-0.0,-0.0,-0.0,off
22.64,15.424506187438965,-4.876335620880127,6.66072416305542,17.494550704956055,17.598831176757812,-0.0,-0.0,-0.0,-0.0,off
22.66,15.41717529296875,-4.77932071685791,6.677763938903809,17.467792510986328,17.585254669189453,-0.0,-0.0,-0.0,-0.0,off
22.68,15.425281524658203,-4.720754146575928,6.670553684234619,17.456262588500977,17.571857452392578,-0.0,-0.0,-0.0,-0.0,off
22.7,15.410907745361328,-4.693944931030273,6.6658453941345215,17.434526443481445,17.557674407958984,-0.0,-0.0,-0.0,-0.0,off
22.72,15.409530639648438,-4.718386173248291,6.660182476043701,17.437742233276367,17.54536247253418,-0.0,-0.0,-0.0,-0.0,off
22.740000000000002,15.405694961547852,-4.6395087242126465,6.673929691314697,17.418434143066406,17.532268524169922,-0.0,-0.0,-0.0,-0.0,off
22.76,15.391621589660645,-4.578958034515381,6.68335485458374,17.393564224243164,17.517961502075195,-0.0,-0.0,-0.0,-0.0,off
22.78,15.38577651977539,-4.558961868286133,6.688298225402832,17.385040283203125,17.504276275634766,-0.0,-0.0,-0.0,-0.0,off
22.8,15.380814552307129,-4.520805358886719,6.688766956329346,17.370859146118164,17.49054718017578,-0.0,-0.0,-0.0,-0.0,off
22.82,15.387821197509766,-4.498989105224609,6.678607940673828,17.367490768432617,17.47789192199707,-0.0,0.0,-0.0,-0.0,off
22.84,15.413631439208984,-4.439584732055664,6.662578105926514,17.368934631347656,17.466598510742188,0.0,-0.0,-0.0,0.0,off
22.86,15.40318489074707,-4.378030776977539,6.675346851348877,17.348934173583984,17.45439338684082,-0.0,-0.0,-0.0,-0.0,off
22.88,15.407883644104004,-4.314797878265381,6.6725945472717285,17.336200714111328,17.44209098815918,-0.0,-0.0,-0.0,-0.0,off
22.900000000000002,15.394521713256836,-4.302682876586914,6.681547164916992,17.324764251708984,17.42994499206543,-0.0,-0.0,-0.0,-0.0,off
22.92,15.408064842224121,-4.281747817993164,6.683822154998779,17.33249282836914,17.419818878173828,0.0,-0.0,-0.0,0.0,off
22.94,15.414532661437988,-4.182986259460449,6.688973426818848,17.31610679626465,17.408939361572266,-0.0,-0.0,-0.0,-0.0,off
22.96,15.385766983032227,-4.180809020996094,6.682919025421143,17.28763771057129,17.396406173706055,-0.0,-0.0,-0.0,-0.0,off
22.98,15.37708568572998,-4.149918556213379,6.68969202041626,17.27508544921875,17.383893966674805,-0.0,-0.0,-0.0,-0.0,off
23.0,15.379363059997559,-4.044041156768799,6.7037458419799805,17.2574405670166,17.37071990966797,-0.0,-0.0,-0.0,-0.0,off
23.02,15.370719909667969,-3.8868329524993896,6.730826377868652,17.2241268157959,17.355239868164062,-0.0,-0.0,-0.0,-0.0,off
23.04,15.367877960205078,-3.8660483360290527,6.726019382476807,17.21503257751465,17.340503692626953,-0.0,-0.0,-0.0,-0.0,off
23.06,15.365042686462402,-3.7832300662994385,6.749845027923584,17.20342254638672,17.325990676879883,0.0,-0.0,-0.0,0.0,off
23.080000000000002,15.369595527648926,-3.7251408100128174,6.753791809082031,17.196361541748047,17.312213897705078,0.0,-0.0,-0.0,0.0,off
23.1,15.33450984954834,-3.6650307178497314,6.778604030609131,17.161849975585938,17.296354293823242,-0.0,-0.0,-0.0,-0.0,off
23.12,15.314382553100586,-3.6116886138916016,6.800094127655029,17.14105796813965,17.280004501342773,-0.0,0.0,-0.0,-0.0,off
23.14,15.31501579284668,-3.54150128364563,6.8035101890563965,17.12833023071289,17.263980865478516,-0.0,0.0,-0.0,-0.0,off
23.16,15.329078674316406,-3.4896414279937744,6.8025898933410645,17.129899978637695,17.249731063842773,-0.0,-0.0,-0.0,-0.0,off
23.18,15.329507827758789,-3.4167463779449463,6.80576753616333,17.116846084594727,17.23555564880371,-0.0,-0.0,-0.0,-0.0,off
23.2,15.342750549316406,-3.328110694885254,6.807332515716553,17.11186981201172,17.222204208374023,-0.0,0.0,-0.0,-0.0,off
23.22,15.33898639678955,-3.259995460510254,6.816608905792236,17.099071502685547,17.208887100219727,-0.0,-0.0,-0.0,-0.0,off
23.240000000000002,15.299323081970215,-3.1627016067504883,6.8361124992370605,17.052988052368164,17.192188262939453,-0.0,-0.0,-0.0,-0.0,off
23.26,15.299093246459961,-3.1115634441375732,6.843281269073486,17.046247482299805,17.17652702331543,-0.0,-0.0,-0.0,-0.0,off
23.28,15.308810234069824,-3.0259921550750732,6.856476306915283,17.04486846923828,17.162214279174805,-0.0,-0.0,-0.0,-0.0,off
23.3,15.27950382232666,-2.974118232727051,6.8627190589904785,17.01192283630371,17.14609718322754,-0.0,-0.0,-0.0,-0.0,off
23.32,15.305218696594238,-2.9427452087402344,6.83915901184082,17.020092010498047,17.13252067565918,-0.0,-0.0,-0.0,-0.0,off
23.34,15.296839714050293,-2.859182119369507,6.857941150665283,17.005868911743164,17.118804931640625,-0.0,-0.0,-0.0,-0.0,off
23.36,15.26468563079834,-2.7793755531311035,6.881819248199463,16.973360061645508,17.103153228759766,-0.0,-0.0,-0.0,-0.0,off
23.38,15.246474266052246,-2.6355133056640625,6.897192478179932,16.94025230407715,17.085474014282227,-0.0,-0.0,-0.0,-0.0,off
23.400000000000002,15.26754379272461,-2.6668667793273926,6.874142169952393,16.95475959777832,17.071388244628906,-0.0,-0.0,-0.0,-0.0,off
23.42,15.270133972167969,-2.6604795455932617,6.889436721801758,16.962295532226562,17.059627532958984,-0.0,-0.0,-0.0,-0.0,off
23.44,15.295266151428223,-2.5824012756347656,6.865880012512207,16.963321685791016,17.04908561706543,-0.0,-0.0,-0.0,-0.0,off
23.46,15.29406452178955,-2.5118002891540527,6.8645124435424805,16.951078414916992,17.038341522216797,-0.0,-0.0,-0.0,-0.0,off
23.48,15.292684555053711,-2.442148208618164,6.852023601531982,16.934595108032227,17.026994705200195,-0.0,-0.0,-0.0,-0.0,off
23.5,15.26146411895752,-2.3026132583618164,6.888354301452637,16.90159034729004,17.01321792602539,-0.0,-0.0,-0.0,-0.0,off
23.52,15.280000686645508,-2.2279257774353027,6.889289379119873,16.908706665039062,17.00149917602539,-0.0,0.0,-0.0,-0.0,off
23.54,15.297106742858887,-2.239485740661621,6.868006229400635,16.917041778564453,16.992063522338867,-0.0,-0.0,-0.0,-0.0,off
23.56,15.294285774230957,-2.11084246635437,6.876547813415527,16.901412963867188,16.981781005859375,-0.0,-0.0,-0.0,-0.0,off
23.580000000000002,15.289525985717773,-2.015852689743042,6.8798747062683105,16.886857986450195,16.970972061157227,-0.0,-0.0,-0.0,-0.0,off
23.6,15.304462432861328,-1.908935308456421,6.880544185638428,16.888235092163086,16.961238861083984,-0.0,-0.0,-0.0,-0.0,off
23.62,15.308271408081055,-1.8230571746826172,6.880790710449219,16.88229751586914,16.95183563232422,-0.0,0.0,-0.0,-0.0,off
23.64,15.299548149108887,-1.6804953813552856,6.883610248565674,16.860733032226562,16.940942764282227,-0.0,-0.0,-0.0,-0.0,off
23.66,15.298526763916016,-1.6601518392562866,6.886607646942139,16.8590145111084,16.931222915649414,-0.0,-0.0,-0.0,-0.0,off
23.68,15.28143310546875,-1.5702354907989502,6.8979387283325195,16.839519500732422,16.920469284057617,-0.0,0.0,-0.0,-0.0,off
23.7,15.250591278076172,-1.5506184101104736,6.909536361694336,16.814477920532227,16.908517837524414,0.0,-0.0,-0.0,0.0,off
23.72,15.254751205444336,-1.4664843082427979,6.9078874588012695,16.81002426147461,16.897266387939453,-0.0,-0.0,-0.0,-0.0,off
23.740000000000002,15.248759269714355,-1.332350492477417,6.90835428237915,16.79360580444336,16.88525390625,-0.0,-0.0,-0.0,-0.0,off
23.76,15.220996856689453,-1.3179928064346313,6.9308905601501465,16.77656364440918,16.872989654541016,-0.0,-0.0,-0.0,-0.0,off
23.78,15.246295928955078,-1.1998214721679688,6.92233419418335,16.787132263183594,16.86282730102539,-0.0,-0.0,-0.0,-0.0,off
23.8,15.225787162780762,-1.1600428819656372,6.920748710632324,16.76505470275879,16.85162353515625,-0.0,-0.0,-0.0,-0.0,off
23.82,15.227468490600586,-1.1227340698242188,6.892154693603516,16.752256393432617,16.840404510498047,-0.0,0.0,-0.0,-0.0,off
23.84,15.248574256896973,-1.090720295906067,6.876413822174072,16.762868881225586,16.831499099731445,-0.0,-0.0,-0.0,-0.0,off
23.86,15.270772933959961,-1.0195889472961426,6.853433609008789,16.76918601989746,16.82408905029297,-0.0,-0.0,-0.0,-0.0,off
23.88,15.252305030822754,-0.9923685193061829,6.851312160491943,16.749868392944336,16.815628051757812,-0.0,-0.0,-0.0,-0.0,off
23.900000000000002,15.270800590515137,-0.9240432381629944,6.83720064163208,16.757043838500977,16.808704376220703,-0.0,-0.0,-0.0,-0.0,off
23.92,15.244007110595703,-0.9713473916053772,6.832880020141602,16.733543395996094,16.800466537475586,-0.0,-0.0,-0.0,-0.0,off
23.94,15.27631950378418,-0.9483611583709717,6.810815811157227,16.752687454223633,16.795034408569336,-0.0,-0.0,-0.0,-0.0,off
23.96,15.279326438903809,-0.884658694267273,6.814141750335693,16.753297805786133,16.79016876220703,-0.0,-0.0,-0.0,-0.0,off
23.98,15.29793930053711,-0.8095518350601196,6.798196792602539,16.760005950927734,16.78638458251953,-0.0,-0.0,-0.0,-0.0,off
24.0,15.27056884765625,-0.8057529926300049,6.790102481842041,16.731557846069336,16.780275344848633,-0.0,-0.0,-0.0,-0.0,off
24.02,15.260002136230469,-0.6896962523460388,6.78389835357666,16.714204788208008,16.772855758666992,-0.0,-0.0,-0.0,-0.0,off
24.04,15.261465072631836,-0.6387673616409302,6.777206897735596,16.71080207824707,16.765850067138672,-0.0,0.0,-0.0,-0.0,off
24.060000000000002,15.256150245666504,-0.48142489790916443,6.783348083496094,16.70316505432129,16.758455276489258,-0.0,0.0,-0.0,-0.0,off
24.080000000000002,15.262229919433594,-0.427361398935318,6.78566837310791,16.708189010620117,16.752336502075195,-0.0,-0.0,-0.0,-0.0,off
24.1,15.232969284057617,-0.40815970301628113,6.789158821105957,16.682403564453125,16.744403839111328,-0.0,-0.0,-0.0,-0.0,off
24.12,15.244730949401855,-0.4503635764122009,6.775629997253418,16.68873405456543,16.738189697265625,-0.0,0.0,-0.0,-0.0,off
24.14,15.2202730178833,-0.2918208837509155,6.786513328552246,16.667293548583984,16.730134963989258,-0.0,-0.0,-0.0,-0.0,off
24.16,15.243595123291016,-0.18910688161849976,6.77932596206665,16.68419075012207,16.72442626953125,-0.0,-0.0,-0.0,-0.0,off
24.18,15.26752758026123,-0.07062267512083054,6.7723069190979,16.70229148864746,16.72089958190918,-0.0,-0.0,-0.0,-0.0,off
24.2,15.257583618164062,0.08506251126527786,6.776312351226807,16.694894790649414,16.716644287109375,-0.0,-0.0,-0.0,-0.0,off
24.22,15.249639511108398,0.14681848883628845,6.749860763549805,16.677339553833008,16.71112632751465,-0.0,-0.0,-0.0,-0.0,off
24.240000000000002,15.231592178344727,0.16798540949821472,6.746727466583252,16.659770965576172,16.70462417602539,-0.0,-0.0,-0.0,-0.0,off
24.26,15.196366310119629,0.2959005832672119,6.761916160583496,16.635522842407227,16.696125030517578,-0.0,-0.0,-0.0,-0.0,off
24.28,15.20901870727539,0.44253620505332947,6.751396656036377,16.64606475830078,16.689224243164062,-0.0,-0.0,-0.0,-0.0,off
24.3,15.206406593322754,0.5368914604187012,6.735141754150391,16.639867782592773,16.682340621948242,-0.0,0.0,-0.0,-0.0,off
24.32,15.197697639465332,0.5755693912506104,6.734573841094971,16.632972717285156,16.675661087036133,0.0,-0.0,-0.0,0.0,off
24.34,15.186756134033203,0.7075840830802917,6.728911399841309,16.625778198242188,16.668697357177734,-0.0,-0.0,-0.0,-0.0,off
24.36,15.16923713684082,0.8511943817138672,6.722737789154053,16.614015579223633,16.660972595214844,-0.0,-0.0,-0.0,-0.0,off
24.38,15.17691707611084,1.045577883720398,6.713674545288086,16.628454208374023,16.654922485351562,-0.0,0.0,-0.0,-0.0,off
24.400000000000002,15.190834045410156,1.1821262836456299,6.706573963165283,16.647432327270508,16.651180267333984,-0.0,-0.0,-0.0,-0.0,off
24.42,15.173171997070312,1.3863025903701782,6.7082600593566895,16.647754669189453,16.647253036499023,-0.0,-0.0,-0.0,-0.0,off
24.44,15.159871101379395,1.5321208238601685,6.704473972320557,16.646892547607422,16.643434524536133,-0.0,-0.0,-0.0,-0.0,off
24.46,15.13132095336914,1.8020099401474,6.70083475112915,16.646480560302734,16.638917922973633,-0.0,-0.0,-0.0,-0.0,off
24.48,15.123456001281738,1.9586842060089111,6.693264007568359,16.653982162475586,16.63542938232422,-0.0,-0.0,-0.0,-0.0,off
24.5,15.115342140197754,2.059526205062866,6.675190448760986,16.651527404785156,16.632293701171875,-0.0,-0.0,-0.0,-0.0,off
24.52,15.124658584594727,2.2979543209075928,6.676765441894531,16.6917667388916,16.632720947265625,-0.0,0.0,-0.0,-0.0,off
24.54,15.101303100585938,2.5558977127075195,6.678177833557129,16.708681106567383,16.633872985839844,-0.0,-0.0,-0.0,-0.0,off
24.560000000000002,15.100786209106445,2.803921699523926,6.674795627593994,16.746599197387695,16.63791847229004,-0.0,-0.0,-0.0,-0.0,off
24.580000000000002,15.078912734985352,3.0307376384735107,6.65914249420166,16.76016616821289,16.64234733581543,-0.0,-0.0,-0.0,-0.0,off
24.6,15.054244041442871,3.196418046951294,6.671632766723633,16.773731231689453,16.647733688354492,-0.0,-0.0,-0.0,-0.0,off
24.62,15.047586441040039,3.3357038497924805,6.648343563079834,16.785627365112305,16.654050827026367,-0.0,0.0,-0.0,-0.0,off
24.64,15.026529312133789,3.503875494003296,6.637496471405029,16.796728134155273,16.66082763671875,-0.0,-0.0,-0.0,-0.0,off
24.66,15.01382827758789,3.6221346855163574,6.603996753692627,16.797252655029297,16.667396545410156,-0.0,-0.0,-0.0,-0.0,off
24.68,14.99551773071289,3.7378387451171875,6.5832295417785645,16.798091888427734,16.673776626586914,-0.0,-0.0,-0.0,-0.0,off
24.7,14.998894691467285,3.9102156162261963,6.534480094909668,16.821298599243164,16.68170928955078,0.0,0.0,-0.0,0.0,off
24.72,14.99229621887207,4.046289920806885,6.4912567138671875,16.830860137939453,16.689979553222656,-0.0,-0.0,-0.0,-0.0,off
24.740000000000002,14.996771812438965,4.088744640350342,6.44242525100708,16.826343536376953,16.697866439819336,-0.0,-0.0,-0.0,-0.0,off
24.76,14.980796813964844,4.159269332885742,6.398871898651123,16.812772750854492,16.704132080078125,-0.0,-0.0,-0.0,-0.0,off
24.78,14.983847618103027,4.169954776763916,6.341213226318359,16.79628562927246,16.708969116210938,0.0,-0.0,-0.0,0.0,off
24.8,14.98803424835205,4.136744976043701,6.290910720825195,16.772876739501953,16.71193504333496,-0.0,-0.0,-0.0,-0.0,off
24.82,14.998056411743164,4.0417256355285645,6.225796699523926,16.734329223632812,16.711772918701172,-0.0,-0.0,-0.0,-0.0,off
24.84,14.991024017333984,3.9983179569244385,6.167396068572998,16.69593048095703,16.70832061767578,-0.0,-0.0,-0.0,-0.0,off
24.86,15.000506401062012,3.9516184329986572,6.07917594909668,16.660938262939453,16.70207405090332,-0.0,-0.0,-0.0,-0.0,off
24.88,14.989500045776367,3.97795033454895,6.0323896408081055,16.64027976989746,16.694494247436523,-0.0,-0.0,-0.0,-0.0,off
24.900000000000002,15.00744342803955,4.004160404205322,5.9365057945251465,16.628252029418945,16.686450958251953,-0.0,-0.0,-0.0,-0.0,off
24.92,15.011775016784668,4.037558078765869,5.873558521270752,16.61787986755371,16.678199768066406,-0.0,0.0,-0.0,-0.0,off
24.94,14.990609169006348,4.118149280548096,5.8196892738342285,16.599586486816406,16.668848037719727,-0.0,-0.0,-0.0,-0.0,off
24.96,14.958796501159668,4.216842174530029,5.783592700958252,16.58304214477539,16.658674240112305,-0.0,-0.0,-0.0,-0.0,off
24.98,14.94986343383789,4.287822246551514,5.6985907554626465,16.56374740600586,16.6474552154541,-0.0,-0.0,-0.0,-0.0,off
25.0,14.945087432861328,4.307450294494629,5.642622470855713,16.545360565185547,16.63564682006836,-0.0,-0.0,-0.0,-0.0,off
25.02,14.945589065551758,4.260064125061035,5.575129508972168,16.510629653930664,16.621810913085938,-0.0,-0.0,-0.0,-0.0,off
25.04,14.931916236877441,4.323996067047119,5.54914665222168,16.506122589111328,16.608932495117188,-0.0,-0.0,-0.0,-0.0,off
25.060000000000002,14.911670684814453,4.369146823883057,5.505390167236328,16.485044479370117,16.595260620117188,-0.0,-0.0,-0.0,-0.0,off
25.080000000000002,14.895885467529297,4.404877185821533,5.470439910888672,16.468639373779297,16.581384658813477,-0.0,0.0,-0.0,-0.0,off
25.1,14.893820762634277,4.475737571716309,5.429385662078857,16.4722900390625,16.5692081451416,-0.0,-0.0,-0.0,-0.0,off
25.12,14.901310920715332,4.51663875579834,5.3690595626831055,16.470455169677734,16.55805778503418,-0.0,-0.0,-0.0,-0.0,off
25.14,14.913711547851562,4.445076942443848,5.317022323608398,16.445310592651367,16.545787811279297,-0.0,-0.0,-0.0,-0.0,off
25.16,14.91030216217041,4.578263282775879,5.263703346252441,16.461597442626953,16.536130905151367,-0.0,-0.0,-0.0,-0.0,off
25.18,14.890008926391602,4.689854621887207,5.215190410614014,16.45920181274414,16.52701759338379,-0.0,0.0,-0.0,-0.0,off
25.2,14.881481170654297,4.839059829711914,5.1608452796936035,16.4775390625,16.520322799682617,-0.0,-0.0,-0.0,-0.0,off
25.22,14.856488227844238,4.829453945159912,5.118869781494141,16.439029693603516,16.51070213317871,-0.0,-0.0,-0.0,-0.0,off
25.240000000000002,14.84337043762207,4.950888633728027,5.064911365509033,16.44658851623535,16.502565383911133,-0.0,-0.0,-0.0,-0.0,off
25.26,14.8451509475708,5.0107927322387695,5.0009446144104,16.446762084960938,16.495227813720703,-0.0,-0.0,-0.0,-0.0,off
25.28,14.840042114257812,5.127544403076172,4.9671950340271,16.4678955078125,16.490585327148438,-0.0,-0.0,-0.0,-0.0,off
25.3,14.810670852661133,5.239991188049316,4.947793960571289,16.471010208129883,16.48661231994629,-0.0,-0.0,-0.0,-0.0,off
25.32,14.795955657958984,5.365850925445557,4.916392803192139,16.4888916015625,16.48464012145996,-0.0,-0.0,-0.0,-0.0,off
25.34,14.78712272644043,5.425948143005371,4.875988483428955,16.488637924194336,16.482921600341797,-0.0,-0.0,-0.0,-0.0,off
25.36,14.799692153930664,5.556767463684082,4.805859088897705,16.522857666015625,16.48451042175293,-0.0,-0.0,-0.0,-0.0,off
25.38,14.782011985778809,5.599498271942139,4.7769060134887695,16.513057708740234,16.485164642333984,-0.0,-0.0,-0.0,-0.0,off
25.400000000000002,14.808837890625,5.59420919418335,4.713515281677246,16.5170841217041,16.486452102661133,0.0,-0.0,-0.0,0.0,off
25.42,14.788470268249512,5.686765193939209,4.681225299835205,16.521259307861328,16.487972259521484,-0.0,-0.0,-0.0,-0.0,off
25.44,14.777643203735352,5.830929279327393,4.633634090423584,16.548383712768555,16.49175453186035,-0.0,-0.0,-0.0,-0.0,off
25.46,14.76053237915039,6.0602922439575195,4.577979564666748,16.599950790405273,16.499601364135742,-0.0,-0.0,-0.0,-0.0,off
25.48,14.756596565246582,6.133481979370117,4.488348007202148,16.59885597229004,16.506542205810547,-0.0,-0.0,-0.0,-0.0,off
25.5,14.766388893127441,6.163741588592529,4.421294212341309,16.60077667236328,16.513235092163086,-0.0,-0.0,-0.0,-0.0,off
25.52,14.750046730041504,6.306896686553955,4.370082378387451,16.62643814086914,16.521560668945312,-0.0,-0.0,-0.0,-0.0,off
25.54,14.727455139160156,6.378983020782471,4.297664165496826,16.615032196044922,16.527931213378906,-0.0,-0.0,-0.0,-0.0,off
25.560000000000002,14.712385177612305,6.5406904220581055,4.25546932220459,16.65364646911621,16.537214279174805,-0.0,-0.0,-0.0,-0.0,off
25.580000000000002,14.716850280761719,6.568707466125488,4.19426155090332,16.653091430664062,16.545841217041016,-0.0,-0.0,-0.0,-0.0,off
25.6,14.728346824645996,6.415401458740234,4.0897932052612305,16.577333450317383,16.5468692779541,-0.0,-0.0,-0.0,-0.0,off
25.62,14.718232154846191,6.330600261688232,3.9881906509399414,16.510860443115234,16.541479110717773,-0.0,0.0,-0.0,-0.0,off
25.64,14.7373628616333,6.254399299621582,3.8910722732543945,16.47567367553711,16.533308029174805,-0.0,-0.0,-0.0,-0.0,off
25.66,14.746648788452148,6.136939525604248,3.7952404022216797,16.417354583740234,16.520292282104492,-0.0,-0.0,-0.0,-0.0,off
25.68,14.746253967285156,6.0775251388549805,3.6983773708343506,16.372730255126953,16.504112243652344,-0.0,-0.0,-0.0,-0.0,off
25.7,14.746720314025879,5.902752876281738,3.609405040740967,16.289138793945312,16.481239318847656,-0.0,-0.0,-0.0,-0.0,off
25.72,14.754579544067383,5.735422134399414,3.4590871334075928,16.20363998413086,16.451744079589844,-0.0,-0.0,-0.0,-0.0,off
25.740000000000002,14.751860618591309,5.596344470977783,3.329277992248535,16.125152587890625,16.41703224182129,-0.0,-0.0,-0.0,-0.0,off
25.76,14.751532554626465,5.470365047454834,3.2134599685668945,16.057985305786133,16.378795623779297,-0.0,-0.0,-0.0,-0.0,off
25.78,14.74459457397461,5.352715492248535,3.0773186683654785,15.985135078430176,16.33673667907715,-0.0,-0.0,-0.0,-0.0,off
25.8,14.74549674987793,5.169806480407715,2.9336764812469482,15.898523330688477,16.289636611938477,-0.0,-0.0,-0.0,-0.0,off
25.82,14.71483325958252,5.070156574249268,2.836493730545044,15.82019329071045,16.239356994628906,-0.0,-0.0,-0.0,-0.0,off
25.84,14.73081111907959,4.856969833374023,2.712773561477661,15.74630355834961,16.186031341552734,-0.0,-0.0,-0.0,-0.0,off
25.86,14.743631362915039,4.681606292724609,2.5752816200256348,15.68196964263916,16.130964279174805,-0.0,-0.0,-0.0,-0.0,off
25.88,14.745909690856934,4.52583646774292,2.4333176612854004,15.615571975708008,16.074216842651367,-0.0,-0.0,-0.0,-0.0,off
25.900000000000002,14.725327491760254,4.402713298797607,2.3106279373168945,15.54214096069336,16.01559829711914,-0.0,-0.0,-0.0,-0.0,off
25.92,14.695655822753906,4.319152355194092,2.1805038452148438,15.471650123596191,15.955768585205078,-0.0,-0.0,-0.0,-0.0,off
25.94,14.662569999694824,4.122595310211182,2.040862560272217,15.367233276367188,15.890839576721191,-0.0,-0.0,-0.0,-0.0,off
25.96,14.622110366821289,3.936159372329712,1.9112205505371094,15.262772560119629,15.821452140808105,-0.0,0.0,-0.0,-0.0,off
25.98,14.632268905639648,3.742441415786743,1.7864024639129639,15.208562850952148,15.752924919128418,-0.0,-0.0,-0.0,-0.0,off
26.0,14.593674659729004,3.570878267288208,1.6830623149871826,15.118175506591797,15.681983947753906,-0.0,-0.0,-0.0,-0.0,off
26.02,14.558797836303711,3.302572011947632,1.5683238506317139,15.010836601257324,15.606402397155762,-0.0,-0.0,-0.0,-0.0,off
26.04,14.548755645751953,3.070302724838257,1.491373062133789,14.943802833557129,15.531095504760742,-0.0,-0.0,-0.0,-0.0,off
26.060000000000002,14.529924392700195,2.902790069580078,1.4018959999084473,14.883218765258789,15.457159042358398,-0.0,-0.0,-0.0,-0.0,off
26.080000000000002,14.512621879577637,2.647855758666992,1.3228778839111328,14.811391830444336,15.38262939453125,0.0,0.0,-0.0,0.0,off
26.1,14.465087890625,2.460906744003296,1.2479431629180908,14.72590160369873,15.306928634643555,-0.0,-0.0,-0.0,-0.0,off
26.12,14.48101806640625,2.242304563522339,1.1531333923339844,14.698895454406738,15.235428810119629,-0.0,-0.0,-0.0,-0.0,off
26.14,14.492066383361816,2.036741018295288,1.0706794261932373,14.673604011535645,15.168127059936523,-0.0,-0.0,-0.0,-0.0,off
26.16,14.488834381103516,1.7549484968185425,1.013096809387207,14.629850387573242,15.102161407470703,-0.0,-0.0,-0.0,-0.0,off
26.18,14.497220993041992,1.559645414352417,0.9453821182250977,14.611491203308105,15.04082202911377,-0.0,-0.0,-0.0,-0.0,off
26.2,14.49201774597168,1.2680901288986206,0.8738803863525391,14.573616981506348,14.980624198913574,-0.0,-0.0,-0.0,-0.0,off
26.22,14.462055206298828,1.045400857925415,0.8315041065216064,14.523612022399902,14.921300888061523,-0.0,-0.0,-0.0,-0.0,off
26.240000000000002,14.422743797302246,0.701877772808075,0.7803676128387451,14.460883140563965,14.859947204589844,-0.0,-0.0,-0.0,-0.0,off
26.26,14.410087585449219,0.38550618290901184,0.7344141006469727,14.433938980102539,14.800697326660156,-0.0,-0.0,-0.0,-0.0,off
26.28,14.395116806030273,0.051657773554325104,0.6789212226867676,14.411211013793945,14.743517875671387,-0.0,-0.0,-0.0,-0.0,off
26.3,14.373432159423828,-0.23538115620613098,0.6334593296051025,14.389309883117676,14.68910026550293,-0.0,0.0,-0.0,-0.0,off
26.32,14.364419937133789,-0.5854665637016296,0.6163928508758545,14.389554977416992,14.638565063476562,-0.0,0.0,-0.0,-0.0,off
26.34,14.362181663513184,-0.8942745923995972,0.5833206176757812,14.401814460754395,14.593391418457031,-0.0,-0.0,-0.0,-0.0,off
26.36,14.348180770874023,-1.2715781927108765,0.5565195083618164,14.415162086486816,14.552124977111816,-0.0,0.0,-0.0,-0.0,off
26.38,14.354241371154785,-1.6438078880310059,0.5318095684051514,14.457840919494629,14.5175199508667,-0.0,-0.0,-0.0,-0.0,off
26.400000000000002,14.328657150268555,-2.0535831451416016,0.5266573429107666,14.48464584350586,14.486830711364746,-0.0,-0.0,-0.0,-0.0,off
26.42,14.31490707397461,-2.469604730606079,0.4949512183666229,14.534802436828613,14.461952209472656,-0.0,-0.0,-0.0,-0.0,off
26.44,14.30241870880127,-2.8732750415802,0.49797293543815613,14.596673011779785,14.444010734558105,-0.0,-0.0,-0.0,-0.0,off
26.46,14.298142433166504,-3.324791431427002,0.49516984820365906,14.68796443939209,14.434478759765625,-0.0,0.0,-0.0,-0.0,off
26.48,14.280750274658203,-3.8666441440582275,0.48533913493156433,14.802916526794434,14.433197021484375,-0.0,-0.0,-0.0,-0.0,off
26.5,14.286072731018066,-4.270638465881348,0.49491116404533386,14.918952941894531,14.442907333374023,-0.0,-0.0,-0.0,-0.0,off
26.52,14.278207778930664,-4.78670597076416,0.5244846343994141,15.068339347839355,14.46361255645752,-0.0,-0.0,-0.0,-0.0,off
26.54,14.30514907836914,-5.197019100189209,0.5483486652374268,15.229805946350098,14.498289108276367,0.0,0.0,-0.0,0.0,off
26.560000000000002,14.300485610961914,-5.525701522827148,0.5921978950500488,15.342358589172363,14.542407989501953,-0.0,-0.0,-0.0,-0.0,off
26.580000000000002,14.32802963256836,-5.785702705383301,0.6117897033691406,15.464186668395996,14.597389221191406,-0.0,-0.0,-0.0,-0.0,off
26.6,14.327693939208984,-6.120157241821289,0.6440598964691162,15.59339427947998,14.660962104797363,-0.0,-0.0,-0.0,-0.0,off
26.62,14.324085235595703,-6.385488510131836,0.6790211200714111,15.697609901428223,14.730999946594238,-0.0,-0.0,-0.0,-0.0,off
26.64,14.308603286743164,-6.528533935546875,0.7305819988250732,15.744574546813965,14.802940368652344,-0.0,-0.0,-0.0,-0.0,off
26.66,14.331204414367676,-6.650660037994385,0.7950246334075928,15.81919002532959,14.87922477722168,-0.0,-0.0,-0.0,-0.0,off
26.68,14.360836029052734,-6.72294282913208,0.8428256511688232,15.87897777557373,14.958024978637695,-0.0,0.0,-0.0,-0.0,off
26.7,14.381510734558105,-6.823080062866211,0.9033088684082031,15.943595886230469,15.038390159606934,-0.0,-0.0,-0.0,-0.0,off
26.72,14.395451545715332,-6.800304412841797,0.9521260261535645,15.949285507202148,15.115211486816406,-0.0,-0.0,-0.0,-0.0,off
26.740000000000002,14.434945106506348,-6.658217430114746,1.0119907855987549,15.928704261779785,15.186664581298828,-0.0,-0.0,-0.0,-0.0,off
26.76,14.459519386291504,-6.669837951660156,1.0820167064666748,15.960426330566406,15.256004333496094,-0.0,-0.0,-0.0,-0.0,off
26.78,14.449249267578125,-6.650843620300293,1.1531305313110352,15.948173522949219,15.318780899047852,-0.0,-0.0,-0.0,-0.0,off
26.8,14.42312240600586,-6.598211288452148,1.2263357639312744,15.908072471618652,15.372692108154297,-0.0,-0.0,-0.0,-0.0,off
26.82,14.43620491027832,-6.585648536682129,1.3012621402740479,15.920680046081543,15.423419952392578,-0.0,-0.0,-0.0,-0.0,off
26.84,14.447322845458984,-6.553489685058594,1.3652091026306152,15.922850608825684,15.470144271850586,-0.0,-0.0,-0.0,-0.0,off
26.86,14.444917678833008,-6.675848960876465,1.4318969249725342,15.977263450622559,15.517521858215332,0.0,-0.0,-0.0,0.0,off
26.88,14.468257904052734,-6.779809951782227,1.4823005199432373,16.04660415649414,15.567188262939453,-0.0,-0.0,-0.0,-0.0,off
26.900000000000002,14.497429847717285,-6.843618869781494,1.5356714725494385,16.10493278503418,15.618003845214844,-0.0,-0.0,-0.0,-0.0,off
26.92,14.499748229980469,-6.864538192749023,1.6068825721740723,16.122861862182617,15.665857315063477,-0.0,-0.0,-0.0,-0.0,off
26.94,14.506808280944824,-6.889790058135986,1.6617636680603027,16.145530700683594,15.711487770080566,0.0,0.0,-0.0,0.0,off
26.96,14.49532413482666,-6.935701370239258,1.7377276420593262,16.162860870361328,15.754364967346191,-0.0,0.0,-0.0,-0.0,off
26.98,14.49641227722168,-6.990238189697266,1.8004863262176514,16.194169998168945,15.796175003051758,-0.0,-0.0,-0.0,-0.0,off
27.0,14.515338897705078,-7.009399890899658,1.8708674907684326,16.22735023498535,15.837327003479004,-0.0,-0.0,-0.0,-0.0,off
27.02,14.546102523803711,-7.02233362197876,1.9359805583953857,16.268075942993164,15.878654479980469,-0.0,-0.0,-0.0,-0.0,off
27.04,14.5726957321167,-7.017768859863281,2.0108134746551514,16.298954010009766,15.919118881225586,-0.0,-0.0,-0.0,-0.0,off
27.060000000000002,14.595258712768555,-7.10085916519165,2.09486722946167,16.365581512451172,15.96209716796875,-0.0,-0.0,-0.0,-0.0,off
27.080000000000002,14.601930618286133,-7.186511993408203,2.125096559524536,16.412750244140625,16.005535125732422,-0.0,-0.0,-0.0,-0.0,off
27.1,14.613056182861328,-7.206121921539307,2.1939659118652344,16.440288543701172,16.047475814819336,-0.0,0.0,-0.0,-0.0,off
27.12,14.631752014160156,-7.287607192993164,2.257392644882202,16.501310348510742,16.09128761291504,-0.0,0.0,-0.0,-0.0,off
27.14,14.636348724365234,-7.3345866203308105,2.316823959350586,16.534404754638672,16.134065628051758,-0.0,-0.0,-0.0,-0.0,off
27.16,14.657090187072754,-7.465732097625732,2.376236915588379,16.619686126708984,16.180950164794922,-0.0,-0.0,-0.0,-0.0,off
27.18,14.664175033569336,-7.521373748779297,2.4338455200195312,16.659311294555664,16.227153778076172,-0.0,-0.0,-0.0,-0.0,off
27.2,14.673830032348633,-7.606329441070557,2.523090362548828,16.719554901123047,16.27463722229004,-0.0,-0.0,-0.0,-0.0,off
27.22,14.699418067932129,-7.5858073234558105,2.6363236904144287,16.750150680541992,16.320518493652344,-0.0,-0.0,-0.0,-0.0,off
27.240000000000002,14.722777366638184,-7.609679698944092,2.719761848449707,16.794776916503906,16.36632537841797,-0.0,-0.0,-0.0,-0.0,off
27.26,14.735047340393066,-7.674014091491699,2.806502103805542,16.8489933013916,16.41290855407715,-0.0,0.0,-0.0,-0.0,off
27.28,14.763115882873535,-7.736140727996826,2.93207049369812,16.923194885253906,16.462085723876953,0.0,-0.0,-0.0,0.0,off
27.3,14.795576095581055,-7.6939849853515625,3.0800721645355225,16.958576202392578,16.50981330871582,-0.0,-0.0,-0.0,-0.0,off
27.32,14.795563697814941,-7.720370292663574,3.223266839981079,16.99712562561035,16.5563907623291,-0.0,-0.0,-0.0,-0.0,off
27.34,14.802872657775879,-7.708919048309326,3.367871046066284,17.026304244995117,16.60105323791504,-0.0,-0.0,-0.0,-0.0,off
27.36,14.852001190185547,-7.703509330749512,3.5055696964263916,17.094297409057617,16.647951126098633,-0.0,-0.0,-0.0,-0.0,off
27.38,14.881193161010742,-7.760213851928711,3.6382601261138916,17.17287826538086,16.697877883911133,-0.0,-0.0,-0.0,-0.0,off
27.400000000000002,14.884315490722656,-7.805722236633301,3.775092124938965,17.225664138793945,16.747913360595703,-0.0,0.0,-0.0,-0.0,off
27.42,14.915910720825195,-7.8415207862854,3.9173107147216797,17.30084228515625,16.80032730102539,-0.0,0.0,-0.0,-0.0,off
27.44,14.972601890563965,-7.897685527801514,4.038398265838623,17.40289878845215,16.85772132873535,-0.0,0.0,-0.0,-0.0,off
27.46,15.010900497436523,-8.043828964233398,4.165567874908447,17.532320022583008,16.922199249267578,-0.0,0.0,-0.0,-0.0,off
27.48,15.003836631774902,-8.048052787780762,4.3123931884765625,17.563684463500977,16.98320960998535,-0.0,-0.0,-0.0,-0.0,off
27.5,15.044694900512695,-8.082948684692383,4.456945419311523,17.650531768798828,17.046730041503906,-0.0,-0.0,-0.0,-0.0,off
27.52,15.057913780212402,-8.117566108703613,4.584005832672119,17.710132598876953,17.109838485717773,-0.0,-0.0,-0.0,-0.0,off
27.54,15.073070526123047,-8.209027290344238,4.71378755569458,17.799026489257812,17.175457000732422,-0.0,-0.0,-0.0,-0.0,off
27.560000000000002,15.111617088317871,-8.210315704345703,4.866049289703369,17.873126983642578,17.241859436035156,-0.0,-0.0,-0.0,-0.0,off
27.580000000000002,15.129026412963867,-8.209781646728516,4.981207847595215,17.919273376464844,17.306333541870117,-0.0,-0.0,-0.0,-0.0,off
27.6,15.154207229614258,-8.280531883239746,5.1055684089660645,18.007888793945312,17.373241424560547,-0.0,-0.0,-0.0,-0.0,off
27.62,15.19626235961914,-8.290539741516113,5.187503337860107,18.071237564086914,17.440095901489258,-0.0,-0.0,-0.0,-0.0,off
27.64,15.217897415161133,-8.38805103302002,5.291720867156982,18.164419174194336,17.509654998779297,-0.0,-0.0,-0.0,-0.0,off
27.66,15.251951217651367,-8.455631256103516,5.370865345001221,18.24735450744629,17.58077621459961,-0.0,0.0,-0.0,-0.0,off
27.68,15.29159164428711,-8.480218887329102,5.454268932342529,18.316547393798828,17.651914596557617,-0.0,-0.0,-0.0,-0.0,off
27.7,15.307018280029297,-8.514749526977539,5.546329975128174,18.373010635375977,17.721683502197266,-0.0,0.0,-0.0,-0.0,off
27.72,15.320717811584473,-8.568439483642578,5.660303592681885,18.444011688232422,17.791553497314453,-0.0,0.0,-0.0,-0.0,off
27.740000000000002,15.344857215881348,-8.613760948181152,5.728686809539795,18.50619888305664,17.860857009887695,-0.0,-0.0,-0.0,-0.0,off
27.76,15.39067268371582,-8.546594619750977,5.845010280609131,18.549427032470703,17.92760467529297,-0.0,-0.0,-0.0,-0.0,off
27.78,15.435393333435059,-8.545548439025879,5.896848201751709,18.602436065673828,17.993249893188477,-0.0,-0.0,-0.0,-0.0,off
27.8,15.452470779418945,-8.517594337463379,5.952877521514893,18.621627807617188,18.05442237854004,-0.0,0.0,-0.0,-0.0,off
27.82,15.475707054138184,-8.530146598815918,6.018285274505615,18.66763687133789,18.11420440673828,-0.0,0.0,-0.0,-0.0,off
27.84,15.492656707763672,-8.482780456542969,6.0746893882751465,18.67837905883789,18.169191360473633,-0.0,-0.0,-0.0,-0.0,off
