t,Fx_hat,Fy_hat,Fz_hat,tau_yaw_hat,tau_yaw_ema,force_mag,force_mag_ema,wz_obs,vx_cmd,vy_cmd,wz_cmd,compliance_mode
0.0,22.90507698059082,-2.4082753658294678,8.304037094116211,1.5127418041229248,1.6652029752731323,24.482635498046875,22.921566009521484,-0.0,-0.0,-0.0,-0.0,off
0.02,23.192951202392578,-2.4844491481781006,8.176913261413574,1.4550201892852783,1.6441845893859863,24.717350006103516,23.078109741210938,-0.0,-0.0,-0.0,-0.0,off
0.04,23.961130142211914,-2.278163194656372,8.262829780578613,1.4703283309936523,1.6267989873886108,25.447988510131836,23.29825210571289,-0.0,-0.0,-0.0,-0.0,off
0.06,24.30416488647461,-1.8183910846710205,8.074581146240234,1.5171923637390137,1.6158382892608643,25.674848556518555,23.524599075317383,0.0,-0.0,-0.0,0.0,off
0.08,24.354564666748047,-1.090575933456421,7.516607761383057,1.525221586227417,1.6067765951156616,25.51144027709961,23.715999603271484,-0.0,-0.0,-0.0,-0.0,off
0.1,24.570528030395508,-0.35770538449287415,6.880302429199219,1.5243444442749023,1.5985333919525146,25.518177032470703,23.889497756958008,-0.0,-0.0,-0.0,-0.0,off
0.12,24.549049377441406,0.06920120865106583,6.230348110198975,1.5438830852508545,1.5930683612823486,25.32741355895996,24.026201248168945,-0.0,-0.0,-0.0,-0.0,off
0.14,24.52992820739746,0.5406501293182373,5.771998882293701,1.5568199157714844,1.5894434452056885,25.20566749572754,24.134925842285156,-0.0,-0.0,-0.0,-0.0,off
0.16,24.596704483032227,0.7780821323394775,5.380177021026611,1.5729575157165527,1.5877947807312012,25.19026756286621,24.230546951293945,-0.0,0.0,-0.0,-0.0,off
0.18,24.761674880981445,1.0377190113067627,5.146012783050537,1.5788578987121582,1.586901068687439,25.312028884887695,24.328027725219727,-0.0,-0.0,-0.0,-0.0,off
0.2,24.72401237487793,1.012882947921753,4.936366558074951,1.6016037464141846,1.5883713960647583,25.232328414916992,24.409433364868164,-0.0,-0.0,-0.0,-0.0,off
0.22,24.74130630493164,0.9536364078521729,4.662390232086182,1.6096723079681396,1.5905014276504517,25.19483184814453,24.480091094970703,-0.0,-0.0,-0.0,-0.0,off
0.24,24.836095809936523,0.897254228591919,4.368387222290039,1.614640235900879,1.5929151773452759,25.23330307006836,24.548065185546875,-0.0,-0.0,-0.0,-0.0,off
0.26,24.811382293701172,0.9060842990875244,4.189024448394775,1.6216459274291992,1.5957882404327393,25.178831100463867,24.604387283325195,-0.0,0.0,-0.0,-0.0,off
0.28,24.74942398071289,0.8474881649017334,3.915073871612549,1.6051485538482666,1.5967241525650024,25.07149887084961,24.644634246826172,-0.0,-0.0,-0.0,-0.0,off
0.3,24.832290649414062,0.7528741359710693,3.7812914848327637,1.5831530094146729,1.5953669548034668,25.12981605529785,24.687530517578125,-0.0,-0.0,-0.0,-0.0,off
0.32,24.88852882385254,0.581641435623169,3.552420139312744,1.559934139251709,1.591823697090149,25.14750099182129,24.72823715209961,-0.0,-0.0,-0.0,-0.0,off
0.34,25.107654571533203,0.39711639285087585,3.172995090484619,1.5185682773590088,1.5844980478286743,25.310470581054688,24.78016471862793,-0.0,-0.0,-0.0,-0.0,off
0.36,25.376514434814453,0.3283068835735321,2.877627372741699,1.4530420303344727,1.5713523626327515,25.541261672973633,24.849153518676758,0.0,0.0,-0.0,0.0,off
0.38,25.742599487304688,0.2891232669353485,2.516838550567627,1.389415979385376,1.5531587600708008,25.866958618164062,24.94239616394043,0.0,-0.0,-0.0,0.0,off
0.4,25.949264526367188,0.38173553347587585,2.079171657562256,1.3236632347106934,1.5302091836929321,26.035226821899414,25.04121208190918,-0.0,-0.0,-0.0,-0.0,off
0.42,26.02762794494629,0.4925229251384735,1.590014100074768,1.2818658351898193,1.505374789237976,26.080801010131836,25.132476806640625,-0.0,-0.0,-0.0,-0.0,off
0.44,25.880718231201172,0.7102892398834229,1.1082254648208618,1.235701560974121,1.4784075021743774,25.91417121887207,25.195852279663086,-0.0,-0.0,-0.0,-0.0,off
0.46,25.759605407714844,0.6788389682769775,0.6199222803115845,1.1734464168548584,1.4479113817214966,25.776004791259766,25.237350463867188,-0.0,-0.0,-0.0,-0.0,off
0.48,25.593578338623047,0.6829624176025391,0.2989726960659027,1.1165616512298584,1.4147764444351196,25.604434967041016,25.257606506347656,-0.0,-0.0,-0.0,-0.0,off
0.5,25.433917999267578,0.5461874008178711,-0.06774654984474182,1.0629515647888184,1.379593849182129,25.439870834350586,25.259042739868164,-0.0,-0.0,-0.0,-0.0,off
0.52,25.558368682861328,0.5187568664550781,-0.34594908356666565,1.0121872425079346,1.3428531885147095,25.56597328186035,25.273263931274414,0.0,-0.0,-0.0,0.0,off
0.54,25.728656768798828,0.44881364703178406,-0.7365678548812866,0.9529629349708557,1.3038641214370728,25.74311065673828,25.302881240844727,0.0,-0.0,-0.0,0.0,off
0.56,25.95909309387207,0.26367661356925964,-1.0632280111312866,0.8994291424751282,1.263420581817627,25.982194900512695,25.353336334228516,-0.0,-0.0,-0.0,-0.0,off
0.58,26.152843475341797,0.16681215167045593,-1.37326180934906,0.860640823841095,1.2231426239013672,26.189403533935547,25.419580459594727,-0.0,-0.0,-0.0,-0.0,off
0.6,26.387310028076172,0.15167877078056335,-1.6764582395553589,0.8295197486877441,1.183780312538147,26.44094467163086,25.504627227783203,-0.0,-0.0,-0.0,-0.0,off
0.62,26.54719352722168,0.12445066124200821,-1.9785751104354858,0.7907434105873108,1.1444766521453857,26.62111473083496,25.599483489990234,-0.0,-0.0,-0.0,-0.0,off
0.64,26.723121643066406,-0.017133258283138275,-2.292921543121338,0.7451901435852051,1.1045479774475098,26.821317672729492,25.704959869384766,-0.0,-0.0,-0.0,-0.0,off
0.66,26.77854347229004,-0.06404044479131699,-2.527148723602295,0.69737309217453,1.0638304948806763,26.897602081298828,25.808486938476562,-0.0,-0.0,-0.0,-0.0,off
0.68,26.903018951416016,-0.06770732253789902,-2.811709403991699,0.6549124717712402,1.02293860912323,27.049633026123047,25.91729736328125,-0.0,-0.0,-0.0,-0.0,off
0.7000000000000001,27.01240348815918,-0.1648886501789093,-3.086085796356201,0.6241101622581482,0.9830557107925415,27.18861961364746,26.029523849487305,-0.0,0.0,-0.0,-0.0,off
0.72,27.027048110961914,-0.33597615361213684,-3.2990212440490723,0.5739088654518127,0.9421409964561462,27.229721069335938,26.135406494140625,-0.0,0.0,-0.0,-0.0,off
0.74,27.090560913085938,-0.4710374176502228,-3.473783016204834,0.5245223641395569,0.9003790616989136,27.31643295288086,26.24043846130371,-0.0,0.0,-0.0,-0.0,off
0.76,27.191486358642578,-0.6458315849304199,-3.695194721221924,0.4868886470794678,0.85903000831604,27.449016571044922,26.34865951538086,-0.0,-0.0,-0.0,-0.0,off
0.78,27.23438262939453,-0.7951087951660156,-3.9040842056274414,0.4453670382499695,0.8176636695861816,27.524274826049805,26.454057693481445,-0.0,-0.0,-0.0,-0.0,off
0.8,27.297626495361328,-1.0155680179595947,-4.146659851074219,0.40032827854156494,0.7759301066398621,27.629451751708984,26.559371948242188,-0.0,-0.0,-0.0,-0.0,off
0.8200000000000001,27.349782943725586,-1.235344409942627,-4.350520610809326,0.3354080617427826,0.731877863407135,27.72117805480957,26.66353416442871,-0.0,-0.0,-0.0,-0.0,off
0.84,27.500885009765625,-1.4029138088226318,-4.615784168243408,0.2674401104450226,0.6854340434074402,27.920822143554688,26.77719497680664,-0.0,-0.0,-0.0,-0.0,off
0.86,27.611164093017578,-1.5803711414337158,-4.828210353851318,0.21613654494285583,0.6385042667388916,28.074644088745117,26.89518165588379,-0.0,-0.0,-0.0,-0.0,off
0.88,27.6717586517334,-1.7630815505981445,-4.992445468902588,0.15365809202194214,0.5900195837020874,28.17373275756836,27.01183319091797,-0.0,-0.0,-0.0,-0.0,off
0.9,27.72657585144043,-1.9219896793365479,-5.196702480316162,0.09094370901584625,0.5401119589805603,28.27477264404297,27.127193450927734,-0.0,-0.0,-0.0,-0.0,off
0.92,27.756772994995117,-2.122695207595825,-5.372814178466797,0.022129565477371216,0.4883137345314026,28.3515682220459,27.23893165588379,0.0,-0.0,-0.0,0.0,off
0.9400000000000001,27.801231384277344,-2.246377944946289,-5.55100154876709,-0.02994219958782196,0.43648815155029297,28.43885040283203,27.348743438720703,0.0,-0.0,-0.0,0.0,off
0.96,27.856340408325195,-2.368427276611328,-5.732276916503906,-0.08539607375860214,0.38429969549179077,28.538467407226562,27.457996368408203,-0.0,0.0,-0.0,-0.0,off
0.98,27.88813018798828,-2.5736069679260254,-5.8512678146362305,-0.1394684910774231,0.33192285895347595,28.61133575439453,27.564041137695312,-0.0,-0.0,-0.0,-0.0,off
1.0,27.922649383544922,-2.7685446739196777,-6.0368428230285645,-0.1965751051902771,0.279073029756546,28.701614379882812,27.66850471496582,-0.0,0.0,-0.0,-0.0,off
1.02,27.953014373779297,-2.9758808612823486,-6.225863456726074,-0.25364530086517334,0.22580118477344513,28.792156219482422,27.771486282348633,0.0,0.0,-0.0,0.0,off
1.04,28.001602172851562,-3.1738791465759277,-6.339892864227295,-0.30201587080955505,0.17301948368549347,28.88524627685547,27.8739013671875,0.0,0.0,-0.0,0.0,off
1.06,28.01584243774414,-3.4339678287506104,-6.470152378082275,-0.34961003065109253,0.12075653672218323,28.957597732543945,27.973222732543945,0.0,-0.0,-0.0,0.0,off
1.08,28.014005661010742,-3.658849000930786,-6.580649375915527,-0.4160906672477722,0.0670718103647232,29.008216857910156,28.06781768798828,-0.0,-0.0,-0.0,-0.0,off
1.1,28.024642944335938,-3.804393768310547,-6.607541561126709,-0.46729686856269836,0.01363493874669075,29.043306350708008,28.15739631652832,-0.0,-0.0,-0.0,-0.0,off
1.12,28.048206329345703,-4.036757946014404,-6.700447082519531,-0.5031824111938477,-0.03804679587483406,29.118608474731445,28.24561309814453,-0.0,-0.0,-0.0,-0.0,off
1.1400000000000001,28.09796714782715,-4.231375694274902,-6.809739589691162,-0.5343874096870422,-0.0876808613538742,29.219390869140625,28.335298538208008,-0.0,-0.0,-0.0,-0.0,off
1.16,28.116321563720703,-4.439987659454346,-6.905679225921631,-0.5685179233551025,-0.13576456904411316,29.29043197631836,28.423236846923828,-0.0,-0.0,-0.0,-0.0,off
1.18,28.113203048706055,-4.646777629852295,-6.963873386383057,-0.6079367399215698,-0.18298178911209106,29.333261489868164,28.506881713867188,-0.0,-0.0,-0.0,-0.0,off
1.2,28.064605712890625,-4.870388507843018,-7.002912998199463,-0.6432608366012573,-0.2290096879005432,29.332294464111328,28.58214569091797,-0.0,-0.0,-0.0,-0.0,off
1.22,28.063743591308594,-5.070890426635742,-7.039875507354736,-0.6719043254852295,-0.2732991576194763,29.374265670776367,28.654333114624023,-0.0,-0.0,-0.0,-0.0,off
1.24,28.065357208251953,-5.377162456512451,-7.065725803375244,-0.6995183229446411,-0.3159210681915283,29.436416625976562,28.72515869140625,-0.0,-0.0,-0.0,-0.0,off
1.26,28.049537658691406,-5.652688980102539,-7.116478443145752,-0.7207031846046448,-0.3563992977142334,29.485143661499023,28.793495178222656,-0.0,0.0,-0.0,-0.0,off
1.28,27.967655181884766,-5.942521095275879,-7.125402450561523,-0.7377611994743347,-0.39453548192977905,29.466501235961914,28.85276222229004,-0.0,-0.0,-0.0,-0.0,off
1.3,27.942428588867188,-6.216184616088867,-7.116175651550293,-0.7504061460494995,-0.4301225244998932,29.496782302856445,28.90900230407715,-0.0,0.0,-0.0,-0.0,off
1.32,27.945022583007812,-6.483982563018799,-7.1008620262146,-0.7342267036437988,-0.46053293347358704,29.55314826965332,28.96520233154297,-0.0,-0.0,-0.0,-0.0,off
1.34,27.90496063232422,-6.772356986999512,-7.031120777130127,-0.7200414538383484,-0.48648378252983093,29.56329345703125,29.016592025756836,-0.0,-0.0,-0.0,-0.0,off
1.36,27.813798904418945,-7.212292194366455,-6.971014499664307,-0.6800284385681152,-0.5058382153511047,29.56720542907715,29.061800003051758,-0.0,-0.0,-0.0,-0.0,off
1.3800000000000001,27.660306930541992,-7.529585361480713,-6.800734996795654,-0.6659252643585205,-0.5218468904495239,29.46247100830078,29.09148406982422,-0.0,-0.0,-0.0,-0.0,off
1.4000000000000001,27.430282592773438,-7.9813432693481445,-6.491599082946777,-0.6398798227310181,-0.5336501598358154,29.296127319335938,29.09967613220215,-0.0,-0.0,-0.0,-0.0,off
1.42,27.130388259887695,-8.360754013061523,-6.017022132873535,-0.6448466777801514,-0.544769823551178,29.02007484436035,29.077617645263672,-0.0,-0.0,-0.0,-0.0,off
1.44,26.606014251708984,-8.494956016540527,-5.337270736694336,-0.6881422400474548,-0.5591070652008057,28.434675216674805,28.99822235107422,-0.0,-0.0,-0.0,-0.0,off
1.46,26.429019927978516,-8.484795570373535,-4.636978626251221,-0.7443578243255615,-0.5776321291923523,28.142253875732422,28.897388458251953,0.0,0.0,-0.0,0.0,off
1.48,26.037490844726562,-8.712928771972656,-4.058712482452393,-0.8024706244468689,-0.600115954875946,27.754985809326172,28.765270233154297,-0.0,-0.0,-0.0,-0.0,off
1.5,25.930438995361328,-8.550658226013184,-3.3615355491638184,-0.891096830368042,-0.6292139887809753,27.51002311706543,28.621614456176758,-0.0,-0.0,-0.0,-0.0,off
1.52,25.668617248535156,-8.629902839660645,-2.605588912963867,-0.9599522948265076,-0.6622878313064575,27.205556869506836,28.458181381225586,-0.0,0.0,-0.0,-0.0,off
1.54,25.284076690673828,-8.431984901428223,-1.7789586782455444,-0.9981087446212769,-0.6958699226379395,26.712312698364258,28.258634567260742,-0.0,0.0,-0.0,-0.0,off
1.56,24.77338218688965,-8.678711891174316,-1.0393284559249878,-0.9674801826477051,-0.7230309247970581,26.27014923095703,28.02890968322754,-0.0,-0.0,-0.0,-0.0,off
1.58,24.438011169433594,-9.050171852111816,-0.04342499375343323,-0.810079038143158,-0.7317357063293457,26.06000518798828,27.790420532226562,-0.0,0.0,-0.0,-0.0,off
1.6,24.318275451660156,-9.488598823547363,0.7646681070327759,-0.6553820371627808,-0.7241003513336182,26.115068435668945,27.572921752929688,0.0,-0.0,-0.0,0.0,off
1.62,24.004724502563477,-9.924286842346191,1.6962929964065552,-0.6129460334777832,-0.7129849195480347,26.030668258666992,27.357873916625977,-0.0,-0.0,-0.0,-0.0,off
1.6400000000000001,24.307842254638672,-10.419844627380371,2.2686538696289062,-0.688646674156189,-0.7105510830879211,26.54413604736328,27.21323013305664,-0.0,-0.0,-0.0,-0.0,off
1.6600000000000001,24.41949462890625,-10.545825004577637,2.960078716278076,-0.7406904101371765,-0.7135649919509888,26.763561248779297,27.10382080078125,-0.0,-0.0,-0.0,-0.0,off
1.68,24.519201278686523,-10.418190956115723,3.6608200073242188,-0.7668570280075073,-0.7188941836357117,26.89110565185547,27.018787384033203,-0.0,-0.0,-0.0,-0.0,off
1.7,24.69855308532715,-10.053351402282715,4.2970452308654785,-0.8274291157722473,-0.7297476530075073,27.010238647460938,26.957138061523438,-0.0,-0.0,-0.0,-0.0,off
1.72,24.769363403320312,-9.721175193786621,4.943699359893799,-0.8971955180168152,-0.7464923858642578,27.064048767089844,26.908061981201172,-0.0,-0.0,-0.0,-0.0,off
1.74,25.003538131713867,-9.459084510803223,5.313051700592041,-0.9419450759887695,-0.76603764295578,27.255821228027344,26.88895034790039,-0.0,-0.0,-0.0,-0.0,off
1.76,25.065256118774414,-9.206914901733398,5.498286724090576,-0.9769601225852966,-0.7871298789978027,27.262895584106445,26.8800048828125,-0.0,-0.0,-0.0,-0.0,off
1.78,25.03612518310547,-9.097365379333496,5.527439594268799,-0.9768862128257751,-0.8061054944992065,27.20518684387207,26.87455940246582,-0.0,-0.0,-0.0,-0.0,off
1.8,24.883296966552734,-9.04037857055664,5.795612812042236,-0.9945724606513977,-0.8249521851539612,27.101587295532227,26.862314224243164,-0.0,-0.0,-0.0,-0.0,off
1.82,24.673002243041992,-8.939274787902832,6.0977067947387695,-1.010812759399414,-0.843538224697113,26.94159698486328,26.837217330932617,-0.0,0.0,-0.0,-0.0,off
1.84,24.480422973632812,-8.888617515563965,6.457754611968994,-1.036977767944336,-0.862882137298584,26.832839965820312,26.804567337036133,-0.0,0.0,-0.0,-0.0,off
1.86,24.33976173400879,-8.862841606140137,6.977960109710693,-1.0727479457855225,-0.8838686943054199,26.826589584350586,26.77305030822754,-0.0,-0.0,-0.0,-0.0,off
1.8800000000000001,24.123451232910156,-8.77164077758789,7.624119758605957,-1.1382782459259033,-0.9093096256256104,26.77703857421875,26.736141204833984,-0.0,-0.0,-0.0,-0.0,off
1.9000000000000001,23.94059181213379,-8.686798095703125,8.338858604431152,-1.2082855701446533,-0.9392071962356567,26.798301696777344,26.700624465942383,-0.0,-0.0,-0.0,-0.0,off
1.92,23.894447326660156,-8.628100395202637,9.010395050048828,-1.2642784118652344,-0.9717142581939697,26.955074310302734,26.68147850036621,-0.0,-0.0,-0.0,-0.0,off
1.94,23.8045597076416,-8.581820487976074,9.795692443847656,-1.307603359222412,-1.005303144454956,27.13411521911621,26.677490234375,-0.0,-0.0,-0.0,-0.0,off
1.96,23.638744354248047,-8.527542114257812,10.656745910644531,-1.3467161655426025,-1.0394444465637207,27.296070098876953,26.684080123901367,-0.0,-0.0,-0.0,-0.0,off
1.98,23.584125518798828,-8.475394248962402,11.392306327819824,-1.393329381942749,-1.0748329162597656,27.528675079345703,26.71074867248535,-0.0,-0.0,-0.0,-0.0,off
2.0,23.52713394165039,-8.405071258544922,12.078474044799805,-1.437530279159546,-1.11110258102417,27.749969482421875,26.755643844604492,-0.0,0.0,-0.0,-0.0,off
2.02,23.424184799194336,-8.266175270080566,12.962063789367676,-1.4777650833129883,-1.1477688550949097,28.01851463317871,26.81782341003418,-0.0,-0.0,-0.0,-0.0,off
2.04,23.39031219482422,-8.146683692932129,13.659598350524902,-1.5088472366333008,-1.183876633644104,28.285327911376953,26.900087356567383,-0.0,-0.0,-0.0,-0.0,off
2.06,23.333398818969727,-7.962100982666016,14.218714714050293,-1.5473098754882812,-1.2202199697494507,28.460752487182617,26.993663787841797,-0.0,-0.0,-0.0,-0.0,off
2.08,23.298166275024414,-7.756818771362305,14.742918968200684,-1.5957322120666504,-1.2577711343765259,28.641342163085938,27.09846305847168,-0.0,0.0,-0.0,-0.0,off
2.1,23.276439666748047,-7.492476463317871,15.271742820739746,-1.6476929187774658,-1.296763300895691,28.829776763916016,27.213638305664062,0.0,0.0,-0.0,0.0,off
2.12,23.286544799804688,-7.278327941894531,15.778277397155762,-1.682264804840088,-1.3353134393692017,29.054969787597656,27.34246253967285,-0.0,-0.0,-0.0,-0.0,off
2.14,23.269868850708008,-7.0120320320129395,16.273014068603516,-1.7183690071105957,-1.3736189603805542,29.248355865478516,27.479841232299805,-0.0,-0.0,-0.0,-0.0,off
2.16,23.230953216552734,-6.7725629806518555,16.681739807128906,-1.7507691383361816,-1.4113340377807617,29.39090347290039,27.62089729309082,-0.0,-0.0,-0.0,-0.0,off
2.18,23.126628875732422,-6.589326858520508,17.03865623474121,-1.7927896976470947,-1.449479579925537,29.47161293029785,27.75928497314453,-0.0,-0.0,-0.0,-0.0,off
2.2,22.971572875976562,-6.27188777923584,17.317960739135742,-1.8261444568634033,-1.487146019935608,29.443870544433594,27.883852005004883,-0.0,-0.0,-0.0,-0.0,off
2.22,22.848060607910156,-6.065789699554443,17.5003662109375,-1.8440821170806885,-1.5228395462036133,29.41242027282715,27.99725914001465,-0.0,-0.0,-0.0,-0.0,off
2.24,22.802719116210938,-5.825090408325195,17.58214569091797,-1.8723933696746826,-1.5577948093414307,29.377330780029297,28.100954055786133,-0.0,-0.0,-0.0,-0.0,off
2.2600000000000002,22.792457580566406,-5.528561115264893,17.64163589477539,-1.8855764865875244,-1.5905729532241821,29.347715377807617,28.195556640625,0.0,-0.0,-0.0,0.0,off
2.2800000000000002,22.70741844177246,-5.236108779907227,17.68913459777832,-1.8852951526641846,-1.6200450658798218,29.256608963012695,28.27474021911621,-0.0,-0.0,-0.0,-0.0,off
2.3000000000000003,22.67599105834961,-4.905525207519531,17.670856475830078,-1.8876500129699707,-1.6468055248260498,29.16374397277832,28.339801788330078,-0.0,-0.0,-0.0,-0.0,off
2.32,22.610483169555664,-4.631053447723389,17.64218521118164,-1.8969497680664062,-1.6718199253082275,29.050426483154297,28.38975715637207,0.0,0.0,-0.0,0.0,off
2.34,22.661481857299805,-4.423977851867676,17.59897232055664,-1.9228746891021729,-1.6969252824783325,29.031675338745117,28.436002731323242,0.0,0.0,-0.0,0.0,off
2.36,22.64998435974121,-4.278066158294678,17.639301300048828,-1.9391789436340332,-1.7211506366729736,29.025310516357422,28.479190826416016,-0.0,0.0,-0.0,-0.0,off
2.38,22.6756649017334,-4.067193984985352,17.665992736816406,-1.9548265933990479,-1.7445181608200073,29.031278610229492,28.520246505737305,-0.0,-0.0,-0.0,-0.0,off
2.4,22.66504669189453,-3.819148302078247,17.703481674194336,-1.9700374603271484,-1.7670700550079346,29.012126922607422,28.556167602539062,-0.0,-0.0,-0.0,-0.0,off
2.42,22.786724090576172,-3.665273427963257,17.684551239013672,-2.006415367126465,-1.7910045385360718,29.07597541809082,28.596792221069336,-0.0,-0.0,-0.0,-0.0,off
2.44,22.851919174194336,-3.562084436416626,17.6464786529541,-2.051353693008423,-1.8170393705368042,29.091182708740234,28.63669204711914,-0.0,-0.0,-0.0,-0.0,off
2.46,22.870023727416992,-3.4962007999420166,17.641246795654297,-2.080103635787964,-1.8433457612991333,29.094242095947266,28.674407958984375,-0.0,-0.0,-0.0,-0.0,off
2.48,22.858261108398438,-3.3325297832489014,17.66181182861328,-2.10009503364563,-1.8690205812454224,29.078264236450195,28.707305908203125,-0.0,-0.0,-0.0,-0.0,off
2.5,22.941125869750977,-3.1399037837982178,17.69382095336914,-2.1145849227905273,-1.893576979637146,29.1414737701416,28.743610382080078,-0.0,0.0,-0.0,-0.0,off
2.52,22.997230529785156,-3.0284202098846436,17.733366012573242,-2.1296846866607666,-1.9171876907348633,29.197879791259766,28.78264045715332,-0.0,-0.0,-0.0,-0.0,off
2.54,22.968334197998047,-2.8830864429473877,17.770471572875977,-2.1490049362182617,-1.9403693675994873,29.1829776763916,28.81662368774414,-0.0,-0.0,-0.0,-0.0,off
2.56,22.98779296875,-2.711679220199585,17.78546714782715,-2.16194748878479,-1.9625271558761597,29.191001892089844,28.848262786865234,-0.0,-0.0,-0.0,-0.0,off
2.58,22.972030639648438,-2.5174953937530518,17.791784286499023,-2.1693687438964844,-1.9832112789154053,29.1650390625,28.874216079711914,-0.0,0.0,-0.0,-0.0,off
2.6,22.949840545654297,-2.3442976474761963,17.80767250061035,-2.1825194358825684,-2.0031418800354004,29.142822265625,28.895496368408203,-0.0,-0.0,-0.0,-0.0,off
2.62,22.99016761779785,-2.1580750942230225,17.814125061035156,-2.2035202980041504,-2.023179531097412,29.16415786743164,28.91689109802246,-0.0,0.0,-0.0,-0.0,off
2.64,23.037696838378906,-1.9678351879119873,17.812915802001953,-2.2272799015045166,-2.0435895919799805,29.18745994567871,28.938547134399414,-0.0,0.0,-0.0,-0.0,off
2.66,23.103635787963867,-1.7722346782684326,17.78882598876953,-2.241215705871582,-2.063352108001709,29.212345123291016,28.9605770111084,-0.0,-0.0,-0.0,-0.0,off
2.68,23.05351448059082,-1.5666072368621826,17.774744033813477,-2.253041982650757,-2.0823209285736084,29.15236473083496,28.974327087402344,0.0,-0.0,-0.0,0.0,off
2.7,23.042879104614258,-1.3181569576263428,17.74493408203125,-2.2642691135406494,-2.100515604019165,29.11347770690918,28.98251724243164,-0.0,-0.0,-0.0,-0.0,off
2.72,23.057430267333984,-1.1513512134552002,17.73583221435547,-2.290395498275757,-2.1195034980773926,29.112377166748047,28.98995590209961,-0.0,-0.0,-0.0,-0.0,off
2.74,23.079959869384766,-0.9107515811920166,17.71553611755371,-2.315394878387451,-2.139092445373535,29.109350204467773,28.99608039855957,-0.0,-0.0,-0.0,-0.0,off
2.7600000000000002,23.060379028320312,-0.6625659465789795,17.670686721801758,-2.327805757522583,-2.157963752746582,29.05982208251953,28.996347427368164,-0.0,-0.0,-0.0,-0.0,off
2.7800000000000002,23.134702682495117,-0.4704125225543976,17.63197898864746,-2.3376991748809814,-2.1759371757507324,29.09162139892578,28.999828338623047,-0.0,-0.0,-0.0,-0.0,off
2.8000000000000003,23.16634750366211,-0.3113091289997101,17.60658073425293,-2.357515573501587,-2.1940948963165283,29.09928321838379,29.003965377807617,-0.0,-0.0,-0.0,-0.0,off
2.82,23.197586059570312,-0.09740617126226425,17.578807830810547,-2.365391492843628,-2.2112245559692383,29.10587501525879,29.008228302001953,-0.0,0.0,-0.0,-0.0,off
2.84,23.209060668945312,0.1059248223900795,17.532333374023438,-2.366917371749878,-2.2267937660217285,29.08701515197754,29.0101318359375,-0.0,0.0,-0.0,-0.0,off
2.86,23.283748626708984,0.26577112078666687,17.45929718017578,-2.363795757293701,-2.2404940128326416,29.103790283203125,29.013710021972656,-0.0,-0.0,-0.0,-0.0,off
2.88,23.304210662841797,0.42259666323661804,17.43230628967285,-2.3582472801208496,-2.2522692680358887,29.105844497680664,29.0173397064209,-0.0,-0.0,-0.0,-0.0,off
2.9,23.356660842895508,0.5301229953765869,17.398229598999023,-2.3541107177734375,-2.262453556060791,29.129247665405273,29.023391723632812,-0.0,-0.0,-0.0,-0.0,off
2.92,23.39608383178711,0.6808803081512451,17.342527389526367,-2.3409271240234375,-2.27030086517334,29.130800247192383,29.02912712097168,-0.0,0.0,-0.0,-0.0,off
2.94,23.463485717773438,0.8159229755401611,17.281286239624023,-2.321352481842041,-2.2754061222076416,29.152080535888672,29.036596298217773,-0.0,0.0,-0.0,-0.0,off
2.96,23.542461395263672,0.929332971572876,17.228891372680664,-2.296037435531616,-2.2774691581726074,29.188112258911133,29.04718017578125,-0.0,0.0,-0.0,-0.0,off
2.98,23.62485122680664,1.0459210872650146,17.199260711669922,-2.2782154083251953,-2.277543783187866,29.24110221862793,29.062231063842773,-0.0,-0.0,-0.0,-0.0,off
3.0,23.722349166870117,1.1094400882720947,17.175445556640625,-2.270042657852173,-2.2767937183380127,29.308303833007812,29.082937240600586,-0.0,-0.0,-0.0,-0.0,off
3.02,23.836151123046875,1.192340612411499,17.121402740478516,-2.268156051635742,-2.2759299278259277,29.372201919555664,29.10819435119629,0.0,-0.0,-0.0,0.0,off
3.04,23.831830978393555,1.328704595565796,17.06881332397461,-2.2560224533081055,-2.2739391326904297,29.34392738342285,29.12816047668457,0.0,-0.0,-0.0,0.0,off
3.06,23.94490623474121,1.4178178310394287,17.031356811523438,-2.2520339488983154,-2.2717485427856445,29.418291091918945,29.153751373291016,-0.0,-0.0,-0.0,-0.0,off
3.08,24.00308609008789,1.5243937969207764,16.98148536682129,-2.2498586177825928,-2.269559383392334,29.44219398498535,29.17928123474121,-0.0,-0.0,-0.0,-0.0,off
3.1,24.13238525390625,1.669189691543579,16.917654037475586,-2.2495009899139404,-2.2675535678863525,29.518896102905273,29.209775924682617,-0.0,-0.0,-0.0,-0.0,off
3.12,24.27192497253418,1.682917833328247,16.846731185913086,-2.2291178703308105,-2.2637100219726562,29.593425750732422,29.245025634765625,-0.0,-0.0,-0.0,-0.0,off
3.14,24.404155731201172,1.7974326610565186,16.78064727783203,-2.2027804851531982,-2.2576169967651367,29.671260833740234,29.284454345703125,-0.0,-0.0,-0.0,-0.0,off
3.16,24.49913215637207,1.8036549091339111,16.722618103027344,-2.169818878173828,-2.2488372325897217,29.71710968017578,29.32489013671875,-0.0,-0.0,-0.0,-0.0,off
3.18,24.48103141784668,1.821739912033081,16.687288284301758,-2.138988971710205,-2.2378523349761963,29.68341636657715,29.35835838317871,-0.0,-0.0,-0.0,-0.0,off
3.2,24.626667022705078,1.8654510974884033,16.640878677368164,-2.1158549785614014,-2.2256524562835693,29.78038787841797,29.398258209228516,-0.0,-0.0,-0.0,-0.0,off
3.22,24.787290573120117,1.8887231349945068,16.57957649230957,-2.0981132984161377,-2.2128982543945312,29.880754470825195,29.444265365600586,-0.0,-0.0,-0.0,-0.0,off
3.24,24.94011688232422,1.9349610805511475,16.524911880493164,-2.097024440765381,-2.201310873031616,29.980430603027344,29.495641708374023,-0.0,-0.0,-0.0,-0.0,off
3.2600000000000002,25.058547973632812,1.9951765537261963,16.490276336669922,-2.1144754886627197,-2.192627191543579,30.06394386291504,29.55029296875,-0.0,-0.0,-0.0,-0.0,off
3.2800000000000002,25.132572174072266,2.135709524154663,16.456790924072266,-2.136793851852417,-2.1870439052581787,30.116994857788086,29.604703903198242,-0.0,0.0,-0.0,-0.0,off
3.3000000000000003,25.215417861938477,2.1688692569732666,16.408775329589844,-2.1450607776641846,-2.1828455924987793,30.16238021850586,29.658361434936523,-0.0,-0.0,-0.0,-0.0,off
3.3200000000000003,25.261186599731445,2.1774280071258545,16.369415283203125,-2.1397078037261963,-2.1785316467285156,30.179903030395508,29.708654403686523,-0.0,-0.0,-0.0,-0.0,off
3.34,25.28679656982422,2.202805280685425,16.347455978393555,-2.135676622390747,-2.174246072769165,30.191286087036133,29.755290985107422,-0.0,-0.0,-0.0,-0.0,off
3.36,25.33319091796875,2.2441365718841553,16.32084083557129,-2.142782688140869,-2.1710996627807617,30.21881103515625,29.80014991760254,-0.0,-0.0,-0.0,-0.0,off
3.38,25.39800453186035,2.3275458812713623,16.300559997558594,-2.140902519226074,-2.1680798530578613,30.268537521362305,29.845521926879883,0.0,-0.0,-0.0,0.0,off
3.4,25.430347442626953,2.4412291049957275,16.277053833007812,-2.1334381103515625,-2.1646156311035156,30.291990280151367,29.888690948486328,-0.0,-0.0,-0.0,-0.0,off
3.42,25.46417999267578,2.471867322921753,16.275297164916992,-2.127448320388794,-2.1608986854553223,30.321937561035156,29.930727005004883,0.0,-0.0,-0.0,0.0,off
3.44,25.50263786315918,2.4948999881744385,16.27082633972168,-2.131734848022461,-2.157982110977173,30.353727340698242,29.971906661987305,0.0,-0.0,-0.0,0.0,off
3.46,25.527196884155273,2.5222933292388916,16.28794288635254,-2.1314775943756104,-2.155331611633301,30.385799407958984,30.012348175048828,-0.0,0.0,-0.0,-0.0,off
3.48,25.5557861328125,2.4941160678863525,16.29570198059082,-2.127753257751465,-2.152573585510254,30.411653518676758,30.051544189453125,-0.0,-0.0,-0.0,-0.0,off
3.5,25.606718063354492,2.5285098552703857,16.297992706298828,-2.117931604385376,-2.149109363555908,30.458528518676758,30.09157371520996,-0.0,-0.0,-0.0,-0.0,off
3.52,25.612104415893555,2.5393455028533936,16.30735969543457,-2.0945510864257812,-2.143653392791748,30.468971252441406,30.128767013549805,-0.0,-0.0,-0.0,-0.0,off
3.54,25.64691925048828,2.520578622817993,16.327207565307617,-2.0654540061950684,-2.135833501815796,30.50730323791504,30.166196823120117,-0.0,-0.0,-0.0,-0.0,off
3.56,25.681934356689453,2.5203192234039307,16.348466873168945,-2.0235257148742676,-2.124602794647217,30.548095703125,30.20404815673828,-0.0,-0.0,-0.0,-0.0,off
3.58,25.710664749145508,2.4792320728302,16.374778747558594,-1.9862310886383057,-2.1107656955718994,30.58297348022461,30.241708755493164,-0.0,-0.0,-0.0,-0.0,off
3.6,25.73513412475586,2.485222101211548,16.41946029663086,-1.9635632038116455,-2.09604549407959,30.627962112426758,30.28016471862793,-0.0,-0.0,-0.0,-0.0,off
3.62,25.755285263061523,2.4275619983673096,16.47589874267578,-1.960038661956787,-2.082444667816162,30.670555114746094,30.319120407104492,0.0,0.0,-0.0,0.0,off
3.64,25.77949333190918,2.4004156589508057,16.51729393005371,-1.9512083530426025,-2.0693209171295166,30.710996627807617,30.358261108398438,0.0,0.0,-0.0,0.0,off
3.66,25.821889877319336,2.40342116355896,16.529077529907227,-1.9273850917816162,-2.0551271438598633,30.75316047668457,30.397706985473633,-0.0,-0.0,-0.0,-0.0,off
3.68,25.84197425842285,2.367490530014038,16.543296813964844,-1.8970096111297607,-2.0393152236938477,30.77488136291504,30.43539810180664,-0.0,-0.0,-0.0,-0.0,off
3.7,25.83531951904297,2.318936586380005,16.55052947998047,-1.8592588901519775,-2.0213096141815186,30.769485473632812,30.468788146972656,-0.0,-0.0,-0.0,-0.0,off
3.72,25.862619400024414,2.2879269123077393,16.57210922241211,-1.8221087455749512,-2.001389503479004,30.801694869995117,30.50206184387207,0.0,0.0,-0.0,0.0,off
3.74,25.86804962158203,2.2545478343963623,16.567358016967773,-1.7654461860656738,-1.977795124053955,30.801239013671875,30.53196144104004,0.0,0.0,-0.0,0.0,off
3.7600000000000002,25.862489700317383,2.165658712387085,16.561901092529297,-1.7095117568969727,-1.950966715812683,30.787254333496094,30.557445526123047,-0.0,-0.0,-0.0,-0.0,off
3.7800000000000002,25.869022369384766,2.045644521713257,16.587682723999023,-1.6596674919128418,-1.9218367338180542,30.798412322998047,30.58144187927246,-0.0,-0.0,-0.0,-0.0,off
3.8000000000000003,25.87629508972168,2.0068228244781494,16.590106964111328,-1.6255922317504883,-1.8922122716903687,30.803272247314453,30.603511810302734,-0.0,-0.0,-0.0,-0.0,off
3.8200000000000003,25.908130645751953,1.885906457901001,16.58092498779297,-1.5853028297424316,-1.8615212440490723,30.817445755004883,30.62470054626465,-0.0,-0.0,-0.0,-0.0,off
3.84,25.900102615356445,1.8125598430633545,16.574392318725586,-1.5364789962768555,-1.829016923904419,30.802778244018555,30.64226531982422,-0.0,-0.0,-0.0,-0.0,off
3.86,25.90749740600586,1.7718117237091064,16.562862396240234,-1.4930028915405273,-1.7954155206680298,30.800424575805664,30.657835006713867,-0.0,-0.0,-0.0,-0.0,off
3.88,25.944522857666016,1.6747992038726807,16.54206657409668,-1.4673864841461182,-1.7626125812530518,30.814983367919922,30.673227310180664,-0.0,-0.0,-0.0,-0.0,off
3.9,25.98842430114746,1.6136562824249268,16.53202247619629,-1.4408645629882812,-1.7304377555847168,30.843311309814453,30.68988037109375,-0.0,-0.0,-0.0,-0.0,off
3.92,26.01862144470215,1.5014359951019287,16.530027389526367,-1.413041114807129,-1.6986980438232422,30.862028121948242,30.706640243530273,-0.0,0.0,-0.0,-0.0,off
3.94,26.029747009277344,1.439692735671997,16.48954200744629,-1.4032368659973145,-1.669151782989502,30.846805572509766,30.72018051147461,-0.0,0.0,-0.0,-0.0,off
3.96,26.074283599853516,1.3816406726837158,16.437820434570312,-1.387671709060669,-1.6410037279129028,30.854158401489258,30.733068466186523,-0.0,-0.0,-0.0,-0.0,off
3.98,26.116615295410156,1.291320562362671,16.41339874267578,-1.3665151596069336,-1.613554835319519,30.8730411529541,30.746482849121094,-0.0,0.0,-0.0,-0.0,off
4.0,26.153308868408203,1.2770326137542725,16.36375617980957,-1.3485815525054932,-1.5870574712753296,30.87715721130371,30.759014129638672,-0.0,0.0,-0.0,-0.0,off
4.0200000000000005,26.225406646728516,1.2612946033477783,16.28835678100586,-1.3190605640411377,-1.5602576732635498,30.897789001464844,30.77234649658203,-0.0,-0.0,-0.0,-0.0,off
4.04,26.2591609954834,1.1867973804473877,16.22533416748047,-1.2841649055480957,-1.5326484441757202,30.89034652709961,30.783525466918945,-0.0,-0.0,-0.0,-0.0,off
4.0600000000000005,26.317564010620117,1.0745980739593506,16.188966751098633,-1.2645251750946045,-1.5058361291885376,30.916851043701172,30.796112060546875,-0.0,-0.0,-0.0,-0.0,off
4.08,26.353452682495117,1.0708353519439697,16.13076400756836,-1.2611160278320312,-1.481364130973816,30.916866302490234,30.807498931884766,-0.0,-0.0,-0.0,-0.0,off
4.1,26.398155212402344,1.0596578121185303,16.019773483276367,-1.2595710754394531,-1.4591847658157349,30.89690399169922,30.815711975097656,-0.0,-0.0,-0.0,-0.0,off
4.12,26.47196388244629,1.0986931324005127,15.912958145141602,-1.2481145858764648,-1.438077688217163,30.906217575073242,30.824026107788086,-0.0,0.0,-0.0,-0.0,off
4.14,26.544967651367188,1.1046226024627686,15.809041976928711,-1.2318120002746582,-1.4174511432647705,30.915712356567383,30.832387924194336,-0.0,0.0,-0.0,-0.0,off
4.16,26.581180572509766,1.0548818111419678,15.70201587677002,-1.2175614833831787,-1.397462248802185,30.890535354614258,30.837289810180664,-0.0,-0.0,-0.0,-0.0,off
4.18,26.640316009521484,0.9984691143035889,15.579767227172852,-1.2095422744750977,-1.3786702156066895,30.877702713012695,30.840259552001953,-0.0,-0.0,-0.0,-0.0,off
4.2,26.6915225982666,0.9860694408416748,15.484955787658691,-1.1993751525878906,-1.3607406616210938,30.87383270263672,30.842504501342773,-0.0,-0.0,-0.0,-0.0,off
4.22,26.728025436401367,0.9218838214874268,15.37369441986084,-1.2026808261871338,-1.3449347019195557,30.847814559936523,30.841808319091797,-0.0,-0.0,-0.0,-0.0,off
4.24,26.761322021484375,0.8657228946685791,15.272242546081543,-1.2056248188018799,-1.3310036659240723,30.82465171813965,30.83879852294922,-0.0,0.0,-0.0,-0.0,off
4.26,26.80478286743164,0.8133394718170166,15.145368576049805,-1.209981918334961,-1.3189014196395874,30.798377990722656,30.833330154418945,-0.0,-0.0,-0.0,-0.0,off
4.28,26.866943359375,0.7969419956207275,14.99951457977295,-1.207075595855713,-1.3077187538146973,30.78072738647461,30.826488494873047,-0.0,0.0,-0.0,-0.0,off
4.3,26.899324417114258,0.7876856327056885,14.843815803527832,-1.2075245380401611,-1.2976993322372437,30.73325538635254,30.81545639038086,-0.0,-0.0,-0.0,-0.0,off
4.32,26.94342041015625,0.7349803447723389,14.721381187438965,-1.211256742477417,-1.2890551090240479,30.71167755126953,30.803272247314453,-0.0,-0.0,-0.0,-0.0,off
4.34,26.965591430664062,0.6425707340240479,14.597801208496094,-1.2300491333007812,-1.2831544876098633,30.670047760009766,30.78803825378418,-0.0,-0.0,-0.0,-0.0,off
4.36,27.012527465820312,0.6449830532073975,14.442639350891113,-1.2364563941955566,-1.2784847021102905,30.63792610168457,30.770998001098633,-0.0,-0.0,-0.0,-0.0,off
4.38,27.042396545410156,0.6162559986114502,14.261421203613281,-1.233537197113037,-1.2739899158477783,30.5787353515625,30.74954605102539,-0.0,-0.0,-0.0,-0.0,off
4.4,27.066913604736328,0.6251447200775146,14.0871000289917,-1.2346596717834473,-1.270056962966919,30.519746780395508,30.724218368530273,-0.0,-0.0,-0.0,-0.0,off
4.42,27.072933197021484,0.5920250415802002,13.92278003692627,-1.2473869323730469,-1.2677899599075317,30.44894027709961,30.69424819946289,-0.0,-0.0,-0.0,-0.0,off
4.44,27.09137725830078,0.5949442386627197,13.740574836730957,-1.2639095783233643,-1.2674018144607544,30.3825626373291,30.66049575805664,-0.0,-0.0,-0.0,-0.0,off
4.46,27.111286163330078,0.5854842662811279,13.559086799621582,-1.2750120162963867,-1.2681628465652466,30.31853485107422,30.623567581176758,-0.0,0.0,-0.0,-0.0,off
4.48,27.14773941040039,0.5571672916412354,13.345867156982422,-1.2787539958953857,-1.2692220211029053,30.25594711303711,30.583772659301758,-0.0,0.0,-0.0,-0.0,off
4.5,27.159542083740234,0.5296967029571533,13.152889251708984,-1.2907209396362305,-1.271371841430664,30.181447982788086,30.540342330932617,-0.0,-0.0,-0.0,-0.0,off
4.5200000000000005,27.17905044555664,0.4849688708782196,12.927484512329102,-1.3192481994628906,-1.2761595249176025,30.10076141357422,30.492877960205078,-0.0,-0.0,-0.0,-0.0,off
4.54,27.216371536254883,0.5049235820770264,12.704967498779297,-1.339500904083252,-1.2824937105178833,30.040006637573242,30.443811416625977,-0.0,-0.0,-0.0,-0.0,off
4.5600000000000005,27.22776985168457,0.4650227725505829,12.484126091003418,-1.3513946533203125,-1.2893837690353394,29.956987380981445,30.391103744506836,-0.0,-0.0,-0.0,-0.0,off
4.58,27.2388916015625,0.4004628360271454,12.263787269592285,-1.3602838516235352,-1.296473741531372,29.87504005432129,30.33522605895996,-0.0,-0.0,-0.0,-0.0,off
4.6000000000000005,27.241912841796875,0.39099952578544617,11.998061180114746,-1.3923912048339844,-1.3060654401779175,29.76958465576172,30.27400779724121,-0.0,-0.0,-0.0,-0.0,off
4.62,27.289321899414062,0.335555762052536,11.796260833740234,-1.4263508319854736,-1.31809401512146,29.731657028198242,30.214920043945312,-0.0,-0.0,-0.0,-0.0,off
4.64,27.30632209777832,0.3503052890300751,11.547293663024902,-1.4454002380371094,-1.330824613571167,29.649585723876953,30.15324592590332,-0.0,-0.0,-0.0,-0.0,off
4.66,27.321266174316406,0.35250017046928406,11.256577491760254,-1.459181308746338,-1.3436602354049683,29.55141830444336,30.087417602539062,-0.0,-0.0,-0.0,-0.0,off
4.68,27.321382522583008,0.322555273771286,10.994714736938477,-1.485001802444458,-1.3577944040298462,29.45243263244629,30.017959594726562,-0.0,-0.0,-0.0,-0.0,off
4.7,27.328340530395508,0.32170841097831726,10.741522789001465,-1.525059461593628,-1.3745208978652954,29.365320205688477,29.946489334106445,-0.0,-0.0,-0.0,-0.0,off
4.72,27.362241744995117,0.29511138796806335,10.418049812316895,-1.555048942565918,-1.3925737142562866,29.279943466186523,29.872900009155273,-0.0,-0.0,-0.0,-0.0,off
4.74,27.42093276977539,0.29729577898979187,10.067448616027832,-1.582993507385254,-1.4116156101226807,29.21214485168457,29.798961639404297,-0.0,0.0,-0.0,-0.0,off
4.76,27.43702507019043,0.2809564769268036,9.792516708374023,-1.6096081733703613,-1.4314148426055908,29.13353157043457,29.724271774291992,-0.0,-0.0,-0.0,-0.0,off
4.78,27.45127296447754,0.19417163729667664,9.488686561584473,-1.656130075454712,-1.4538863897323608,29.04557228088379,29.64774513244629,-0.0,0.0,-0.0,-0.0,off
4.8,27.508087158203125,0.1290719211101532,9.119157791137695,-1.6957037448883057,-1.4780679941177368,28.980520248413086,29.571313858032227,0.0,-0.0,-0.0,0.0,off
4.82,27.543249130249023,0.15640899538993835,8.765972137451172,-1.7255041599273682,-1.5028115510940552,28.904970169067383,29.494218826293945,0.0,-0.0,-0.0,0.0,off
4.84,27.57695770263672,0.1373893916606903,8.411194801330566,-1.7474384307861328,-1.527274250984192,28.831504821777344,29.416728973388672,-0.0,-0.0,-0.0,-0.0,off
4.86,27.587495803833008,0.079725481569767,8.086183547973633,-1.7827787399291992,-1.55282461643219,28.74826431274414,29.33821678161621,-0.0,-0.0,-0.0,-0.0,off
4.88,27.638038635253906,0.0422041192650795,7.6619462966918945,-1.825028419494629,-1.5800449848175049,28.68045425415039,29.259424209594727,-0.0,-0.0,-0.0,-0.0,off
4.9,27.66141128540039,0.02001068741083145,7.282691478729248,-1.859105110168457,-1.6079509258270264,28.604049682617188,29.180068969726562,-0.0,-0.0,-0.0,-0.0,off
4.92,27.706073760986328,-0.04529359191656113,6.920486927032471,-1.8866324424743652,-1.6358190774917603,28.557340621948242,29.103273391723633,-0.0,-0.0,-0.0,-0.0,off
4.94,27.735885620117188,-0.08477189391851425,6.588201999664307,-1.915938377380371,-1.6638309955596924,28.507734298706055,29.028884887695312,-0.0,0.0,-0.0,-0.0,off
4.96,27.755916595458984,-0.16269519925117493,6.195844650268555,-1.9518587589263916,-1.6926337480545044,28.439512252807617,28.954233169555664,-0.0,-0.0,-0.0,-0.0,off
4.98,27.791772842407227,-0.09872748702764511,5.821957111358643,-1.9835236072540283,-1.7217227220535278,28.39520263671875,28.88207244873047,-0.0,-0.0,-0.0,-0.0,off
5.0,27.814577102661133,-0.08579089492559433,5.416087627410889,-2.000443458557129,-1.749594807624817,28.337114334106445,28.810466766357422,-0.0,-0.0,-0.0,-0.0,off
5.0200000000000005,27.857975006103516,-0.0923931822180748,4.9952616691589355,-2.007671356201172,-1.7754024267196655,28.30243682861328,28.74152374267578,-0.0,-0.0,-0.0,-0.0,off
5.04,27.8883056640625,-0.1070869192481041,4.594219207763672,-2.018528461456299,-1.7997149229049683,28.264392852783203,28.674949645996094,0.0,0.0,-0.0,0.0,off
5.0600000000000005,27.929439544677734,-0.11347081512212753,4.166233539581299,-2.0410068035125732,-1.823844075202942,28.23869514465332,28.611474990844727,-0.0,-0.0,-0.0,-0.0,off
5.08,27.979312896728516,-0.15905359387397766,3.734131336212158,-2.0549285411834717,-1.8469524383544922,28.227842330932617,28.552255630493164,-0.0,-0.0,-0.0,-0.0,off
5.1000000000000005,27.99197769165039,-0.1482551395893097,3.3301758766174316,-2.0503695011138916,-1.867294192314148,28.18976593017578,28.49466323852539,-0.0,-0.0,-0.0,-0.0,off
5.12,28.01909637451172,-0.24679258465766907,2.8337464332580566,-2.049879550933838,-1.8855527639389038,28.163110733032227,28.43851089477539,-0.0,-0.0,-0.0,-0.0,off
5.14,28.06794548034668,-0.31517866253852844,2.314682960510254,-2.0542798042297363,-1.9024254083633423,28.164989471435547,28.386308670043945,-0.0,-0.0,-0.0,-0.0,off
5.16,28.085538864135742,-0.36216333508491516,1.8430339097976685,-2.06017804145813,-1.9182007312774658,28.14827537536621,28.336605072021484,-0.0,-0.0,-0.0,-0.0,off
5.18,28.11919403076172,-0.37624600529670715,1.3698049783706665,-2.0531649589538574,-1.931697130203247,28.155054092407227,28.29157066345215,-0.0,-0.0,-0.0,-0.0,off
5.2,28.081199645996094,-0.3670039474964142,0.8967529535293579,-2.053706407546997,-1.94389808177948,28.097911834716797,28.24454689025879,-0.0,-0.0,-0.0,-0.0,off
5.22,28.099863052368164,-0.4667799770832062,0.4089713990688324,-2.05928111076355,-1.9554363489151,28.106714248657227,28.20200538635254,-0.0,-0.0,-0.0,-0.0,off
5.24,28.136112213134766,-0.5031838417053223,-0.13800755143165588,-2.0597288608551025,-1.9658656120300293,28.140949249267578,28.165367126464844,-0.0,-0.0,-0.0,-0.0,off
5.26,28.13044548034668,-0.566626787185669,-0.6004780530929565,-2.0524983406066895,-1.9745287895202637,28.142559051513672,28.132122039794922,-0.0,-0.0,-0.0,-0.0,off
5.28,28.12188148498535,-0.7024455070495605,-1.1400669813156128,-2.036924362182617,-1.9807683229446411,28.153745651245117,28.101734161376953,-0.0,-0.0,-0.0,-0.0,off
5.3,28.119678497314453,-0.7308614253997803,-1.692226767539978,-2.0229508876800537,-1.9849865436553955,28.180028915405273,28.07552146911621,-0.0,-0.0,-0.0,-0.0,off
5.32,28.122270584106445,-0.8456339836120605,-2.173356533050537,-2.018036127090454,-1.9882913827896118,28.218801498413086,28.05537223815918,-0.0,-0.0,-0.0,-0.0,off
5.34,28.12933921813965,-0.9160797595977783,-2.702420711517334,-2.016571044921875,-1.9911192655563354,28.273696899414062,28.041709899902344,-0.0,-0.0,-0.0,-0.0,off
5.36,28.12523651123047,-0.8984284400939941,-3.2157721519470215,-2.0034358501434326,-1.9923509359359741,28.322734832763672,28.03379249572754,-0.0,-0.0,-0.0,-0.0,off
5.38,28.109012603759766,-0.9543068408966064,-3.729424476623535,-1.989367961883545,-1.992052674293518,28.37139320373535,28.030954360961914,0.0,0.0,-0.0,0.0,off
5.4,28.084896087646484,-1.0476093292236328,-4.104723930358887,-1.9890482425689697,-1.99175226688385,28.402599334716797,28.033021926879883,-0.0,-0.0,-0.0,-0.0,off
5.42,28.071353912353516,-1.1767349243164062,-4.497481822967529,-2.0021567344665527,-1.9927927255630493,28.453699111938477,28.0410213470459,-0.0,-0.0,-0.0,-0.0,off
5.44,28.037715911865234,-1.279491901397705,-4.82676362991333,-2.0197677612304688,-1.9954901933670044,28.47890853881836,28.052574157714844,-0.0,0.0,-0.0,-0.0,off
5.46,28.021196365356445,-1.3810584545135498,-5.22629451751709,-2.0220282077789307,-1.9981439113616943,28.537851333618164,28.06954002380371,-0.0,-0.0,-0.0,-0.0,off
5.48,27.978818893432617,-1.4653775691986084,-5.52597188949585,-2.0102710723876953,-1.9993566274642944,28.556926727294922,28.088665008544922,-0.0,-0.0,-0.0,-0.0,off
5.5,27.91722869873047,-1.5950992107391357,-5.798324108123779,-2.0125460624694824,-2.000675678253174,28.557600021362305,28.107860565185547,-0.0,-0.0,-0.0,-0.0,off
5.5200000000000005,27.897886276245117,-1.7060015201568604,-6.0615234375,-2.0195772647857666,-2.002565860748291,28.599729537963867,28.131237030029297,-0.0,-0.0,-0.0,-0.0,off
5.54,27.83414077758789,-1.776505470275879,-6.312957286834717,-2.013777017593384,-2.0036869049072266,28.5963077545166,28.153717041015625,-0.0,0.0,-0.0,-0.0,off
5.5600000000000005,27.797306060791016,-1.8509154319763184,-6.5211615562438965,-2.0006227493286133,-2.003380298614502,28.611915588378906,28.177595138549805,0.0,-0.0,-0.0,0.0,off
5.58,27.726665496826172,-1.9569060802459717,-6.7730793952941895,-2.008528470993042,-2.0038950443267822,28.608951568603516,28.199954986572266,0.0,-0.0,-0.0,0.0,off
5.6000000000000005,27.661090850830078,-2.1164779663085938,-6.9701409339904785,-2.0320680141448975,-2.0067124366760254,28.604164123535156,28.22105598449707,-0.0,-0.0,-0.0,-0.0,off
5.62,27.5765323638916,-2.160767078399658,-7.110620021820068,-2.039843797683716,-2.0100255012512207,28.560375213623047,28.23773193359375,-0.0,-0.0,-0.0,-0.0,off
5.64,27.497072219848633,-2.199946403503418,-7.303762912750244,-2.046727418899536,-2.01369571685791,28.535480499267578,28.251523971557617,0.0,-0.0,-0.0,0.0,off
5.66,27.435766220092773,-2.2872085571289062,-7.478082180023193,-2.055755853652954,-2.017901659011841,28.52848243713379,28.264427185058594,-0.0,-0.0,-0.0,-0.0,off
5.68,27.296031951904297,-2.374455451965332,-7.594811916351318,-2.072451114654541,-2.0233564376831055,28.4322452545166,28.26776695251465,-0.0,-0.0,-0.0,-0.0,off
5.7,27.184513092041016,-2.481360912322998,-7.694213390350342,-2.074603796005249,-2.0284810066223145,28.361167907714844,28.26494598388672,-0.0,-0.0,-0.0,-0.0,off
5.72,26.964744567871094,-2.5831055641174316,-7.775929927825928,-2.06908917427063,-2.0325417518615723,28.182174682617188,28.24550437927246,-0.0,-0.0,-0.0,-0.0,off
5.74,26.858280181884766,-2.7527854442596436,-7.849161624908447,-2.0556275844573975,-2.0348503589630127,28.116798400878906,28.22238540649414,-0.0,0.0,-0.0,-0.0,off
5.76,26.7060489654541,-2.8948473930358887,-7.9205145835876465,-2.0619003772735596,-2.03755521774292,28.00585174560547,28.191221237182617,-0.0,-0.0,-0.0,-0.0,off
5.78,26.657119750976562,-2.9753901958465576,-8.039464950561523,-2.077026128768921,-2.0415022373199463,28.001571655273438,28.163448333740234,-0.0,-0.0,-0.0,-0.0,off
5.8,26.54550552368164,-3.029040575027466,-8.133435249328613,-2.0885069370269775,-2.0462026596069336,27.928333282470703,28.131851196289062,-0.0,-0.0,-0.0,-0.0,off
5.82,26.440391540527344,-3.170034885406494,-8.24878978729248,-2.1041200160980225,-2.0519943237304688,27.878055572509766,28.098617553710938,-0.0,-0.0,-0.0,-0.0,off
5.84,26.27686309814453,-3.2214913368225098,-8.338861465454102,-2.120384693145752,-2.058833360671997,27.75586700439453,28.056991577148438,-0.0,-0.0,-0.0,-0.0,off
5.86,26.17909049987793,-3.2551798820495605,-8.447763442993164,-2.1391053199768066,-2.0668604373931885,27.70028305053711,28.014480590820312,-0.0,-0.0,-0.0,-0.0,off
5.88,26.008846282958984,-3.41660737991333,-8.520051002502441,-2.157688617706299,-2.0759432315826416,27.581235885620117,27.964426040649414,-0.0,-0.0,-0.0,-0.0,off
5.9,25.847721099853516,-3.537034511566162,-8.570332527160645,-2.179914712905884,-2.0863404273986816,27.46026039123535,27.907611846923828,-0.0,0.0,-0.0,-0.0,off
5.92,25.754209518432617,-3.63205623626709,-8.629389762878418,-2.194345712661743,-2.0971407890319824,27.40323829650879,27.851211547851562,-0.0,0.0,-0.0,-0.0,off
5.94,25.69654655456543,-3.687993288040161,-8.715014457702637,-2.2144124507904053,-2.108867883682251,27.383668899536133,27.798938751220703,-0.0,0.0,-0.0,-0.0,off
5.96,25.56143569946289,-3.7874701023101807,-8.766585350036621,-2.2300474643707275,-2.120985746383667,27.287084579467773,27.742494583129883,-0.0,-0.0,-0.0,-0.0,off
5.98,25.449108123779297,-3.8137524127960205,-8.874224662780762,-2.255371332168579,-2.1344242095947266,27.2204647064209,27.685274124145508,-0.0,-0.0,-0.0,-0.0,off
6.0,25.324729919433594,-3.875647783279419,-8.896964073181152,-2.263434886932373,-2.147325277328491,27.120445251464844,27.624221801757812,0.0,-0.0,-0.0,0.0,off
6.0200000000000005,25.254148483276367,-3.929795026779175,-8.890730857849121,-2.2598297595977783,-2.1585757732391357,27.06031036376953,27.563871383666992,0.0,-0.0,-0.0,0.0,off
6.04,25.130386352539062,-3.9556496143341064,-8.890474319458008,-2.2598824501037598,-2.1687064170837402,26.948543548583984,27.498857498168945,-0.0,-0.0,-0.0,-0.0,off
6.0600000000000005,25.052932739257812,-4.052982330322266,-8.852638244628906,-2.2652530670166016,-2.178360939025879,26.87834358215332,27.433719635009766,-0.0,-0.0,-0.0,-0.0,off
6.08,24.884414672851562,-4.059503078460693,-8.849104881286621,-2.253317356109619,-2.185856580734253,26.72115707397461,27.35971450805664,-0.0,-0.0,-0.0,-0.0,off
6.1000000000000005,24.75908851623535,-4.06587028503418,-8.865619659423828,-2.2409911155700684,-2.1913700103759766,26.6109561920166,27.282367706298828,-0.0,-0.0,-0.0,-0.0,off
6.12,24.609277725219727,-4.1388654708862305,-8.833812713623047,-2.230034112930298,-2.1952364444732666,26.472307205200195,27.19906997680664,-0.0,-0.0,-0.0,-0.0,off
6.140000000000001,24.476032257080078,-4.24477481842041,-8.834320068359375,-2.2155516147613525,-2.197268009185791,26.36549949645996,27.1134090423584,-0.0,-0.0,-0.0,-0.0,off
6.16,24.39333152770996,-4.193281650543213,-8.804330825805664,-2.199591875076294,-2.197500467300415,26.270410537719727,27.027324676513672,-0.0,-0.0,-0.0,-0.0,off
6.18,24.228778839111328,-4.207784652709961,-8.770445823669434,-2.174161195755005,-2.19516658782959,26.108617782592773,26.93386459350586,-0.0,-0.0,-0.0,-0.0,off
6.2,24.184465408325195,-4.22953987121582,-8.76303482055664,-2.1533708572387695,-2.1909868717193604,26.06852912902832,26.84595489501953,-0.0,-0.0,-0.0,-0.0,off
6.22,24.061748504638672,-4.176430702209473,-8.763904571533203,-2.1341347694396973,-2.1853017807006836,25.946413040161133,26.754859924316406,-0.0,-0.0,-0.0,-0.0,off
6.24,23.907575607299805,-4.126975059509277,-8.724727630615234,-2.107311725616455,-2.1775028705596924,25.782258987426758,26.65668296813965,-0.0,-0.0,-0.0,-0.0,off
6.26,23.815641403198242,-4.118387222290039,-8.681395530700684,-2.081315517425537,-2.167884111404419,25.68097496032715,26.558372497558594,-0.0,-0.0,-0.0,-0.0,off
6.28,23.76771354675293,-4.023454666137695,-8.689386367797852,-2.044278383255005,-2.1555235385894775,25.624164581298828,26.46441078186035,-0.0,-0.0,-0.0,-0.0,off
6.3,23.641008377075195,-4.050691604614258,-8.606142044067383,-2.005187511444092,-2.1404898166656494,25.482759475708008,26.36580467224121,-0.0,-0.0,-0.0,-0.0,off
6.32,23.45853042602539,-3.9701285362243652,-8.587542533874512,-1.9780020713806152,-2.1242411136627197,25.294475555419922,26.258302688598633,-0.0,-0.0,-0.0,-0.0,off
6.34,23.388896942138672,-3.9582769870758057,-8.567618370056152,-1.9455184936523438,-2.1063687801361084,25.221271514892578,26.154293060302734,0.0,-0.0,-0.0,0.0,off
6.36,23.345130920410156,-3.9299850463867188,-8.517110824584961,-1.913318395614624,-2.0870635509490967,25.159114837646484,26.0545711517334,-0.0,-0.0,-0.0,-0.0,off
6.38,23.275981903076172,-3.849048137664795,-8.522902488708496,-1.8813605308532715,-2.066493272781372,25.08438491821289,25.957386016845703,-0.0,-0.0,-0.0,-0.0,off
6.4,23.114391326904297,-3.843642473220825,-8.429274559020996,-1.8625409603118896,-2.046097993850708,24.90183448791504,25.85171890258789,-0.0,-0.0,-0.0,-0.0,off
6.42,23.05535888671875,-3.774158477783203,-8.460332870483398,-1.8553884029388428,-2.027026891708374,24.846954345703125,25.75111961364746,-0.0,-0.0,-0.0,-0.0,off
6.44,22.96051788330078,-3.764025926589966,-8.419755935668945,-1.8344523906707764,-2.0077693462371826,24.743595123291016,25.650270462036133,-0.0,-0.0,-0.0,-0.0,off
6.46,22.82546043395996,-3.7424933910369873,-8.416563987731934,-1.8175876140594482,-1.9887511730194092,24.613948822021484,25.546525955200195,0.0,0.0,-0.0,0.0,off
6.48,22.6787166595459,-3.753627300262451,-8.413346290588379,-1.8152248859405518,-1.9713984727859497,24.478527069091797,25.439586639404297,0.0,-0.0,-0.0,0.0,off
6.5,22.667295455932617,-3.676032543182373,-8.351152420043945,-1.8173198699951172,-1.9559905529022217,24.43483543395996,25.33904457092285,-0.0,-0.0,-0.0,-0.0,off
6.5200000000000005,22.580848693847656,-3.596315860748291,-8.334663391113281,-1.8217556476593018,-1.942566990852356,24.337106704711914,25.238771438598633,-0.0,-0.0,-0.0,-0.0,off
6.54,22.54694366455078,-3.491926431655884,-8.332921028137207,-1.8113386631011963,-1.9294440746307373,24.28982925415039,25.143756866455078,-0.0,-0.0,-0.0,-0.0,off
6.5600000000000005,22.40424919128418,-3.436955690383911,-8.232044219970703,-1.7944672107696533,-1.915946364402771,24.114925384521484,25.040781021118164,-0.0,-0.0,-0.0,-0.0,off
6.58,22.327205657958984,-3.4300599098205566,-8.212650299072266,-1.7901699542999268,-1.903368592262268,24.03574562072754,24.940200805664062,-0.0,-0.0,-0.0,-0.0,off
6.6000000000000005,22.342300415039062,-3.3773980140686035,-8.186507225036621,-1.788038730621338,-1.8918355703353882,24.03339385986328,24.84943199157715,-0.0,-0.0,-0.0,-0.0,off
6.62,22.261119842529297,-3.257559061050415,-8.054167747497559,-1.7706854343414307,-1.8797205686569214,23.89641761779785,24.75397491455078,-0.0,-0.0,-0.0,-0.0,off
6.640000000000001,22.186933517456055,-3.166034698486328,-7.975600719451904,-1.7535679340362549,-1.86710524559021,23.78852653503418,24.65720558166504,0.0,0.0,-0.0,0.0,off
6.66,22.21955108642578,-3.0911078453063965,-7.934014797210693,-1.734464406967163,-1.8538410663604736,23.795209884643555,24.57070541381836,-0.0,-0.0,-0.0,-0.0,off
6.68,22.166656494140625,-3.10593581199646,-7.821107387542725,-1.7224912643432617,-1.8407059907913208,23.710275650024414,24.48440170288086,-0.0,-0.0,-0.0,-0.0,off
6.7,22.121335983276367,-3.0708823204040527,-7.762218952178955,-1.7055656909942627,-1.827191948890686,23.643939971923828,24.40007972717285,-0.0,-0.0,-0.0,-0.0,off
6.72,22.088058471679688,-3.024569511413574,-7.680509090423584,-1.6714613437652588,-1.8116188049316406,23.580087661743164,24.317752838134766,-0.0,-0.0,-0.0,-0.0,off
6.74,22.045799255371094,-2.9747731685638428,-7.635262966156006,-1.6435432434082031,-1.7948112487792969,23.519433975219727,24.237579345703125,-0.0,-0.0,-0.0,-0.0,off
6.76,21.999614715576172,-2.9499266147613525,-7.537112712860107,-1.6221959590911865,-1.7775497436523438,23.441272735595703,24.157569885253906,-0.0,-0.0,-0.0,-0.0,off
6.78,21.89674186706543,-2.9077911376953125,-7.473313331604004,-1.6097397804260254,-1.7607687711715698,23.318939208984375,24.07333755493164,-0.0,-0.0,-0.0,-0.0,off
6.8,21.873315811157227,-2.8252480030059814,-7.409670352935791,-1.5800800323486328,-1.7426998615264893,23.26643943786621,23.9921932220459,-0.0,0.0,-0.0,-0.0,off
6.82,21.84393310546875,-2.7578394412994385,-7.34670352935791,-1.5562825202941895,-1.7240580320358276,23.210710525512695,23.913524627685547,-0.0,0.0,-0.0,-0.0,off
6.84,21.771759033203125,-2.689617395401001,-7.29043436050415,-1.5319933891296387,-1.704851508140564,23.116962432861328,23.83332633972168,-0.0,-0.0,-0.0,-0.0,off
6.86,21.71770477294922,-2.614295721054077,-7.240683555603027,-1.5156619548797607,-1.6859325170516968,23.041717529296875,23.753583908081055,-0.0,-0.0,-0.0,-0.0,off
6.88,21.701065063476562,-2.458173990249634,-7.162329196929932,-1.500967025756836,-1.667435884475708,22.984294891357422,23.675817489624023,-0.0,-0.0,-0.0,-0.0,off
6.9,21.640949249267578,-2.4125213623046875,-7.085458278656006,-1.474660873413086,-1.648158311843872,22.898792266845703,23.597286224365234,-0.0,-0.0,-0.0,-0.0,off
6.92,21.6840763092041,-2.3206284046173096,-7.060357570648193,-1.456251621246338,-1.628967523574829,22.922327041625977,23.528865814208984,-0.0,-0.0,-0.0,-0.0,off
6.94,21.698490142822266,-2.2248268127441406,-6.974355220794678,-1.4549107551574707,-1.611561894416809,22.900129318237305,23.46489906311035,-0.0,0.0,-0.0,-0.0,off
6.96,21.641319274902344,-2.119600772857666,-6.903573036193848,-1.4509716033935547,-1.5955028533935547,22.814441680908203,23.398658752441406,-0.0,-0.0,-0.0,-0.0,off
6.98,21.582130432128906,-2.0760297775268555,-6.835875034332275,-1.4422266483306885,-1.5801751613616943,22.73383903503418,23.33104133605957,-0.0,-0.0,-0.0,-0.0,off
7.0,21.572895050048828,-1.9145588874816895,-6.816792964935303,-1.419722557067871,-1.5641299486160278,22.70515251159668,23.267105102539062,-0.0,-0.0,-0.0,-0.0,off
7.0200000000000005,21.47528076171875,-1.7388148307800293,-6.753111362457275,-1.3915958404541016,-1.5468764305114746,22.579097747802734,23.19668960571289,-0.0,-0.0,-0.0,-0.0,off
7.04,21.412860870361328,-1.6489253044128418,-6.730638027191162,-1.3611080646514893,-1.5282995700836182,22.506244659423828,23.126068115234375,-0.0,-0.0,-0.0,-0.0,off
7.0600000000000005,21.23960304260254,-1.526698350906372,-6.615840911865234,-1.3396804332733154,-1.5094375610351562,22.298450469970703,23.041614532470703,0.0,-0.0,-0.0,0.0,off
7.08,21.177139282226562,-1.3223657608032227,-6.54541540145874,-1.301703929901123,-1.488664150238037,22.205007553100586,22.955821990966797,-0.0,-0.0,-0.0,-0.0,off
7.1000000000000005,21.16796112060547,-1.078380823135376,-6.485272407531738,-1.2590687274932861,-1.4657045602798462,22.16538429260254,22.87400245666504,-0.0,-0.0,-0.0,-0.0,off
7.12,21.12550926208496,-0.9553649425506592,-6.403307914733887,-1.237999677658081,-1.4429340362548828,22.095298767089844,22.79325294494629,-0.0,-0.0,-0.0,-0.0,off
7.140000000000001,20.987661361694336,-0.7855929136276245,-6.290545463562012,-1.2004666328430176,-1.4186872243881226,21.9241886138916,22.70317840576172,-0.0,-0.0,-0.0,-0.0,off
7.16,20.84416961669922,-0.6233725547790527,-6.278903007507324,-1.1617541313171387,-1.3929939270019531,21.77825927734375,22.60744285583496,-0.0,-0.0,-0.0,-0.0,off
7.18,20.72501564025879,-0.413495808839798,-6.215688705444336,-1.1104228496551514,-1.364736795425415,21.640979766845703,22.507118225097656,-0.0,-0.0,-0.0,-0.0,off
7.2,20.832870483398438,-0.18968859314918518,-6.206437110900879,-1.0668392181396484,-1.334947109222412,21.738544464111328,22.425992965698242,-0.0,-0.0,-0.0,-0.0,off
7.22,20.948387145996094,0.054676271975040436,-6.172364711761475,-1.0277996063232422,-1.3042323589324951,21.838865280151367,22.362289428710938,-0.0,-0.0,-0.0,-0.0,off
7.24,20.994895935058594,0.3149699866771698,-6.103861331939697,-0.9833720326423645,-1.272146224975586,21.866456985473633,22.30691146850586,-0.0,-0.0,-0.0,-0.0,off
7.26,20.911800384521484,0.5406999588012695,-6.1012396812438965,-0.9366948008537292,-1.2386010885238647,21.790386199951172,22.249122619628906,0.0,-0.0,-0.0,0.0,off
7.28,20.90325927734375,0.8641008138656616,-6.048684120178223,-0.8730148077011108,-1.2020424604415894,21.7779598236084,22.1946964263916,-0.0,0.0,-0.0,-0.0,off
7.3,20.8870849609375,1.0856612920761108,-6.051881790161133,-0.8217542767524719,-1.1640135049819946,21.77324676513672,22.144990921020508,-0.0,-0.0,-0.0,-0.0,off
7.32,20.913158416748047,1.30051851272583,-5.993470668792725,-0.7767015099525452,-1.1252821683883667,21.793880462646484,22.102041244506836,-0.0,-0.0,-0.0,-0.0,off
7.34,20.8549861907959,1.5575450658798218,-5.967513561248779,-0.7258977293968201,-1.0853437185287476,21.747817993164062,22.05825424194336,-0.0,-0.0,-0.0,-0.0,off
7.36,20.59370994567871,1.6291954517364502,-5.975483417510986,-0.6507262587547302,-1.0418819189071655,21.504919052124023,21.995607376098633,-0.0,-0.0,-0.0,-0.0,off
7.38,20.20354461669922,1.622387170791626,-5.882227420806885,-0.5794188380241394,-0.9956356287002563,21.10487937927246,21.900527954101562,-0.0,-0.0,-0.0,-0.0,off
7.4,19.890810012817383,1.592252254486084,-5.888929843902588,-0.5094625949859619,-0.9470182657241821,20.805265426635742,21.786252975463867,-0.0,-0.0,-0.0,-0.0,off
7.42,19.57002830505371,1.5577410459518433,-5.795711994171143,-0.43813556432724,-0.8961299657821655,20.469558715820312,21.650806427001953,-0.0,-0.0,-0.0,-0.0,off
7.44,19.113412857055664,1.6953940391540527,-5.555805683135986,-0.33341148495674133,-0.8398581147193909,19.97658348083496,21.479320526123047,-0.0,-0.0,-0.0,-0.0,off
7.46,18.837017059326172,1.9335196018218994,-5.2235846519470215,-0.2442511022090912,-0.7802973985671997,19.64325714111328,21.290502548217773,-0.0,-0.0,-0.0,-0.0,off
7.48,18.631282806396484,2.2596933841705322,-4.780939102172852,-0.1472473442554474,-0.7169923782348633,19.367197036743164,21.090557098388672,-0.0,-0.0,-0.0,-0.0,off
7.5,18.482112884521484,2.6831090450286865,-4.509411334991455,-0.06943686306476593,-0.652236819267273,19.212556838989258,20.892112731933594,-0.0,0.0,-0.0,-0.0,off
7.5200000000000005,18.272964477539062,3.1056065559387207,-4.072848796844482,0.027247533202171326,-0.5842883586883545,18.97719955444336,20.685874938964844,-0.0,0.0,-0.0,-0.0,off
7.54,18.226577758789062,3.572234869003296,-3.782024383544922,0.10906404256820679,-0.5149531364440918,18.954490661621094,20.493932723999023,-0.0,-0.0,-0.0,-0.0,off
7.5600000000000005,18.094884872436523,3.9823238849639893,-3.3364548683166504,0.19439667463302612,-0.44401815533638,18.825931549072266,20.303741455078125,-0.0,-0.0,-0.0,-0.0,off
7.58,17.982297897338867,4.259474754333496,-2.8744454383850098,0.23094108700752258,-0.3765222132205963,18.70210075378418,20.117046356201172,-0.0,-0.0,-0.0,-0.0,off
7.6000000000000005,17.977418899536133,4.527082920074463,-2.489872455596924,0.27140671014785767,-0.3117293119430542,18.705120086669922,19.947044372558594,-0.0,-0.0,-0.0,-0.0,off
7.62,17.689849853515625,5.372697830200195,-1.6047085523605347,0.410611629486084,-0.23949521780014038,18.5572566986084,19.762081146240234,-0.0,-0.0,-0.0,-0.0,off
7.640000000000001,17.904674530029297,6.249884128570557,-0.5827115774154663,0.519802451133728,-0.16356544196605682,18.973085403442383,19.616065979003906,-0.0,-0.0,-0.0,-0.0,off
7.66,18.077953338623047,6.711296081542969,0.2615853250026703,0.5621834397315979,-0.09099055826663971,19.285287857055664,19.505544662475586,-0.0,0.0,-0.0,-0.0,off
7.68,18.175426483154297,7.279541015625,1.2371031045913696,0.589074969291687,-0.02298400178551674,19.618061065673828,19.424619674682617,-0.0,-0.0,-0.0,-0.0,off
7.7,17.963132858276367,7.532181262969971,2.1322884559631348,0.5526097416877747,0.03457537293434143,19.594757080078125,19.34164047241211,-0.0,-0.0,-0.0,-0.0,off
7.72,17.955232620239258,7.744976997375488,2.7866101264953613,0.45996177196502686,0.07711401581764221,19.751968383789062,19.282808303833008,-0.0,-0.0,-0.0,-0.0,off
7.74,17.991914749145508,7.488959312438965,3.3481125831604004,0.36088550090789795,0.10549116134643555,19.773805618286133,19.241548538208008,-0.0,-0.0,-0.0,-0.0,off
7.76,17.972900390625,7.123166084289551,3.7031912803649902,0.2699686288833618,0.12193890661001205,19.684467315673828,19.20845603942871,-0.0,-0.0,-0.0,-0.0,off
7.78,17.926063537597656,6.900291919708252,4.227602005004883,0.2587112784385681,0.13561613857746124,19.668004989624023,19.181568145751953,-0.0,-0.0,-0.0,-0.0,off
7.8,17.713977813720703,6.633419990539551,4.634981632232666,0.3043636679649353,0.15249088406562805,19.474863052368164,19.143543243408203,-0.0,-0.0,-0.0,-0.0,off
7.82,17.384387969970703,6.35907506942749,4.730374336242676,0.3217560946941376,0.16941741108894348,19.105791091918945,19.08299446105957,-0.0,-0.0,-0.0,-0.0,off
7.84,17.126054763793945,6.161603927612305,4.690525531768799,0.32682427763938904,0.18515810370445251,18.795429229736328,19.008560180664062,-0.0,-0.0,-0.0,-0.0,off
7.86,16.710538864135742,5.970405578613281,4.449086666107178,0.32275304198265076,0.19891759753227234,18.294322967529297,18.903194427490234,-0.0,-0.0,-0.0,-0.0,off
7.88,16.414100646972656,5.955549240112305,4.499169826507568,0.32247239351272583,0.21127307415008545,18.03146743774414,18.7863712310791,-0.0,0.0,-0.0,-0.0,off
7.9,16.087228775024414,5.955026149749756,4.750512599945068,0.31751519441604614,0.22189727425575256,17.799680709838867,18.658178329467773,0.0,-0.0,-0.0,0.0,off
7.92,15.690614700317383,5.9874773025512695,5.256234169006348,0.3205910623073578,0.23176664113998413,17.597536087036133,18.517732620239258,0.0,-0.0,-0.0,0.0,off
7.94,15.4369478225708,6.111176490783691,5.5951151847839355,0.322323203086853,0.24082228541374207,17.520021438598633,18.38222885131836,-0.0,-0.0,-0.0,-0.0,off
7.96,15.141645431518555,6.275354385375977,5.890280246734619,0.32197022438049316,0.24893708527088165,17.416799545288086,18.24894905090332,-0.0,-0.0,-0.0,-0.0,off
7.98,14.904112815856934,6.4721150398254395,6.34667444229126,0.3317195773124695,0.25721532106399536,17.444229125976562,18.128000259399414,-0.0,-0.0,-0.0,-0.0,off
8.0,14.79241943359375,6.745016098022461,6.863574981689453,0.3248557448387146,0.26397937536239624,17.647085189819336,18.035430908203125,0.0,-0.0,-0.0,0.0,off
8.02,14.629448890686035,6.903323173522949,7.340478897094727,0.31869587302207947,0.2694510221481323,17.763988494873047,17.961223602294922,0.0,-0.0,-0.0,0.0,off
8.040000000000001,14.538931846618652,7.132087707519531,7.884541988372803,0.31774377822875977,0.27428027987480164,18.011474609375,17.916017532348633,-0.0,-0.0,-0.0,-0.0,off
8.06,14.465911865234375,7.391932487487793,8.368559837341309,0.32629266381263733,0.27948153018951416,18.27391815185547,17.90018081665039,-0.0,-0.0,-0.0,-0.0,off
8.08,14.452571868896484,7.685805320739746,8.8274564743042,0.3370670974254608,0.2852400541305542,18.597646713256836,17.91832733154297,-0.0,-0.0,-0.0,-0.0,off
8.1,14.424964904785156,7.864484786987305,9.287968635559082,0.3429979681968689,0.2910158336162567,18.873157501220703,17.963054656982422,0.0,-0.0,-0.0,0.0,off
8.120000000000001,14.266676902770996,7.929300785064697,9.737560272216797,0.3421342968940735,0.29612767696380615,19.006103515625,18.016895294189453,0.0,-0.0,-0.0,0.0,off
8.14,14.142812728881836,8.02535629272461,10.226314544677734,0.3448708653450012,0.30100199580192566,19.209449768066406,18.08563804626465,-0.0,0.0,-0.0,-0.0,off
8.16,14.069987297058105,8.14460563659668,10.638615608215332,0.35081321001052856,0.30598312616348267,19.42882537841797,18.17144775390625,-0.0,-0.0,-0.0,-0.0,off
8.18,13.982300758361816,8.214191436767578,11.063966751098633,0.36210161447525024,0.31159496307373047,19.631328582763672,18.27065086364746,-0.0,-0.0,-0.0,-0.0,off
8.2,13.814512252807617,8.186625480651855,11.420934677124023,0.36444514989852905,0.3168799877166748,19.705312728881836,18.369386672973633,-0.0,-0.0,-0.0,-0.0,off
8.22,13.646440505981445,8.145078659057617,11.743237495422363,0.36616939306259155,0.32180893421173096,19.760345458984375,18.466093063354492,-0.0,-0.0,-0.0,-0.0,off
8.24,13.543783187866211,8.105710983276367,12.131020545959473,0.36583632230758667,0.3262116611003876,19.907241821289062,18.569581985473633,0.0,-0.0,-0.0,0.0,off
8.26,13.492403030395508,8.118023872375488,12.506967544555664,0.3669523000717163,0.3302857279777527,20.108989715576172,18.68520164489746,-0.0,-0.0,-0.0,-0.0,off
8.28,13.438541412353516,8.308978080749512,12.87099552154541,0.35818803310394287,0.33307597041130066,20.378812789916992,18.818403244018555,0.0,-0.0,-0.0,0.0,off
8.3,13.426739692687988,8.309235572814941,13.269142150878906,0.3478870987892151,0.33455705642700195,20.6250057220459,18.965042114257812,-0.0,-0.0,-0.0,-0.0,off
8.32,13.161372184753418,8.234040260314941,13.54050350189209,0.3489859700202942,0.3359999656677246,20.600154876708984,19.095338821411133,-0.0,-0.0,-0.0,-0.0,off
8.34,13.012847900390625,8.140915870666504,13.829526901245117,0.36286062002182007,0.3386860191822052,20.66069984436035,19.220319747924805,-0.0,-0.0,-0.0,-0.0,off
8.36,12.873716354370117,8.036028861999512,14.094482421875,0.3777977228164673,0.34259718656539917,20.71146583557129,19.33965492248535,-0.0,0.0,-0.0,-0.0,off
8.38,12.678354263305664,7.9502458572387695,14.420382499694824,0.37320125102996826,0.3456575870513916,20.782072067260742,19.4543399810791,-0.0,-0.0,-0.0,-0.0,off
8.4,12.399435997009277,7.858792781829834,14.729828834533691,0.37232887744903564,0.3483246862888336,20.796022415161133,19.558435440063477,-0.0,0.0,-0.0,-0.0,off
8.42,12.061677932739258,7.74856424331665,14.950518608093262,0.37369924783706665,0.35086214542388916,20.713336944580078,19.64371109008789,-0.0,0.0,-0.0,-0.0,off
8.44,11.850915908813477,7.775399208068848,15.160900115966797,0.3716427683830261,0.3529402017593384,20.75461196899414,19.726167678833008,0.0,-0.0,-0.0,0.0,off
8.46,11.792255401611328,7.982001304626465,15.440415382385254,0.3552613854408264,0.35317230224609375,21.00419044494629,19.827884674072266,-0.0,-0.0,-0.0,-0.0,off
8.48,11.698502540588379,8.056522369384766,15.737953186035156,0.344077467918396,0.35226279497146606,21.20013427734375,19.940542221069336,0.0,-0.0,-0.0,0.0,off
8.5,11.45019817352295,8.090048789978027,15.91169261932373,0.3458935618400574,0.35162585973739624,21.20702362060547,20.04351806640625,-0.0,-0.0,-0.0,-0.0,off
8.52,11.291860580444336,8.15244197845459,16.14925765991211,0.3487730026245117,0.35134056210517883,21.325265884399414,20.149158477783203,-0.0,-0.0,-0.0,-0.0,off
8.540000000000001,11.285913467407227,8.309309959411621,16.355037689208984,0.3460578918457031,0.35081228613853455,21.538423538208008,20.268430709838867,-0.0,-0.0,-0.0,-0.0,off
8.56,11.152434349060059,8.279840469360352,16.54698944091797,0.3451916575431824,0.3502502143383026,21.60405921936035,20.383581161499023,-0.0,-0.0,-0.0,-0.0,off
8.58,11.026800155639648,8.268767356872559,16.734193801879883,0.3569536805152893,0.35092055797576904,21.679391860961914,20.495946884155273,-0.0,-0.0,-0.0,-0.0,off
8.6,11.027971267700195,8.44425106048584,16.982175827026367,0.3661453127861023,0.35244303941726685,21.93891143798828,20.62491226196289,-0.0,-0.0,-0.0,-0.0,off
8.620000000000001,11.060298919677734,8.639848709106445,17.122655868530273,0.3793755769729614,0.35513627529144287,22.13961410522461,20.763580322265625,-0.0,-0.0,-0.0,-0.0,off
8.64,10.942665100097656,8.70398998260498,17.263385772705078,0.3902282118797302,0.3586454689502716,22.21544075012207,20.896854400634766,-0.0,-0.0,-0.0,-0.0,off
8.66,10.90220832824707,8.738417625427246,17.40871238708496,0.39952558279037476,0.3627334535121918,22.322216033935547,21.028820037841797,-0.0,-0.0,-0.0,-0.0,off
8.68,10.959574699401855,8.881264686584473,17.52941131591797,0.4083680510520935,0.36729690432548523,22.500431060791016,21.167329788208008,-0.0,0.0,-0.0,-0.0,off
8.700000000000001,11.086198806762695,9.13029670715332,17.65378189086914,0.41472870111465454,0.3720400929450989,22.757902145385742,21.319618225097656,-0.0,-0.0,-0.0,-0.0,off
8.72,11.23236083984375,9.259142875671387,17.757347106933594,0.4195013642311096,0.3767862021923065,22.961294174194336,21.478727340698242,-0.0,-0.0,-0.0,-0.0,off
8.74,11.375723838806152,9.359709739685059,17.836503982543945,0.41916531324386597,0.3810240924358368,23.13335418701172,21.640514373779297,-0.0,-0.0,-0.0,-0.0,off
8.76,11.374285697937012,9.379828453063965,17.887775421142578,0.4271080493927002,0.3856324851512909,23.18033790588379,21.79142189025879,-0.0,-0.0,-0.0,-0.0,off
8.78,11.562472343444824,9.476658821105957,17.952009201049805,0.4225212335586548,0.38932135701179504,23.361774444580078,21.946460723876953,-0.0,-0.0,-0.0,-0.0,off
8.8,11.690563201904297,9.651738166809082,18.014909744262695,0.41674911975860596,0.3920641243457794,23.544898986816406,22.104825973510742,-0.0,0.0,-0.0,-0.0,off
8.82,11.851802825927734,9.817025184631348,18.097667694091797,0.4073454737663269,0.3935922682285309,23.756362915039062,22.2689151763916,-0.0,0.0,-0.0,-0.0,off
8.84,11.891043663024902,9.850622177124023,18.151981353759766,0.40284913778305054,0.3945179283618927,23.831199645996094,22.424291610717773,-0.0,-0.0,-0.0,-0.0,off
8.86,11.990918159484863,9.782367706298828,18.200023651123047,0.39861059188842773,0.39492717385292053,23.889698028564453,22.570354461669922,-0.0,-0.0,-0.0,-0.0,off
8.88,12.124783515930176,9.785759925842285,18.2144775390625,0.39260685443878174,0.39469513297080994,23.96953582763672,22.71004867553711,0.0,-0.0,-0.0,0.0,off
8.9,12.337199211120605,9.949800491333008,18.264514923095703,0.36831504106521606,0.3920571208000183,24.182586669921875,22.857175827026367,-0.0,-0.0,-0.0,-0.0,off
8.92,12.542217254638672,10.142245292663574,18.316791534423828,0.3381645977497101,0.3866678476333618,24.4064998626709,23.01192855834961,-0.0,-0.0,-0.0,-0.0,off
8.94,12.647710800170898,10.290712356567383,18.3519287109375,0.3071676790714264,0.378717839717865,24.54906463623047,23.165363311767578,-0.0,-0.0,-0.0,-0.0,off
8.96,12.686178207397461,10.30014419555664,18.378480911254883,0.3237736225128174,0.3732233941555023,24.592695236206055,23.307880401611328,-0.0,-0.0,-0.0,-0.0,off
8.98,12.749028205871582,10.26950454711914,18.38093376159668,0.3540193438529968,0.371302992105484,24.614206314086914,23.438364028930664,-0.0,-0.0,-0.0,-0.0,off
9.0,12.837911605834961,10.279938697814941,18.321752548217773,0.37951189279556274,0.3721238970756531,24.620635986328125,23.556394577026367,-0.0,0.0,-0.0,-0.0,off
9.02,12.954288482666016,10.271580696105957,18.28073501586914,0.40541523694992065,0.37545302510261536,24.647600173950195,23.665258407592773,-0.0,-0.0,-0.0,-0.0,off
9.040000000000001,13.07371711730957,10.169907569885254,18.283123016357422,0.4192426800727844,0.3798319697380066,24.670259475708008,23.765480041503906,-0.0,-0.0,-0.0,-0.0,off
9.06,13.149744033813477,10.133840560913086,18.24835205078125,0.436820387840271,0.3855307996273041,24.670080184936523,23.85560417175293,-0.0,-0.0,-0.0,-0.0,off
9.08,13.205677032470703,10.073182106018066,18.24193572998047,0.4299648404121399,0.3899742066860199,24.67037010192871,23.936729431152344,-0.0,-0.0,-0.0,-0.0,off
9.1,13.311767578125,10.035343170166016,18.25484848022461,0.42253804206848145,0.3932305574417114,24.721464157104492,24.0147762298584,-0.0,-0.0,-0.0,-0.0,off
9.120000000000001,13.395846366882324,9.935338973999023,18.295093536376953,0.4262217879295349,0.3965296745300293,24.756214141845703,24.088424682617188,-0.0,-0.0,-0.0,-0.0,off
9.14,13.408158302307129,9.84817886352539,18.310455322265625,0.44041407108306885,0.4009180963039398,24.739402770996094,24.15304183959961,-0.0,-0.0,-0.0,-0.0,off
9.16,13.463532447814941,9.803339958190918,18.325815200805664,0.47939109802246094,0.40876540541648865,24.763031005859375,24.213537216186523,-0.0,-0.0,-0.0,-0.0,off
9.18,13.484158515930176,9.76854133605957,18.32894515991211,0.5074779391288757,0.41863664984703064,24.7628173828125,24.26799774169922,-0.0,-0.0,-0.0,-0.0,off
9.200000000000001,13.504413604736328,9.623753547668457,18.3435001373291,0.5101593136787415,0.4277889132499695,24.727916717529297,24.31340980529785,-0.0,-0.0,-0.0,-0.0,off
9.22,13.558425903320312,9.46625804901123,18.373455047607422,0.518984854221344,0.436908483505249,24.718915939331055,24.35317039489746,-0.0,-0.0,-0.0,-0.0,off
9.24,13.544042587280273,9.328828811645508,18.403650283813477,0.5461448431015015,0.4478321075439453,24.681217193603516,24.385093688964844,-0.0,-0.0,-0.0,-0.0,off
9.26,13.602821350097656,9.280952453613281,18.394012451171875,0.5595558881759644,0.4590044617652893,24.68830680847168,24.414527893066406,-0.0,-0.0,-0.0,-0.0,off
9.28,13.599345207214355,9.20620059967041,18.423830032348633,0.5841784477233887,0.47152185440063477,24.680635452270508,24.44027328491211,-0.0,0.0,-0.0,-0.0,off
9.3,13.671542167663574,9.112968444824219,18.436811447143555,0.5901303291320801,0.4833827018737793,24.69561195373535,24.464815139770508,-0.0,0.0,-0.0,-0.0,off
9.32,13.676200866699219,8.99134635925293,18.467496871948242,0.6158993244171143,0.4966343343257904,24.676530838012695,24.484893798828125,-0.0,-0.0,-0.0,-0.0,off
9.34,13.628693580627441,8.804348945617676,18.491992950439453,0.6376741528511047,0.5107383131980896,24.601049423217773,24.49519920349121,-0.0,-0.0,-0.0,-0.0,off
9.36,13.684598922729492,8.618863105773926,18.52284812927246,0.6638237237930298,0.5260468125343323,24.589611053466797,24.50296401977539,-0.0,-0.0,-0.0,-0.0,off
9.38,13.729519844055176,8.52724552154541,18.534603118896484,0.6754694581031799,0.5409890413284302,24.59156608581543,24.5101261138916,0.0,-0.0,-0.0,0.0,off
9.4,13.591130256652832,8.446721076965332,18.583585739135742,0.6830719709396362,0.5551973581314087,24.523775100708008,24.50996971130371,0.0,-0.0,-0.0,0.0,off
9.42,13.642016410827637,8.238672256469727,18.612985610961914,0.7006608843803406,0.5697436928749084,24.503541946411133,24.507366180419922,-0.0,-0.0,-0.0,-0.0,off
9.44,13.638683319091797,8.06137752532959,18.649211883544922,0.7292587161064148,0.5856951475143433,24.470239639282227,24.501413345336914,-0.0,-0.0,-0.0,-0.0,off
9.46,13.583789825439453,7.928749084472656,18.69618034362793,0.7359691262245178,0.6007224917411804,24.43218421936035,24.492176055908203,-0.0,0.0,-0.0,-0.0,off
9.48,13.488353729248047,7.813277244567871,18.745922088623047,0.7241670489311218,0.6130669713020325,24.38016700744629,24.478654861450195,-0.0,-0.0,-0.0,-0.0,off
9.5,13.408141136169434,7.630524635314941,18.800081253051758,0.7260879874229431,0.6243690252304077,24.31966781616211,24.46012306213379,-0.0,-0.0,-0.0,-0.0,off
9.52,13.376119613647461,7.48619270324707,18.848554611206055,0.7360321879386902,0.6355352997779846,24.2946834564209,24.440797805786133,-0.0,-0.0,-0.0,-0.0,off
9.540000000000001,13.379591941833496,7.326841354370117,18.881059646606445,0.7580345273017883,0.6477851867675781,24.27324676513672,24.42108726501465,-0.0,0.0,-0.0,-0.0,off
9.56,13.280838966369629,7.154986381530762,18.915769577026367,0.7694785594940186,0.6599545478820801,24.194644927978516,24.395261764526367,-0.0,-0.0,-0.0,-0.0,off
9.58,13.245776176452637,7.0896196365356445,18.945528030395508,0.7886897325515747,0.6728280782699585,24.179462432861328,24.370769500732422,-0.0,-0.0,-0.0,-0.0,off
9.6,13.193808555603027,6.98780632019043,18.98833656311035,0.8066562414169312,0.6862109303474426,24.154977798461914,24.34632682800293,-0.0,-0.0,-0.0,-0.0,off
9.620000000000001,13.01746940612793,6.973419189453125,19.045480728149414,0.8144810795783997,0.6990379095077515,24.10007095336914,24.319110870361328,-0.0,-0.0,-0.0,-0.0,off
9.64,12.876625061035156,6.932166576385498,19.090213775634766,0.8254765272140503,0.7116817831993103,24.047840118408203,24.289505004882812,-0.0,-0.0,-0.0,-0.0,off
9.66,12.77614688873291,6.853554725646973,19.129579544067383,0.8202747702598572,0.722541093826294,24.002958297729492,24.258373260498047,-0.0,-0.0,-0.0,-0.0,off
9.68,12.730047225952148,6.703160285949707,19.1691837310791,0.8163179755210876,0.7319187521934509,23.96756362915039,24.226633071899414,-0.0,-0.0,-0.0,-0.0,off
9.700000000000001,12.590356826782227,6.577308177947998,19.2170467376709,0.8406247496604919,0.7427893280982971,23.897132873535156,24.190784454345703,-0.0,-0.0,-0.0,-0.0,off
9.72,12.599096298217773,6.55864143371582,19.25229263305664,0.8579662442207336,0.7543070316314697,23.92496109008789,24.16172218322754,-0.0,-0.0,-0.0,-0.0,off
9.74,12.472491264343262,6.399783611297607,19.301395416259766,0.8622949719429016,0.7651057839393616,23.855064392089844,24.128215789794922,-0.0,-0.0,-0.0,-0.0,off
9.76,12.415654182434082,6.299564838409424,19.34773063659668,0.8594939112663269,0.7745445966720581,23.836267471313477,24.096174240112305,-0.0,0.0,-0.0,-0.0,off
9.78,12.273446083068848,6.155664443969727,19.40707778930664,0.8700612187385559,0.7840962409973145,23.77318572998047,24.06067657470703,-0.0,-0.0,-0.0,-0.0,off
9.8,12.200559616088867,6.026474475860596,19.433483123779297,0.8997264504432678,0.7956591844558716,23.72408676147461,24.02375602722168,-0.0,-0.0,-0.0,-0.0,off
9.82,12.045234680175781,5.886706352233887,19.465951919555664,0.9271345734596252,0.8088067173957825,23.636079788208008,23.981441497802734,-0.0,-0.0,-0.0,-0.0,off
9.84,11.961954116821289,5.787631988525391,19.514202117919922,0.9462549090385437,0.8225514888763428,23.609088897705078,23.940662384033203,0.0,-0.0,-0.0,0.0,off
9.86,11.895079612731934,5.692788124084473,19.558826446533203,0.9499452710151672,0.8352908492088318,23.589160919189453,23.90203285217285,-0.0,-0.0,-0.0,-0.0,off
9.88,11.789499282836914,5.614829063415527,19.60470199584961,0.9699977040290833,0.8487614989280701,23.55552864074707,23.863927841186523,-0.0,0.0,-0.0,-0.0,off
9.9,11.693689346313477,5.516674995422363,19.66219711303711,1.0087730884552002,0.8647626042366028,23.532489776611328,23.8272647857666,-0.0,0.0,-0.0,-0.0,off
9.92,11.543007850646973,5.439874649047852,19.6855525970459,1.0365581512451172,0.8819421529769897,23.459630966186523,23.786949157714844,-0.0,-0.0,-0.0,-0.0,off
9.94,11.399918556213379,5.296514511108398,19.729936599731445,1.0586528778076172,0.8996132016181946,23.39405059814453,23.74378204345703,-0.0,-0.0,-0.0,-0.0,off
9.96,11.344261169433594,5.209109783172607,19.759380340576172,1.0708422660827637,0.9167360663414001,23.372209548950195,23.702943801879883,-0.0,-0.0,-0.0,-0.0,off
9.98,11.237626075744629,5.137034893035889,19.799591064453125,1.0993142127990723,0.9349938631057739,23.338747024536133,23.66289710998535,-0.0,-0.0,-0.0,-0.0,off
10.0,11.12222671508789,5.110899925231934,19.838455200195312,1.1168465614318848,0.953179121017456,23.31071662902832,23.624229431152344,-0.0,-0.0,-0.0,-0.0,off
10.02,10.977617263793945,5.082771301269531,19.859817504882812,1.09273362159729,0.9671345353126526,23.254138946533203,23.583860397338867,-0.0,-0.0,-0.0,-0.0,off
10.040000000000001,10.91275405883789,4.976480484008789,19.91373634338379,1.09423828125,0.979844868183136,23.24673080444336,23.54677963256836,-0.0,-0.0,-0.0,-0.0,off
10.06,10.880922317504883,4.855503559112549,19.947389602661133,1.091862440109253,0.9910466074943542,23.235074996948242,23.512332916259766,-0.0,-0.0,-0.0,-0.0,off
10.08,10.768518447875977,4.693600654602051,19.984874725341797,1.0886108875274658,1.000802993774414,23.181589126586914,23.475664138793945,-0.0,-0.0,-0.0,-0.0,off
10.1,10.69473934173584,4.650564193725586,20.03314781188965,1.0800690650939941,1.0087295770645142,23.18042755126953,23.442758560180664,-0.0,-0.0,-0.0,-0.0,off
10.120000000000001,10.579532623291016,4.614742279052734,20.08197593688965,1.051267385482788,1.0129833221435547,23.16264533996582,23.41144561767578,-0.0,0.0,-0.0,-0.0,off
10.14,10.537342071533203,4.488358497619629,20.125732421875,1.019437313079834,1.0136287212371826,23.15655517578125,23.382659912109375,-0.0,-0.0,-0.0,-0.0,off
10.16,10.490914344787598,4.448976993560791,20.18421745300293,1.0234951972961426,1.0146152973175049,23.178768157958984,23.359210968017578,-0.0,-0.0,-0.0,-0.0,off
10.18,10.405157089233398,4.360717296600342,20.237262725830078,1.0470497608184814,1.0178587436676025,23.169591903686523,23.337148666381836,0.0,-0.0,-0.0,0.0,off
10.200000000000001,10.3477144241333,4.342347145080566,20.247713088989258,1.044034481048584,1.0204763412475586,23.1495361328125,23.315637588500977,0.0,-0.0,-0.0,0.0,off
10.22,10.160240173339844,4.299593448638916,20.304542541503906,1.0120139122009277,1.0196300745010376,23.10825538635254,23.291894912719727,-0.0,-0.0,-0.0,-0.0,off
10.24,10.096281051635742,4.264525890350342,20.353267669677734,0.9818266034126282,1.0158497095108032,23.116586685180664,23.271535873413086,-0.0,0.0,-0.0,-0.0,off
10.26,10.123479843139648,4.221598148345947,20.37718391418457,0.9572564959526062,1.0099903345108032,23.141658782958984,23.256174087524414,-0.0,-0.0,-0.0,-0.0,off
10.28,10.088726043701172,4.080296993255615,20.44814109802246,0.9344713091850281,1.0024384260177612,23.163715362548828,23.24441146850586,0.0,0.0,-0.0,0.0,off
10.3,10.020330429077148,4.0554656982421875,20.501874923706055,0.915167510509491,0.9937112927436829,23.177160263061523,23.235301971435547,0.0,0.0,-0.0,0.0,off
10.32,9.94387149810791,3.952784299850464,20.53275489807129,0.9094751477241516,0.9852876663208008,23.1538143157959,23.224695205688477,0.0,-0.0,-0.0,0.0,off
10.34,9.907995223999023,3.882708787918091,20.583534240722656,0.9049646258354187,0.9772553443908691,23.171655654907227,23.21702766418457,-0.0,-0.0,-0.0,-0.0,off
10.36,9.772226333618164,3.9127309322357178,20.619956970214844,0.8967699408531189,0.9692067503929138,23.151424407958984,23.20821189880371,-0.0,-0.0,-0.0,-0.0,off
10.38,9.696552276611328,3.855281114578247,20.65652084350586,0.8779723048210144,0.9600833058357239,23.142562866210938,23.19941520690918,-0.0,-0.0,-0.0,-0.0,off
10.4,9.651379585266113,3.8460214138031006,20.706701278686523,0.8620341420173645,0.9502783417701721,23.166969299316406,23.194135665893555,-0.0,-0.0,-0.0,-0.0,off
10.42,9.614178657531738,3.763751268386841,20.769668579101562,0.8627906441688538,0.9415295124053955,23.194339752197266,23.19212532043457,-0.0,-0.0,-0.0,-0.0,off
10.44,9.593524932861328,3.6335256099700928,20.808698654174805,0.8645320534706116,0.9338297247886658,23.20000457763672,23.190845489501953,-0.0,-0.0,-0.0,-0.0,off
10.46,9.551706314086914,3.554382085800171,20.855497360229492,0.8628299832344055,0.926729679107666,23.212507247924805,23.19096565246582,-0.0,-0.0,-0.0,-0.0,off
10.48,9.46121883392334,3.4434354305267334,20.897258758544922,0.852247416973114,0.9192814230918884,23.196277618408203,23.189268112182617,-0.0,-0.0,-0.0,-0.0,off
10.5,9.461936950683594,3.3695433139801025,20.920089721679688,0.8435906767845154,0.9117122888565063,23.206296920776367,23.188934326171875,-0.0,-0.0,-0.0,-0.0,off
10.52,9.429566383361816,3.287036180496216,20.958728790283203,0.8415098786354065,0.9046919941902161,23.216150283813477,23.189655303955078,-0.0,-0.0,-0.0,-0.0,off
10.540000000000001,9.389485359191895,3.163309335708618,20.976015090942383,0.8344157934188843,0.8976643085479736,23.198322296142578,23.188444137573242,-0.0,-0.0,-0.0,-0.0,off
10.56,9.402816772460938,3.0354697704315186,21.008390426635742,0.8277962803840637,0.8906775116920471,23.215930938720703,23.189109802246094,0.0,0.0,-0.0,0.0,off
10.58,9.439187049865723,2.891674280166626,21.055137634277344,0.8281448483467102,0.8844242095947266,23.25465202331543,23.193511962890625,-0.0,-0.0,-0.0,-0.0,off
10.6,9.439369201660156,2.69523549079895,21.06376075744629,0.8195629715919495,0.8779380321502686,23.23893165588379,23.195608139038086,-0.0,-0.0,-0.0,-0.0,off
10.620000000000001,9.429327964782715,2.479227304458618,21.090059280395508,0.8208877444267273,0.872232973575592,23.23465919494629,23.196638107299805,-0.0,-0.0,-0.0,-0.0,off
10.64,9.337934494018555,2.2856805324554443,21.110830307006836,0.8162060379981995,0.8666303157806396,23.196735382080078,23.193340301513672,0.0,0.0,-0.0,0.0,off
10.66,9.299860954284668,2.0343515872955322,21.117979049682617,0.8026397228240967,0.8602312207221985,23.164520263671875,23.186538696289062,0.0,-0.0,-0.0,0.0,off
10.68,9.337821960449219,1.8097989559173584,21.13511085510254,0.7945135831832886,0.853659451007843,23.176782608032227,23.1812744140625,-0.0,-0.0,-0.0,-0.0,off
10.700000000000001,9.340776443481445,1.67447829246521,21.176074981689453,0.8019118905067444,0.8484846949577332,23.20517349243164,23.179439544677734,-0.0,-0.0,-0.0,-0.0,off
10.72,9.308055877685547,1.5424301624298096,21.194150924682617,0.8044549822807312,0.8440817594528198,23.199377059936523,23.177268981933594,-0.0,-0.0,-0.0,-0.0,off
10.74,9.281978607177734,1.3629062175750732,21.2227783203125,0.8093777298927307,0.8406113386154175,23.203855514526367,23.175552368164062,-0.0,-0.0,-0.0,-0.0,off
10.76,9.315357208251953,1.1820056438446045,21.21760368347168,0.8014695644378662,0.8366971611976624,23.20258140563965,23.17376708984375,-0.0,0.0,-0.0,-0.0,off
10.78,9.334524154663086,1.1237270832061768,21.187660217285156,0.794733464717865,0.8325008153915405,23.18001365661621,23.170490264892578,-0.0,0.0,-0.0,-0.0,off
10.8,9.26925277709961,1.0526459217071533,21.186861038208008,0.7935438752174377,0.8286051154136658,23.149734497070312,23.16484832763672,-0.0,0.0,-0.0,-0.0,off
10.82,9.269020080566406,0.94948410987854,21.113121032714844,0.7934879064559937,0.8250933885574341,23.07769775390625,23.15279769897461,-0.0,-0.0,-0.0,-0.0,off
10.84,9.310486793518066,0.8709557056427002,21.05231475830078,0.8019402027130127,0.822778046131134,23.035703659057617,23.1380672454834,-0.0,-0.0,-0.0,-0.0,off
10.86,9.252340316772461,0.684760332107544,21.054208755493164,0.8300055861473083,0.8235007524490356,23.007701873779297,23.121681213378906,-0.0,-0.0,-0.0,-0.0,off
10.88,9.313037872314453,0.6159317493438721,20.968795776367188,0.8404374718666077,0.8251944184303284,22.952177047729492,23.101743698120117,-0.0,-0.0,-0.0,-0.0,off
10.9,9.341344833374023,0.5418627262115479,20.868627548217773,0.8319769501686096,0.8258726596832275,22.870372772216797,23.07587432861328,-0.0,-0.0,-0.0,-0.0,off
10.92,9.408552169799805,0.5254523754119873,20.78146743774414,0.8211916089057922,0.8254045248031616,22.818113327026367,23.047800064086914,-0.0,-0.0,-0.0,-0.0,off
10.94,9.379995346069336,0.405894011259079,20.80046844482422,0.8425487875938416,0.8271189332008362,22.821229934692383,23.02280616760254,0.0,-0.0,-0.0,0.0,off
10.96,9.388845443725586,0.3180658519268036,20.724319458007812,0.8634788393974304,0.8307548761367798,22.754098892211914,22.99367904663086,-0.0,-0.0,-0.0,-0.0,off
10.98,9.375514030456543,0.215224951505661,20.61547088623047,0.8816990256309509,0.8358492851257324,22.648271560668945,22.956897735595703,-0.0,-0.0,-0.0,-0.0,off
11.0,9.408394813537598,0.1417696177959442,20.545053482055664,0.876841127872467,0.8399484157562256,22.59728240966797,22.918798446655273,-0.0,-0.0,-0.0,-0.0,off
11.02,9.480414390563965,0.06285832077264786,20.50442123413086,0.8716420531272888,0.8431177735328674,22.590120315551758,22.883834838867188,-0.0,-0.0,-0.0,-0.0,off
11.040000000000001,9.551508903503418,0.007383562624454498,20.481365203857422,0.8475565314292908,0.8435616493225098,22.599063873291016,22.853376388549805,-0.0,-0.0,-0.0,-0.0,off
11.06,9.647536277770996,-0.07546832412481308,20.441261291503906,0.8527793288230896,0.8444833755493164,22.603668212890625,22.826370239257812,-0.0,-0.0,-0.0,-0.0,off
11.08,9.658639907836914,-0.15952280163764954,20.406946182250977,0.8512517809867859,0.8451602458953857,22.57782554626465,22.79953384399414,-0.0,-0.0,-0.0,-0.0,off
11.1,9.68109130859375,-0.22441604733467102,20.33870506286621,0.8526100516319275,0.8459051847457886,22.526357650756836,22.77031707763672,-0.0,-0.0,-0.0,-0.0,off
11.120000000000001,9.723681449890137,-0.25798776745796204,20.200496673583984,0.844716489315033,0.8457862734794617,22.42045021057129,22.733531951904297,-0.0,0.0,-0.0,-0.0,off
11.14,9.798007011413574,-0.32845571637153625,20.200836181640625,0.8662567734718323,0.8478333353996277,22.454011917114258,22.70378303527832,-0.0,-0.0,-0.0,-0.0,off
11.16,9.923250198364258,-0.47005918622016907,20.196300506591797,0.8996253609657288,0.8530125021934509,22.50738525390625,22.682004928588867,-0.0,-0.0,-0.0,-0.0,off
11.18,10.02016830444336,-0.5137741565704346,20.067222595214844,0.9078828692436218,0.8584995269775391,22.435710906982422,22.655181884765625,-0.0,-0.0,-0.0,-0.0,off
11.200000000000001,10.081827163696289,-0.5137455463409424,20.04248809814453,0.9254828095436096,0.8651977777481079,22.44122314453125,22.631853103637695,-0.0,-0.0,-0.0,-0.0,off
11.22,10.13601016998291,-0.5878217220306396,20.055831909179688,0.9573727250099182,0.8744152784347534,22.479337692260742,22.61471939086914,-0.0,-0.0,-0.0,-0.0,off
11.24,10.189980506896973,-0.6246259212493896,20.12367820739746,0.9998180270195007,0.8869554996490479,22.565200805664062,22.60809898376465,-0.0,-0.0,-0.0,-0.0,off
11.26,10.30135726928711,-0.7012069225311279,20.107574462890625,1.0511372089385986,0.903373658657074,22.6036319732666,22.605854034423828,-0.0,-0.0,-0.0,-0.0,off
11.28,10.385536193847656,-0.7879159450531006,20.104923248291016,1.1029465198516846,0.9233309030532837,22.642616271972656,22.607656478881836,-0.0,-0.0,-0.0,-0.0,off
11.3,10.476608276367188,-0.8393189907073975,20.21282958984375,1.1544394493103027,0.9464417099952698,22.782060623168945,22.623369216918945,-0.0,-0.0,-0.0,-0.0,off
11.32,10.590965270996094,-0.9048902988433838,20.200122833251953,1.2115561962127686,0.9729531407356262,22.826133728027344,22.64182472229004,-0.0,-0.0,-0.0,-0.0,off
11.34,10.695402145385742,-0.9675562381744385,20.178810119628906,1.2848927974700928,1.0041470527648926,22.8585262298584,22.661602020263672,0.0,-0.0,-0.0,0.0,off
11.36,10.810070037841797,-0.9793074131011963,20.103012084960938,1.3322486877441406,1.0369571447372437,22.846176147460938,22.678131103515625,-0.0,-0.0,-0.0,-0.0,off
11.38,10.868382453918457,-0.9499685764312744,20.085926055908203,1.3750450611114502,1.0707658529281616,22.857572555541992,22.694416046142578,-0.0,-0.0,-0.0,-0.0,off
11.4,10.963109970092773,-0.9957926273345947,20.04006576538086,1.4342288970947266,1.107112169265747,22.864505767822266,22.70969581604004,-0.0,-0.0,-0.0,-0.0,off
11.42,11.070853233337402,-1.0134949684143066,20.043058395385742,1.4966695308685303,1.1460678577423096,22.919754028320312,22.7289981842041,-0.0,-0.0,-0.0,-0.0,off
11.44,11.150099754333496,-1.0976793766021729,19.970251083374023,1.557880163192749,1.1872490644454956,22.898483276367188,22.744094848632812,-0.0,-0.0,-0.0,-0.0,off
11.46,11.222329139709473,-1.123971939086914,19.93850326538086,1.5862939357757568,1.2271535396575928,22.907377243041992,22.758636474609375,-0.0,-0.0,-0.0,-0.0,off
11.48,11.276683807373047,-1.1425559520721436,19.8857421875,1.614635705947876,1.265901803970337,22.88912010192871,22.769987106323242,-0.0,0.0,-0.0,-0.0,off
11.5,11.310713768005371,-1.166095495223999,19.874820709228516,1.6607294082641602,1.3053845167160034,22.897607803344727,22.781234741210938,-0.0,0.0,-0.0,-0.0,off
11.52,11.430814743041992,-1.2112245559692383,19.831954956054688,1.7002930641174316,1.3448753356933594,22.922412872314453,22.793684005737305,-0.0,-0.0,-0.0,-0.0,off
11.540000000000001,11.50294303894043,-1.1604158878326416,19.782257080078125,1.700873851776123,1.3804751634597778,22.912921905517578,22.8040714263916,-0.0,-0.0,-0.0,-0.0,off
11.56,11.543662071228027,-1.280958890914917,19.723848342895508,1.690382957458496,1.4114658832550049,22.889455795288086,22.810993194580078,-0.0,-0.0,-0.0,-0.0,off
11.58,11.669513702392578,-1.312082052230835,19.692575454711914,1.6752490997314453,1.437844157218933,22.928075790405273,22.820964813232422,-0.0,-0.0,-0.0,-0.0,off
11.6,11.771339416503906,-1.3894879817962646,19.66604995727539,1.6549630165100098,1.4595561027526855,22.961894989013672,22.833206176757812,-0.0,-0.0,-0.0,-0.0,off
11.620000000000001,11.880195617675781,-1.3895740509033203,19.616451263427734,1.6209089756011963,1.475691318511963,22.97553253173828,22.84555435180664,-0.0,-0.0,-0.0,-0.0,off
11.64,11.978873252868652,-1.4133362770080566,19.592884063720703,1.6027588844299316,1.4883980751037598,23.008085250854492,22.859926223754883,-0.0,-0.0,-0.0,-0.0,off
11.66,12.127177238464355,-1.4643044471740723,19.58160972595215,1.6319735050201416,1.5027556419372559,23.079256057739258,22.879812240600586,-0.0,-0.0,-0.0,-0.0,off
11.68,12.234557151794434,-1.4291598796844482,19.559558868408203,1.7073628902435303,1.5232163667678833,23.114999771118164,22.901363372802734,-0.0,0.0,-0.0,-0.0,off
11.700000000000001,12.31065559387207,-1.4292914867401123,19.55498504638672,1.7948319911956787,1.5503778457641602,23.151512145996094,22.92455291748047,-0.0,0.0,-0.0,-0.0,off
11.72,12.333269119262695,-1.4138636589050293,19.551708221435547,1.8426361083984375,1.5796035528182983,23.159832000732422,22.94655418395996,-0.0,-0.0,-0.0,-0.0,off
11.74,12.417722702026367,-1.4016292095184326,19.569839477539062,1.8869645595550537,1.610339641571045,23.219453811645508,22.972427368164062,0.0,0.0,-0.0,0.0,off
11.76,12.508142471313477,-1.3782827854156494,19.541790008544922,1.9154930114746094,1.6408549547195435,23.242952346801758,22.998069763183594,-0.0,-0.0,-0.0,-0.0,off
11.78,12.593320846557617,-1.283686876296997,19.524484634399414,1.962782382965088,1.673047661781311,23.268972396850586,23.023805618286133,-0.0,-0.0,-0.0,-0.0,off
11.8,12.676138877868652,-1.232738733291626,19.50520896911621,2.0121960639953613,1.7069624662399292,23.295007705688477,23.049589157104492,-0.0,-0.0,-0.0,-0.0,off
11.82,12.728964805603027,-1.2008488178253174,19.479991912841797,2.051713228225708,1.741437554359436,23.301044464111328,23.073476791381836,-0.0,-0.0,-0.0,-0.0,off
11.84,12.794757843017578,-1.1774604320526123,19.443986892700195,2.1168792247772217,1.7789816856384277,23.30581283569336,23.095468521118164,-0.0,-0.0,-0.0,-0.0,off
11.86,12.9119873046875,-1.1475884914398193,19.430896759033203,2.1958000659942627,1.820663571357727,23.357999801635742,23.120393753051758,-0.0,-0.0,-0.0,-0.0,off
11.88,13.003625869750977,-1.0575664043426514,19.382749557495117,2.2738759517669678,1.8659846782684326,23.364582061767578,23.14337921142578,0.0,-0.0,-0.0,0.0,off
11.9,13.094698905944824,-1.0160343647003174,19.342575073242188,2.3296871185302734,1.912354826927185,23.38030433654785,23.16558074951172,0.0,-0.0,-0.0,0.0,off
11.92,13.122343063354492,-0.9854977130889893,19.27450180053711,2.376918315887451,1.9588111639022827,23.338241577148438,23.181432723999023,-0.0,-0.0,-0.0,-0.0,off
11.94,13.18989086151123,-0.9626123905181885,19.240943908691406,2.4373114109039307,2.0066611766815186,23.347671508789062,23.19666862487793,-0.0,-0.0,-0.0,-0.0,off
11.96,13.224699020385742,-0.9430358409881592,19.20292091369629,2.5084228515625,2.056837320327759,23.335256576538086,23.20924186706543,-0.0,-0.0,-0.0,-0.0,off
11.98,13.297647476196289,-0.9515078067779541,19.12425422668457,2.546968936920166,2.1058504581451416,23.312440872192383,23.218223571777344,-0.0,-0.0,-0.0,-0.0,off
12.0,13.353004455566406,-0.9997365474700928,19.068056106567383,2.547795534133911,2.1500449180603027,23.300064086914062,23.225116729736328,-0.0,-0.0,-0.0,-0.0,off
12.02,13.430334091186523,-0.9962174892425537,19.00977325439453,2.492403268814087,2.1842806339263916,23.296733856201172,23.23094367980957,-0.0,-0.0,-0.0,-0.0,off
12.040000000000001,13.583588600158691,-1.0486886501312256,18.963584899902344,2.4364676475524902,2.2094993591308594,23.35018539428711,23.241317749023438,-0.0,0.0,-0.0,-0.0,off
12.06,13.627570152282715,-1.1897237300872803,18.840301513671875,2.396174669265747,2.2281668186187744,23.282676696777344,23.243824005126953,-0.0,0.0,-0.0,-0.0,off
12.08,13.633119583129883,-1.362975835800171,18.74582290649414,2.3998465538024902,2.2453348636627197,23.219078063964844,23.23971176147461,-0.0,-0.0,-0.0,-0.0,off
12.1,13.51336669921875,-1.5738883018493652,18.578935623168945,2.432741641998291,2.264075517654419,23.027484893798828,23.216859817504883,-0.0,-0.0,-0.0,-0.0,off
12.120000000000001,13.644977569580078,-1.644162654876709,18.468910217285156,2.4299821853637695,2.2806661128997803,23.02149772644043,23.195344924926758,-0.0,-0.0,-0.0,-0.0,off
12.14,13.743073463439941,-1.6574809551239014,18.406089782714844,2.44319486618042,2.2969188690185547,23.030488967895508,23.17684555053711,-0.0,-0.0,-0.0,-0.0,off
12.16,13.757492065429688,-1.6396076679229736,18.232213973999023,2.505354642868042,2.3177623748779297,22.899139404296875,23.147066116333008,-0.0,-0.0,-0.0,-0.0,off
12.18,13.81171989440918,-1.500223159790039,18.133581161499023,2.5692155361175537,2.342907667160034,22.843839645385742,23.114913940429688,-0.0,-0.0,-0.0,-0.0,off
12.200000000000001,13.822237968444824,-1.2873127460479736,17.991870880126953,2.673320770263672,2.375948905944824,22.724851608276367,23.074174880981445,-0.0,-0.0,-0.0,-0.0,off
12.22,13.776981353759766,-1.0233516693115234,17.829113006591797,2.8341147899627686,2.4217655658721924,22.555038452148438,23.020505905151367,-0.0,-0.0,-0.0,-0.0,off
12.24,13.931053161621094,-0.7497994899749756,17.72811508178711,2.9896202087402344,2.478551149368286,22.559310913085938,22.971887588500977,-0.0,-0.0,-0.0,-0.0,off
12.26,14.101200103759766,-0.5773282051086426,17.63214683532715,3.1189630031585693,2.5425922870635986,22.58472442626953,22.929990768432617,-0.0,-0.0,-0.0,-0.0,off
12.280000000000001,14.170358657836914,-0.3686111271381378,17.436067581176758,3.229417324066162,2.6112747192382812,22.47112274169922,22.88022232055664,-0.0,-0.0,-0.0,-0.0,off
12.3,14.213093757629395,-0.06434371322393417,17.255348205566406,3.365267515182495,2.686674118041992,22.355384826660156,22.822906494140625,-0.0,-0.0,-0.0,-0.0,off
12.32,14.405899047851562,0.36367127299308777,17.041725158691406,3.5235016345977783,2.7703568935394287,22.317764282226562,22.765153884887695,-0.0,-0.0,-0.0,-0.0,off
12.34,14.753767013549805,0.6426639556884766,16.7601318359375,3.6587464809417725,2.8591957092285156,22.338054656982422,22.71244239807129,0.0,-0.0,-0.0,0.0,off
12.36,15.050291061401367,1.0272607803344727,16.488052368164062,3.7078065872192383,2.944056749343872,22.347761154174805,22.66271209716797,-0.0,-0.0,-0.0,-0.0,off
12.38,15.421174049377441,1.5892853736877441,16.057403564453125,3.761478900909424,3.025799036026001,22.319915771484375,22.60895538330078,-0.0,-0.0,-0.0,-0.0,off
12.4,15.443046569824219,1.9408607482910156,15.844481468200684,3.7943108081817627,3.1026501655578613,22.210407257080078,22.548906326293945,-0.0,-0.0,-0.0,-0.0,off
12.42,15.634029388427734,2.499099016189575,15.491637229919434,3.864617109298706,3.178846836090088,22.150829315185547,22.48401641845703,-0.0,-0.0,-0.0,-0.0,off
12.44,15.701945304870605,2.927304744720459,15.125536918640137,3.9503371715545654,3.255995750427246,21.997774124145508,22.40757942199707,-0.0,-0.0,-0.0,-0.0,off
12.46,16.085830688476562,3.305548667907715,14.596458435058594,4.040907859802246,3.334486961364746,21.971281051635742,22.33039665222168,-0.0,-0.0,-0.0,-0.0,off
12.48,16.21427345275879,3.634232997894287,13.81015682220459,4.183478355407715,3.4193859100341797,21.606266021728516,22.218645095825195,-0.0,-0.0,-0.0,-0.0,off
12.5,16.510515213012695,4.042978763580322,12.541133880615234,4.297223091125488,3.507169485092163,21.123987197875977,22.054767608642578,-0.0,-0.0,-0.0,-0.0,off
12.52,17.002155303955078,4.262732028961182,11.311941146850586,4.31918478012085,3.5883708000183105,20.861547470092773,21.864572525024414,0.0,-0.0,-0.0,0.0,off
12.540000000000001,17.492801666259766,4.166707992553711,9.75267505645752,4.280130863189697,3.6575467586517334,20.456642150878906,21.6312255859375,-0.0,-0.0,-0.0,-0.0,off
12.56,17.86223602294922,3.976125478744507,8.28017520904541,4.254043102264404,3.717196226119995,20.085575103759766,21.363311767578125,0.0,0.0,-0.0,0.0,off
12.58,18.33053207397461,4.238765239715576,7.841114521026611,4.202055931091309,3.7656822204589844,20.382801055908203,21.151594161987305,-0.0,-0.0,-0.0,-0.0,off
12.6,18.720548629760742,4.3558502197265625,7.406612396240234,4.1370134353637695,3.8028151988983154,20.598308563232422,20.985776901245117,-0.0,-0.0,-0.0,-0.0,off
12.620000000000001,18.932226181030273,4.110203742980957,5.503251552581787,4.032719612121582,3.825805425643921,20.13973045349121,20.75661277770996,0.0,0.0,-0.0,0.0,off
12.64,19.076871871948242,2.9752423763275146,3.4896950721740723,3.919874906539917,3.835212469100952,19.620323181152344,20.459508895874023,-0.0,-0.0,-0.0,-0.0,off
12.66,19.470394134521484,3.322418212890625,2.091127395629883,3.692835569381714,3.820974826812744,19.862213134765625,20.188922882080078,-0.0,-0.0,-0.0,-0.0,off
12.68,19.70016860961914,3.5104100704193115,1.1593092679977417,3.398603916168213,3.778737783432007,20.044042587280273,19.960756301879883,-0.0,-0.0,-0.0,-0.0,off
12.700000000000001,20.611106872558594,3.8811581134796143,0.4764269292354584,3.1499550342559814,3.7158594131469727,20.9787540435791,19.8505802154541,-0.0,-0.0,-0.0,-0.0,off
12.72,22.106616973876953,4.474358558654785,0.5812832117080688,2.8813939094543457,3.6324126720428467,22.56236457824707,19.940702438354492,-0.0,-0.0,-0.0,-0.0,off
12.74,23.66739273071289,4.925535678863525,0.5059312582015991,2.6576344966888428,3.5349347591400146,24.179792404174805,20.207380294799805,-0.0,-0.0,-0.0,-0.0,off
12.76,24.49826431274414,5.725367546081543,1.3692704439163208,2.515507459640503,3.4329919815063477,25.195629119873047,20.59998321533203,-0.0,-0.0,-0.0,-0.0,off
12.780000000000001,24.650684356689453,5.777993202209473,2.086203098297119,2.5731844902038574,3.347011089324951,25.404600143432617,21.013057708740234,-0.0,0.0,-0.0,-0.0,off
12.8,25.04867935180664,5.336905479431152,2.4719839096069336,2.6556739807128906,3.27787709236145,25.729936599731445,21.439697265625,-0.0,0.0,-0.0,-0.0,off
12.82,25.00450897216797,5.929956436157227,2.8630337715148926,2.699657440185547,3.220054864883423,25.857046127319336,21.85027313232422,0.0,-0.0,-0.0,0.0,off
12.84,25.036529541015625,6.767310619354248,3.110044479370117,2.6888325214385986,3.1669325828552246,26.12080955505371,22.251781463623047,-0.0,-0.0,-0.0,-0.0,off
12.86,25.251140594482422,7.504573822021484,2.9249091148376465,2.700719118118286,3.1203112602233887,26.504600524902344,22.650236129760742,-0.0,-0.0,-0.0,-0.0,off
12.88,25.040433883666992,8.273961067199707,2.433053493499756,2.6934597492218018,3.0776259899139404,26.483985900878906,23.001161575317383,-0.0,-0.0,-0.0,-0.0,off
12.9,25.204309463500977,8.206010818481445,2.0082192420959473,2.7082245349884033,3.0406858921051025,26.582490921020508,23.329862594604492,-0.0,-0.0,-0.0,-0.0,off
12.92,24.994300842285156,8.12771224975586,1.982549786567688,2.6858160495758057,3.0051989555358887,26.357263565063477,23.609573364257812,-0.0,-0.0,-0.0,-0.0,off
12.94,24.664058685302734,7.957059860229492,1.9630600214004517,2.669884204864502,2.971667528152466,25.99007797241211,23.830068588256836,-0.0,-0.0,-0.0,-0.0,off
12.96,23.973459243774414,8.059635162353516,1.6750222444534302,2.6521084308624268,2.939711570739746,25.347389221191406,23.964265823364258,-0.0,-0.0,-0.0,-0.0,off
12.98,23.41592025756836,7.014503002166748,1.6568552255630493,2.586794137954712,2.9044196605682373,24.500076293945312,24.007963180541992,-0.0,-0.0,-0.0,-0.0,off
13.0,23.14082908630371,6.419156551361084,1.3933616876602173,2.405099391937256,2.854487657546997,24.055042266845703,24.003793716430664,-0.0,-0.0,-0.0,-0.0,off
13.02,23.446815490722656,5.779314041137695,1.9525004625320435,2.2205395698547363,2.791092872619629,24.227378845214844,24.021875381469727,-0.0,-0.0,-0.0,-0.0,off
13.040000000000001,23.657533645629883,5.087801933288574,3.124422073364258,2.1099162101745605,2.722975254058838,24.399316787719727,24.056901931762695,-0.0,-0.0,-0.0,-0.0,off
13.06,23.57954978942871,5.059988975524902,3.5813827514648438,2.1060478687286377,2.661282539367676,24.38083267211914,24.086849212646484,-0.0,0.0,-0.0,-0.0,off
13.08,23.683107376098633,5.184640884399414,4.2500529289245605,2.1909971237182617,2.6142539978027344,24.613676071166992,24.136383056640625,-0.0,-0.0,-0.0,-0.0,off
13.1,23.83881378173828,5.517688751220703,4.693752765655518,2.264355182647705,2.579263925552368,24.9151611328125,24.210851669311523,-0.0,-0.0,-0.0,-0.0,off
13.120000000000001,24.08205795288086,5.97497034072876,5.0344624519348145,2.2481958866119385,2.546157121658325,25.317811965942383,24.31790542602539,-0.0,0.0,-0.0,-0.0,off
13.14,24.30181884765625,6.377647399902344,4.958412170410156,2.1744043827056885,2.508981704711914,25.609346389770508,24.44456672668457,-0.0,-0.0,-0.0,-0.0,off
13.16,24.535280227661133,6.808554649353027,4.670096397399902,2.0878586769104004,2.466869354248047,25.887182235717773,24.587345123291016,-0.0,-0.0,-0.0,-0.0,off
13.18,24.65371322631836,6.936590194702148,4.158722400665283,2.0348100662231445,2.423663377761841,25.946422576904297,24.722545623779297,-0.0,0.0,-0.0,-0.0,off
13.200000000000001,24.778255462646484,7.221635818481445,3.773864269256592,2.015383005142212,2.3828353881835938,26.083635330200195,24.85734748840332,-0.0,0.0,-0.0,-0.0,off
13.22,25.277122497558594,7.415387153625488,3.263427257537842,2.0224838256835938,2.3468000888824463,26.54375457763672,25.02366065979004,-0.0,-0.0,-0.0,-0.0,off
13.24,25.557811737060547,7.750266075134277,2.8184752464294434,2.04254150390625,2.3163740634918213,26.85539436340332,25.202606201171875,-0.0,-0.0,-0.0,-0.0,off
13.26,25.77886199951172,7.902222633361816,2.366847038269043,2.032562494277954,2.2879929542541504,27.066526412963867,25.38317108154297,-0.0,-0.0,-0.0,-0.0,off
13.280000000000001,25.95254135131836,7.940553665161133,2.110973834991455,1.9795582294464111,2.2571494579315186,27.222105026245117,25.561004638671875,-0.0,-0.0,-0.0,-0.0,off
13.3,26.06890869140625,7.992341995239258,1.9326411485671997,1.934415340423584,2.2248761653900146,27.334970474243164,25.732494354248047,-0.0,-0.0,-0.0,-0.0,off
13.32,26.15304183959961,7.999370574951172,1.8575226068496704,1.8914952278137207,2.191538095474243,27.41207504272461,25.895334243774414,-0.0,-0.0,-0.0,-0.0,off
13.34,26.288619995117188,7.675599575042725,1.8335777521133423,1.847149133682251,2.1570992469787598,27.44755744934082,26.046804428100586,-0.0,-0.0,-0.0,-0.0,off
13.36,26.511507034301758,7.209921836853027,1.7106395959854126,1.7662279605865479,2.1180121898651123,27.52760887145996,26.191225051879883,-0.0,-0.0,-0.0,-0.0,off
13.38,26.684459686279297,6.793251037597656,1.5859624147415161,1.6707179546356201,2.0732827186584473,27.581222534179688,26.326013565063477,-0.0,-0.0,-0.0,-0.0,off
13.4,26.805805206298828,6.541476726531982,1.5030514001846313,1.566838026046753,2.0226383209228516,27.633337020874023,26.452306747436523,-0.0,-0.0,-0.0,-0.0,off
13.42,26.84207534790039,6.470569610595703,1.3750921487808228,1.4634993076324463,1.9667243957519531,27.645183563232422,26.56727409362793,-0.0,0.0,-0.0,-0.0,off
13.44,26.828720092773438,6.4110002517700195,1.195738434791565,1.3654446601867676,1.9065964221954346,27.60997772216797,26.667171478271484,-0.0,-0.0,-0.0,-0.0,off
13.46,26.663320541381836,6.194645881652832,1.0821300745010376,1.2757081985473633,1.8435076475143433,27.394840240478516,26.73552703857422,-0.0,-0.0,-0.0,-0.0,off
13.48,26.474388122558594,5.921913146972656,0.9119220972061157,1.210409164428711,1.7801977396011353,27.14394760131836,26.77147102355957,-0.0,-0.0,-0.0,-0.0,off
13.5,26.39747428894043,5.688214302062988,0.7805925607681274,1.170635461807251,1.7192414999008179,27.014657974243164,26.790576934814453,-0.0,-0.0,-0.0,-0.0,off
13.52,26.165319442749023,5.481570243835449,0.6894937753677368,1.1254653930664062,1.659863829612732,26.742231369018555,26.780649185180664,-0.0,-0.0,-0.0,-0.0,off
13.540000000000001,26.05452537536621,5.244139671325684,0.6920915842056274,1.0835137367248535,1.6022287607192993,26.5860538482666,26.75629234313965,-0.0,-0.0,-0.0,-0.0,off
13.56,25.935420989990234,5.114178657531738,0.6246868371963501,1.0633900165557861,1.5483448505401611,26.442222595214844,26.72028350830078,-0.0,-0.0,-0.0,-0.0,off
13.58,25.95199966430664,4.94823694229126,0.495645135641098,1.0571568012237549,1.4992259740829468,26.424175262451172,26.68580436706543,-0.0,-0.0,-0.0,-0.0,off
13.6,26.13606834411621,4.875946044921875,0.33921870589256287,1.045971393585205,1.4539004564285278,26.589170455932617,26.671152114868164,-0.0,-0.0,-0.0,-0.0,off
13.620000000000001,26.367488861083984,4.740485191345215,0.1971336305141449,1.0280485153198242,1.4113153219223022,26.790958404541016,26.677785873413086,-0.0,0.0,-0.0,-0.0,off
13.64,26.531818389892578,4.63289737701416,0.129917711019516,0.9937884211540222,1.3695626258850098,26.933584213256836,26.698190689086914,-0.0,-0.0,-0.0,-0.0,off
13.66,26.592655181884766,4.480611801147461,0.14341315627098083,0.9603448510169983,1.3286408185958862,26.967864990234375,26.720333099365234,-0.0,0.0,-0.0,-0.0,off
13.68,26.689104080200195,4.358743667602539,0.18159732222557068,0.9365509152412415,1.2894318103790283,27.043296813964844,26.748247146606445,-0.0,-0.0,-0.0,-0.0,off
13.700000000000001,26.876564025878906,4.171640396118164,0.08701762557029724,0.9114895462989807,1.251637578010559,27.19852638244629,26.788497924804688,-0.0,-0.0,-0.0,-0.0,off
13.72,27.043933868408203,4.003543376922607,0.006577104330062866,0.8666347861289978,1.2131372690200806,27.338666915893555,26.838533401489258,-0.0,-0.0,-0.0,-0.0,off
13.74,27.094711303710938,3.8185372352600098,-0.03716602921485901,0.8289782404899597,1.1747212409973145,27.362491607666016,26.88588523864746,-0.0,-0.0,-0.0,-0.0,off
13.76,27.14776039123535,3.635570764541626,-0.13823357224464417,0.7802875638008118,1.1352778673171997,27.39046287536621,26.931087493896484,-0.0,-0.0,-0.0,-0.0,off
13.780000000000001,27.260684967041016,3.4339709281921387,-0.26401272416114807,0.734004557132721,1.0951505899429321,27.477388381958008,26.980051040649414,-0.0,-0.0,-0.0,-0.0,off
13.8,27.345897674560547,3.2772958278656006,-0.2986110746860504,0.6803295016288757,1.05366849899292,27.543201446533203,27.030855178833008,-0.0,-0.0,-0.0,-0.0,off
13.82,27.442020416259766,3.109251022338867,-0.3862289488315582,0.6197025775909424,1.0102719068527222,27.620302200317383,27.08420753479004,-0.0,-0.0,-0.0,-0.0,off
13.84,27.550146102905273,2.9995763301849365,-0.5099281072616577,0.5679064393043518,0.9660353660583496,27.717649459838867,27.142091751098633,-0.0,-0.0,-0.0,-0.0,off
13.86,27.60382843017578,2.8383119106292725,-0.6053117513656616,0.5129225254058838,0.9207240343093872,27.75596809387207,27.1979923248291,-0.0,-0.0,-0.0,-0.0,off
13.88,27.665267944335938,2.6858150959014893,-0.6669849157333374,0.4478332996368408,0.8734349608421326,27.80333709716797,27.253149032592773,-0.0,-0.0,-0.0,-0.0,off
13.9,27.711088180541992,2.5119779109954834,-0.7611764669418335,0.38705509901046753,0.8247969746589661,27.835119247436523,27.305877685546875,-0.0,-0.0,-0.0,-0.0,off
13.92,27.746532440185547,2.3416428565979004,-0.8471306562423706,0.33407706022262573,0.7757249474525452,27.858051300048828,27.3555908203125,-0.0,0.0,-0.0,-0.0,off
13.94,27.807897567749023,2.1835525035858154,-0.9067682027816772,0.29546695947647095,0.7276991009712219,27.90822982788086,27.40544319152832,-0.0,-0.0,-0.0,-0.0,off
13.96,27.827932357788086,1.980360984802246,-0.9494727849960327,0.26114630699157715,0.681043803691864,27.914461135864258,27.450841903686523,-0.0,-0.0,-0.0,-0.0,off
13.98,27.867809295654297,1.7608606815338135,-1.0080760717391968,0.22700664401054382,0.6356400847434998,27.94157600402832,27.494182586669922,-0.0,-0.0,-0.0,-0.0,off
14.0,27.865642547607422,1.5274577140808105,-1.0441964864730835,0.20654118061065674,0.5927302241325378,27.927001953125,27.53150749206543,-0.0,-0.0,-0.0,-0.0,off
14.02,27.90836524963379,1.3960387706756592,-1.0836962461471558,0.21526727080345154,0.554983913898468,27.964265823364258,27.56916618347168,-0.0,0.0,-0.0,-0.0,off
14.040000000000001,27.96757698059082,1.2633552551269531,-1.148457407951355,0.24035745859146118,0.5235212445259094,28.019643783569336,27.60883140563965,-0.0,-0.0,-0.0,-0.0,off
14.06,27.9942684173584,1.0638978481292725,-1.2553776502609253,0.26029008626937866,0.4971981346607208,28.042591094970703,27.646581649780273,-0.0,-0.0,-0.0,-0.0,off
14.08,27.978361129760742,0.8486919403076172,-1.3466757535934448,0.2446797788143158,0.4719462990760803,28.023605346679688,27.678396224975586,-0.0,0.0,-0.0,-0.0,off
14.1,28.014909744262695,0.7093391418457031,-1.4108136892318726,0.20871123671531677,0.4456228017807007,28.059377670288086,27.710844039916992,-0.0,-0.0,-0.0,-0.0,off
14.120000000000001,28.044404983520508,0.600487470626831,-1.4257010221481323,0.1780671775341034,0.41886723041534424,28.087039947509766,27.743301391601562,-0.0,-0.0,-0.0,-0.0,off
14.14,28.084396362304688,0.4662763774394989,-1.434954047203064,0.16075095534324646,0.39305558800697327,28.124897003173828,27.776592254638672,-0.0,-0.0,-0.0,-0.0,off
14.16,28.08247947692871,0.2483503520488739,-1.4551604986190796,0.1465725302696228,0.368407279253006,28.121252059936523,27.80599021911621,-0.0,-0.0,-0.0,-0.0,off
14.18,28.102283477783203,0.02043745666742325,-1.5394023656845093,0.14958685636520386,0.3465252220630646,28.14442253112793,27.834400177001953,-0.0,-0.0,-0.0,-0.0,off
14.200000000000001,28.132394790649414,-0.15124157071113586,-1.6302789449691772,0.1702217161655426,0.32889485359191895,28.17999839782715,27.863489151000977,-0.0,-0.0,-0.0,-0.0,off
14.22,28.15276527404785,-0.42365506291389465,-1.7216910123825073,0.185374915599823,0.31454285979270935,28.208541870117188,27.891918182373047,-0.0,-0.0,-0.0,-0.0,off
14.24,28.169221878051758,-0.7928860187530518,-1.8809465169906616,0.15600404143333435,0.29868897795677185,28.24308204650879,27.919620513916016,-0.0,-0.0,-0.0,-0.0,off
14.26,28.18346405029297,-1.034703016281128,-1.9772428274154663,0.11654350161552429,0.2804744243621826,28.271677017211914,27.94712257385254,-0.0,0.0,-0.0,-0.0,off
14.280000000000001,28.216827392578125,-1.2317125797271729,-2.1053109169006348,0.06636612117290497,0.25906360149383545,28.32205581665039,27.976869583129883,-0.0,0.0,-0.0,-0.0,off
14.3,28.254779815673828,-1.5031092166900635,-2.1139750480651855,0.027257859706878662,0.23588301241397858,28.373592376708984,28.00856590270996,-0.0,-0.0,-0.0,-0.0,off
14.32,28.267148971557617,-1.6686313152313232,-2.2043538093566895,-0.027514740824699402,0.20954324305057526,28.402029037475586,28.04022789001465,-0.0,0.0,-0.0,-0.0,off
14.34,28.293123245239258,-1.8617608547210693,-2.22802734375,-0.07578758150339127,0.1810101568698883,28.441713333129883,28.07292938232422,-0.0,-0.0,-0.0,-0.0,off
14.36,28.320180892944336,-2.1000864505767822,-2.273751735687256,-0.12816733121871948,0.15009240806102753,28.488821029663086,28.1069393157959,-0.0,-0.0,-0.0,-0.0,off
14.38,28.33284568786621,-2.395949602127075,-2.2894411087036133,-0.17983683943748474,0.11709948629140854,28.525991439819336,28.14081382751465,-0.0,-0.0,-0.0,-0.0,off
14.4,28.352815628051758,-2.5673153400421143,-2.346261501312256,-0.2187093049287796,0.0835186019539833,28.565332412719727,28.17558479309082,-0.0,-0.0,-0.0,-0.0,off
14.42,28.351028442382812,-2.7427966594696045,-2.362926959991455,-0.25910621881484985,0.04925611615180969,28.58123779296875,28.20881462097168,-0.0,-0.0,-0.0,-0.0,off
14.44,28.353248596191406,-2.9554808139801025,-2.3943796157836914,-0.3088793158531189,0.013442572206258774,28.60724639892578,28.241365432739258,-0.0,-0.0,-0.0,-0.0,off
14.46,28.368410110473633,-3.221264123916626,-2.4134559631347656,-0.3486384451389313,-0.02276553027331829,28.652538299560547,28.274898529052734,-0.0,-0.0,-0.0,-0.0,off
14.48,28.367998123168945,-3.3411266803741455,-2.406580924987793,-0.3901497423648834,-0.0595039539039135,28.6652774810791,28.307077407836914,-0.0,-0.0,-0.0,-0.0,off
14.5,28.360877990722656,-3.5050699710845947,-2.3338871002197266,-0.4245253801345825,-0.09600609540939331,28.671796798706055,28.337099075317383,-0.0,-0.0,-0.0,-0.0,off
14.52,28.348438262939453,-3.7031962871551514,-2.3954620361328125,-0.4555198550224304,-0.13195747137069702,28.68947410583496,28.365880966186523,-0.0,-0.0,-0.0,-0.0,off
14.540000000000001,28.332096099853516,-3.8733298778533936,-2.460071563720703,-0.48198744654655457,-0.1669604629278183,28.70125961303711,28.393125534057617,-0.0,-0.0,-0.0,-0.0,off
14.56,28.357463836669922,-4.052751541137695,-2.4941253662109375,-0.4927099943161011,-0.19953541457653046,28.753976821899414,28.423067092895508,-0.0,0.0,-0.0,-0.0,off
14.58,28.37049674987793,-4.238199234008789,-2.5518031120300293,-0.4952659010887146,-0.22910845279693604,28.798595428466797,28.454540252685547,-0.0,0.0,-0.0,-0.0,off
14.6,28.36355209350586,-4.482724666595459,-2.632333755493164,-0.5139892101287842,-0.25759652256965637,28.836002349853516,28.48626708984375,-0.0,-0.0,-0.0,-0.0,off
14.620000000000001,28.33218765258789,-4.652835369110107,-2.6123037338256836,-0.5443409085273743,-0.28627097606658936,28.830293655395508,28.514497756958008,-0.0,-0.0,-0.0,-0.0,off
14.64,28.32073402404785,-4.926933288574219,-2.589416980743408,-0.5511569380760193,-0.3127595782279968,28.862497329711914,28.542715072631836,-0.0,-0.0,-0.0,-0.0,off
14.66,28.321975708007812,-5.088651657104492,-2.561133861541748,-0.5498095154762268,-0.3364645838737488,28.889238357543945,28.571121215820312,-0.0,-0.0,-0.0,-0.0,off
14.68,28.340415954589844,-5.344161510467529,-2.5731425285339355,-0.5445650815963745,-0.3572746217250824,28.954452514648438,28.602914810180664,-0.0,-0.0,-0.0,-0.0,off
14.700000000000001,28.311912536621094,-5.537640571594238,-2.5030570030212402,-0.5368362069129944,-0.3752307593822479,28.9567813873291,28.631879806518555,-0.0,-0.0,-0.0,-0.0,off
14.72,28.283815383911133,-5.848726272583008,-2.54725980758667,-0.5330336093902588,-0.3910110294818878,28.99431610107422,28.661001205444336,-0.0,-0.0,-0.0,-0.0,off
14.74,28.26866912841797,-6.053490161895752,-2.5329346656799316,-0.5325605869293213,-0.40516597032546997,29.020305633544922,28.689899444580078,-0.0,0.0,-0.0,-0.0,off
14.76,28.187339782714844,-6.329034328460693,-2.513540744781494,-0.5306544899940491,-0.41771480441093445,28.998287200927734,28.713239669799805,-0.0,-0.0,-0.0,-0.0,off
14.780000000000001,28.089885711669922,-6.525263786315918,-2.477851390838623,-0.5305508375167847,-0.4289983808994293,28.944091796875,28.72890281677246,-0.0,-0.0,-0.0,-0.0,off
14.8,27.956768035888672,-6.836577415466309,-2.4700512886047363,-0.5388255715370178,-0.4399811029434204,28.886343002319336,28.736446380615234,-0.0,-0.0,-0.0,-0.0,off
14.82,27.900894165039062,-7.121978759765625,-2.441368579864502,-0.5468465685844421,-0.4506676495075226,28.898836135864258,28.744049072265625,-0.0,-0.0,-0.0,-0.0,off
14.84,27.850696563720703,-7.3381171226501465,-2.335660934448242,-0.5371017456054688,-0.45931103825569153,28.895753860473633,28.75067710876465,-0.0,-0.0,-0.0,-0.0,off
14.86,27.777603149414062,-7.573794364929199,-2.199521064758301,-0.52146977186203,-0.46552690863609314,28.875516891479492,28.754467010498047,-0.0,-0.0,-0.0,-0.0,off
14.88,27.657014846801758,-7.817453384399414,-2.0187296867370605,-0.5054941773414612,-0.4695236384868622,28.811426162719727,28.751110076904297,-0.0,-0.0,-0.0,-0.0,off
14.9,27.49637222290039,-8.014874458312988,-1.8374260663986206,-0.4879002869129181,-0.47136130928993225,28.699560165405273,28.736764907836914,-0.0,-0.0,-0.0,-0.0,off
14.92,27.306547164916992,-8.295969009399414,-1.5976446866989136,-0.444667249917984,-0.4686919152736664,28.583616256713867,28.71128273010254,-0.0,0.0,-0.0,-0.0,off
14.94,27.249004364013672,-8.696237564086914,-1.408453345298767,-0.3879197835922241,-0.46061471104621887,28.637676239013672,28.692203521728516,-0.0,-0.0,-0.0,-0.0,off
14.96,27.081876754760742,-9.126676559448242,-0.9895890951156616,-0.32546529173851013,-0.4470997452735901,28.595516204833984,28.66806983947754,-0.0,-0.0,-0.0,-0.0,off
14.98,26.866207122802734,-9.570369720458984,-0.42242947220802307,-0.3042426109313965,-0.4328140318393707,28.523035049438477,28.6352481842041,-0.0,-0.0,-0.0,-0.0,off
15.0,26.406686782836914,-10.049782752990723,0.4171377122402191,-0.27800166606903076,-0.41733279824256897,28.25748062133789,28.572053909301758,-0.0,-0.0,-0.0,-0.0,off
15.02,25.662569046020508,-10.426575660705566,1.4589201211929321,-0.275442898273468,-0.4031437933444977,27.738229751586914,28.453285217285156,-0.0,-0.0,-0.0,-0.0,off
15.040000000000001,24.973529815673828,-10.836296081542969,2.48097562789917,-0.3048722743988037,-0.3933166563510895,27.336015701293945,28.294635772705078,-0.0,-0.0,-0.0,-0.0,off
15.06,24.339073181152344,-11.306159019470215,3.557663917541504,-0.34505316615104675,-0.3884902894496918,27.07169532775879,28.111431121826172,-0.0,-0.0,-0.0,-0.0,off
15.08,23.964527130126953,-11.714424133300781,4.79097843170166,-0.4388805031776428,-0.39352932572364807,27.101287841796875,27.93439483642578,-0.0,-0.0,-0.0,-0.0,off
15.1,23.745487213134766,-12.092595100402832,5.781589984893799,-0.4927895963191986,-0.40345531702041626,27.267303466796875,27.782367706298828,-0.0,-0.0,-0.0,-0.0,off
15.120000000000001,23.326250076293945,-12.385832786560059,6.700700759887695,-0.4540940225124359,-0.4085191786289215,27.247425079345703,27.635562896728516,-0.0,-0.0,-0.0,-0.0,off
15.14,23.188228607177734,-12.612610816955566,7.57467794418335,-0.4405108690261841,-0.41171833872795105,27.461750030517578,27.52145767211914,-0.0,-0.0,-0.0,-0.0,off
15.16,23.723215103149414,-12.675719261169434,8.001250267028809,-0.44656291604042053,-0.415202796459198,28.06216049194336,27.492565155029297,-0.0,-0.0,-0.0,-0.0,off
15.18,24.177993774414062,-12.532187461853027,8.211630821228027,-0.4502979516983032,-0.4187122881412506,28.444015502929688,27.52134895324707,-0.0,-0.0,-0.0,-0.0,off
15.200000000000001,24.666664123535156,-12.525500297546387,8.286428451538086,-0.40999525785446167,-0.4178405702114105,28.879013061523438,27.60562515258789,-0.0,-0.0,-0.0,-0.0,off
15.22,24.901304244995117,-12.091035842895508,8.36455249786377,-0.41846805810928345,-0.4179033041000366,28.917707443237305,27.697465896606445,-0.0,-0.0,-0.0,-0.0,off
15.24,24.895689010620117,-11.524771690368652,8.264473915100098,-0.47204357385635376,-0.4233173131942749,28.651653289794922,27.763883590698242,-0.0,-0.0,-0.0,-0.0,off
15.26,24.667402267456055,-11.332619667053223,8.058006286621094,-0.5150197744369507,-0.4324875473976135,28.316787719726562,27.797603607177734,-0.0,-0.0,-0.0,-0.0,off
15.280000000000001,24.458654403686523,-11.151947021484375,8.021211624145508,-0.5483009219169617,-0.44406887888908386,28.05229949951172,27.805566787719727,-0.0,-0.0,-0.0,-0.0,off
15.3,24.209863662719727,-10.93610954284668,8.201363563537598,-0.5977920293807983,-0.4594411849975586,27.802488327026367,27.788806915283203,-0.0,-0.0,-0.0,-0.0,off
15.32,24.101594924926758,-10.693775177001953,8.674799919128418,-0.6421996355056763,-0.4777170419692993,27.7578067779541,27.76749610900879,-0.0,-0.0,-0.0,-0.0,off
15.34,23.926908493041992,-10.561820030212402,9.234774589538574,-0.6863154768943787,-0.4985768795013428,27.736799240112305,27.743295669555664,-0.0,-0.0,-0.0,-0.0,off
15.36,23.816776275634766,-10.49207592010498,9.913861274719238,-0.7181057333946228,-0.5205297470092773,27.84972381591797,27.72882652282715,-0.0,-0.0,-0.0,-0.0,off
15.38,23.73671531677246,-10.465670585632324,10.505343437194824,-0.7345544695854187,-0.541932225227356,27.98792839050293,27.72709846496582,-0.0,-0.0,-0.0,-0.0,off
15.4,23.563121795654297,-10.390692710876465,11.128325462341309,-0.7648528218269348,-0.5642243027687073,28.053998947143555,27.728952407836914,-0.0,-0.0,-0.0,-0.0,off
15.42,23.43170166015625,-10.356082916259766,11.777676582336426,-0.8041025996208191,-0.5882120728492737,28.195863723754883,27.741727828979492,-0.0,-0.0,-0.0,-0.0,off
15.44,23.40206527709961,-10.30422306060791,12.336385726928711,-0.8630133271217346,-0.6156921982765198,28.390493392944336,27.771644592285156,0.0,-0.0,-0.0,0.0,off
15.46,23.387189865112305,-10.314529418945312,12.953521728515625,-0.9128175377845764,-0.6454047560691833,28.655607223510742,27.823638916015625,-0.0,-0.0,-0.0,-0.0,off
15.48,23.36164665222168,-10.327820777893066,13.566158294677734,-0.9595466256141663,-0.6768189072608948,28.921810150146484,27.89590072631836,-0.0,-0.0,-0.0,-0.0,off
15.5,23.379329681396484,-10.22510051727295,14.204520225524902,-1.0011733770370483,-0.7092543244361877,29.204694747924805,27.987947463989258,-0.0,-0.0,-0.0,-0.0,off
15.52,23.336341857910156,-10.132500648498535,14.64539909362793,-1.0416747331619263,-0.7424963116645813,29.355409622192383,28.087234497070312,-0.0,0.0,-0.0,-0.0,off
15.540000000000001,23.304656982421875,-10.044156074523926,15.103957176208496,-1.058847427368164,-0.7741314172744751,29.531705856323242,28.195323944091797,-0.0,0.0,-0.0,-0.0,off
15.56,23.22777557373047,-9.859140396118164,15.529980659484863,-1.0620803833007812,-0.8029263019561768,29.629587173461914,28.303260803222656,-0.0,-0.0,-0.0,-0.0,off
15.58,23.107973098754883,-9.649930000305176,15.84963321685791,-1.098902940750122,-0.8325239419937134,29.636302947998047,28.40283203125,-0.0,-0.0,-0.0,-0.0,off
15.6,23.044544219970703,-9.486037254333496,16.06024742126465,-1.136357307434082,-0.8629072308540344,29.647384643554688,28.496826171875,-0.0,-0.0,-0.0,-0.0,off
15.620000000000001,22.91107749938965,-9.253758430480957,16.25409507751465,-1.1586191654205322,-0.8924784064292908,29.57608985900879,28.576581954956055,-0.0,-0.0,-0.0,-0.0,off
15.64,22.71747398376465,-9.029526710510254,16.46109962463379,-1.159409999847412,-0.9191715121269226,29.47174644470215,28.639400482177734,-0.0,-0.0,-0.0,-0.0,off
15.66,22.560684204101562,-8.699201583862305,16.65143394470215,-1.150070309638977,-0.9422613978385925,29.358659744262695,28.68570327758789,-0.0,-0.0,-0.0,-0.0,off
15.68,22.425933837890625,-8.511702537536621,16.814796447753906,-1.135798454284668,-0.9616150856018066,29.29349708557129,28.722749710083008,-0.0,-0.0,-0.0,-0.0,off
15.700000000000001,22.377954483032227,-8.294222831726074,16.92513084411621,-1.1353461742401123,-0.9789881706237793,29.2579402923584,28.754867553710938,-0.0,-0.0,-0.0,-0.0,off
15.72,22.229793548583984,-8.007246017456055,17.05333709716797,-1.144303321838379,-0.9955196380615234,29.139251708984375,28.772891998291016,-0.0,-0.0,-0.0,-0.0,off
15.74,22.177978515625,-7.747558116912842,17.172216415405273,-1.153360366821289,-1.0113036632537842,29.099353790283203,28.7865047454834,-0.0,-0.0,-0.0,-0.0,off
15.76,22.101940155029297,-7.372661590576172,17.24211311340332,-1.1659746170043945,-1.0267707109451294,28.98520851135254,28.788082122802734,-0.0,0.0,-0.0,-0.0,off
15.780000000000001,21.938568115234375,-7.0588860511779785,17.329174041748047,-1.1681697368621826,-1.0409106016159058,28.834508895874023,28.77487564086914,-0.0,0.0,-0.0,-0.0,off
15.8,21.88735008239746,-6.782379150390625,17.34650230407715,-1.1699306964874268,-1.0538125038146973,28.739482879638672,28.754894256591797,-0.0,-0.0,-0.0,-0.0,off
15.82,21.85460662841797,-6.547752857208252,17.327089309692383,-1.153627872467041,-1.0637940168380737,28.648296356201172,28.729480743408203,-0.0,-0.0,-0.0,-0.0,off
15.84,21.787904739379883,-6.2910566329956055,17.380056381225586,-1.1488169431686401,-1.0722962617874146,28.57195472717285,28.699663162231445,-0.0,-0.0,-0.0,-0.0,off
15.860000000000001,21.839000701904297,-6.03781270980835,17.40511703491211,-1.1644318103790283,-1.0815098285675049,28.57158088684082,28.673782348632812,-0.0,-0.0,-0.0,-0.0,off
15.88,21.87527847290039,-5.747108459472656,17.450098037719727,-1.2010128498077393,-1.0934600830078125,28.566816329956055,28.650392532348633,-0.0,-0.0,-0.0,-0.0,off
15.9,21.950904846191406,-5.422852516174316,17.501087188720703,-1.2197561264038086,-1.10608971118927,28.592615127563477,28.631956100463867,-0.0,-0.0,-0.0,-0.0,off
15.92,22.084917068481445,-5.1634416580200195,17.551301956176758,-1.221916913986206,-1.1176724433898926,28.67844009399414,28.624441146850586,-0.0,-0.0,-0.0,-0.0,off
15.94,22.105321884155273,-4.921667575836182,17.611759185791016,-1.2461574077606201,-1.1305209398269653,28.688711166381836,28.619062423706055,-0.0,-0.0,-0.0,-0.0,off
15.96,22.058677673339844,-4.739866256713867,17.727807998657227,-1.295541763305664,-1.1470229625701904,28.69367218017578,28.615192413330078,-0.0,-0.0,-0.0,-0.0,off
15.98,22.195415496826172,-4.4571919441223145,17.82027816772461,-1.3404316902160645,-1.1663638353347778,28.810855865478516,28.623363494873047,-0.0,-0.0,-0.0,-0.0,off
16.0,22.377904891967773,-4.132796287536621,17.879751205444336,-1.368023157119751,-1.1865297555923462,28.940216064453125,28.643367767333984,-0.0,-0.0,-0.0,-0.0,off
16.02,22.586584091186523,-3.930800199508667,17.93424415588379,-1.3484275341033936,-1.2027194499969482,29.107423782348633,28.678752899169922,0.0,-0.0,-0.0,0.0,off
16.04,22.80804443359375,-3.7604076862335205,17.987205505371094,-1.3187785148620605,-1.2143254280090332,29.289710998535156,28.729610443115234,-0.0,-0.0,-0.0,-0.0,off
16.06,23.03472328186035,-3.627648115158081,18.015750885009766,-1.3104724884033203,-1.223940134048462,29.467365264892578,28.794111251831055,-0.0,-0.0,-0.0,-0.0,off
16.080000000000002,23.256528854370117,-3.499213933944702,18.05156135559082,-1.298438549041748,-1.2313898801803589,29.647418975830078,28.870973587036133,-0.0,-0.0,-0.0,-0.0,off
16.1,23.505817413330078,-3.2993710041046143,18.07501220703125,-1.2781400680541992,-1.2360649108886719,29.834800720214844,28.959056854248047,-0.0,-0.0,-0.0,-0.0,off
16.12,23.750295639038086,-3.039479970932007,18.080032348632812,-1.2608723640441895,-1.238545536994934,30.003376007080078,29.054880142211914,-0.0,0.0,-0.0,-0.0,off
16.14,23.960758209228516,-2.754671335220337,18.061016082763672,-1.251859426498413,-1.2398768663406372,30.131484985351562,29.153478622436523,0.0,-0.0,-0.0,0.0,off
16.16,24.02216339111328,-2.4519054889678955,18.018213272094727,-1.2329800128936768,-1.239187240600586,30.12859344482422,29.24152183532715,-0.0,-0.0,-0.0,-0.0,off
16.18,24.007789611816406,-2.224247694015503,17.8734073638916,-1.1878867149353027,-1.2340571880340576,30.01299476623535,29.309444427490234,-0.0,-0.0,-0.0,-0.0,off
16.2,24.0832576751709,-1.775127649307251,17.709238052368164,-1.1515045166015625,-1.225801944732666,29.946142196655273,29.362253189086914,-0.0,-0.0,-0.0,-0.0,off
16.22,24.095415115356445,-1.1155970096588135,17.49918556213379,-1.0989906787872314,-1.2131208181381226,29.80025291442871,29.391765594482422,-0.0,-0.0,-0.0,-0.0,off
16.240000000000002,24.07659149169922,-0.3056991398334503,17.263023376464844,-1.0250706672668457,-1.194315791130066,29.62748146057129,29.395957946777344,-0.0,-0.0,-0.0,-0.0,off
16.26,24.078960418701172,0.6070911884307861,17.00201416015625,-0.9572421312332153,-1.170608401298523,29.482763290405273,29.378572463989258,0.0,-0.0,-0.0,0.0,off
16.28,24.0819091796875,1.1904017925262451,16.850933074951172,-0.8963940739631653,-1.1431869268417358,29.416141510009766,29.353931427001953,0.0,-0.0,-0.0,0.0,off
16.3,24.02240753173828,1.7595937252044678,16.794322967529297,-0.8452667593955994,-1.113394856452942,29.363609313964844,29.32476234436035,-0.0,-0.0,-0.0,-0.0,off
16.32,23.792171478271484,1.9927818775177002,16.808847427368164,-0.7884034514427185,-1.0808956623077393,29.198904037475586,29.285144805908203,0.0,-0.0,-0.0,0.0,off
16.34,23.455732345581055,2.1669938564300537,16.7709903717041,-0.7469418048858643,-1.0475002527236938,28.915969848632812,29.22442054748535,-0.0,-0.0,-0.0,-0.0,off
16.36,23.240934371948242,2.3080074787139893,16.95011329650879,-0.6983751654624939,-1.0125877857208252,28.85782814025879,29.166988372802734,-0.0,0.0,-0.0,-0.0,off
16.38,23.015716552734375,2.814643621444702,16.958589553833008,-0.6502798795700073,-0.9763569831848145,28.72697639465332,29.100421905517578,-0.0,0.0,-0.0,-0.0,off
16.4,22.716005325317383,3.1560866832733154,16.900148391723633,-0.594406008720398,-0.9381618499755859,28.488468170166016,29.016817092895508,-0.0,-0.0,-0.0,-0.0,off
16.42,22.54385757446289,3.4226605892181396,17.115234375,-0.6104785203933716,-0.9053934812545776,28.510900497436523,28.944726943969727,0.0,0.0,-0.0,0.0,off
16.44,22.018665313720703,3.4179065227508545,17.08614730834961,-0.5540114641189575,-0.8702552318572998,28.07917594909668,28.839893341064453,-0.0,-0.0,-0.0,-0.0,off
16.46,21.23868751525879,3.387770414352417,16.893234252929688,-0.4295019805431366,-0.8261799216270447,27.348495483398438,28.674776077270508,-0.0,-0.0,-0.0,-0.0,off
16.48,20.96088409423828,3.495298147201538,16.917463302612305,-0.3546060025691986,-0.7790225148200989,27.162038803100586,28.50870132446289,-0.0,-0.0,-0.0,-0.0,off
16.5,21.069059371948242,3.721820116043091,17.12001609802246,-0.361702024936676,-0.7372904419898987,27.401681900024414,28.383769989013672,-0.0,-0.0,-0.0,-0.0,off
16.52,21.246639251708984,3.9875075817108154,17.410858154296875,-0.40740978717803955,-0.7043023705482483,27.757123947143555,28.307109832763672,-0.0,-0.0,-0.0,-0.0,off
16.54,20.964122772216797,4.127570152282715,17.41427230834961,-0.3415437340736389,-0.6680264472961426,27.564254760742188,28.219470977783203,-0.0,-0.0,-0.0,-0.0,off
16.56,20.649259567260742,4.110257625579834,17.284215927124023,-0.23063385486602783,-0.6242871284484863,27.240230560302734,28.11018180847168,-0.0,-0.0,-0.0,-0.0,off
16.580000000000002,20.58389663696289,4.416286945343018,17.262060165405273,-0.21013279259204865,-0.582871675491333,27.224605560302734,28.00990867614746,-0.0,-0.0,-0.0,-0.0,off
16.6,20.535690307617188,4.76088809967041,17.301748275756836,-0.2098139375448227,-0.5455658435821533,27.271434783935547,27.92360496520996,-0.0,0.0,-0.0,-0.0,off
16.62,20.22896385192871,5.056941986083984,17.288658142089844,-0.20104682445526123,-0.5111139416694641,27.0865535736084,27.82646369934082,-0.0,-0.0,-0.0,-0.0,off
16.64,20.174205780029297,5.215667247772217,17.21668815612793,-0.1913817971944809,-0.4791407287120819,27.029911041259766,27.73453712463379,-0.0,-0.0,-0.0,-0.0,off
16.66,19.844324111938477,5.2791619300842285,17.04405975341797,-0.17061808705329895,-0.4482884407043457,26.686452865600586,27.61855125427246,-0.0,0.0,-0.0,-0.0,off
16.68,19.765636444091797,5.478199005126953,16.934492111206055,-0.15779751539230347,-0.419239342212677,26.5982723236084,27.505823135375977,-0.0,0.0,-0.0,-0.0,off
16.7,19.654666900634766,5.690604209899902,16.92486000061035,-0.14770473539829254,-0.39208588004112244,26.55447006225586,27.400066375732422,-0.0,-0.0,-0.0,-0.0,off
16.72,19.49950408935547,5.903796195983887,16.92142105102539,-0.13836710155010223,-0.3667140007019043,26.48433494567871,27.29779815673828,0.0,-0.0,-0.0,0.0,off
16.740000000000002,19.248756408691406,6.133496284484863,16.87555694580078,-0.12739181518554688,-0.34278178215026855,26.32335090637207,27.189207077026367,-0.0,0.0,-0.0,-0.0,off
16.76,18.95171356201172,6.211665153503418,16.763050079345703,-0.11236729472875595,-0.31974032521247864,26.052871704101562,27.065126419067383,-0.0,-0.0,-0.0,-0.0,off
16.78,18.710432052612305,6.255787372589111,16.646692276000977,-0.09941445291042328,-0.297707736492157,25.81332015991211,26.930503845214844,-0.0,-0.0,-0.0,-0.0,off
16.8,18.45724105834961,6.500391483306885,16.555055618286133,-0.09012768417596817,-0.2769497036933899,25.631908416748047,26.790498733520508,-0.0,0.0,-0.0,-0.0,off
16.82,18.179471969604492,6.595164775848389,16.453699111938477,-0.0794811025261879,-0.2572028338909149,25.391212463378906,26.640817642211914,-0.0,-0.0,-0.0,-0.0,off
16.84,17.949697494506836,6.736169815063477,16.316734313964844,-0.06984671205282211,-0.23846721649169922,25.175453186035156,26.484708786010742,0.0,-0.0,-0.0,0.0,off
16.86,17.799598693847656,6.917325973510742,16.197040557861328,-0.06141073256731033,-0.22076155245304108,25.04035186767578,26.33077621459961,-0.0,-0.0,-0.0,-0.0,off
16.88,17.606555938720703,7.019291877746582,16.10800552368164,-0.04366372525691986,-0.20305176079273224,24.874265670776367,26.176095962524414,-0.0,-0.0,-0.0,-0.0,off
16.9,17.409912109375,7.076137542724609,15.957893371582031,-0.021890491247177124,-0.18493562936782837,24.654232025146484,26.015642166137695,0.0,-0.0,-0.0,0.0,off
16.92,17.151702880859375,7.109766960144043,15.814681053161621,0.004491865634918213,-0.1659928858280182,24.38921546936035,25.845327377319336,-0.0,-0.0,-0.0,-0.0,off
16.94,16.99431610107422,7.166530132293701,15.720843315124512,0.025122463703155518,-0.1468813419342041,24.2344970703125,25.67719841003418,-0.0,-0.0,-0.0,-0.0,off
16.96,16.83527946472168,7.3205366134643555,15.640301704406738,0.034208208322525024,-0.12877239286899567,24.117128372192383,25.51403045654297,-0.0,-0.0,-0.0,-0.0,off
16.98,16.664506912231445,7.436291217803955,15.507002830505371,0.04843255877494812,-0.11105189472436905,23.947261810302734,25.350324630737305,-0.0,-0.0,-0.0,-0.0,off
17.0,16.504558563232422,7.610741138458252,15.364829063415527,0.06290672719478607,-0.093656025826931,23.799198150634766,25.187917709350586,-0.0,-0.0,-0.0,-0.0,off
17.02,16.356266021728516,7.666379451751709,15.208944320678711,0.088446706533432,-0.0754457488656044,23.613826751708984,25.023780822753906,-0.0,-0.0,-0.0,-0.0,off
17.04,16.12950897216797,7.797783374786377,15.041036605834961,0.11352983117103577,-0.056548189371824265,23.392290115356445,24.853670120239258,-0.0,-0.0,-0.0,-0.0,off
17.06,16.116228103637695,7.911953926086426,14.85189151763916,0.1385238766670227,-0.03704098239541054,23.300439834594727,24.691801071166992,-0.0,-0.0,-0.0,-0.0,off
17.080000000000002,15.966928482055664,8.038044929504395,14.664517402648926,0.16605374217033386,-0.0167315062135458,23.121442794799805,24.52812385559082,-0.0,-0.0,-0.0,-0.0,off
17.1,15.849581718444824,8.129240036010742,14.415767669677734,0.18804717063903809,0.003746362403035164,22.915239334106445,24.360309600830078,0.0,-0.0,-0.0,0.0,off
17.12,15.582752227783203,8.167524337768555,14.203374862670898,0.19890549778938293,0.023262277245521545,22.611202239990234,24.179033279418945,-0.0,0.0,-0.0,-0.0,off
17.14,15.323357582092285,8.325284957885742,14.043585777282715,0.20481443405151367,0.04141749441623688,22.39057731628418,23.993192672729492,0.0,-0.0,-0.0,0.0,off
17.16,15.06597900390625,8.392102241516113,13.933135032653809,0.2116127610206604,0.05843701958656311,22.1707763671875,23.804044723510742,-0.0,-0.0,-0.0,-0.0,off
17.18,14.952691078186035,8.56192398071289,13.701770782470703,0.23261243104934692,0.07585456222295761,22.01426887512207,23.61768341064453,-0.0,-0.0,-0.0,-0.0,off
17.2,14.790019989013672,8.675032615661621,13.516658782958984,0.26033803820610046,0.09430290758609772,21.83348274230957,23.431758880615234,-0.0,-0.0,-0.0,-0.0,off
17.22,14.615102767944336,8.816239356994629,13.317536354064941,0.2859022319316864,0.11346283555030823,21.649112701416016,23.245590209960938,0.0,-0.0,-0.0,0.0,off
17.240000000000002,14.42206859588623,8.86514663696289,13.122577667236328,0.3079882264137268,0.13291537761688232,21.41935920715332,23.055330276489258,-0.0,-0.0,-0.0,-0.0,off
17.26,14.217714309692383,9.051864624023438,12.925915718078613,0.3296104967594147,0.15258489549160004,21.240503311157227,22.865345001220703,-0.0,-0.0,-0.0,-0.0,off
17.28,14.121864318847656,9.194300651550293,12.821633338928223,0.36854010820388794,0.17418041825294495,21.17443084716797,22.687742233276367,-0.0,-0.0,-0.0,-0.0,off
17.3,13.9680814743042,9.365458488464355,12.661407470703125,0.3812254071235657,0.19488492608070374,21.050661087036133,22.515005111694336,-0.0,-0.0,-0.0,-0.0,off
17.32,14.006549835205078,9.550134658813477,12.523616790771484,0.3807626962661743,0.21347269415855408,21.076751708984375,22.362079620361328,-0.0,-0.0,-0.0,-0.0,off
17.34,13.877999305725098,9.760061264038086,12.419665336608887,0.39073359966278076,0.23119878768920898,21.026309967041016,22.21882438659668,-0.0,-0.0,-0.0,-0.0,off
17.36,13.919550895690918,10.02059268951416,12.260920524597168,0.4046708345413208,0.24854598939418793,21.08308219909668,22.094839096069336,-0.0,-0.0,-0.0,-0.0,off
17.38,13.82023811340332,10.17589282989502,12.1114501953125,0.434492290019989,0.26714062690734863,21.00559425354004,21.975412368774414,-0.0,-0.0,-0.0,-0.0,off
17.400000000000002,13.88630199432373,10.390752792358398,11.954756736755371,0.4376896619796753,0.28419551253318787,21.064504623413086,21.873550415039062,-0.0,-0.0,-0.0,-0.0,off
17.42,13.7850980758667,10.602828025817871,11.911142349243164,0.42996537685394287,0.2987724840641022,21.078998565673828,21.783214569091797,0.0,-0.0,-0.0,0.0,off
17.44,13.67881965637207,10.758063316345215,11.727766990661621,0.42760777473449707,0.31165602803230286,20.985387802124023,21.692344665527344,-0.0,-0.0,-0.0,-0.0,off
17.46,13.655460357666016,10.797896385192871,11.539361953735352,0.43237513303756714,0.32372793555259705,20.885953903198242,21.601516723632812,-0.0,-0.0,-0.0,-0.0,off
17.48,13.496183395385742,10.855575561523438,11.384207725524902,0.4301297664642334,0.33436810970306396,20.72657012939453,21.504322052001953,-0.0,-0.0,-0.0,-0.0,off
17.5,13.59825325012207,11.07651424407959,11.356561660766602,0.40628165006637573,0.3415594696998596,20.894332885742188,21.433849334716797,-0.0,-0.0,-0.0,-0.0,off
17.52,13.424577713012695,11.201359748840332,11.264666557312012,0.39163845777511597,0.3465673625469208,20.798616409301758,21.360979080200195,-0.0,-0.0,-0.0,-0.0,off
17.54,13.354000091552734,11.057768821716309,11.03099250793457,0.3881974220275879,0.35073035955429077,20.54960823059082,21.272138595581055,-0.0,-0.0,-0.0,-0.0,off
17.56,13.191247940063477,11.0960111618042,10.869614601135254,0.39483529329299927,0.3551408350467682,20.378395080566406,21.17531967163086,-0.0,-0.0,-0.0,-0.0,off
17.580000000000002,13.274896621704102,11.099905014038086,10.743230819702148,0.3878459930419922,0.35841134190559387,20.367813110351562,21.08806800842285,-0.0,-0.0,-0.0,-0.0,off
17.6,13.102689743041992,11.088461875915527,10.607071876525879,0.38492900133132935,0.3610630929470062,20.177820205688477,20.991052627563477,-0.0,0.0,-0.0,-0.0,off
17.62,13.108050346374512,11.137330055236816,10.522007942199707,0.3874320387840271,0.3636999726295471,20.163673400878906,20.902830123901367,-0.0,-0.0,-0.0,-0.0,off
17.64,13.00451374053955,11.170172691345215,10.46095085144043,0.40535563230514526,0.36786553263664246,20.082868576049805,20.815837860107422,-0.0,-0.0,-0.0,-0.0,off
17.66,12.848526000976562,11.150521278381348,10.38182544708252,0.4288104772567749,0.373960018157959,19.929903030395508,20.722795486450195,-0.0,-0.0,-0.0,-0.0,off
17.68,12.815746307373047,11.180441856384277,10.26467514038086,0.46711623668670654,0.3832756280899048,19.86477279663086,20.632787704467773,-0.0,-0.0,-0.0,-0.0,off
17.7,12.668956756591797,11.16065502166748,10.188389778137207,0.5491342544555664,0.39986148476600647,19.719684600830078,20.537710189819336,-0.0,-0.0,-0.0,-0.0,off
17.72,12.910394668579102,11.305619239807129,10.168803215026855,0.6339713931083679,0.4232724606990814,19.94742774963379,20.47516632080078,-0.0,-0.0,-0.0,-0.0,off
17.740000000000002,12.795978546142578,11.39455509185791,10.092596054077148,0.704327404499054,0.4513779580593109,19.885507583618164,20.41261100769043,-0.0,-0.0,-0.0,-0.0,off
17.76,13.037118911743164,11.490344047546387,10.090177536010742,0.7354364991188049,0.479783833026886,20.094928741455078,20.377710342407227,-0.0,-0.0,-0.0,-0.0,off
17.78,12.962129592895508,11.595083236694336,10.00732421875,0.7672101855278015,0.5085264444351196,20.065126419067383,20.34318733215332,-0.0,-0.0,-0.0,-0.0,off
17.8,13.132665634155273,11.753280639648438,10.026023864746094,0.7913259863853455,0.5368064045906067,20.276283264160156,20.333415985107422,-0.0,-0.0,-0.0,-0.0,off
17.82,13.290304183959961,11.94554328918457,10.057412147521973,0.8320032954216003,0.5663260817527771,20.50560188293457,20.34762954711914,-0.0,0.0,-0.0,-0.0,off
17.84,13.360916137695312,12.070791244506836,10.074088096618652,0.8651067614555359,0.5962041020393372,20.632627487182617,20.37335205078125,-0.0,-0.0,-0.0,-0.0,off
17.86,13.458327293395996,12.198996543884277,10.089776039123535,0.8899232745170593,0.6255760192871094,20.77849006652832,20.41129493713379,-0.0,0.0,-0.0,-0.0,off
17.88,13.60261058807373,12.326364517211914,10.146100997924805,0.9103612303733826,0.6540545225143433,20.974117279052734,20.465333938598633,-0.0,0.0,-0.0,-0.0,off
17.900000000000002,13.734842300415039,12.45602798461914,10.179756164550781,0.9410902857780457,0.682758092880249,21.152446746826172,20.532005310058594,-0.0,-0.0,-0.0,-0.0,off
17.92,13.922534942626953,12.573348999023438,10.190788269042969,0.979219377040863,0.7124042510986328,21.34896469116211,20.61180305480957,0.0,0.0,-0.0,0.0,off
17.94,13.936542510986328,12.677545547485352,10.252657890319824,1.0200085639953613,0.7431646585464478,21.44911003112793,20.69392967224121,-0.0,-0.0,-0.0,-0.0,off
17.96,13.95848560333252,12.72233772277832,10.264192581176758,1.0584046840667725,0.7746886014938354,21.4953670501709,20.772714614868164,-0.0,-0.0,-0.0,-0.0,off
17.98,13.981987953186035,12.784231185913086,10.384291648864746,1.116569995880127,0.8088767528533936,21.604768753051758,20.854957580566406,-0.0,-0.0,-0.0,-0.0,off
18.0,13.959165573120117,12.737988471984863,10.430673599243164,1.1801986694335938,0.8460089564323425,21.585031509399414,20.927337646484375,-0.0,0.0,-0.0,-0.0,off
18.02,13.985002517700195,12.691803932189941,10.51377010345459,1.222196102142334,0.8836276531219482,21.614845275878906,20.995756149291992,-0.0,0.0,-0.0,-0.0,off
18.04,14.044208526611328,12.698519706726074,10.597947120666504,1.2260377407073975,0.9178686141967773,21.6981258392334,21.065805435180664,-0.0,-0.0,-0.0,-0.0,off
18.06,14.019819259643555,12.685482025146484,10.705702781677246,1.2427427768707275,0.9503560066223145,21.72760581970215,21.13189125061035,-0.0,-0.0,-0.0,-0.0,off
18.080000000000002,14.001455307006836,12.693187713623047,10.776005744934082,1.2825157642364502,0.9835720062255859,21.755001068115234,21.19412612915039,-0.0,-0.0,-0.0,-0.0,off
18.1,13.99277114868164,12.773237228393555,10.919405937194824,1.3153362274169922,1.0167484283447266,21.86747932434082,21.26132583618164,-0.0,-0.0,-0.0,-0.0,off
18.12,14.025065422058105,12.766902923583984,11.044179916381836,1.3413727283477783,1.049210786819458,21.946985244750977,21.329753875732422,-0.0,-0.0,-0.0,-0.0,off
18.14,14.002730369567871,12.649922370910645,11.07249641418457,1.3389854431152344,1.078188180923462,21.879148483276367,21.38456153869629,-0.0,-0.0,-0.0,-0.0,off
18.16,14.014612197875977,12.623169898986816,11.203242301940918,1.361919641494751,1.106561303138733,21.937786102294922,21.43965721130371,-0.0,-0.0,-0.0,-0.0,off
18.18,14.041868209838867,12.591169357299805,11.338615417480469,1.3582763671875,1.1317328214645386,22.006267547607422,21.495973587036133,-0.0,-0.0,-0.0,-0.0,off
18.2,14.072952270507812,12.592001914978027,11.493095397949219,1.3348078727722168,1.1520402431488037,22.106510162353516,21.556535720825195,-0.0,-0.0,-0.0,-0.0,off
18.22,14.030051231384277,12.593527793884277,11.616734504699707,1.299422264099121,1.166778326034546,22.14470100402832,21.614709854125977,-0.0,-0.0,-0.0,-0.0,off
18.240000000000002,14.007219314575195,12.634571075439453,11.765568733215332,1.2789511680603027,1.1779955625534058,22.232030868530273,21.675634384155273,-0.0,-0.0,-0.0,-0.0,off
18.26,14.139461517333984,12.67191219329834,11.891729354858398,1.273991346359253,1.187595009803772,22.403459548950195,21.747669219970703,-0.0,-0.0,-0.0,-0.0,off
18.28,14.209404945373535,12.689726829528809,12.014418601989746,1.2737879753112793,1.1962143182754517,22.522933959960938,21.824426651000977,-0.0,-0.0,-0.0,-0.0,off
18.3,14.211427688598633,12.695767402648926,12.119866371154785,1.2523281574249268,1.2018256187438965,22.584028244018555,21.899560928344727,-0.0,-0.0,-0.0,-0.0,off
18.32,14.294620513916016,12.686159133911133,12.263163566589355,1.209432601928711,1.20258629322052,22.708147048950195,21.97951316833496,-0.0,-0.0,-0.0,-0.0,off
18.34,14.314753532409668,12.690673828125,12.359397888183594,1.1817491054534912,1.2005025148391724,22.775426864624023,22.058189392089844,-0.0,-0.0,-0.0,-0.0,off
18.36,14.370933532714844,12.684547424316406,12.412362098693848,1.170375108718872,1.1974897384643555,22.836116790771484,22.135168075561523,-0.0,-0.0,-0.0,-0.0,off
18.38,14.39628791809082,12.610956192016602,12.549302101135254,1.1478898525238037,1.1925297975540161,22.88611602783203,22.209239959716797,-0.0,-0.0,-0.0,-0.0,off
18.400000000000002,14.387701988220215,12.615570068359375,12.631120681762695,1.1290740966796875,1.1861841678619385,22.928232192993164,22.280139923095703,-0.0,-0.0,-0.0,-0.0,off
18.42,14.399581909179688,12.641152381896973,12.77568244934082,1.1350772380828857,1.1810734272003174,23.02964973449707,22.354005813598633,-0.0,-0.0,-0.0,-0.0,off
18.44,14.427610397338867,12.550589561462402,12.884716033935547,1.1590218544006348,1.178868293762207,23.058385848999023,22.423200607299805,-0.0,-0.0,-0.0,-0.0,off
18.46,14.500740051269531,12.51794147491455,12.857537269592285,1.1746487617492676,1.1784462928771973,23.07133674621582,22.487060546875,-0.0,-0.0,-0.0,-0.0,off
18.48,14.524073600769043,12.471216201782227,12.853715896606445,1.1468844413757324,1.1752899885177612,23.058576583862305,22.543384552001953,-0.0,-0.0,-0.0,-0.0,off
18.5,14.538991928100586,12.429695129394531,12.982645988464355,1.112764596939087,1.1690374612808228,23.117713928222656,22.59984016418457,-0.0,-0.0,-0.0,-0.0,off
18.52,14.467535018920898,12.396700859069824,13.126288414001465,1.0874130725860596,1.1608749628067017,23.136274337768555,22.65230369567871,-0.0,-0.0,-0.0,-0.0,off
18.54,14.330760955810547,12.3345947265625,13.27034854888916,1.0995423793792725,1.154741644859314,23.10011100769043,22.69556999206543,-0.0,-0.0,-0.0,-0.0,off
18.56,14.303518295288086,12.347139358520508,13.281840324401855,1.1156811714172363,1.1508355140686035,23.09653091430664,22.734411239624023,0.0,0.0,-0.0,0.0,off
18.580000000000002,14.359271049499512,12.336821556091309,13.342390060424805,1.14878249168396,1.150630235671997,23.160423278808594,22.775890350341797,0.0,0.0,-0.0,0.0,off
18.6,14.36834716796875,12.321619033813477,13.375807762145996,1.1554672718048096,1.1511138677597046,23.177228927612305,22.81502914428711,-0.0,-0.0,-0.0,-0.0,off
18.62,14.330676078796387,12.320577621459961,13.435900688171387,1.1724648475646973,1.153248906135559,23.188108444213867,22.851375579833984,-0.0,-0.0,-0.0,-0.0,off
18.64,14.2603759765625,12.294648170471191,13.447620391845703,1.1893725395202637,1.1568611860275269,23.137744903564453,22.879121780395508,-0.0,-0.0,-0.0,-0.0,off
18.66,14.168192863464355,12.259210586547852,13.543622970581055,1.2049856185913086,1.1616735458374023,23.118295669555664,22.90198516845703,-0.0,0.0,-0.0,-0.0,off
18.68,14.150869369506836,12.239394187927246,13.515868186950684,1.208137035369873,1.1663198471069336,23.080913543701172,22.919044494628906,-0.0,0.0,-0.0,-0.0,off
18.7,14.176834106445312,12.278654098510742,13.550873756408691,1.2260758876800537,1.1722954511642456,23.138153076171875,22.940277099609375,-0.0,-0.0,-0.0,-0.0,off
18.72,14.09207820892334,12.174629211425781,13.658621788024902,1.2612042427062988,1.181186318397522,23.094722747802734,22.954776763916016,-0.0,-0.0,-0.0,-0.0,off
18.740000000000002,13.993785858154297,12.139913558959961,13.65190315246582,1.2754483222961426,1.190612554550171,23.012561798095703,22.959665298461914,-0.0,-0.0,-0.0,-0.0,off
18.76,13.98479175567627,12.192259788513184,13.620283126831055,1.2793879508972168,1.1994900703430176,23.01603126525879,22.96467399597168,-0.0,-0.0,-0.0,-0.0,off
18.78,13.978376388549805,12.201055526733398,13.61142635345459,1.30232572555542,1.2097736597061157,23.011554718017578,22.9688663482666,-0.0,-0.0,-0.0,-0.0,off
18.8,13.927692413330078,12.234359741210938,13.628816604614258,1.3316097259521484,1.2219572067260742,23.008798599243164,22.97239875793457,-0.0,-0.0,-0.0,-0.0,off
18.82,13.893247604370117,12.160841941833496,13.558263778686523,1.3593156337738037,1.235693097114563,22.907093048095703,22.96552848815918,-0.0,-0.0,-0.0,-0.0,off
18.84,13.84831428527832,12.092148780822754,13.542590141296387,1.3773458003997803,1.2498582601547241,22.834131240844727,22.952064514160156,-0.0,-0.0,-0.0,-0.0,off
18.86,13.705078125,12.096546173095703,13.492637634277344,1.3745174407958984,1.2623242139816284,22.720186233520508,22.928552627563477,-0.0,-0.0,-0.0,-0.0,off
18.88,13.734830856323242,12.215486526489258,13.477659225463867,1.3930795192718506,1.2753996849060059,22.792783737182617,22.914758682250977,-0.0,-0.0,-0.0,-0.0,off
18.900000000000002,13.66046142578125,12.204706192016602,13.442874908447266,1.4188759326934814,1.2897472381591797,22.721662521362305,22.895233154296875,-0.0,-0.0,-0.0,-0.0,off
18.92,13.67353630065918,12.169486999511719,13.361288070678711,1.4438302516937256,1.3051555156707764,22.662437438964844,22.871849060058594,-0.0,-0.0,-0.0,-0.0,off
18.94,13.569405555725098,12.14922046661377,13.288275718688965,1.4588322639465332,1.3205231428146362,22.545743942260742,22.839122772216797,-0.0,-0.0,-0.0,-0.0,off
18.96,13.527785301208496,12.198050498962402,13.221980094909668,1.470029592514038,1.3354737758636475,22.50809097290039,22.805892944335938,-0.0,-0.0,-0.0,-0.0,off
18.98,13.519172668457031,12.18497371673584,13.221176147460938,1.4895246028900146,1.3508788347244263,22.495357513427734,22.77474021911621,-0.0,-0.0,-0.0,-0.0,off
19.0,13.554642677307129,12.17191219329834,13.196159362792969,1.5245087146759033,1.368241786956787,22.49494171142578,22.746707916259766,-0.0,0.0,-0.0,-0.0,off
19.02,13.55198860168457,12.152175903320312,13.083358764648438,1.5398714542388916,1.3854047060012817,22.41664695739746,22.713666915893555,-0.0,-0.0,-0.0,-0.0,off
19.04,13.494514465332031,12.15465259552002,12.940662384033203,1.5413236618041992,1.4009965658187866,22.30018424987793,22.67223358154297,-0.0,0.0,-0.0,-0.0,off
19.06,13.482091903686523,12.183982849121094,12.910893440246582,1.563241958618164,1.4172210693359375,22.291419982910156,22.634050369262695,-0.0,0.0,-0.0,-0.0,off
19.080000000000002,13.425007820129395,12.195205688476562,12.834224700927734,1.6052427291870117,1.436023235321045,22.218713760375977,22.59237289428711,-0.0,-0.0,-0.0,-0.0,off
19.1,13.354667663574219,12.158084869384766,12.773001670837402,1.6357567310333252,1.4559965133666992,22.120481491088867,22.545047760009766,-0.0,-0.0,-0.0,-0.0,off
19.12,13.368175506591797,12.07406997680664,12.625188827514648,1.6369538307189941,1.4740921258926392,21.99742317199707,22.490140914916992,-0.0,-0.0,-0.0,-0.0,off
19.14,13.391698837280273,12.106243133544922,12.643697738647461,1.6458940505981445,1.4912723302841187,22.04000473022461,22.44499969482422,-0.0,0.0,-0.0,-0.0,off
19.16,13.38282585144043,12.165459632873535,12.579560279846191,1.6880383491516113,1.510948896408081,22.030519485473633,22.40335464477539,-0.0,0.0,-0.0,-0.0,off
19.18,13.33444881439209,12.15812873840332,12.510692596435547,1.7383191585540771,1.5336859226226807,21.957801818847656,22.35858726501465,-0.0,-0.0,-0.0,-0.0,off
19.2,13.27304744720459,12.153258323669434,12.38378620147705,1.7610700130462646,1.5564243793487549,21.845678329467773,22.3070068359375,-0.0,0.0,-0.0,-0.0,off
19.22,13.292566299438477,12.158493995666504,12.283065795898438,1.7846534252166748,1.579247236251831,21.80355453491211,22.256301879882812,-0.0,-0.0,-0.0,-0.0,off
19.240000000000002,13.275663375854492,12.112711906433105,12.223957061767578,1.802762508392334,1.6015987396240234,21.734447479248047,22.203800201416016,-0.0,-0.0,-0.0,-0.0,off
19.26,13.250244140625,12.049173355102539,12.2125883102417,1.8301434516906738,1.6244531869888306,21.67715072631836,22.150920867919922,-0.0,-0.0,-0.0,-0.0,off
19.28,13.374700546264648,12.047560691833496,12.132307052612305,1.870835781097412,1.6490914821624756,21.707584381103516,22.10625648498535,-0.0,-0.0,-0.0,-0.0,off
19.3,13.368087768554688,12.064460754394531,12.089875221252441,1.8884167671203613,1.6730239391326904,21.6892147064209,22.06422233581543,0.0,-0.0,-0.0,0.0,off
19.32,13.394868850708008,12.085567474365234,12.008152961730957,1.905634880065918,1.6962848901748657,21.672082901000977,22.024595260620117,-0.0,-0.0,-0.0,-0.0,off
19.34,13.4146728515625,12.07508659362793,11.957051277160645,1.9341390132904053,1.720070242881775,21.650224685668945,21.986738204956055,-0.0,-0.0,-0.0,-0.0,off
19.36,13.41537857055664,12.040885925292969,11.843846321105957,1.974987268447876,1.7455618381500244,21.569238662719727,21.944490432739258,-0.0,-0.0,-0.0,-0.0,off
19.38,13.429178237915039,11.98647403717041,11.806609153747559,2.0024352073669434,1.7712490558624268,21.527063369750977,21.902301788330078,-0.0,-0.0,-0.0,-0.0,off
19.400000000000002,13.423979759216309,11.961884498596191,11.681183815002441,2.0054409503936768,1.794668197631836,21.441547393798828,21.85567855834961,-0.0,-0.0,-0.0,-0.0,off
19.42,13.449941635131836,11.965033531188965,11.693148612976074,2.029717206954956,1.8181730508804321,21.466081619262695,21.816265106201172,-0.0,0.0,-0.0,-0.0,off
19.44,13.46351432800293,11.923453330993652,11.651971817016602,2.0671374797821045,1.8430695533752441,21.429033279418945,21.777109146118164,-0.0,-0.0,-0.0,-0.0,off
19.46,13.489386558532715,11.91534423828125,11.55698299407959,2.09675669670105,1.8684382438659668,21.38931655883789,21.73780632019043,-0.0,-0.0,-0.0,-0.0,off
19.48,13.481307983398438,11.828845977783203,11.54150390625,2.1196281909942627,1.8935571908950806,21.32776641845703,21.69637680053711,-0.0,-0.0,-0.0,-0.0,off
19.5,13.512313842773438,11.842369079589844,11.464070320129395,2.1393001079559326,1.9181314706802368,21.31312370300293,21.65755271911621,-0.0,-0.0,-0.0,-0.0,off
19.52,13.552106857299805,11.814085006713867,11.438213348388672,2.192063331604004,1.9455245733261108,21.308799743652344,21.622188568115234,-0.0,-0.0,-0.0,-0.0,off
19.54,13.593467712402344,11.724311828613281,11.31905746459961,2.218440532684326,1.9728161096572876,21.221755981445312,21.581497192382812,-0.0,-0.0,-0.0,-0.0,off
19.56,13.61795425415039,11.652955055236816,11.225749015808105,2.2215731143951416,1.9976918697357178,21.14846420288086,21.537456512451172,-0.0,-0.0,-0.0,-0.0,off
19.580000000000002,13.708490371704102,11.65956974029541,11.148152351379395,2.2250962257385254,2.020432233810425,21.169544219970703,21.499773025512695,-0.0,-0.0,-0.0,-0.0,off
19.6,13.772759437561035,11.666050910949707,11.069729804992676,2.238626718521118,2.0422515869140625,21.173675537109375,21.466167449951172,-0.0,0.0,-0.0,-0.0,off
19.62,13.750640869140625,11.577542304992676,11.110127449035645,2.2845845222473145,2.0664849281311035,21.131837844848633,21.432004928588867,0.0,0.0,-0.0,0.0,off
19.64,13.762910842895508,11.559163093566895,11.001254081726074,2.318650007247925,2.0917012691497803,21.072721481323242,21.395275115966797,-0.0,-0.0,-0.0,-0.0,off
19.66,13.834610939025879,11.571690559387207,10.871811866760254,2.3398571014404297,2.1165168285369873,21.059362411499023,21.360658645629883,-0.0,-0.0,-0.0,-0.0,off
19.68,13.863137245178223,11.572388648986816,10.846035957336426,2.3443915843963623,2.1393043994903564,21.065214157104492,21.330177307128906,-0.0,-0.0,-0.0,-0.0,off
19.7,13.844008445739746,11.548401832580566,10.7794771194458,2.3550028800964355,2.160874128341675,21.005220413208008,21.296817779541016,-0.0,-0.0,-0.0,-0.0,off
19.72,13.88066577911377,11.42746353149414,10.7327299118042,2.389747381210327,2.1837613582611084,20.939228057861328,21.260160446166992,-0.0,-0.0,-0.0,-0.0,off
19.740000000000002,13.916790962219238,11.452150344848633,10.672268867492676,2.4154067039489746,2.206925868988037,20.945791244506836,21.227827072143555,-0.0,-0.0,-0.0,-0.0,off
19.76,13.898995399475098,11.326956748962402,10.61375904083252,2.4326467514038086,2.2294979095458984,20.835880279541016,21.187767028808594,-0.0,-0.0,-0.0,-0.0,off
19.78,13.901222229003906,11.257908821105957,10.471442222595215,2.4507312774658203,2.2516212463378906,20.72765350341797,21.140750885009766,-0.0,0.0,-0.0,-0.0,off
19.8,13.951274871826172,11.24814510345459,10.439384460449219,2.4802486896514893,2.2744839191436768,20.73980712890625,21.099672317504883,-0.0,-0.0,-0.0,-0.0,off
19.82,13.921475410461426,11.179828643798828,10.406155586242676,2.4916415214538574,2.2961995601654053,20.666013717651367,21.055461883544922,-0.0,-0.0,-0.0,-0.0,off
19.84,13.965389251708984,11.114788055419922,10.2244291305542,2.4866464138031006,2.315244197845459,20.56962776184082,21.00571632385254,-0.0,-0.0,-0.0,-0.0,off
19.86,14.068574905395508,11.101062774658203,10.134968757629395,2.491868257522583,2.332906484603882,20.58824920654297,20.96259307861328,-0.0,-0.0,-0.0,-0.0,off
19.88,14.121938705444336,11.06425666809082,10.045775413513184,2.508263111114502,2.3504421710968018,20.56123924255371,20.92098045349121,0.0,0.0,-0.0,0.0,off
19.900000000000002,14.18344497680664,11.042595863342285,9.977007865905762,2.5265111923217773,2.368049144744873,20.558446884155273,20.883197784423828,-0.0,-0.0,-0.0,-0.0,off
19.92,14.230630874633789,10.978544235229492,9.802623748779297,2.5171332359313965,2.3829574584960938,20.472681045532227,20.840286254882812,-0.0,-0.0,-0.0,-0.0,off
19.94,14.24958610534668,10.83761978149414,9.716862678527832,2.5079476833343506,2.395456314086914,20.36963653564453,20.79129981994629,-0.0,-0.0,-0.0,-0.0,off
19.96,14.303144454956055,10.757534980773926,9.515776634216309,2.5030341148376465,2.4062142372131348,20.269546508789062,20.736751556396484,-0.0,-0.0,-0.0,-0.0,off
19.98,14.395450592041016,10.670403480529785,9.371892929077148,2.5005524158477783,2.4156479835510254,20.221742630004883,20.682479858398438,-0.0,0.0,-0.0,-0.0,off
20.0,14.399419784545898,10.542959213256836,9.220131874084473,2.4874043464660645,2.422823667526245,20.08751106262207,20.62005043029785,-0.0,-0.0,-0.0,-0.0,off
20.02,14.44847583770752,10.46039867401123,9.099091529846191,2.4696238040924072,2.4275035858154297,20.024282455444336,20.557395935058594,-0.0,-0.0,-0.0,-0.0,off
20.04,14.569673538208008,10.410717964172363,8.855530738830566,2.4453673362731934,2.4292898178100586,19.976957321166992,20.495431900024414,0.0,-0.0,-0.0,0.0,off
20.06,14.610371589660645,10.374106407165527,8.759588241577148,2.447632312774658,2.431123971939087,19.945310592651367,20.436641693115234,0.0,-0.0,-0.0,0.0,off
20.080000000000002,14.667642593383789,10.262259483337402,8.596110343933105,2.463970422744751,2.43440842628479,19.85816764831543,20.37467384338379,-0.0,-0.0,-0.0,-0.0,off
20.1,14.73224925994873,10.18956184387207,8.417798042297363,2.4745442867279053,2.4384219646453857,19.79206085205078,20.31192970275879,-0.0,-0.0,-0.0,-0.0,off
20.12,14.779655456542969,10.120342254638672,8.28555965423584,2.4703192710876465,2.4416115283966064,19.73600959777832,20.249801635742188,0.0,-0.0,-0.0,0.0,off
20.14,14.80359172821045,10.01003360748291,8.103106498718262,2.4768950939178467,2.4451398849487305,19.621606826782227,20.18218231201172,-0.0,-0.0,-0.0,-0.0,off
20.16,14.86413860321045,9.999968528747559,7.991733074188232,2.4833157062530518,2.4489574432373047,19.61656951904297,20.12093734741211,-0.0,-0.0,-0.0,-0.0,off
20.18,14.90578556060791,10.008794784545898,7.829613208770752,2.4893524646759033,2.4529969692230225,19.58727264404297,20.062837600708008,-0.0,0.0,-0.0,-0.0,off
20.2,14.959038734436035,9.881889343261719,7.613400936126709,2.4773528575897217,2.455432415008545,19.477895736694336,19.999011993408203,-0.0,-0.0,-0.0,-0.0,off
20.22,15.00395679473877,9.7754545211792,7.471420764923096,2.462541341781616,2.456143379211426,19.40361785888672,19.93404197692871,-0.0,-0.0,-0.0,-0.0,off
20.240000000000002,15.053115844726562,9.626649856567383,7.371881008148193,2.4646801948547363,2.4569971561431885,19.329078674316406,19.86813735961914,-0.0,-0.0,-0.0,-0.0,off
20.26,15.111563682556152,9.426581382751465,7.235013484954834,2.4803969860076904,2.459336996078491,19.224079132080078,19.797941207885742,-0.0,-0.0,-0.0,-0.0,off
20.28,15.141168594360352,9.323343276977539,7.0048041343688965,2.4877586364746094,2.462179183959961,19.11143684387207,19.722993850708008,-0.0,0.0,-0.0,-0.0,off
20.3,15.146486282348633,9.233684539794922,6.817203044891357,2.4862356185913086,2.4645848274230957,19.00398063659668,19.644691467285156,-0.0,-0.0,-0.0,-0.0,off
20.32,15.229813575744629,9.081660270690918,6.6486430168151855,2.4939682483673096,2.4675230979919434,18.937482833862305,19.567041397094727,-0.0,-0.0,-0.0,-0.0,off
20.34,15.271484375,8.940038681030273,6.49038553237915,2.511417865753174,2.4719126224517822,18.84854507446289,19.4880428314209,-0.0,-0.0,-0.0,-0.0,off
20.36,15.255374908447266,8.806037902832031,6.329946041107178,2.511228322982788,2.475843906402588,18.717397689819336,19.403902053833008,-0.0,-0.0,-0.0,-0.0,off
20.38,15.308426856994629,8.58037281036377,6.118384838104248,2.502056837081909,2.4784653186798096,18.585084915161133,19.314023971557617,-0.0,-0.0,-0.0,-0.0,off
20.400000000000002,15.380010604858398,8.414113998413086,5.944357872009277,2.492112874984741,2.479830026626587,18.51154899597168,19.225242614746094,0.0,-0.0,-0.0,0.0,off
20.42,15.409957885742188,8.263118743896484,5.759016513824463,2.499377965927124,2.4817848205566406,18.409568786621094,19.134828567504883,-0.0,-0.0,-0.0,-0.0,off
20.44,15.46560287475586,8.089312553405762,5.587947368621826,2.52232027053833,2.4858384132385254,18.326129913330078,19.044666290283203,-0.0,-0.0,-0.0,-0.0,off
20.46,15.495823860168457,7.905961036682129,5.407931804656982,2.5250651836395264,2.4897611141204834,18.217313766479492,18.952238082885742,-0.0,-0.0,-0.0,-0.0,off
20.48,15.540046691894531,7.7056884765625,5.179103851318359,2.5030086040496826,2.4910857677459717,18.10231590270996,18.856653213500977,-0.0,-0.0,-0.0,-0.0,off
20.5,15.611991882324219,7.523436546325684,4.985230922698975,2.507397174835205,2.4927170276641846,18.032995223999023,18.763019561767578,-0.0,0.0,-0.0,-0.0,off
20.52,15.627616882324219,7.3699750900268555,4.86517858505249,2.529956579208374,2.496440887451172,17.950178146362305,18.670827865600586,-0.0,-0.0,-0.0,-0.0,off
20.54,15.633781433105469,7.167984962463379,4.6802659034729,2.5392215251922607,2.5007190704345703,17.824140548706055,18.574874877929688,-0.0,-0.0,-0.0,-0.0,off
20.56,15.67437744140625,6.925668716430664,4.430282115936279,2.5271575450897217,2.5033628940582275,17.69967269897461,18.474761962890625,-0.0,-0.0,-0.0,-0.0,off
20.580000000000002,15.697321891784668,6.657946586608887,4.276805400848389,2.52154278755188,2.505180835723877,17.579113006591797,18.37200355529785,-0.0,-0.0,-0.0,-0.0,off
20.6,15.726425170898438,6.427310466766357,4.137385845184326,2.527341842651367,2.507396936416626,17.485671997070312,18.269887924194336,-0.0,-0.0,-0.0,-0.0,off
20.62,15.775050163269043,6.1890869140625,3.942417621612549,2.5316591262817383,2.5098230838775635,17.398265838623047,18.168344497680664,-0.0,-0.0,-0.0,-0.0,off
20.64,15.778911590576172,5.923583030700684,3.7589950561523438,2.526362180709839,2.511476993560791,17.26826286315918,18.06321907043457,-0.0,-0.0,-0.0,-0.0,off
20.66,15.811365127563477,5.727238655090332,3.5436487197875977,2.50663685798645,2.510993003845215,17.18598175048828,17.959794998168945,-0.0,-0.0,-0.0,-0.0,off
20.68,15.831727027893066,5.456229209899902,3.305018901824951,2.4902894496917725,2.508922576904297,17.068601608276367,17.853647232055664,-0.0,-0.0,-0.0,-0.0,off
20.7,15.826480865478516,5.275308132171631,3.178633213043213,2.4929380416870117,2.507323980331421,16.98263931274414,17.75012969970703,-0.0,-0.0,-0.0,-0.0,off
20.72,15.84179401397705,5.0726447105407715,2.9749884605407715,2.490027666091919,2.505594253540039,16.898067474365234,17.64807891845703,-0.0,-0.0,-0.0,-0.0,off
20.740000000000002,15.903400421142578,4.813634395599365,2.780944347381592,2.474874973297119,2.5025222301483154,16.847043991088867,17.55003547668457,-0.0,-0.0,-0.0,-0.0,off
20.76,15.931968688964844,4.541955947875977,2.596917152404785,2.4590725898742676,2.4981772899627686,16.769046783447266,17.453092575073242,-0.0,-0.0,-0.0,-0.0,off
20.78,15.949729919433594,4.2237653732299805,2.425652503967285,2.4494006633758545,2.4932994842529297,16.67686653137207,17.355436325073242,-0.0,-0.0,-0.0,-0.0,off
20.8,15.990076065063477,3.960545778274536,2.249314785003662,2.449127197265625,2.488882064819336,16.62611961364746,17.261735916137695,-0.0,-0.0,-0.0,-0.0,off
20.82,16.02141571044922,3.7244865894317627,2.0487256050109863,2.4323391914367676,2.4832277297973633,16.57573127746582,17.171796798706055,-0.0,-0.0,-0.0,-0.0,off
20.84,16.02194595336914,3.4515349864959717,1.8239437341690063,2.4152660369873047,2.4764316082000732,16.49068260192871,17.0813045501709,-0.0,-0.0,-0.0,-0.0,off
20.86,16.023157119750977,3.1394472122192383,1.557045578956604,2.403285503387451,2.4691169261932373,16.401893615722656,16.98908805847168,-0.0,-0.0,-0.0,-0.0,off
20.88,16.13766098022461,2.846519708633423,1.3884793519973755,2.3994593620300293,2.462151050567627,16.445505142211914,16.90934944152832,-0.0,-0.0,-0.0,-0.0,off
20.900000000000002,16.22599220275879,2.53772234916687,1.1890884637832642,2.3950839042663574,2.4554443359375,16.466232299804688,16.83827018737793,-0.0,-0.0,-0.0,-0.0,off
20.92,16.19135093688965,2.129441022872925,0.9397803544998169,2.3718931674957275,2.447089195251465,16.357797622680664,16.76079559326172,-0.0,-0.0,-0.0,-0.0,off
20.94,16.197101593017578,1.7857613563537598,0.6971803903579712,2.339735746383667,2.4363536834716797,16.31015396118164,16.684551239013672,-0.0,-0.0,-0.0,-0.0,off
20.96,16.19677734375,1.4618914127349854,0.5061436891555786,2.323679208755493,2.425086259841919,16.270492553710938,16.61118507385254,-0.0,-0.0,-0.0,-0.0,off
20.98,16.23335075378418,1.1076228618621826,0.27056702971458435,2.318546772003174,2.4144322872161865,16.273344039916992,16.543624877929688,-0.0,-0.0,-0.0,-0.0,off
21.0,16.2808895111084,0.7705647945404053,0.05032119154930115,2.300597906112671,2.4030487537384033,16.299192428588867,16.48415184020996,-0.0,-0.0,-0.0,-0.0,off
21.02,16.308666229248047,0.4993390738964081,-0.18102160096168518,2.2675437927246094,2.389498233795166,16.317312240600586,16.43229866027832,0.0,-0.0,-0.0,0.0,off
21.04,16.329818725585938,0.1858350932598114,-0.3647855818271637,2.24391770362854,2.3749401569366455,16.334949493408203,16.387178421020508,-0.0,-0.0,-0.0,-0.0,off
21.06,16.342653274536133,-0.06557586044073105,-0.4695967733860016,2.2296042442321777,2.3604066371917725,16.349529266357422,16.3497314453125,-0.0,-0.0,-0.0,-0.0,off
21.080000000000002,16.374103546142578,-0.3686573803424835,-0.594845175743103,2.225238800048828,2.3468897342681885,16.38905143737793,16.32044219970703,-0.0,-0.0,-0.0,-0.0,off
21.1,16.431289672851562,-0.6955955028533936,-0.7588633298873901,2.1981279850006104,2.3320136070251465,16.463504791259766,16.30115509033203,-0.0,0.0,-0.0,-0.0,off
21.12,16.434154510498047,-1.0023834705352783,-0.8412593603134155,2.17991042137146,2.316803216934204,16.486173629760742,16.286951065063477,-0.0,-0.0,-0.0,-0.0,off
21.14,16.421329498291016,-1.3507423400878906,-0.868059515953064,2.170961380004883,2.3022189140319824,16.4996395111084,16.276098251342773,0.0,0.0,-0.0,0.0,off
21.16,16.49537467956543,-1.6438407897949219,-0.9093817472457886,2.1828231811523438,2.2902791500091553,16.602005004882812,16.277812957763672,0.0,0.0,-0.0,0.0,off
21.18,16.436153411865234,-2.0584230422973633,-1.1153610944747925,2.1736223697662354,2.278613328933716,16.6020565032959,16.277061462402344,-0.0,-0.0,-0.0,-0.0,off
21.2,16.339454650878906,-2.4827752113342285,-1.2654622793197632,2.15820050239563,2.2665719985961914,16.57538414001465,16.271812438964844,-0.0,-0.0,-0.0,-0.0,off
21.22,16.324134826660156,-2.8805909156799316,-1.321994662284851,2.138627529144287,2.253777503967285,16.628976821899414,16.272016525268555,-0.0,-0.0,-0.0,-0.0,off
21.240000000000002,16.310293197631836,-3.25191068649292,-1.3798202276229858,2.1318953037261963,2.241589307785034,16.688453674316406,16.278209686279297,0.0,-0.0,-0.0,0.0,off
21.26,16.302642822265625,-3.708747625350952,-1.3904474973678589,2.09858775138855,2.2272891998291016,16.776897430419922,16.291460037231445,0.0,-0.0,-0.0,0.0,off
21.28,16.69855308532715,-4.078717231750488,-1.3910897970199585,2.025069236755371,2.2070672512054443,17.24565887451172,16.352073669433594,-0.0,-0.0,-0.0,-0.0,off
21.3,16.557403564453125,-4.3522491455078125,-1.3182042837142944,1.9420146942138672,2.1805620193481445,17.1705379486084,16.401336669921875,-0.0,-0.0,-0.0,-0.0,off
21.32,16.662921905517578,-4.690922260284424,-1.3681806325912476,1.8517723083496094,2.1476831436157227,17.364608764648438,16.466047286987305,-0.0,0.0,-0.0,-0.0,off
21.34,16.55113983154297,-4.928919792175293,-1.1814683675765991,1.776653528213501,2.1105799674987793,17.309833526611328,16.521520614624023,-0.0,-0.0,-0.0,-0.0,off
21.36,16.95551300048828,-5.249993801116943,-1.3255141973495483,1.6862680912017822,2.0681488513946533,17.799123764038086,16.622142791748047,-0.0,-0.0,-0.0,-0.0,off
21.38,16.913480758666992,-5.631489276885986,-1.2868098020553589,1.6107227802276611,2.0224063396453857,17.87275505065918,16.71976089477539,-0.0,-0.0,-0.0,-0.0,off
21.400000000000002,16.783037185668945,-6.068968296051025,-1.245529055595398,1.528578519821167,1.973023533821106,17.89005470275879,16.807741165161133,-0.0,-0.0,-0.0,-0.0,off
21.42,16.853456497192383,-6.456193923950195,-1.2203224897384644,1.4744877815246582,1.9231699705123901,18.088964462280273,16.907041549682617,-0.0,-0.0,-0.0,-0.0,off
21.44,16.939218521118164,-6.845889091491699,-1.2141793966293335,1.437793254852295,1.8746322393417358,18.310585021972656,17.018877029418945,-0.0,-0.0,-0.0,-0.0,off
21.46,16.876672744750977,-7.328578472137451,-1.264217734336853,1.396864652633667,1.8268554210662842,18.442569732666016,17.130769729614258,-0.0,-0.0,-0.0,-0.0,off
21.48,16.757408142089844,-7.829247951507568,-1.2201884984970093,1.3626515865325928,1.7804349660873413,18.536361694335938,17.23859977722168,-0.0,-0.0,-0.0,-0.0,off
21.5,16.767906188964844,-8.286213874816895,-1.0747474431991577,1.327157735824585,1.7351073026657104,18.73443603515625,17.355010986328125,-0.0,-0.0,-0.0,-0.0,off
21.52,16.5137882232666,-8.504120826721191,-1.036314845085144,1.2961337566375732,1.6912099123001099,18.603742599487305,17.44847297668457,-0.0,-0.0,-0.0,-0.0,off
21.54,16.564342498779297,-8.78317928314209,-0.9879778623580933,1.2648093700408936,1.6485698223114014,18.77492332458496,17.552162170410156,-0.0,-0.0,-0.0,-0.0,off
21.56,16.373823165893555,-9.059685707092285,-1.0232499837875366,1.2337942123413086,1.607092261314392,18.741052627563477,17.642745971679688,-0.0,-0.0,-0.0,-0.0,off
21.580000000000002,16.262901306152344,-9.417680740356445,-0.9679683446884155,1.1879980564117432,1.5651828050613403,18.817853927612305,17.731796264648438,-0.0,-0.0,-0.0,-0.0,off
21.6,16.187625885009766,-9.640131950378418,-1.002339243888855,1.1458103656768799,1.5232454538345337,18.867328643798828,17.819011688232422,-0.0,-0.0,-0.0,-0.0,off
21.62,16.19153594970703,-9.76362133026123,-1.004679560661316,1.0802717208862305,1.4789481163024902,18.934188842773438,17.907869338989258,-0.0,-0.0,-0.0,-0.0,off
21.64,16.159589767456055,-9.932469367980957,-0.917343020439148,1.0226466655731201,1.4333178997039795,18.990203857421875,17.995691299438477,-0.0,0.0,-0.0,-0.0,off
21.66,16.18306541442871,-10.12352180480957,-0.9035357236862183,0.9571885466575623,1.3857049942016602,19.11004066467285,18.088748931884766,-0.0,0.0,-0.0,-0.0,off
21.68,16.23814582824707,-10.217517852783203,-0.6692126989364624,0.9244089722633362,1.3395752906799316,19.196950912475586,18.183914184570312,-0.0,-0.0,-0.0,-0.0,off
21.7,16.335742950439453,-10.421624183654785,-0.4560641348361969,0.90326327085495,1.295944094657898,19.3823299407959,18.289335250854492,-0.0,-0.0,-0.0,-0.0,off
21.72,16.269851684570312,-10.630452156066895,-0.24799099564552307,0.8707634806632996,1.2534259557724,19.43646240234375,18.389673233032227,-0.0,-0.0,-0.0,-0.0,off
21.740000000000002,16.246614456176758,-10.895430564880371,-0.013136297464370728,0.8363418579101562,1.2117174863815308,19.56177520751953,18.492055892944336,-0.0,-0.0,-0.0,-0.0,off
21.76,16.172977447509766,-11.244589805603027,0.21522387862205505,0.8090575933456421,1.171451449394226,19.69904327392578,18.596393585205078,-0.0,-0.0,-0.0,-0.0,off
21.78,16.160978317260742,-11.492003440856934,0.41956910490989685,0.7752994894981384,1.131836175918579,19.834802627563477,18.703914642333984,-0.0,-0.0,-0.0,-0.0,off
21.8,16.140583038330078,-11.715861320495605,0.6374155282974243,0.7462325692176819,1.093275785446167,19.95460319519043,18.81278419494629,-0.0,-0.0,-0.0,-0.0,off
21.82,16.098217010498047,-11.83419418334961,1.0424638986587524,0.7063671350479126,1.0545848608016968,20.007184982299805,18.915712356567383,-0.0,-0.0,-0.0,-0.0,off
21.84,16.082077026367188,-12.027389526367188,1.4131494760513306,0.6873117685317993,1.017857551574707,20.131772994995117,19.019996643066406,-0.0,-0.0,-0.0,-0.0,off
21.86,16.0118350982666,-12.213536262512207,1.7885605096817017,0.6662814617156982,0.9826999306678772,20.2175235748291,19.121257781982422,-0.0,-0.0,-0.0,-0.0,off
21.88,15.928510665893555,-12.4331693649292,2.121159076690674,0.6538987755775452,0.949819803237915,20.31749153137207,19.22127914428711,-0.0,-0.0,-0.0,-0.0,off
21.900000000000002,15.811470031738281,-12.688000679016113,2.4410500526428223,0.5992771983146667,0.914765477180481,20.41927146911621,19.320098876953125,-0.0,-0.0,-0.0,-0.0,off
21.92,15.651792526245117,-12.933189392089844,2.7895431518554688,0.5257266163825989,0.8758615851402283,20.49457359313965,19.41482925415039,-0.0,-0.0,-0.0,-0.0,off
21.94,15.552978515625,-13.082088470458984,3.193470001220703,0.4692826271057129,0.8352037072181702,20.572662353515625,19.506839752197266,-0.0,-0.0,-0.0,-0.0,off
21.96,15.571148872375488,-13.214022636413574,3.6893303394317627,0.44756799936294556,0.7964401245117188,20.752883911132812,19.606504440307617,-0.0,-0.0,-0.0,-0.0,off
21.98,15.398492813110352,-13.37304973602295,4.153539657592773,0.42839235067367554,0.759635329246521,20.81355094909668,19.699979782104492,-0.0,0.0,-0.0,-0.0,off
22.0,15.295787811279297,-13.52805233001709,4.528979778289795,0.393082857131958,0.7229800820350647,20.916046142578125,19.793840408325195,-0.0,-0.0,-0.0,-0.0,off
22.02,15.102832794189453,-13.650801658630371,4.9622273445129395,0.3586941957473755,0.6865514516830444,20.953845977783203,19.88042449951172,-0.0,0.0,-0.0,-0.0,off
22.04,14.94978141784668,-13.771016120910645,5.421325206756592,0.33642861247062683,0.6515392065048218,21.036340713500977,19.965011596679688,-0.0,-0.0,-0.0,-0.0,off
22.06,14.762102127075195,-13.903623580932617,5.789680480957031,0.3055760860443115,0.6169428825378418,21.089115142822266,20.04585075378418,-0.0,-0.0,-0.0,-0.0,off
22.080000000000002,14.581323623657227,-14.024556159973145,6.097078323364258,0.2581794857978821,0.5810664892196655,21.130014419555664,20.123117446899414,-0.0,-0.0,-0.0,-0.0,off
22.1,14.442333221435547,-14.005435943603516,6.392890453338623,0.19957813620567322,0.5429176688194275,21.109294891357422,20.192049026489258,-0.0,-0.0,-0.0,-0.0,off
22.12,14.342586517333984,-14.06550121307373,6.774850368499756,0.17309647798538208,0.505935549736023,21.200159072875977,20.26327133178711,-0.0,-0.0,-0.0,-0.0,off
22.14,14.234089851379395,-14.070018768310547,7.193300247192383,0.14447087049484253,0.4697890877723694,21.267776489257812,20.333829879760742,-0.0,-0.0,-0.0,-0.0,off
22.16,14.117148399353027,-14.048696517944336,7.6694769859313965,0.11105862259864807,0.43391603231430054,21.34199333190918,20.40361785888672,-0.0,-0.0,-0.0,-0.0,off
22.18,14.029306411743164,-14.143241882324219,8.21713638305664,0.08957992494106293,0.399482399225235,21.549341201782227,20.485063552856445,-0.0,-0.0,-0.0,-0.0,off
22.2,13.883152961730957,-14.182551383972168,8.7980375289917,0.07091724872589111,0.3666258752346039,21.709264755249023,20.571617126464844,0.0,-0.0,-0.0,0.0,off
22.22,13.774908065795898,-14.214738845825195,9.273764610290527,0.054359182715415955,0.33539918065071106,21.858856201171875,20.663921356201172,-0.0,-0.0,-0.0,-0.0,off
22.240000000000002,13.576754570007324,-14.296690940856934,9.837807655334473,0.05313485860824585,0.3071727454662323,22.034202575683594,20.76194953918457,-0.0,-0.0,-0.0,-0.0,off
22.26,13.427785873413086,-14.262593269348145,10.386452674865723,0.04372921586036682,0.2808283865451813,22.172176361083984,20.862388610839844,-0.0,-0.0,-0.0,-0.0,off
22.28,13.324470520019531,-14.260061264038086,10.865080833435059,0.010874509811401367,0.25383299589157104,22.336984634399414,20.969396591186523,-0.0,-0.0,-0.0,-0.0,off
22.3,13.252375602722168,-14.247099876403809,11.447893142700195,-0.016106367111206055,0.22683905065059662,22.575641632080078,21.08840560913086,-0.0,-0.0,-0.0,-0.0,off
22.32,13.094009399414062,-14.192556381225586,11.963905334472656,-0.04949776083230972,0.19920536875724792,22.716001510620117,21.208782196044922,-0.0,0.0,-0.0,-0.0,off
22.34,12.954925537109375,-14.092126846313477,12.407633781433105,-0.09834043681621552,0.1694507896900177,22.811565399169922,21.32722282409668,-0.0,-0.0,-0.0,-0.0,off
22.36,12.891914367675781,-13.8588228225708,12.561452865600586,-0.14343170821666718,0.1381625384092331,22.716920852661133,21.42938995361328,-0.0,-0.0,-0.0,-0.0,off
22.38,12.765790939331055,-13.715594291687012,12.77998161315918,-0.1687944084405899,0.10746683925390244,22.680627822875977,21.52067756652832,-0.0,-0.0,-0.0,-0.0,off
22.400000000000002,12.674633979797363,-13.627351760864258,13.318917274475098,-0.14303019642829895,0.08241713047027588,22.885467529296875,21.621902465820312,-0.0,-0.0,-0.0,-0.0,off
22.42,12.501507759094238,-13.493813514709473,13.814129829406738,-0.11004674434661865,0.06317074596881866,23.004365921020508,21.72344398498535,-0.0,-0.0,-0.0,-0.0,off
22.44,12.412388801574707,-13.373100280761719,14.162782669067383,-0.10956795513629913,0.045896872878074646,23.09743881225586,21.825641632080078,-0.0,-0.0,-0.0,-0.0,off
22.46,12.352038383483887,-13.21091365814209,14.459681510925293,-0.13387103378772736,0.027920082211494446,23.155635833740234,21.92546272277832,-0.0,-0.0,-0.0,-0.0,off
22.48,12.223060607910156,-13.042695045471191,14.728493690490723,-0.1415245532989502,0.010975618846714497,23.161252975463867,22.017404556274414,-0.0,-0.0,-0.0,-0.0,off
22.5,12.128774642944336,-12.927523612976074,15.01771068572998,-0.12052900344133377,-0.0021748431026935577,23.23272705078125,22.108898162841797,-0.0,-0.0,-0.0,-0.0,off
22.52,11.99015998840332,-12.890715599060059,15.293824195861816,-0.09141726791858673,-0.01109908614307642,23.320281982421875,22.201663970947266,-0.0,-0.0,-0.0,-0.0,off
22.54,11.930900573730469,-12.813538551330566,15.532069206237793,-0.07464884966611862,-0.017454061657190323,23.404664993286133,22.295835494995117,-0.0,-0.0,-0.0,-0.0,off
22.56,11.861310958862305,-12.646614074707031,15.6467924118042,-0.08321763575077057,-0.024030419066548347,23.3548641204834,22.378318786621094,-0.0,-0.0,-0.0,-0.0,off
22.580000000000002,11.786256790161133,-12.451750755310059,15.769492149353027,-0.10112987458705902,-0.03174036368727684,23.29460906982422,22.448503494262695,-0.0,-0.0,-0.0,-0.0,off
22.6,11.83700942993164,-12.27310848236084,15.851738929748535,-0.09244684875011444,-0.03781101107597351,23.281356811523438,22.513124465942383,-0.0,-0.0,-0.0,-0.0,off
22.62,11.723688125610352,-12.072270393371582,15.958319664001465,-0.058180660009384155,-0.039847973734140396,23.191648483276367,22.563417434692383,-0.0,0.0,-0.0,-0.0,off
22.64,11.700955390930176,-11.940106391906738,16.105365753173828,-0.010038644075393677,-0.036867041140794754,23.21338653564453,22.61224365234375,-0.0,-0.0,-0.0,-0.0,off
22.66,11.678823471069336,-11.946167945861816,16.2475643157959,0.0311853289604187,-0.03006180375814438,23.30427360534668,22.667251586914062,-0.0,-0.0,-0.0,-0.0,off
22.68,11.629932403564453,-11.958098411560059,16.394933700561523,0.06656959652900696,-0.020398663356900215,23.388999938964844,22.726781845092773,-0.0,-0.0,-0.0,-0.0,off
22.7,11.602319717407227,-11.826075553894043,16.49136734008789,0.08684171736240387,-0.009674624539911747,23.37594985961914,22.78013801574707,-0.0,-0.0,-0.0,-0.0,off
22.72,11.554656982421875,-11.703814506530762,16.564767837524414,0.1024441123008728,0.0015372494235634804,23.342683792114258,22.825862884521484,-0.0,-0.0,-0.0,-0.0,off
22.740000000000002,11.514959335327148,-11.582118034362793,16.669410705566406,0.12414282560348511,0.01379780750721693,23.33685874938965,22.867136001586914,-0.0,-0.0,-0.0,-0.0,off
22.76,11.505824089050293,-11.488075256347656,16.803728103637695,0.16390341520309448,0.028808368369936943,23.382152557373047,22.90946388244629,-0.0,-0.0,-0.0,-0.0,off
22.78,11.393814086914062,-11.398756980895996,16.888652801513672,0.18791356682777405,0.04471888765692711,23.34474754333496,22.944358825683594,-0.0,-0.0,-0.0,-0.0,off
22.8,11.310912132263184,-11.259647369384766,16.95953941345215,0.20279067754745483,0.06052606552839279,23.288244247436523,22.97052574157715,-0.0,-0.0,-0.0,-0.0,off
22.82,11.291671752929688,-11.05010986328125,16.992536544799805,0.20932245254516602,0.07540570199489594,23.202436447143555,22.985910415649414,-0.0,0.0,-0.0,-0.0,off
22.84,11.208808898925781,-10.805378913879395,17.019838333129883,0.21717801690101624,0.08958293497562408,23.06661033630371,22.986167907714844,-0.0,-0.0,-0.0,-0.0,off
22.86,11.213188171386719,-10.540666580200195,17.072219848632812,0.2303076684474945,0.10365540534257889,22.984819412231445,22.978137969970703,-0.0,-0.0,-0.0,-0.0,off
22.88,11.128223419189453,-10.312649726867676,17.112079620361328,0.23930037021636963,0.11721989512443542,22.869441986083984,22.959300994873047,-0.0,-0.0,-0.0,-0.0,off
22.900000000000002,11.070928573608398,-10.053894996643066,17.160003662109375,0.24297335743904114,0.12979523837566376,22.762073516845703,22.931354522705078,-0.0,-0.0,-0.0,-0.0,off
22.92,11.032243728637695,-9.715228080749512,17.175762176513672,0.24288129806518555,0.1411038339138031,22.60758399963379,22.890174865722656,-0.0,-0.0,-0.0,-0.0,off
22.94,10.962254524230957,-9.425914764404297,17.20206642150879,0.24553167819976807,0.15154661238193512,22.47064781188965,22.839027404785156,-0.0,-0.0,-0.0,-0.0,off
22.96,10.942355155944824,-9.128470420837402,17.206350326538086,0.26188620924949646,0.16258057951927185,22.341053009033203,22.779756546020508,-0.0,-0.0,-0.0,-0.0,off
22.98,10.779610633850098,-8.868548393249512,17.282106399536133,0.26876863837242126,0.1731993854045868,22.215362548828125,22.713254928588867,-0.0,-0.0,-0.0,-0.0,off
23.0,10.69195556640625,-8.631241798400879,17.320772171020508,0.2688552141189575,0.1827649623155594,22.10939598083496,22.642711639404297,-0.0,-0.0,-0.0,-0.0,off
23.02,10.678285598754883,-8.393502235412598,17.319141387939453,0.27472877502441406,0.1919613480567932,22.009756088256836,22.569454193115234,-0.0,-0.0,-0.0,-0.0,off
23.04,10.605048179626465,-8.160025596618652,17.339427947998047,0.27835559844970703,0.2006007730960846,21.90225601196289,22.492765426635742,-0.0,-0.0,-0.0,-0.0,off
23.06,10.668011665344238,-7.884933948516846,17.307815551757812,0.28686773777008057,0.20922747254371643,21.806859970092773,22.414234161376953,-0.0,-0.0,-0.0,-0.0,off
23.080000000000002,10.618449211120605,-7.568114280700684,17.292335510253906,0.28780102729797363,0.2170848250389099,21.657623291015625,22.328088760375977,-0.0,-0.0,-0.0,-0.0,off
23.1,10.61328125,-7.274537563323975,17.278690338134766,0.29034942388534546,0.224411278963089,21.54330062866211,22.238784790039062,-0.0,-0.0,-0.0,-0.0,off
23.12,10.614998817443848,-6.979448318481445,17.32176399230957,0.29659727215766907,0.231629878282547,21.48102378845215,22.151565551757812,-0.0,-0.0,-0.0,-0.0,off
23.14,10.590082168579102,-6.759249687194824,17.418041229248047,0.3090798258781433,0.23937487602233887,21.476160049438477,22.072439193725586,-0.0,-0.0,-0.0,-0.0,off
23.16,10.561836242675781,-6.518915176391602,17.478174209594727,0.3193776607513428,0.24737514555454254,21.4367733001709,21.997129440307617,-0.0,-0.0,-0.0,-0.0,off
23.18,10.48928165435791,-6.239717960357666,17.566890716552734,0.31893762946128845,0.2545313835144043,21.39052963256836,21.924081802368164,-0.0,0.0,-0.0,-0.0,off
23.2,10.508956909179688,-5.975261688232422,17.59392738342285,0.3166232407093048,0.2607405483722687,21.34685516357422,21.85380744934082,-0.0,-0.0,-0.0,-0.0,off
23.22,10.50692367553711,-5.772433757781982,17.637582778930664,0.32540440559387207,0.26720690727233887,21.32605743408203,21.788827896118164,0.0,-0.0,-0.0,0.0,off
23.240000000000002,10.486761093139648,-5.487999439239502,17.710702896118164,0.3354727029800415,0.27403348684310913,21.301626205444336,21.727313995361328,-0.0,-0.0,-0.0,-0.0,off
23.26,10.45926284790039,-5.243989944458008,17.774852752685547,0.345802366733551,0.28121036291122437,21.280061721801758,21.669681549072266,-0.0,-0.0,-0.0,-0.0,off
23.28,10.45159912109375,-4.9553704261779785,17.800710678100586,0.34139400720596313,0.28722870349884033,21.228681564331055,21.612276077270508,-0.0,-0.0,-0.0,-0.0,off
23.3,10.433042526245117,-4.649820804595947,17.83218765258789,0.3448396921157837,0.2929897904396057,21.176782608032227,21.554841995239258,-0.0,-0.0,-0.0,-0.0,off
23.32,10.408843994140625,-4.443913459777832,17.929481506347656,0.3559083938598633,0.29928162693977356,21.20279884338379,21.50600814819336,-0.0,-0.0,-0.0,-0.0,off
23.34,10.407041549682617,-4.194636344909668,18.048736572265625,0.37516260147094727,0.3068697154521942,21.252256393432617,21.46673583984375,-0.0,-0.0,-0.0,-0.0,off
23.36,10.431863784790039,-3.9022181034088135,18.13103485107422,0.3823404908180237,0.3144167959690094,21.278757095336914,21.433502197265625,-0.0,-0.0,-0.0,-0.0,off
23.38,10.378865242004395,-3.6914827823638916,18.22023582458496,0.3899093270301819,0.3219660520553589,21.291427612304688,21.40517234802246,-0.0,-0.0,-0.0,-0.0,off
23.400000000000002,10.398771286010742,-3.4231765270233154,18.289358139038086,0.4075887203216553,0.3305283188819885,21.315561294555664,21.381881713867188,-0.0,-0.0,-0.0,-0.0,off
23.42,10.384392738342285,-3.170027017593384,18.396282196044922,0.4332180619239807,0.3407973051071167,21.361364364624023,21.36534881591797,-0.0,-0.0,-0.0,-0.0,off
23.44,10.305131912231445,-3.010268449783325,18.495349884033203,0.45232832431793213,0.35195040702819824,21.38540267944336,21.353683471679688,-0.0,-0.0,-0.0,-0.0,off
23.46,10.273926734924316,-2.778407335281372,18.570457458496094,0.4607805013656616,0.3628334105014801,21.404088973999023,21.34515380859375,-0.0,-0.0,-0.0,-0.0,off
23.48,10.295117378234863,-2.6359479427337646,18.687334060668945,0.47674715518951416,0.37422478199005127,21.497770309448242,21.3477840423584,-0.0,-0.0,-0.0,-0.0,off
23.5,10.272710800170898,-2.4651119709014893,18.77960777282715,0.49562251567840576,0.38636454939842224,21.547136306762695,21.355663299560547,-0.0,-0.0,-0.0,-0.0,off
23.52,10.277557373046875,-2.267897844314575,18.896404266357422,0.5283339023590088,0.40056145191192627,21.62973976135254,21.371261596679688,-0.0,-0.0,-0.0,-0.0,off
23.54,10.28499698638916,-2.1495754718780518,19.039655685424805,0.5607598423957825,0.41658127307891846,21.746501922607422,21.397884368896484,-0.0,-0.0,-0.0,-0.0,off
23.56,10.27655029296875,-1.956153154373169,19.116226196289062,0.5904756784439087,0.43397071957588196,21.791378021240234,21.426593780517578,-0.0,-0.0,-0.0,-0.0,off
23.580000000000002,10.322946548461914,-1.851567029953003,19.266233444213867,0.6572017669677734,0.45629382133483887,21.93579864501953,21.467819213867188,-0.0,0.0,-0.0,-0.0,off
23.6,10.31715202331543,-1.8034546375274658,19.426830291748047,0.7333862781524658,0.48400306701660156,22.07029151916504,21.519559860229492,-0.0,-0.0,-0.0,-0.0,off
23.62,10.265546798706055,-1.7040126323699951,19.543617248535156,0.7740616202354431,0.5130088925361633,22.141321182250977,21.573856353759766,0.0,-0.0,-0.0,0.0,off
23.64,10.257026672363281,-1.5175774097442627,19.60805892944336,0.7795736789703369,0.5396653413772583,22.180749893188477,21.62672996520996,0.0,-0.0,-0.0,0.0,off
23.66,10.314594268798828,-1.328728437423706,19.630390167236328,0.7749029994010925,0.5631890892982483,22.21505355834961,21.677959442138672,-0.0,-0.0,-0.0,-0.0,off
23.68,10.358115196228027,-1.2065556049346924,19.721046447753906,0.7911539077758789,0.585985541343689,22.308429718017578,21.733943939208984,-0.0,-0.0,-0.0,-0.0,off
23.7,10.330110549926758,-1.136265754699707,19.808855056762695,0.8197458982467651,0.6093615293502808,22.36946678161621,21.79118537902832,-0.0,-0.0,-0.0,-0.0,off
23.72,10.324668884277344,-0.9846274852752686,19.85305404663086,0.8328437209129333,0.6317097544670105,22.398929595947266,21.84583282470703,0.0,-0.0,-0.0,0.0,off
23.740000000000002,10.305845260620117,-0.8613760471343994,19.895252227783203,0.829957902431488,0.6515345573425293,22.422611236572266,21.897720336914062,0.0,-0.0,-0.0,0.0,off
23.76,10.303998947143555,-0.7002389430999756,19.947166442871094,0.8299492001533508,0.669376015663147,22.462238311767578,21.948440551757812,-0.0,-0.0,-0.0,-0.0,off
23.78,10.306122779846191,-0.5835821628570557,20.000577926635742,0.8539167046546936,0.6878300905227661,22.5073299407959,21.99894142150879,-0.0,-0.0,-0.0,-0.0,off
23.8,10.250762939453125,-0.37462499737739563,20.056238174438477,0.8705037236213684,0.706097424030304,22.52712059020996,22.04601287841797,-0.0,-0.0,-0.0,-0.0,off
23.82,10.207367897033691,-0.2568075954914093,20.088603973388672,0.8790224194526672,0.7233899235725403,22.534603118896484,22.089426040649414,-0.0,-0.0,-0.0,-0.0,off
23.84,10.162522315979004,-0.12769010663032532,20.097620010375977,0.8657070994377136,0.7376216650009155,22.521268844604492,22.127376556396484,-0.0,-0.0,-0.0,-0.0,off
23.86,10.1412935256958,0.01789257675409317,20.110576629638672,0.8444759249687195,0.7483071088790894,22.52290916442871,22.16180992126465,-0.0,-0.0,-0.0,-0.0,off
23.88,10.151798248291016,0.17783233523368835,20.09296226501465,0.8347347974777222,0.7569499015808105,22.51261329650879,22.19184684753418,-0.0,-0.0,-0.0,-0.0,off
23.900000000000002,10.149735450744629,0.2525765597820282,20.144216537475586,0.827538788318634,0.7640087604522705,22.558155059814453,22.22393798828125,0.0,-0.0,-0.0,0.0,off
23.92,10.137504577636719,0.42524024844169617,20.183368682861328,0.8009585738182068,0.7677037715911865,22.59022331237793,22.25589370727539,-0.0,-0.0,-0.0,-0.0,off
23.94,10.109563827514648,0.4897739589214325,20.250308990478516,0.7893859148025513,0.7698719501495361,22.638864517211914,22.289989471435547,-0.0,-0.0,-0.0,-0.0,off
23.96,10.061845779418945,0.5860598087310791,20.253358840942383,0.7774909138679504,0.7706338167190552,22.622615814208984,22.319297790527344,-0.0,-0.0,-0.0,-0.0,off
23.98,9.99801254272461,0.687554121017456,20.22002410888672,0.7768096327781677,0.771251380443573,22.567285537719727,22.3403263092041,-0.0,-0.0,-0.0,-0.0,off
24.0,9.957439422607422,0.723003625869751,20.342403411865234,0.8097110390663147,0.7750973701477051,22.66024398803711,22.368967056274414,-0.0,-0.0,-0.0,-0.0,off
24.02,9.885688781738281,0.6956179141998291,20.395198822021484,0.8321672677993774,0.7808043360710144,22.675424575805664,22.396873474121094,0.0,-0.0,-0.0,0.0,off
24.04,9.877143859863281,0.64249587059021,20.41385269165039,0.8337082862854004,0.7860946655273438,22.68691635131836,22.423837661743164,0.0,-0.0,-0.0,0.0,off
24.060000000000002,9.874924659729004,0.7656147480010986,20.43699073791504,0.8338214159011841,0.7908673286437988,22.710590362548828,22.450414657592773,-0.0,-0.0,-0.0,-0.0,off
24.080000000000002,9.808248519897461,0.812511682510376,20.45592498779297,0.8283920884132385,0.7946197390556335,22.700368881225586,22.47344207763672,-0.0,0.0,-0.0,-0.0,off
24.1,9.76075553894043,0.785285234451294,20.487058639526367,0.8231000900268555,0.7974677681922913,22.707015991210938,22.495203018188477,-0.0,-0.0,-0.0,-0.0,off
24.12,9.732251167297363,0.8544619083404541,20.424129486083984,0.8132054209709167,0.7990415096282959,22.640491485595703,22.508235931396484,-0.0,-0.0,-0.0,-0.0,off
24.14,9.684535026550293,0.7768933773040771,20.467243194580078,0.8270891904830933,0.8018462061882019,22.656166076660156,22.52192497253418,-0.0,-0.0,-0.0,-0.0,off
24.16,9.647102355957031,0.8304026126861572,20.458520889282227,0.8255735039710999,0.8042188882827759,22.634204864501953,22.532089233398438,-0.0,0.0,-0.0,-0.0,off
24.18,9.653899192810059,0.822073221206665,20.454269409179688,0.8049860596656799,0.804295539855957,22.632957458496094,22.541343688964844,-0.0,-0.0,-0.0,-0.0,off
24.2,9.656502723693848,0.8568742275238037,20.366485595703125,0.7800711393356323,0.8018730878829956,22.556062698364258,22.542116165161133,-0.0,-0.0,-0.0,-0.0,off
24.22,9.588159561157227,0.8557288646697998,20.397157669067383,0.765514075756073,0.7982372045516968,22.554580688476562,22.542713165283203,-0.0,-0.0,-0.0,-0.0,off
24.240000000000002,9.592784881591797,0.8336713314056396,20.282093048095703,0.7681931853294373,0.7952327728271484,22.451723098754883,22.53317642211914,-0.0,-0.0,-0.0,-0.0,off
24.26,9.569231033325195,0.8266146183013916,20.26410675048828,0.7830228209495544,0.7940117120742798,22.425153732299805,22.522016525268555,-0.0,-0.0,-0.0,-0.0,off
24.28,9.511245727539062,0.8514688014984131,20.33837127685547,0.7922795414924622,0.7938385009765625,22.468603134155273,22.51626968383789,-0.0,-0.0,-0.0,-0.0,off
24.3,9.45638370513916,0.8495438098907471,20.31842613220215,0.8058299422264099,0.7950376272201538,22.427289962768555,22.506996154785156,-0.0,-0.0,-0.0,-0.0,off
24.32,9.45200252532959,0.9634315967559814,20.343618392944336,0.8414056301116943,0.799674391746521,22.452869415283203,22.501110076904297,0.0,0.0,-0.0,0.0,off
24.34,9.392623901367188,1.0404469966888428,20.310556411743164,0.8762386441230774,0.807330846786499,22.401397705078125,22.49058723449707,0.0,0.0,-0.0,0.0,off
24.36,9.363499641418457,1.0685932636260986,20.26243019104004,0.8976102471351624,0.816358745098114,22.346881866455078,22.4757137298584,-0.0,-0.0,-0.0,-0.0,off
24.38,9.360673904418945,1.1488683223724365,20.287822723388672,0.9263104796409607,0.8273538947105408,22.372703552246094,22.464860916137695,-0.0,-0.0,-0.0,-0.0,off
24.400000000000002,9.357240676879883,1.1185448169708252,20.267683029174805,0.9446210265159607,0.8390805721282959,22.35146713256836,22.453125,-0.0,-0.0,-0.0,-0.0,off
24.42,9.290458679199219,1.0487549304962158,20.2248592376709,0.9531018137931824,0.850482702255249,22.28132438659668,22.435667037963867,-0.0,-0.0,-0.0,-0.0,off
24.44,9.243606567382812,1.0694077014923096,20.216693878173828,0.9335742592811584,0.8587918281555176,22.255395889282227,22.417354583740234,-0.0,-0.0,-0.0,-0.0,off
24.46,9.215046882629395,1.128572702407837,20.21375274658203,0.9187297224998474,0.8647856116294861,22.243797302246094,22.399673461914062,-0.0,0.0,-0.0,-0.0,off
24.48,9.216596603393555,1.0045959949493408,20.159202575683594,0.9340899586677551,0.8717160224914551,22.188922882080078,22.378463745117188,-0.0,-0.0,-0.0,-0.0,off
24.5,9.216924667358398,0.9391086101531982,20.12579917907715,0.9743536114692688,0.881979763507843,22.15584373474121,22.356128692626953,-0.0,-0.0,-0.0,-0.0,off
24.52,9.147619247436523,0.9035360813140869,20.09718894958496,1.0131969451904297,0.8951014280319214,22.099599838256836,22.330385208129883,-0.0,-0.0,-0.0,-0.0,off
24.54,9.07829761505127,0.8293368816375732,20.083951950073242,1.039656162261963,0.9095569252967834,22.056028366088867,22.30282211303711,-0.0,-0.0,-0.0,-0.0,off
24.560000000000002,9.052096366882324,0.7837049961090088,20.06767463684082,1.062006950378418,0.9248018860816956,22.028759002685547,22.275285720825195,-0.0,-0.0,-0.0,-0.0,off
24.580000000000002,9.032541275024414,0.7099039554595947,20.034212112426758,1.0839190483093262,0.9407135844230652,21.987733840942383,22.246387481689453,0.0,0.0,-0.0,0.0,off
24.6,9.01211929321289,0.7201998233795166,20.028444290161133,1.1004879474639893,0.9566909670829773,21.974430084228516,22.219066619873047,-0.0,-0.0,-0.0,-0.0,off
24.62,9.007805824279785,0.6661989688873291,19.987398147583008,1.1071515083312988,0.9717370271682739,21.93354606628418,22.190391540527344,-0.0,-0.0,-0.0,-0.0,off
24.64,8.960420608520508,0.6781136989593506,19.918174743652344,1.1104044914245605,0.9856037497520447,21.851375579833984,22.156391143798828,-0.0,-0.0,-0.0,-0.0,off
24.66,8.978692054748535,0.658090353012085,19.907529830932617,1.1541507244110107,1.0024584531784058,21.84856414794922,22.12552833557129,-0.0,0.0,-0.0,-0.0,off
24.68,8.985496520996094,0.6226022243499756,19.893726348876953,1.221083641052246,1.0243209600448608,21.837745666503906,22.096670150756836,-0.0,-0.0,-0.0,-0.0,off
24.7,8.971033096313477,0.5574867725372314,19.84513282775879,1.2582263946533203,1.0477114915847778,21.785764694213867,22.06546974182129,0.0,-0.0,-0.0,0.0,off
24.72,8.90911865234375,0.5102899074554443,19.746564865112305,1.2480075359344482,1.0677410364151,21.66932487487793,22.02572250366211,-0.0,-0.0,-0.0,-0.0,off
24.740000000000002,8.898368835449219,0.4737193286418915,19.71111297607422,1.2244513034820557,1.0834120512008667,21.63176727294922,21.986186981201172,-0.0,-0.0,-0.0,-0.0,off
24.76,8.88913345336914,0.5460011959075928,19.697080612182617,1.2224276065826416,1.097313642501831,21.616886138916016,21.949199676513672,-0.0,-0.0,-0.0,-0.0,off
24.78,8.838347434997559,0.567335844039917,19.633451461791992,1.2501578330993652,1.1125980615615845,21.538585662841797,21.90809440612793,-0.0,-0.0,-0.0,-0.0,off
24.8,8.821163177490234,0.5140793323516846,19.573225021362305,1.299673080444336,1.1313055753707886,21.475296020507812,21.864757537841797,-0.0,-0.0,-0.0,-0.0,off
24.82,8.694398880004883,0.49776193499565125,19.554861068725586,1.3449468612670898,1.1526696681976318,21.406375885009766,21.818809509277344,-0.0,0.0,-0.0,-0.0,off
24.84,8.679701805114746,0.5482747554779053,19.521892547607422,1.3818480968475342,1.1755874156951904,21.371524810791016,21.77401351928711,-0.0,0.0,-0.0,-0.0,off
24.86,8.633294105529785,0.690345048904419,19.493324279785156,1.4343101978302002,1.2014597654342651,21.330730438232422,21.729612350463867,-0.0,-0.0,-0.0,-0.0,off
24.88,8.559647560119629,0.8216812610626221,19.44466781616211,1.4757864475250244,1.2288923263549805,21.261180877685547,21.682601928710938,-0.0,-0.0,-0.0,-0.0,off
24.900000000000002,8.475143432617188,0.9055120944976807,19.36770248413086,1.5070726871490479,1.2567102909088135,21.16024398803711,21.630107879638672,-0.0,-0.0,-0.0,-0.0,off
24.92,8.39538288116455,0.9436550140380859,19.31473731994629,1.5254464149475098,1.2835838794708252,21.08155632019043,21.5749454498291,0.0,-0.0,-0.0,0.0,off
24.94,8.408690452575684,0.9745841026306152,19.279781341552734,1.5684788227081299,1.3120733499526978,21.05625343322754,21.522815704345703,0.0,-0.0,-0.0,0.0,off
24.96,8.404092788696289,1.0625190734863281,19.216102600097656,1.6108677387237549,1.3419528007507324,21.000389099121094,21.470258712768555,-0.0,-0.0,-0.0,-0.0,off
24.98,8.343368530273438,1.1592214107513428,19.155054092407227,1.6450366973876953,1.3722611665725708,20.925384521484375,21.415340423583984,-0.0,-0.0,-0.0,-0.0,off
25.0,8.367960929870605,1.1678369045257568,19.06911849975586,1.6701204776763916,1.4020471572875977,20.85708236694336,21.359176635742188,-0.0,-0.0,-0.0,-0.0,off
25.02,8.295289993286133,1.2181172370910645,18.984861373901367,1.6919066905975342,1.4310330152511597,20.753808975219727,21.29825782775879,-0.0,-0.0,-0.0,-0.0,off
25.04,8.25886344909668,1.3146450519561768,18.924837112426758,1.7381179332733154,1.4617414474487305,20.69025230407715,21.236963272094727,-0.0,-0.0,-0.0,-0.0,off
25.060000000000002,8.249741554260254,1.453770399093628,18.835777282714844,1.774031639099121,1.4929704666137695,20.614513397216797,21.174022674560547,-0.0,-0.0,-0.0,-0.0,off
25.080000000000002,8.214567184448242,1.5321180820465088,18.741195678710938,1.794302225112915,1.5231035947799683,20.51972007751465,21.107826232910156,-0.0,-0.0,-0.0,-0.0,off
25.1,8.215124130249023,1.5473566055297852,18.647735595703125,1.7974438667297363,1.5505375862121582,20.435768127441406,21.039953231811523,-0.0,-0.0,-0.0,-0.0,off
25.12,8.211156845092773,1.5610203742980957,18.566341400146484,1.8064706325531006,1.576130747795105,20.360965728759766,20.97146987915039,-0.0,-0.0,-0.0,-0.0,off
25.14,8.208186149597168,1.6498279571533203,18.441940307617188,1.7971489429473877,1.5982325077056885,20.253429412841797,20.89896583557129,-0.0,-0.0,-0.0,-0.0,off
25.16,8.157073974609375,1.8055884838104248,18.332090377807617,1.7801992893218994,1.616429090499878,20.146055221557617,20.822673797607422,-0.0,-0.0,-0.0,-0.0,off
25.18,8.167991638183594,1.854527473449707,18.187381744384766,1.7622902393341064,1.6310151815414429,20.023391723632812,20.741741180419922,-0.0,-0.0,-0.0,-0.0,off
25.2,8.172656059265137,1.952704668045044,18.06455421447754,1.7536957263946533,1.6432832479476929,19.923189163208008,20.658720016479492,0.0,0.0,-0.0,0.0,off
25.22,8.198030471801758,2.1028339862823486,17.962139129638672,1.7824819087982178,1.6572030782699585,19.856184005737305,20.57695770263672,-0.0,0.0,-0.0,-0.0,off
25.240000000000002,8.192739486694336,2.254746198654175,17.79443359375,1.8115479946136475,1.6726375818252563,19.719196319580078,20.489288330078125,-0.0,0.0,-0.0,-0.0,off
25.26,8.205818176269531,2.3573782444000244,17.601648330688477,1.8412396907806396,1.6894978284835815,19.562992095947266,20.394535064697266,-0.0,-0.0,-0.0,-0.0,off
25.28,8.176956176757812,2.4798495769500732,17.474594116210938,1.8785884380340576,1.7084068059921265,19.45182991027832,20.29793930053711,-0.0,-0.0,-0.0,-0.0,off
25.3,8.185734748840332,2.5821127891540527,17.302160263061523,1.9229159355163574,1.7298576831817627,19.314199447631836,20.197038650512695,-0.0,-0.0,-0.0,-0.0,off
25.32,8.198619842529297,2.7308223247528076,17.102195739746094,1.9484989643096924,1.751721739768982,19.16141700744629,20.09048080444336,-0.0,-0.0,-0.0,-0.0,off
25.34,8.233879089355469,2.9007840156555176,16.99123764038086,1.9532723426818848,1.7718768119812012,19.10270881652832,19.988218307495117,-0.0,-0.0,-0.0,-0.0,off
25.36,8.212942123413086,2.99526309967041,16.790956497192383,1.9564976692199707,1.7903388738632202,18.930404663085938,19.878843307495117,-0.0,-0.0,-0.0,-0.0,off
25.38,8.252815246582031,3.107787847518921,16.56685447692871,1.9832820892333984,1.8096332550048828,18.767736434936523,19.763757705688477,-0.0,0.0,-0.0,-0.0,off
25.400000000000002,8.261454582214355,3.170478582382202,16.34295082092285,2.016744613647461,1.830344319343567,18.584821701049805,19.641849517822266,-0.0,-0.0,-0.0,-0.0,off
25.42,8.364543914794922,3.3348548412323,16.114479064941406,2.0107226371765137,1.8483821153640747,18.459774017333984,19.518720626831055,-0.0,-0.0,-0.0,-0.0,off
25.44,8.397659301757812,3.420661211013794,15.889435768127441,1.9754607677459717,1.8610899448394775,18.294692993164062,19.39116668701172,-0.0,-0.0,-0.0,-0.0,off
25.46,8.452605247497559,3.4850094318389893,15.6688814163208,1.9324700832366943,1.8682278394699097,18.14126968383789,19.26085090637207,-0.0,-0.0,-0.0,-0.0,off
25.48,8.576801300048828,3.549936056137085,15.490653038024902,1.9398307800292969,1.8753881454467773,18.058900833129883,19.13498306274414,-0.0,-0.0,-0.0,-0.0,off
25.5,8.684294700622559,3.6099061965942383,15.22838306427002,1.9784398078918457,1.8856933116912842,17.89838218688965,19.005088806152344,0.0,0.0,-0.0,0.0,off
25.52,8.778841018676758,3.702547311782837,14.986393928527832,2.0033347606658936,1.8974573612213135,17.758628845214844,18.873565673828125,-0.0,0.0,-0.0,-0.0,off
25.54,8.889106750488281,3.784374713897705,14.683703422546387,2.0433526039123535,1.9120467901229858,17.576940536499023,18.736099243164062,-0.0,0.0,-0.0,-0.0,off
25.560000000000002,9.0596923828125,3.9998323917388916,14.428125381469727,2.0928075313568115,1.9301228523254395,17.499929428100586,18.6027774810791,-0.0,-0.0,-0.0,-0.0,off
25.580000000000002,9.106818199157715,4.166214466094971,14.133241653442383,2.150629997253418,1.9521734714508057,17.32166290283203,18.463943481445312,0.0,-0.0,-0.0,0.0,off
25.6,9.256707191467285,4.23477840423584,13.831803321838379,2.1890134811401367,1.9758574962615967,17.17378044128418,18.323165893554688,-0.0,-0.0,-0.0,-0.0,off
25.62,9.341585159301758,4.4707536697387695,13.506336212158203,2.2038533687591553,1.998656988143921,17.01980972290039,18.179107666015625,-0.0,-0.0,-0.0,-0.0,off
25.64,9.39138412475586,4.559751510620117,13.163376808166504,2.227654218673706,2.0215566158294678,16.80071258544922,18.026853561401367,-0.0,-0.0,-0.0,-0.0,off
25.66,9.514888763427734,4.6960039138793945,12.833321571350098,2.2546238899230957,2.044863224029541,16.651718139648438,17.87337303161621,-0.0,-0.0,-0.0,-0.0,off
25.68,9.688224792480469,4.719645023345947,12.482137680053711,2.301541328430176,2.070530891418457,16.490619659423828,17.7178897857666,0.0,-0.0,-0.0,0.0,off
25.7,9.789338111877441,4.808647155761719,12.098074913024902,2.3186769485473633,2.0953454971313477,16.28857421875,17.5562744140625,-0.0,-0.0,-0.0,-0.0,off
25.72,9.967763900756836,4.802829742431641,11.757123947143555,2.329836368560791,2.1187944412231445,16.144765853881836,17.39532470703125,-0.0,-0.0,-0.0,-0.0,off
25.740000000000002,10.14570426940918,4.881150722503662,11.434163093566895,2.356174945831299,2.1425323486328125,16.046838760375977,17.23906707763672,-0.0,-0.0,-0.0,-0.0,off
25.76,10.296117782592773,4.9214982986450195,11.056234359741211,2.3924193382263184,2.1675209999084473,15.889351844787598,17.08106803894043,-0.0,-0.0,-0.0,-0.0,off
25.78,10.45876693725586,4.955228328704834,10.684988021850586,2.4193246364593506,2.1927013397216797,15.75147819519043,16.923423767089844,0.0,-0.0,-0.0,0.0,off
25.8,10.593053817749023,5.115670204162598,10.322858810424805,2.4335777759552,2.2167887687683105,15.65069580078125,16.769363403320312,-0.0,-0.0,-0.0,-0.0,off
25.82,10.74635124206543,5.262284278869629,10.000999450683594,2.4404613971710205,2.2391560077667236,15.594732284545898,16.623470306396484,-0.0,-0.0,-0.0,-0.0,off
25.84,10.926685333251953,5.287801742553711,9.630805969238281,2.458407163619995,2.2610812187194824,15.495345115661621,16.480594635009766,-0.0,-0.0,-0.0,-0.0,off
25.86,11.11011028289795,5.332712650299072,9.306172370910645,2.4842333793640137,2.2833964824676514,15.442708015441895,16.345598220825195,-0.0,0.0,-0.0,-0.0,off
25.88,11.32690143585205,5.412461757659912,8.926318168640137,2.488375425338745,2.303894281387329,15.403655052185059,16.217674255371094,-0.0,0.0,-0.0,-0.0,off
25.900000000000002,11.536489486694336,5.499597549438477,8.61423397064209,2.483577251434326,2.3218624591827393,15.412370681762695,16.102123260498047,-0.0,-0.0,-0.0,-0.0,off
25.92,11.714961051940918,5.583059310913086,8.277708053588867,2.5138967037200928,2.3410658836364746,15.392573356628418,15.994972229003906,-0.0,-0.0,-0.0,-0.0,off
25.94,11.879718780517578,5.567839622497559,7.928739070892334,2.543381690979004,2.361297607421875,15.329496383666992,15.8916654586792,-0.0,-0.0,-0.0,-0.0,off
25.96,12.03663444519043,5.539121627807617,7.55879545211792,2.562601327896118,2.3814280033111572,15.254436492919922,15.790372848510742,-0.0,-0.0,-0.0,-0.0,off
25.98,12.25564956665039,5.5625081062316895,7.195957660675049,2.5674941539764404,2.4000344276428223,15.261856079101562,15.698293685913086,-0.0,0.0,-0.0,-0.0,off
26.0,12.489805221557617,5.6394243240356445,6.910762310028076,2.5892746448516846,2.4189581871032715,15.347865104675293,15.623536109924316,-0.0,-0.0,-0.0,-0.0,off
26.02,12.649979591369629,5.606200218200684,6.548024654388428,2.6248867511749268,2.4395508766174316,15.307779312133789,15.551712036132812,-0.0,-0.0,-0.0,-0.0,off
26.04,12.919246673583984,5.635926723480225,6.1831817626953125,2.659883975982666,2.4615840911865234,15.391632080078125,15.493494033813477,-0.0,-0.0,-0.0,-0.0,off
26.060000000000002,13.050299644470215,5.704766273498535,5.857029438018799,2.6660077571868896,2.4820265769958496,15.399982452392578,15.442317962646484,-0.0,-0.0,-0.0,-0.0,off
26.080000000000002,13.3140869140625,5.6855149269104,5.588454723358154,2.6631546020507812,2.5001392364501953,15.518402099609375,15.408519744873047,-0.0,-0.0,-0.0,-0.0,off
26.1,13.455147743225098,5.734770774841309,5.275874614715576,2.650634288787842,2.515188694000244,15.548744201660156,15.381793975830078,-0.0,-0.0,-0.0,-0.0,off
26.12,13.70088005065918,5.700942039489746,4.97977876663208,2.6553969383239746,2.5292093753814697,15.652892112731934,15.368311882019043,-0.0,0.0,-0.0,-0.0,off
26.14,13.901867866516113,5.663127899169922,4.682169437408447,2.6643741130828857,2.5427255630493164,15.724365234375,15.363909721374512,-0.0,0.0,-0.0,-0.0,off
26.16,14.112625122070312,5.702178955078125,4.409196376800537,2.6675682067871094,2.5552096366882324,15.846830368041992,15.37312126159668,-0.0,-0.0,-0.0,-0.0,off
26.18,14.283848762512207,5.687795162200928,4.127481937408447,2.6644935607910156,2.5661380290985107,15.919028282165527,15.389744758605957,-0.0,-0.0,-0.0,-0.0,off
26.2,14.490344047546387,5.725652694702148,3.8263192176818848,2.6771233081817627,2.5772364139556885,16.043498992919922,15.417564392089844,-0.0,-0.0,-0.0,-0.0,off
26.22,14.685181617736816,5.676575660705566,3.5549726486206055,2.696086883544922,2.5891213417053223,16.140504837036133,15.45341682434082,-0.0,-0.0,-0.0,-0.0,off
26.240000000000002,14.861284255981445,5.553393840789795,3.210620403289795,2.7046568393707275,2.600674867630005,16.186601638793945,15.49000358581543,-0.0,-0.0,-0.0,-0.0,off
26.26,15.11599349975586,5.577190399169922,2.997048854827881,2.6895785331726074,2.609565258026123,16.388429641723633,15.544999122619629,-0.0,-0.0,-0.0,-0.0,off
26.28,15.347344398498535,5.578925132751465,2.674752712249756,2.686583995819092,2.61726713180542,16.54749870300293,15.610334396362305,-0.0,-0.0,-0.0,-0.0,off
26.3,15.58247184753418,5.446684837341309,2.5177273750305176,2.6985297203063965,2.6253931522369385,16.697866439819336,15.686906814575195,-0.0,-0.0,-0.0,-0.0,off
26.32,15.695770263671875,5.434198379516602,2.1688313484191895,2.7324647903442383,2.6361002922058105,16.75086784362793,15.761120796203613,-0.0,-0.0,-0.0,-0.0,off
26.34,15.877140998840332,5.39781379699707,1.8648449182510376,2.7059245109558105,2.643082618713379,16.87298583984375,15.840538024902344,-0.0,-0.0,-0.0,-0.0,off
26.36,16.099586486816406,5.38037109375,1.581034779548645,2.699674129486084,2.6487417221069336,17.04830551147461,15.930211067199707,-0.0,-0.0,-0.0,-0.0,off
26.38,16.340560913085938,5.298010349273682,1.271715760231018,2.7173774242401123,2.6556053161621094,17.224985122680664,16.0285701751709,-0.0,-0.0,-0.0,-0.0,off
26.400000000000002,16.50655174255371,5.194474220275879,1.0864115953445435,2.7220191955566406,2.6622467041015625,17.338659286499023,16.130817413330078,-0.0,-0.0,-0.0,-0.0,off
26.42,16.698287963867188,5.136385917663574,0.6435543298721313,2.7002620697021484,2.666048288345337,17.482261657714844,16.235130310058594,-0.0,0.0,-0.0,-0.0,off
26.44,16.915367126464844,5.041198253631592,0.26888617873191833,2.6957881450653076,2.6690220832824707,17.652637481689453,16.345170974731445,-0.0,0.0,-0.0,-0.0,off
26.46,17.125106811523438,4.973304271697998,0.006458848714828491,2.692777395248413,2.6713976860046387,17.8326416015625,16.463558197021484,-0.0,-0.0,-0.0,-0.0,off
26.48,17.224773406982422,4.952902793884277,-0.22322264313697815,2.784980535507202,2.682755947113037,17.924114227294922,16.581539154052734,-0.0,-0.0,-0.0,-0.0,off
26.5,17.381010055541992,4.823298454284668,-0.5130499601364136,2.8164849281311035,2.6961286067962646,18.045137405395508,16.700267791748047,-0.0,-0.0,-0.0,-0.0,off
26.52,17.67042350769043,4.722809314727783,-0.7630051374435425,2.798323392868042,2.706347942352295,18.306583404541016,16.83417320251465,-0.0,-0.0,-0.0,-0.0,off
26.54,18.019176483154297,4.428813457489014,-0.9547733068466187,2.7590103149414062,2.7116141319274902,18.580007553100586,16.982532501220703,-0.0,-0.0,-0.0,-0.0,off
26.560000000000002,18.298126220703125,4.1622161865234375,-1.120764136314392,2.7577409744262695,2.716226577758789,18.798978805541992,17.138896942138672,-0.0,-0.0,-0.0,-0.0,off
26.580000000000002,18.664161682128906,3.901963949203491,-1.17685067653656,2.8158955574035645,2.726193428039551,19.103958129882812,17.312082290649414,-0.0,-0.0,-0.0,-0.0,off
26.6,19.26043701171875,3.374933958053589,-1.2746232748031616,2.841158151626587,2.737689733505249,19.595388412475586,17.515180587768555,-0.0,-0.0,-0.0,-0.0,off
26.62,19.819499969482422,2.9959232807159424,-1.553012728691101,2.876065492630005,2.7515270709991455,20.104724884033203,17.74642562866211,-0.0,-0.0,-0.0,-0.0,off
26.64,20.39197540283203,2.3719849586486816,-1.8263458013534546,2.8893728256225586,2.7653117179870605,20.610544204711914,18.0001220703125,-0.0,-0.0,-0.0,-0.0,off
26.66,20.89002227783203,1.5554451942443848,-2.0858821868896484,2.898885726928711,2.7786691188812256,21.05144500732422,18.265342712402344,-0.0,-0.0,-0.0,-0.0,off
26.68,21.549623489379883,1.1336305141448975,-2.391490936279297,2.8220772743225098,2.7830097675323486,21.711530685424805,18.56869888305664,-0.0,-0.0,-0.0,-0.0,off
26.7,21.950603485107422,0.17799898982048035,-2.397775650024414,2.6666674613952637,2.7713754177093506,22.081892013549805,18.872495651245117,-0.0,-0.0,-0.0,-0.0,off
26.72,22.788047790527344,-0.2669427692890167,-2.044106960296631,2.426185131072998,2.736856460571289,22.881099700927734,19.230674743652344,-0.0,-0.0,-0.0,-0.0,off
26.740000000000002,23.635435104370117,-0.3451371490955353,-1.5877374410629272,2.20387864112854,2.683558702468872,23.69121742248535,19.64366912841797,-0.0,-0.0,-0.0,-0.0,off
26.76,24.361766815185547,-0.015079043805599213,-1.1739429235458374,2.006948232650757,2.6158976554870605,24.390039443969727,20.097307205200195,-0.0,-0.0,-0.0,-0.0,off
26.78,25.24443244934082,-0.17923954129219055,-0.7070387601852417,1.8460144996643066,2.538909435272217,25.254968643188477,20.594627380371094,-0.0,-0.0,-0.0,-0.0,off
26.8,25.710987091064453,0.4919731318950653,0.2467862069606781,1.668752908706665,2.4518938064575195,25.716876983642578,21.09618377685547,-0.0,-0.0,-0.0,-0.0,off
26.82,26.00844955444336,0.8115780353546143,1.3247100114822388,1.5659241676330566,2.3632967472076416,26.054807662963867,21.580078125,-0.0,-0.0,-0.0,-0.0,off
26.84,26.32525634765625,0.7500255107879639,1.8454405069351196,1.4443790912628174,2.27140474319458,26.400516510009766,22.04884910583496,-0.0,-0.0,-0.0,-0.0,off
26.86,26.501270294189453,1.6527538299560547,3.1344213485717773,1.3281302452087402,2.177077293395996,26.737119674682617,22.498619079589844,-0.0,-0.0,-0.0,-0.0,off
26.88,26.574386596679688,1.7735552787780762,4.252434253692627,1.2170417308807373,2.081073760986328,26.970848083496094,22.918285369873047,-0.0,-0.0,-0.0,-0.0,off
26.900000000000002,26.66519546508789,2.149810791015625,5.596644401550293,1.1688997745513916,1.989856243133545,27.330875396728516,23.319673538208008,-0.0,-0.0,-0.0,-0.0,off
26.92,26.757535934448242,2.8264153003692627,6.849695682525635,1.1804530620574951,1.9089158773422241,27.76459503173828,23.71246910095215,-0.0,-0.0,-0.0,-0.0,off
26.94,26.919536590576172,3.015836477279663,8.173234939575195,1.1519463062286377,1.8332189321517944,28.29414176940918,24.10709571838379,-0.0,-0.0,-0.0,-0.0,off
26.96,27.013708114624023,3.577533721923828,9.193371772766113,1.037578821182251,1.7536548376083374,28.758602142333984,24.502511978149414,-0.0,-0.0,-0.0,-0.0,off
26.98,26.90992546081543,4.039196014404297,10.174567222595215,0.8357046246528625,1.6618597507476807,29.05135154724121,24.882047653198242,-0.0,-0.0,-0.0,-0.0,off
27.0,26.814367294311523,4.421672821044922,10.536035537719727,0.6465839147567749,1.560332179069519,29.147375106811523,25.240652084350586,-0.0,-0.0,-0.0,-0.0,off
27.02,26.762693405151367,4.8071699142456055,10.697260856628418,0.47530847787857056,1.4518297910690308,29.21954917907715,25.58023452758789,-0.0,-0.0,-0.0,-0.0,off
27.04,26.804536819458008,4.77045202255249,10.907196998596191,0.3754505515098572,1.3441919088363647,29.32929229736328,25.906402587890625,-0.0,-0.0,-0.0,-0.0,off
27.060000000000002,26.745704650878906,4.150401592254639,10.99237060546875,0.2525516748428345,1.2350279092788696,29.212852478027344,26.199132919311523,-0.0,-0.0,-0.0,-0.0,off
27.080000000000002,26.757465362548828,3.6348612308502197,11.10410213470459,0.18960446119308472,1.1304855346679688,29.197179794311523,26.46822166442871,0.0,-0.0,-0.0,0.0,off
27.1,26.99962615966797,2.8179290294647217,10.898757934570312,0.2668050527572632,1.0441174507141113,29.252408981323242,26.724807739257812,-0.0,-0.0,-0.0,-0.0,off
27.12,27.04491424560547,2.7691614627838135,10.40956974029541,0.3529743552207947,0.9750031232833862,29.11107635498047,26.95050811767578,-0.0,-0.0,-0.0,-0.0,off
27.14,26.88897705078125,2.7585580348968506,10.079732894897461,0.4042685031890869,0.9179296493530273,28.848358154296875,27.131956100463867,-0.0,-0.0,-0.0,-0.0,off
27.16,26.73410415649414,2.8608362674713135,9.866190910339355,0.36719024181365967,0.8628556728363037,28.63980484008789,27.27716064453125,-0.0,-0.0,-0.0,-0.0,off
27.18,26.536863327026367,3.0314247608184814,9.769493103027344,0.32842305302619934,0.8094123601913452,28.44007110595703,27.389263153076172,-0.0,-0.0,-0.0,-0.0,off
27.2,26.452617645263672,3.1411750316619873,10.02425479888916,0.30818313360214233,0.7592893838882446,28.462142944335938,27.491863250732422,-0.0,-0.0,-0.0,-0.0,off
27.22,26.493024826049805,3.2905375957489014,10.25784683227539,0.2955703139305115,0.7129174470901489,28.59950065612793,27.597763061523438,-0.0,-0.0,-0.0,-0.0,off
27.240000000000002,26.527101516723633,3.2568295001983643,10.561615943908691,0.25518327951431274,0.6671440601348877,28.737462997436523,27.706361770629883,-0.0,-0.0,-0.0,-0.0,off
27.26,26.6142520904541,3.271765947341919,10.907504081726074,0.20398983359336853,0.6208286285400391,28.948169708251953,27.824569702148438,-0.0,-0.0,-0.0,-0.0,off
27.28,26.708303451538086,3.458439588546753,11.211417198181152,0.15790385007858276,0.574536144733429,29.171735763549805,27.952970504760742,-0.0,-0.0,-0.0,-0.0,off
27.3,26.72588348388672,3.544748067855835,11.481730461120605,0.10123199224472046,0.5272057056427002,29.303041458129883,28.081405639648438,0.0,-0.0,-0.0,0.0,off
27.32,26.71233558654785,3.614325761795044,11.7319974899292,0.05209793150424957,0.4796949326992035,29.398162841796875,28.206336975097656,0.0,-0.0,-0.0,0.0,off
27.34,26.68653678894043,3.67795729637146,12.07779312133789,0.0008435100317001343,0.43180978298187256,29.52239418029785,28.330440521240234,0.0,-0.0,-0.0,0.0,off
27.36,26.62893295288086,3.8031251430511475,12.415555953979492,-0.038230545818805695,0.38480573892593384,29.626169204711914,28.451709747314453,-0.0,-0.0,-0.0,-0.0,off
27.38,26.577274322509766,3.8839991092681885,12.689581871032715,-0.053035326302051544,0.3410216271877289,29.706268310546875,28.5685977935791,-0.0,-0.0,-0.0,-0.0,off
27.400000000000002,26.53351402282715,3.924060106277466,13.006206512451172,-0.07995174080133438,0.2989242672920227,29.809175491333008,28.68364715576172,0.0,0.0,-0.0,0.0,off
27.42,26.55307388305664,3.897792100906372,13.28934383392334,-0.12444745749235153,0.25658708810806274,29.947708129882812,28.801137924194336,-0.0,-0.0,-0.0,-0.0,off
27.44,26.476428985595703,3.812235116958618,13.582742691040039,-0.16905254125595093,0.21402312815189362,30.00042152404785,28.911895751953125,-0.0,-0.0,-0.0,-0.0,off
27.46,26.471210479736328,3.8464763164520264,13.820046424865723,-0.21056661009788513,0.17156414687633514,30.10837173461914,29.022659301757812,-0.0,-0.0,-0.0,-0.0,off
27.48,26.431720733642578,3.834340810775757,14.079753875732422,-0.23957085609436035,0.13045063614845276,30.19234275817871,29.13077163696289,-0.0,-0.0,-0.0,-0.0,off
27.5,26.43059730529785,3.7739803791046143,14.289533615112305,-0.28384295105934143,0.08902127295732498,30.282176971435547,29.237531661987305,-0.0,-0.0,-0.0,-0.0,off
27.52,26.538925170898438,3.711345911026001,14.504687309265137,-0.3403821587562561,0.046080924570560455,30.47088050842285,29.353193283081055,-0.0,0.0,-0.0,-0.0,off
27.54,26.610239028930664,3.6401326656341553,14.782581329345703,-0.40257593989372253,0.001215234398841858,30.65746307373047,29.476070404052734,-0.0,0.0,-0.0,-0.0,off
27.560000000000002,26.63446044921875,3.572366952896118,14.956995010375977,-0.456179141998291,-0.04452420398592949,30.754966735839844,29.596975326538086,-0.0,-0.0,-0.0,-0.0,off
27.580000000000002,26.600692749023438,3.504728078842163,15.109841346740723,-0.5001043677330017,-0.09008222073316574,30.79265022277832,29.709989547729492,-0.0,-0.0,-0.0,-0.0,off
27.6,26.641611099243164,3.3760249614715576,15.16154956817627,-0.540359616279602,-0.13510996103286743,30.839027404785156,29.817363739013672,-0.0,0.0,-0.0,-0.0,off
27.62,26.623825073242188,3.248731851577759,15.17931079864502,-0.5817347764968872,-0.17977243661880493,30.8187255859375,29.912790298461914,-0.0,-0.0,-0.0,-0.0,off
27.64,26.594470977783203,3.0819828510284424,15.25774097442627,-0.6122494339942932,-0.22302013635635376,30.814983367919922,29.998592376708984,-0.0,-0.0,-0.0,-0.0,off
27.66,26.600929260253906,3.0009186267852783,15.336722373962402,-0.6470162868499756,-0.26541975140571594,30.851741790771484,30.079925537109375,-0.0,0.0,-0.0,-0.0,off
27.68,26.593536376953125,2.951655149459839,15.371576309204102,-0.6796820163726807,-0.3068459630012512,30.857961654663086,30.154296875,-0.0,-0.0,-0.0,-0.0,off
27.7,26.590770721435547,2.8433663845062256,15.417634010314941,-0.7310330867767334,-0.3492646813392639,30.86838722229004,30.22259521484375,-0.0,-0.0,-0.0,-0.0,off
27.72,26.5933837890625,2.7634499073028564,15.457103729248047,-0.7771630883216858,-0.3920545279979706,30.883115768432617,30.28587532043457,-0.0,-0.0,-0.0,-0.0,off
27.740000000000002,26.5761775970459,2.6656339168548584,15.483907699584961,-0.8072002530097961,-0.4335691034793854,30.873130798339844,30.342084884643555,-0.0,-0.0,-0.0,-0.0,off
27.76,26.616823196411133,2.603126287460327,15.446822166442871,-0.8341146111488342,-0.4736236333847046,30.884231567382812,30.394298553466797,-0.0,-0.0,-0.0,-0.0,off
27.78,26.634706497192383,2.5115439891815186,15.435087203979492,-0.8707441687583923,-0.513335645198822,30.886199951171875,30.441741943359375,0.0,-0.0,-0.0,0.0,off
27.8,26.688600540161133,2.430187463760376,15.411681175231934,-0.9038254022598267,-0.552384614944458,30.914512634277344,30.487545013427734,-0.0,-0.0,-0.0,-0.0,off
27.82,26.75527000427246,2.3881399631500244,15.387205123901367,-0.9355655908584595,-0.5907027125358582,30.95664405822754,30.53327178955078,-0.0,-0.0,-0.0,-0.0,off
27.84,26.830223083496094,2.3188703060150146,15.390863418579102,-0.968054473400116,-0.628437876701355,31.018007278442383,30.5806941986084,-0.0,-0.0,-0.0,-0.0,off
27.86,26.868465423583984,2.2603914737701416,15.391680717468262,-1.006011724472046,-0.666195273399353,31.047183990478516,30.626399993896484,-0.0,0.0,-0.0,-0.0,off
27.88,26.90420913696289,2.217557668685913,15.369991302490234,-1.04294753074646,-0.7038705348968506,31.064298629760742,30.669384002685547,-0.0,-0.0,-0.0,-0.0,off
27.900000000000002,26.944799423217773,2.1178133487701416,15.31929874420166,-1.0793311595916748,-0.7414165735244751,31.06747817993164,30.708406448364258,-0.0,0.0,-0.0,-0.0,off
27.92,27.03065299987793,2.0199878215789795,15.25484848022461,-1.1120860576629639,-0.778483510017395,31.103809356689453,30.74716567993164,-0.0,-0.0,-0.0,-0.0,off
27.94,27.08010482788086,1.9134571552276611,15.244794845581055,-1.1492352485656738,-0.815558671951294,31.135143280029297,30.78511619567871,-0.0,-0.0,-0.0,-0.0,off
27.96,27.105131149291992,1.7919304370880127,15.218266487121582,-1.1900663375854492,-0.8530094027519226,31.13671112060547,30.819332122802734,-0.0,-0.0,-0.0,-0.0,off
27.98,27.139915466308594,1.7127864360809326,15.174717903137207,-1.2140541076660156,-0.8891138434410095,31.14130210876465,30.85059356689453,-0.0,-0.0,-0.0,-0.0,off
28.0,27.202417373657227,1.6267249584197998,15.108803749084473,-1.225388526916504,-0.9227412939071655,31.15916633605957,30.880483627319336,-0.0,-0.0,-0.0,-0.0,off
28.02,27.257831573486328,1.5335729122161865,15.040852546691895,-1.2270212173461914,-0.9531692862510681,31.169992446899414,30.908405303955078,-0.0,-0.0,-0.0,-0.0,off
28.04,27.313671112060547,1.4376752376556396,14.963528633117676,-1.2294516563415527,-0.980797529220581,31.177085876464844,30.93416404724121,-0.0,-0.0,-0.0,-0.0,off
28.060000000000002,27.333383560180664,1.3645179271697998,14.86742877960205,-1.2426815032958984,-1.0069859027862549,31.145082473754883,30.954120635986328,-0.0,-0.0,-0.0,-0.0,off
28.080000000000002,27.395675659179688,1.326948881149292,14.793719291687012,-1.2529394626617432,-1.0315812826156616,31.163087844848633,30.973918914794922,-0.0,-0.0,-0.0,-0.0,off
28.1,27.42926025390625,1.2744810581207275,14.731526374816895,-1.2602407932281494,-1.0544471740722656,31.16097640991211,30.991548538208008,-0.0,-0.0,-0.0,-0.0,off
28.12,27.48558807373047,1.165621042251587,14.666460037231445,-1.258948802947998,-1.074897289276123,31.1756534576416,31.008752822875977,-0.0,-0.0,-0.0,-0.0,off
28.14,27.51918601989746,1.1323826313018799,14.603824615478516,-1.2804594039916992,-1.0954535007476807,31.174663543701172,31.024206161499023,-0.0,-0.0,-0.0,-0.0,off
28.16,27.547481536865234,1.049119234085083,14.529166221618652,-1.2963931560516357,-1.1155474185943604,31.161853790283203,31.036771774291992,-0.0,-0.0,-0.0,-0.0,off
28.18,27.584880828857422,1.0862295627593994,14.43203067779541,-1.3048865795135498,-1.1344813108444214,31.15106773376465,31.047147750854492,-0.0,0.0,-0.0,-0.0,off
28.2,27.63762092590332,1.0640923976898193,14.33280086517334,-1.3061561584472656,-1.151648759841919,31.151235580444336,31.056480407714844,-0.0,-0.0,-0.0,-0.0,off
28.22,27.670562744140625,0.9978311061859131,14.24875259399414,-1.302842617034912,-1.166768193244934,31.139728546142578,31.063669204711914,-0.0,-0.0,-0.0,-0.0,off
28.240000000000002,27.705028533935547,0.8980634212493896,14.156330108642578,-1.3058853149414062,-1.1806799173355103,31.125179290771484,31.068552017211914,-0.0,-0.0,-0.0,-0.0,off
28.26,27.743680953979492,0.8414876461029053,14.052833557128906,-1.314852237701416,-1.1940971612930298,31.111125946044922,31.07147216796875,-0.0,-0.0,-0.0,-0.0,off
28.28,27.76522445678711,0.7662417888641357,13.919869422912598,-1.3263952732086182,-1.207326889038086,31.06859588623047,31.0697078704834,-0.0,-0.0,-0.0,-0.0,off
28.3,27.81023597717285,0.7286689281463623,13.720582008361816,-1.3341162204742432,-1.2200058698654175,31.019262313842773,31.062944412231445,-0.0,-0.0,-0.0,-0.0,off
28.32,27.839763641357422,0.6823456287384033,13.547734260559082,-1.3525171279907227,-1.2332570552825928,30.968679428100586,31.051618576049805,-0.0,-0.0,-0.0,-0.0,off
28.34,27.85725212097168,0.7052690982818604,13.424973487854004,-1.3661596775054932,-1.2465473413467407,30.93143653869629,31.03777503967285,-0.0,-0.0,-0.0,-0.0,off
28.36,27.885604858398438,0.6918962001800537,13.253288269042969,-1.3684988021850586,-1.2587424516677856,30.882604598999023,31.02029037475586,-0.0,0.0,-0.0,-0.0,off
28.38,27.90981674194336,0.7218773365020752,13.042451858520508,-1.3588314056396484,-1.2687512636184692,30.81532859802246,30.997617721557617,-0.0,-0.0,-0.0,-0.0,off
28.400000000000002,27.91814422607422,0.7510988712310791,12.828715324401855,-1.3512656688690186,-1.2770026922225952,30.733741760253906,30.968847274780273,-0.0,-0.0,-0.0,-0.0,off
28.42,27.938777923583984,0.8093969821929932,12.600954055786133,-1.3557722568511963,-1.2848795652389526,30.65965461730957,30.935274124145508,-0.0,-0.0,-0.0,-0.0,off
28.44,27.96019172668457,0.9086644649505615,12.332698822021484,-1.3522253036499023,-1.2916141748428345,30.572757720947266,30.895936965942383,-0.0,-0.0,-0.0,-0.0,off
28.46,27.98600959777832,0.947582483291626,12.067977905273438,-1.3465867042541504,-1.2971113920211792,30.49181365966797,30.851970672607422,-0.0,-0.0,-0.0,-0.0,off
28.48,27.989994049072266,0.999535322189331,11.771271705627441,-1.3396947383880615,-1.3013696670532227,30.38094139099121,30.80075454711914,-0.0,-0.0,-0.0,-0.0,off
28.5,27.989276885986328,0.9836118221282959,11.502914428710938,-1.3396642208099365,-1.305199146270752,30.276792526245117,30.743833541870117,-0.0,-0.0,-0.0,-0.0,off
28.52,28.018264770507812,1.081775426864624,11.189342498779297,-1.3421506881713867,-1.3088942766189575,30.189315795898438,30.68316078186035,-0.0,-0.0,-0.0,-0.0,off
28.54,28.03167724609375,1.1015517711639404,10.84941577911377,-1.333174705505371,-1.3113223314285278,30.07819938659668,30.616657257080078,-0.0,-0.0,-0.0,-0.0,off
28.560000000000002,28.03390121459961,1.1754443645477295,10.40079116821289,-1.322237491607666,-1.3124138116836548,29.9242000579834,30.539987564086914,0.0,-0.0,-0.0,0.0,off
28.580000000000002,28.0622501373291,1.2178704738616943,10.021384239196777,-1.3090767860412598,-1.3120800256729126,29.822830200195312,30.459823608398438,-0.0,-0.0,-0.0,-0.0,off
28.6,28.07979965209961,1.2140953540802002,9.550259590148926,-1.3086612224578857,-1.311738133430481,29.684282302856445,30.37222671508789,-0.0,-0.0,-0.0,-0.0,off
28.62,28.11443519592285,1.2697699069976807,9.00142765045166,-1.3170146942138672,-1.3122657537460327,29.547578811645508,30.277421951293945,-0.0,-0.0,-0.0,-0.0,off
28.64,28.1279239654541,1.2785429954528809,8.504250526428223,-1.3081104755401611,-1.3118501901626587,29.413211822509766,30.176904678344727,-0.0,-0.0,-0.0,-0.0,off
28.66,28.142738342285156,1.2844431400299072,7.903141498565674,-1.306534767150879,-1.3113186359405518,29.25958251953125,30.0683650970459,-0.0,-0.0,-0.0,-0.0,off
28.68,28.172006607055664,1.2862067222595215,7.228341579437256,-1.3078272342681885,-1.3109694719314575,29.112972259521484,29.95248794555664,-0.0,-0.0,-0.0,-0.0,off
28.7,28.210041046142578,1.2569248676300049,6.526732444763184,-1.2966794967651367,-1.3095405101776123,28.982486724853516,29.83127212524414,-0.0,-0.0,-0.0,-0.0,off
28.72,28.214923858642578,1.1739141941070557,5.816078186035156,-1.2868781089782715,-1.307274341583252,28.83204460144043,29.703289031982422,-0.0,-0.0,-0.0,-0.0,off
28.740000000000002,28.209091186523438,1.1074802875518799,4.885298252105713,-1.2413086891174316,-1.30067777633667,28.650400161743164,29.563053131103516,-0.0,-0.0,-0.0,-0.0,off
28.76,28.17638397216797,0.9104094505310059,3.8749022483825684,-1.1811163425445557,-1.2887215614318848,28.456148147583008,29.409143447875977,-0.0,-0.0,-0.0,-0.0,off
28.78,28.114120483398438,0.5530886650085449,2.7965798377990723,-1.1211345195770264,-1.2719628810882568,28.258281707763672,29.240976333618164,-0.0,-0.0,-0.0,-0.0,off
28.8,28.093324661254883,0.27834317088127136,1.6770817041397095,-1.0929820537567139,-1.2540647983551025,28.14471435546875,29.067245483398438,-0.0,-0.0,-0.0,-0.0,off
28.82,28.080406188964844,0.021314837038517,0.5039964914321899,-1.0519518852233887,-1.2338534593582153,28.084936141967773,28.89266586303711,-0.0,-0.0,-0.0,-0.0,off
28.84,28.055002212524414,-0.1770031750202179,-0.6264737844467163,-1.0125566720962524,-1.2117236852645874,28.06255531311035,28.722408294677734,-0.0,0.0,-0.0,-0.0,off
28.86,28.03122329711914,-0.4370174705982208,-1.7566832304000854,-0.9761407375335693,-1.188165307044983,28.08961296081543,28.561119079589844,-0.0,-0.0,-0.0,-0.0,off
28.88,27.966434478759766,-0.6591193675994873,-3.0788183212280273,-0.9604623913764954,-1.165394902229309,28.143117904663086,28.406219482421875,-0.0,-0.0,-0.0,-0.0,off
28.900000000000002,27.85141944885254,-0.9394686222076416,-4.319249629974365,-0.8894762992858887,-1.137803077697754,28.200000762939453,28.260025024414062,-0.0,-0.0,-0.0,-0.0,off
28.92,27.681453704833984,-1.212019920349121,-5.4166131019592285,-0.7913358807563782,-1.103156328201294,28.23245620727539,28.124040603637695,-0.0,-0.0,-0.0,-0.0,off
28.94,27.49079132080078,-1.6305177211761475,-6.352295875549316,-0.7263213396072388,-1.0654728412628174,28.26223373413086,28.001379013061523,-0.0,-0.0,-0.0,-0.0,off
28.96,27.293365478515625,-2.0301554203033447,-7.254665851593018,-0.6914811134338379,-1.0280736684799194,28.313945770263672,27.894140243530273,-0.0,-0.0,-0.0,-0.0,off
28.98,26.98671531677246,-2.231180429458618,-8.285309791564941,-0.6155017018318176,-0.98681640625,28.317968368530273,27.793344497680664,-0.0,-0.0,-0.0,-0.0,off
29.0,26.628700256347656,-2.395223617553711,-9.187012672424316,-0.4944305121898651,-0.9375777840614319,28.270586013793945,27.697265625,-0.0,-0.0,-0.0,-0.0,off
29.02,26.262035369873047,-2.6191251277923584,-9.928709983825684,-0.35288769006729126,-0.879108726978302,28.1981143951416,27.60698699951172,-0.0,-0.0,-0.0,-0.0,off
29.04,25.97809600830078,-2.6633925437927246,-10.57132339477539,-0.24726687371730804,-0.8159245252609253,28.17282485961914,27.530569076538086,-0.0,-0.0,-0.0,-0.0,off
29.060000000000002,25.696455001831055,-2.6626343727111816,-10.925036430358887,-0.12639480829238892,-0.7469714879989624,28.04913330078125,27.46373176574707,-0.0,-0.0,-0.0,-0.0,off
29.080000000000002,25.288219451904297,-2.726663827896118,-11.252849578857422,-0.033045485615730286,-0.6755788922309875,27.812862396240234,27.391342163085938,-0.0,-0.0,-0.0,-0.0,off
29.1,25.031570434570312,-2.8345730304718018,-11.466866493225098,0.02754315733909607,-0.6052666306495667,27.678571701049805,27.325843811035156,-0.0,-0.0,-0.0,-0.0,off
29.12,24.734886169433594,-3.1265676021575928,-11.298078536987305,0.06850510835647583,-0.5378894805908203,27.3721866607666,27.25399398803711,-0.0,-0.0,-0.0,-0.0,off
29.14,24.273813247680664,-3.209956407546997,-11.11398696899414,0.08812858164310455,-0.47528767585754395,26.889450073242188,27.15530014038086,-0.0,-0.0,-0.0,-0.0,off
29.16,23.983081817626953,-3.310619831085205,-10.843120574951172,0.08349421620368958,-0.41940948367118835,26.527753829956055,27.044015884399414,-0.0,-0.0,-0.0,-0.0,off
29.18,23.712528228759766,-3.252772092819214,-10.530041694641113,0.1221064031124115,-0.3652578890323639,26.148542404174805,26.91816520690918,-0.0,-0.0,-0.0,-0.0,off
29.2,23.29480743408203,-3.525829553604126,-10.132373809814453,0.1491529643535614,-0.3138168156147003,25.64653205871582,26.76285171508789,-0.0,-0.0,-0.0,-0.0,off
29.22,22.989765167236328,-3.614030599594116,-9.87119197845459,0.11763384938240051,-0.2706717252731323,25.279062271118164,26.59238624572754,-0.0,-0.0,-0.0,-0.0,off
29.240000000000002,22.81753158569336,-3.381960868835449,-9.744802474975586,0.04403865337371826,-0.2392006814479828,25.040739059448242,26.420677185058594,-0.0,-0.0,-0.0,-0.0,off
29.26,22.54445457458496,-3.4476847648620605,-9.484749794006348,0.02341802418231964,-0.2129388004541397,24.700191497802734,26.235965728759766,0.0,-0.0,-0.0,0.0,off
29.28,22.19904327392578,-3.2880771160125732,-9.280571937561035,-0.016442134976387024,-0.1932891309261322,24.284521102905273,26.03137969970703,-0.0,-0.0,-0.0,-0.0,off
29.3,21.953468322753906,-3.2716777324676514,-8.97185230255127,-0.06183813512325287,-0.1801440268754959,23.940608978271484,25.815799713134766,-0.0,-0.0,-0.0,-0.0,off
29.32,21.442867279052734,-3.288125514984131,-8.603337287902832,-0.11092843115329742,-0.17322246730327606,23.337217330932617,25.563194274902344,-0.0,-0.0,-0.0,-0.0,off
29.34,21.127601623535156,-3.240009069442749,-8.256338119506836,-0.0967971533536911,-0.1655799299478531,22.913759231567383,25.295225143432617,-0.0,-0.0,-0.0,-0.0,off
29.36,20.848491668701172,-3.1891651153564453,-7.674530506134033,-0.0182131826877594,-0.15084326267242432,22.44390296936035,25.00872230529785,-0.0,-0.0,-0.0,-0.0,off
29.38,20.51748275756836,-3.2590177059173584,-6.998340606689453,0.05443190038204193,-0.13031575083732605,21.921794891357422,24.698720932006836,-0.0,-0.0,-0.0,-0.0,off
29.400000000000002,20.348976135253906,-3.5003490447998047,-6.277154445648193,0.1163504421710968,-0.10564912855625153,21.580917358398438,24.383602142333984,-0.0,-0.0,-0.0,-0.0,off
29.42,20.11824607849121,-3.6635377407073975,-5.590521335601807,0.15393948554992676,-0.07969026267528534,21.19951057434082,24.058984756469727,-0.0,-0.0,-0.0,-0.0,off
29.44,19.887981414794922,-3.644639492034912,-4.6566619873046875,0.2301216721534729,-0.04870906472206116,20.74848747253418,23.716825485229492,0.0,0.0,-0.0,0.0,off
29.46,19.56993293762207,-3.6967105865478516,-3.7484946250915527,0.33040720224380493,-0.010797437280416489,20.265714645385742,23.35405731201172,-0.0,-0.0,-0.0,-0.0,off
29.48,19.316822052001953,-3.8181164264678955,-2.9283318519592285,0.37323564291000366,0.027605870738625526,19.907102584838867,22.984569549560547,-0.0,-0.0,-0.0,-0.0,off
29.5,19.039852142333984,-3.75637149810791,-1.9945639371871948,0.41214871406555176,0.0660601556301117,19.509090423583984,22.603412628173828,-0.0,-0.0,-0.0,-0.0,off
29.52,18.774375915527344,-3.846120834350586,-1.0898021459579468,0.448375403881073,0.10429167747497559,19.195247650146484,22.21881675720215,-0.0,-0.0,-0.0,-0.0,off
29.54,18.52163314819336,-3.705930233001709,-0.2135862410068512,0.5152305960655212,0.14538556337356567,18.889955520629883,21.83290672302246,-0.0,0.0,-0.0,-0.0,off
29.560000000000002,18.130401611328125,-3.584679126739502,0.7481247186660767,0.5761352777481079,0.18846052885055542,18.49651527404785,21.434282302856445,-0.0,0.0,-0.0,-0.0,off
29.580000000000002,17.892539978027344,-3.4200832843780518,1.5228973627090454,0.6079196929931641,0.23040643334388733,18.280019760131836,21.045970916748047,-0.0,-0.0,-0.0,-0.0,off
29.6,17.58902931213379,-3.3056468963623047,2.4218578338623047,0.616870105266571,0.26905280351638794,18.06008529663086,20.662660598754883,-0.0,-0.0,-0.0,-0.0,off
29.62,17.22896385192871,-3.1028130054473877,3.3770556449890137,0.7061814665794373,0.3127656579017639,17.82888412475586,20.280620574951172,-0.0,-0.0,-0.0,-0.0,off
29.64,16.833675384521484,-2.966238021850586,4.448520183563232,0.7340629696846008,0.35489538311958313,17.662403106689453,19.901519775390625,0.0,-0.0,-0.0,0.0,off
29.66,16.485965728759766,-2.8295669555664062,5.38644552230835,0.7216827273368835,0.39157408475875854,17.572914123535156,19.53744125366211,-0.0,-0.0,-0.0,-0.0,off
29.68,16.32151222229004,-2.7525510787963867,6.251136302947998,0.6969795823097229,0.42211461067199707,17.693077087402344,19.212093353271484,-0.0,-0.0,-0.0,-0.0,off
29.7,16.499622344970703,-2.6297407150268555,6.970434665679932,0.6929553747177124,0.4491986632347107,18.103591918945312,18.95986557006836,-0.0,-0.0,-0.0,-0.0,off
29.72,16.504087448120117,-2.409533977508545,7.63523006439209,0.6986191272735596,0.4741407036781311,18.343595504760742,18.758180618286133,-0.0,-0.0,-0.0,-0.0,off
29.740000000000002,16.59238052368164,-2.234102725982666,8.301843643188477,0.7145247459411621,0.4981790781021118,18.687400817871094,18.613988876342773,-0.0,-0.0,-0.0,-0.0,off
29.76,16.49265480041504,-2.009002923965454,9.009393692016602,0.7258652448654175,0.5209476947784424,18.90007781982422,18.50567054748535,-0.0,-0.0,-0.0,-0.0,off
29.78,16.45127296447754,-1.7782807350158691,9.674795150756836,0.7498688101768494,0.5438398122787476,19.167898178100586,18.437854766845703,-0.0,0.0,-0.0,-0.0,off
29.8,16.277891159057617,-1.6501259803771973,10.417703628540039,0.7621685862541199,0.5656726956367493,19.396421432495117,18.39954376220703,-0.0,-0.0,-0.0,-0.0,off
29.82,16.03308868408203,-1.4382038116455078,11.162725448608398,0.7678795456886292,0.5858933329582214,19.589149475097656,18.383352279663086,-0.0,-0.0,-0.0,-0.0,off
29.84,15.831182479858398,-1.1613669395446777,11.862085342407227,0.7594752311706543,0.6032515168190002,19.816261291503906,18.392724990844727,-0.0,-0.0,-0.0,-0.0,off
29.86,15.650643348693848,-0.9045228958129883,12.640918731689453,0.7584158778190613,0.6187679767608643,20.138362884521484,18.43317413330078,-0.0,-0.0,-0.0,-0.0,off
29.88,15.503820419311523,-0.5924286842346191,13.436429977416992,0.7550497651100159,0.6323961019515991,20.524547576904297,18.508529663085938,-0.0,-0.0,-0.0,-0.0,off
29.900000000000002,15.400967597961426,-0.36698320508003235,14.213481903076172,0.7618904709815979,0.6453455090522766,20.96061897277832,18.62327003479004,-0.0,0.0,-0.0,-0.0,off
29.92,15.268119812011719,-0.1259012520313263,14.970726013183594,0.7560750842094421,0.6564184427261353,21.38349723815918,18.772689819335938,-0.0,0.0,-0.0,-0.0,off
29.94,15.09515380859375,0.1834380328655243,15.53126049041748,0.7381230592727661,0.6645888686180115,21.659116744995117,18.942508697509766,-0.0,-0.0,-0.0,-0.0,off
29.96,14.949578285217285,0.49729272723197937,16.115629196166992,0.7122490406036377,0.6693549156188965,21.987512588500977,19.135183334350586,-0.0,-0.0,-0.0,-0.0,off
29.98,14.795507431030273,0.8428337574005127,16.62245750427246,0.7079595327377319,0.673215389251709,22.26934051513672,19.344432830810547,-0.0,-0.0,-0.0,-0.0,off
30.0,14.699594497680664,1.1298725605010986,16.98939323425293,0.7015108466148376,0.6760449409484863,22.494314193725586,19.56631088256836,-0.0,-0.0,-0.0,-0.0,off
30.02,14.586121559143066,1.469618558883667,17.26242446899414,0.682133138179779,0.6766537427902222,22.647428512573242,19.791522979736328,-0.0,-0.0,-0.0,-0.0,off
30.04,14.47490406036377,1.8055922985076904,17.385177612304688,0.6730408072471619,0.6762924194335938,22.694215774536133,20.009735107421875,-0.0,-0.0,-0.0,-0.0,off
30.060000000000002,14.393960952758789,2.1980350017547607,17.508848190307617,0.67094486951828,0.675757646560669,22.77229118347168,20.222469329833984,-0.0,-0.0,-0.0,-0.0,off
30.080000000000002,14.264640808105469,2.5559558868408203,17.68051528930664,0.6628385186195374,0.6744657754898071,22.860742568969727,20.428701400756836,-0.0,-0.0,-0.0,-0.0,off
30.1,14.113367080688477,2.9424777030944824,17.86979103088379,0.6411640048027039,0.6711356043815613,22.96028709411621,20.628320693969727,-0.0,-0.0,-0.0,-0.0,off
30.12,13.988994598388672,3.3177168369293213,18.066707611083984,0.6083986759185791,0.6648619174957275,23.089069366455078,20.82457160949707,-0.0,-0.0,-0.0,-0.0,off
30.14,13.762357711791992,3.663276195526123,18.226781845092773,0.5749690532684326,0.655872642993927,23.13088035583496,21.007898330688477,-0.0,-0.0,-0.0,-0.0,off
30.16,13.58802318572998,3.9734795093536377,18.329631805419922,0.553345263004303,0.6456198692321777,23.160274505615234,21.179424285888672,-0.0,0.0,-0.0,-0.0,off
30.18,13.441225051879883,4.314919471740723,18.483800888061523,0.540305495262146,0.6350883841514587,23.25802993774414,21.34611701965332,-0.0,-0.0,-0.0,-0.0,off
30.2,13.168386459350586,4.553661346435547,18.640640258789062,0.5281118154525757,0.624390721321106,23.27263832092285,21.49942970275879,0.0,-0.0,-0.0,0.0,off
30.22,12.972599029541016,4.669214248657227,18.728580474853516,0.5100844502449036,0.6129601001739502,23.256174087524414,21.639921188354492,0.0,-0.0,-0.0,0.0,off
30.240000000000002,12.841028213500977,4.843406677246094,18.791959762573242,0.4857063889503479,0.6002346873283386,23.269901275634766,21.771467208862305,-0.0,0.0,-0.0,-0.0,off
30.26,12.671205520629883,5.076753616333008,18.871862411499023,0.45916181802749634,0.5861274003982544,23.291200637817383,21.894075393676758,-0.0,0.0,-0.0,-0.0,off
30.28,12.498333930969238,5.323505401611328,18.89693832397461,0.42694032192230225,0.5702086687088013,23.273210525512695,22.004518508911133,-0.0,-0.0,-0.0,-0.0,off
30.3,12.420894622802734,5.541922569274902,18.93832015991211,0.38939422369003296,0.5521271824836731,23.316335678100586,22.11087989807129,-0.0,-0.0,-0.0,-0.0,off
30.32,12.197636604309082,5.681002140045166,18.964000701904297,0.3560749292373657,0.5325219631195068,23.252729415893555,22.20193862915039,-0.0,-0.0,-0.0,-0.0,off
30.34,12.0458402633667,5.897823333740234,18.9642333984375,0.3214681148529053,0.5114165544509888,23.227758407592773,22.282869338989258,-0.0,-0.0,-0.0,-0.0,off
30.36,11.999799728393555,6.204249382019043,19.0173397064209,0.29338324069976807,0.48961320519447327,23.326961517333984,22.366769790649414,-0.0,-0.0,-0.0,-0.0,off
30.38,11.751982688903809,6.44317626953125,18.969947814941406,0.2707632780075073,0.4677281975746155,23.226762771606445,22.43247413635254,-0.0,-0.0,-0.0,-0.0,off
30.400000000000002,11.411303520202637,6.425826072692871,18.943618774414062,0.2566891014575958,0.4466242790222168,23.02975845336914,22.473407745361328,-0.0,-0.0,-0.0,-0.0,off
30.42,11.254907608032227,6.490902900695801,18.93760871887207,0.24468964338302612,0.4264307916164398,22.966014862060547,22.505826950073242,-0.0,-0.0,-0.0,-0.0,off
30.44,11.445807456970215,6.723119735717773,18.919702529907227,0.2211551070213318,0.4059031903743744,23.1119441986084,22.552539825439453,-0.0,-0.0,-0.0,-0.0,off
30.46,11.176936149597168,6.857795238494873,18.87689781188965,0.20524680614471436,0.3858375549316406,22.98457145690918,22.581905364990234,-0.0,-0.0,-0.0,-0.0,off
30.48,11.247810363769531,7.020203113555908,18.8372802734375,0.17115488648414612,0.36436927318573,23.03561782836914,22.615463256835938,-0.0,-0.0,-0.0,-0.0,off
30.5,11.108392715454102,7.173990249633789,18.816730499267578,0.15041375160217285,0.3429737091064453,22.998519897460938,22.642410278320312,-0.0,-0.0,-0.0,-0.0,off
30.52,11.040120124816895,7.200455665588379,18.706954956054688,0.14236682653427124,0.3229130208492279,22.884077072143555,22.656980514526367,-0.0,-0.0,-0.0,-0.0,off
30.54,10.828614234924316,7.270818710327148,18.640655517578125,0.15344342589378357,0.3059660494327545,22.750774383544922,22.657133102416992,0.0,-0.0,-0.0,0.0,off
30.560000000000002,10.680774688720703,7.250162124633789,18.561437606811523,0.17214897274971008,0.2925843298435211,22.609086990356445,22.64430809020996,-0.0,-0.0,-0.0,-0.0,off
30.580000000000002,10.522281646728516,7.115043640136719,18.489713668823242,0.186212956905365,0.28194719552993774,22.432382583618164,22.61661148071289,-0.0,-0.0,-0.0,-0.0,off
30.6,10.514034271240234,7.1493120193481445,18.3729190826416,0.19117149710655212,0.27286961674690247,22.343271255493164,22.58392333984375,-0.0,-0.0,-0.0,-0.0,off
30.62,10.471691131591797,7.40158748626709,18.292400360107422,0.19975560903549194,0.2655582129955292,22.339466094970703,22.553808212280273,-0.0,-0.0,-0.0,-0.0,off
30.64,10.671749114990234,7.689582347869873,18.188508987426758,0.20567727088928223,0.2595701217651367,22.446331024169922,22.537643432617188,-0.0,-0.0,-0.0,-0.0,off
30.66,10.66659927368164,7.8626298904418945,18.134490966796875,0.22023853659629822,0.25563696026802063,22.460121154785156,22.524503707885742,-0.0,-0.0,-0.0,-0.0,off
30.68,10.644346237182617,7.841745376586914,17.92856788635254,0.23626887798309326,0.2537001371383667,22.27618980407715,22.495229721069336,-0.0,-0.0,-0.0,-0.0,off
30.7,10.43606185913086,7.821321487426758,17.698650360107422,0.26345157623291016,0.2546752691268921,21.984691619873047,22.440038681030273,-0.0,-0.0,-0.0,-0.0,off
30.72,10.653297424316406,7.959053039550781,17.574438095092773,0.2785182595252991,0.25705957412719727,22.038604736328125,22.3961181640625,-0.0,-0.0,-0.0,-0.0,off
30.740000000000002,10.705743789672852,8.134200096130371,17.42668342590332,0.27879348397254944,0.2592329680919647,22.010622024536133,22.35345458984375,-0.0,-0.0,-0.0,-0.0,off
30.76,10.816082954406738,8.104313850402832,17.25985336303711,0.2689657211303711,0.2602062523365021,21.92190933227539,22.3068790435791,-0.0,-0.0,-0.0,-0.0,off
30.78,10.767404556274414,8.110699653625488,17.010135650634766,0.2799246609210968,0.26217809319496155,21.704036712646484,22.24329376220703,0.0,-0.0,-0.0,0.0,off
30.8,10.740792274475098,7.9455366134643555,16.71347427368164,0.303962379693985,0.26635652780532837,21.397111892700195,22.156091690063477,-0.0,-0.0,-0.0,-0.0,off
30.82,10.959259033203125,7.8827009201049805,16.46626853942871,0.3205251097679138,0.2717733681201935,21.2927303314209,22.067089080810547,-0.0,-0.0,-0.0,-0.0,off
30.84,11.193342208862305,8.113350868225098,16.44637680053711,0.3245101571083069,0.2770470380783081,21.484893798828125,22.005407333374023,-0.0,-0.0,-0.0,-0.0,off
30.86,11.222213745117188,8.154108047485352,16.272602081298828,0.32527780532836914,0.2818700969219208,21.382823944091797,21.93959617614746,-0.0,-0.0,-0.0,-0.0,off
30.88,11.078118324279785,8.081165313720703,16.17856216430664,0.342645525932312,0.2879476547241211,21.207918167114258,21.863786697387695,-0.0,-0.0,-0.0,-0.0,off
30.900000000000002,11.017312049865723,7.988694190979004,15.983906745910645,0.38442474603652954,0.297595351934433,20.99251365661621,21.77439308166504,-0.0,-0.0,-0.0,-0.0,off
30.92,11.25599479675293,8.135866165161133,15.764942169189453,0.43103790283203125,0.31093958020210266,21.010072708129883,21.694530487060547,-0.0,-0.0,-0.0,-0.0,off
30.94,11.398324012756348,8.19631576538086,15.467525482177734,0.4551602602005005,0.3253616392612457,20.88888931274414,21.609533309936523,-0.0,-0.0,-0.0,-0.0,off
30.96,11.466646194458008,8.308527946472168,15.276429176330566,0.45592498779296875,0.3384179472923279,20.829904556274414,21.5266056060791,-0.0,-0.0,-0.0,-0.0,off
30.98,11.448064804077148,8.378042221069336,15.025410652160645,0.45412707328796387,0.3499888777732849,20.664287567138672,21.435091018676758,-0.0,-0.0,-0.0,-0.0,off
31.0,11.592878341674805,8.491198539733887,14.82081127166748,0.44933241605758667,0.35992321372032166,20.643442153930664,21.349790573120117,-0.0,-0.0,-0.0,-0.0,off
31.02,11.765141487121582,8.638655662536621,14.602883338928223,0.45721226930618286,0.36965212225914,20.646770477294922,21.272199630737305,-0.0,-0.0,-0.0,-0.0,off
31.04,11.758061408996582,8.57661247253418,14.323444366455078,0.48166728019714355,0.3808536231517792,20.419876098632812,21.179866790771484,-0.0,-0.0,-0.0,-0.0,off
31.060000000000002,11.771855354309082,8.646222114562988,14.040488243103027,0.5015000104904175,0.39291825890541077,20.26003646850586,21.08026123046875,-0.0,-0.0,-0.0,-0.0,off
31.080000000000002,11.894792556762695,8.834601402282715,13.768445014953613,0.5207067728042603,0.4056971073150635,20.226377487182617,20.98578453063965,-0.0,-0.0,-0.0,-0.0,off
31.1,11.968658447265625,8.941667556762695,13.55517292022705,0.511176586151123,0.4162450432777405,20.172874450683594,20.894975662231445,-0.0,-0.0,-0.0,-0.0,off
31.12,12.113142013549805,9.089972496032715,13.270442008972168,0.4823020100593567,0.42285072803497314,20.136049270629883,20.808137893676758,-0.0,-0.0,-0.0,-0.0,off
31.14,12.132884979248047,9.227664947509766,13.049088478088379,0.4691956043243408,0.4274851977825165,20.065776824951172,20.722694396972656,-0.0,-0.0,-0.0,-0.0,off
31.16,12.108691215515137,9.360629081726074,12.88127326965332,0.4892289638519287,0.43365955352783203,20.00422477722168,20.639970779418945,-0.0,-0.0,-0.0,-0.0,off
31.18,12.256810188293457,9.455934524536133,12.674073219299316,0.5209808349609375,0.44239169359207153,20.00690460205078,20.565265655517578,-0.0,-0.0,-0.0,-0.0,off
31.2,12.453990936279297,9.51579475402832,12.418137550354004,0.5344973206520081,0.4516022205352783,19.996559143066406,20.496082305908203,-0.0,-0.0,-0.0,-0.0,off
31.220000000000002,12.60063362121582,9.617924690246582,12.196678161621094,0.5284475684165955,0.45928674936294556,20.00098419189453,20.433679580688477,-0.0,-0.0,-0.0,-0.0,off
31.240000000000002,12.67902946472168,9.635180473327637,12.094511985778809,0.5332836508750916,0.4666864275932312,19.99679183959961,20.378276824951172,-0.0,-0.0,-0.0,-0.0,off
31.26,12.804778099060059,9.710186958312988,11.825051307678223,0.5419842004776001,0.47421619296073914,19.951990127563477,20.323144912719727,-0.0,0.0,-0.0,-0.0,off
31.28,12.979560852050781,9.851795196533203,11.557619094848633,0.5324611067771912,0.48004066944122314,19.977622985839844,20.274799346923828,-0.0,-0.0,-0.0,-0.0,off
31.3,13.080462455749512,9.850830078125,11.376776695251465,0.5221318602561951,0.4842497706413269,19.939117431640625,20.2280330657959,-0.0,-0.0,-0.0,-0.0,off
31.32,13.220147132873535,9.812933921813965,11.145487785339355,0.5163494348526001,0.4874597191810608,19.881847381591797,20.18021583557129,-0.0,-0.0,-0.0,-0.0,off
31.34,13.397433280944824,9.859509468078613,11.018677711486816,0.5288813710212708,0.4916018545627594,19.952754974365234,20.144617080688477,-0.0,-0.0,-0.0,-0.0,off
31.36,13.521549224853516,9.86182975769043,10.832797050476074,0.5453868508338928,0.49698036909103394,19.935832977294922,20.111122131347656,-0.0,-0.0,-0.0,-0.0,off
31.38,13.685972213745117,9.861063003540039,10.594460487365723,0.5325450301170349,0.5005367994308472,19.91956329345703,20.078868865966797,-0.0,-0.0,-0.0,-0.0,off
31.400000000000002,13.896492004394531,9.910735130310059,10.380501747131348,0.5159770250320435,0.5020807981491089,19.977235794067383,20.054964065551758,-0.0,-0.0,-0.0,-0.0,off
31.42,14.194826126098633,9.93847942352295,10.198944091796875,0.5084725022315979,0.5027199387550354,20.10683822631836,20.0456485748291,-0.0,-0.0,-0.0,-0.0,off
31.44,14.328712463378906,9.97578239440918,10.100813865661621,0.5196617245674133,0.5044140815734863,20.170639038085938,20.044706344604492,0.0,-0.0,-0.0,0.0,off
31.46,14.378931045532227,10.013336181640625,9.95802116394043,0.5259407162666321,0.5065667629241943,20.153976440429688,20.043209075927734,-0.0,-0.0,-0.0,-0.0,off
31.48,14.57022476196289,10.002957344055176,9.790474891662598,0.5251941084861755,0.5084295272827148,20.204059600830078,20.046842575073242,-0.0,-0.0,-0.0,-0.0,off
31.5,14.7545166015625,9.967367172241211,9.638815879821777,0.5354811549186707,0.511134684085846,20.24724578857422,20.05460548400879,-0.0,-0.0,-0.0,-0.0,off
31.52,14.878263473510742,9.928725242614746,9.477810859680176,0.5446810722351074,0.5144892930984497,20.24280548095703,20.06154441833496,-0.0,-0.0,-0.0,-0.0,off
31.54,15.084023475646973,9.891517639160156,9.319661140441895,0.5452276468276978,0.5175631046295166,20.303348541259766,20.07373809814453,-0.0,-0.0,-0.0,-0.0,off
31.560000000000002,15.304369926452637,9.841967582702637,9.162800788879395,0.5382493138313293,0.5196317434310913,20.372652053833008,20.09145736694336,-0.0,-0.0,-0.0,-0.0,off
31.580000000000002,15.452116966247559,9.823126792907715,9.00888729095459,0.538525402545929,0.5215210914611816,20.406415939331055,20.11105728149414,-0.0,-0.0,-0.0,-0.0,off
31.6,15.677067756652832,9.816549301147461,8.947941780090332,0.5505920052528381,0.5244281888008118,20.547523498535156,20.143394470214844,-0.0,-0.0,-0.0,-0.0,off
31.62,15.791998863220215,9.790040969848633,8.845654487609863,0.5774566531181335,0.529731035232544,20.578575134277344,20.1763858795166,-0.0,-0.0,-0.0,-0.0,off
31.64,15.96578598022461,9.738138198852539,8.66993236541748,0.5878987908363342,0.5355477929115295,20.61323356628418,20.209318161010742,-0.0,-0.0,-0.0,-0.0,off
31.66,16.138347625732422,9.697670936584473,8.545024871826172,0.5794190764427185,0.5399348735809326,20.676279067993164,20.24547004699707,0.0,-0.0,-0.0,0.0,off
31.68,16.349117279052734,9.70714282989502,8.445806503295898,0.5769026279449463,0.5436316728591919,20.80514144897461,20.29114532470703,-0.0,-0.0,-0.0,-0.0,off
31.7,16.529888153076172,9.646440505981445,8.386775970458984,0.5985302925109863,0.5491214990615845,20.89566993713379,20.341894149780273,-0.0,-0.0,-0.0,-0.0,off
31.720000000000002,16.683032989501953,9.601080894470215,8.267367362976074,0.6183553338050842,0.55604487657547,20.948835372924805,20.39312744140625,-0.0,-0.0,-0.0,-0.0,off
31.740000000000002,16.83962059020996,9.529094696044922,8.156730651855469,0.6139798164367676,0.5618383288383484,20.997827529907227,20.4443416595459,-0.0,-0.0,-0.0,-0.0,off
31.76,17.010250091552734,9.430407524108887,8.05133056640625,0.6128948330879211,0.5669439435005188,21.05006217956543,20.49573516845703,-0.0,-0.0,-0.0,-0.0,off
31.78,17.17226791381836,9.38031005859375,8.056599617004395,0.6166210174560547,0.571911633014679,21.16094970703125,20.55402374267578,-0.0,-0.0,-0.0,-0.0,off
31.8,17.36029815673828,9.339111328125,7.98274564743042,0.6308856010437012,0.5778089761734009,21.26789093017578,20.617393493652344,-0.0,-0.0,-0.0,-0.0,off
31.82,17.478927612304688,9.249407768249512,7.914806842803955,0.6418479681015015,0.5842128396034241,21.300437927246094,20.678096771240234,-0.0,-0.0,-0.0,-0.0,off
31.84,17.586952209472656,9.096952438354492,7.85097074508667,0.6458206176757812,0.5903735756874084,21.300073623657227,20.732913970947266,-0.0,-0.0,-0.0,-0.0,off
31.86,17.775136947631836,9.011651992797852,7.777196884155273,0.6416136622428894,0.5954975485801697,21.392759323120117,20.79149055480957,-0.0,-0.0,-0.0,-0.0,off
31.88,17.999258041381836,8.932157516479492,7.751771450042725,0.6420726180076599,0.6001550555229187,21.537099838256836,20.858736038208008,-0.0,-0.0,-0.0,-0.0,off
31.900000000000002,18.16952896118164,8.825478553771973,7.708316326141357,0.6656683087348938,0.6067063808441162,21.620338439941406,20.92770004272461,-0.0,0.0,-0.0,-0.0,off
31.92,18.272844314575195,8.775293350219727,7.673449993133545,0.6747356057167053,0.6135092973709106,21.674510955810547,20.99582862854004,-0.0,0.0,-0.0,-0.0,off
31.94,18.349746704101562,8.601298332214355,7.61419153213501,0.6719785332679749,0.6193562150001526,21.648820877075195,21.054637908935547,-0.0,-0.0,-0.0,-0.0,off
31.96,18.54309844970703,8.57118034362793,7.533581256866455,0.6786516308784485,0.6252857446670532,21.773067474365234,21.12005043029785,-0.0,-0.0,-0.0,-0.0,off
31.98,18.732776641845703,8.470144271850586,7.5278639793396,0.704845666885376,0.6332417130470276,21.893583297729492,21.19109344482422,-0.0,-0.0,-0.0,-0.0,off
32.0,18.851959228515625,8.336079597473145,7.506076812744141,0.7405705451965332,0.6439745426177979,21.936904907226562,21.259519577026367,-0.0,-0.0,-0.0,-0.0,off
32.02,18.91474723815918,8.252213478088379,7.49594259262085,0.7651461362838745,0.6560916900634766,21.95577049255371,21.323583602905273,-0.0,-0.0,-0.0,-0.0,off
32.04,18.98306655883789,8.197463989257812,7.420889377593994,0.7886968851089478,0.6693522334098816,21.96872329711914,21.382911682128906,-0.0,-0.0,-0.0,-0.0,off
32.06,19.078227996826172,8.111689567565918,7.338337421417236,0.8198109865188599,0.6843981146812439,21.9915771484375,21.438671112060547,-0.0,-0.0,-0.0,-0.0,off
32.08,19.195697784423828,8.047983169555664,7.221834659576416,0.8387948274612427,0.6998377442359924,22.031789779663086,21.492835998535156,-0.0,-0.0,-0.0,-0.0,off
32.1,19.265369415283203,7.974072456359863,7.1055216789245605,0.8596256375312805,0.7158164978027344,22.027908325195312,21.541271209716797,-0.0,-0.0,-0.0,-0.0,off
32.12,19.330888748168945,7.842026233673096,7.002346515655518,0.8943923115730286,0.7336740493774414,22.004852294921875,21.58245277404785,-0.0,-0.0,-0.0,-0.0,off
32.14,19.359676361083984,7.716129302978516,6.8948445320129395,0.9381992220878601,0.7541265487670898,21.951641082763672,21.614227294921875,-0.0,0.0,-0.0,-0.0,off
32.160000000000004,19.369354248046875,7.575596332550049,6.792699337005615,1.0323753356933594,0.781951367855072,21.8792667388916,21.635623931884766,-0.0,0.0,-0.0,-0.0,off
32.18,19.37118911743164,7.46482515335083,6.598489284515381,1.0573265552520752,0.8094888925552368,21.783174514770508,21.64508056640625,0.0,0.0,-0.0,0.0,off
32.2,19.363739013671875,7.334501266479492,6.557837009429932,1.0262646675109863,0.8311664462089539,21.71990966796875,21.647640228271484,-0.0,-0.0,-0.0,-0.0,off
32.22,19.28352928161621,7.365752696990967,6.437552452087402,1.0324060916900635,0.8512904047966003,21.6229248046875,21.64107894897461,-0.0,-0.0,-0.0,-0.0,off
32.24,19.161514282226562,7.246394634246826,6.2793965339660645,1.0841760635375977,0.8745789527893066,21.426727294921875,21.615690231323242,-0.0,0.0,-0.0,-0.0,off
32.26,18.959138870239258,7.128396987915039,6.23252534866333,1.1057043075561523,0.8976914882659912,21.192153930664062,21.57009506225586,-0.0,0.0,-0.0,-0.0,off
32.28,18.972881317138672,7.051087379455566,6.09108829498291,1.163079023361206,0.9242302179336548,21.137393951416016,21.523454666137695,-0.0,-0.0,-0.0,-0.0,off
32.3,19.044574737548828,6.921363353729248,6.033644676208496,1.1921639442443848,0.9510235786437988,21.142515182495117,21.481857299804688,-0.0,-0.0,-0.0,-0.0,off
32.32,19.031436920166016,6.746477127075195,5.91940450668335,1.2282030582427979,0.9787415266036987,21.041622161865234,21.43404769897461,-0.0,-0.0,-0.0,-0.0,off
32.34,19.041484832763672,6.645829200744629,5.783461093902588,1.2682116031646729,1.0076885223388672,20.980791091918945,21.384801864624023,-0.0,-0.0,-0.0,-0.0,off
32.36,19.32003402709961,6.570469856262207,5.572007179260254,1.3026952743530273,1.037189245223999,21.153772354125977,21.356698989868164,-0.0,-0.0,-0.0,-0.0,off
32.38,19.374523162841797,6.409294128417969,5.35863733291626,1.329629898071289,1.066433310508728,21.098962783813477,21.32516098022461,-0.0,-0.0,-0.0,-0.0,off
32.4,19.66912078857422,6.237653732299805,5.24177360534668,1.3504207134246826,1.094831943511963,21.28987693786621,21.314823150634766,-0.0,0.0,-0.0,-0.0,off
32.42,20.111751556396484,6.0630621910095215,5.015322208404541,1.3866336345672607,1.1240121126174927,21.596220016479492,21.334043502807617,-0.0,0.0,-0.0,-0.0,off
32.44,20.193981170654297,5.704051494598389,4.804554462432861,1.3995647430419922,1.1515673398971558,21.527118682861328,21.342697143554688,-0.0,-0.0,-0.0,-0.0,off
32.46,20.482669830322266,5.373391151428223,4.268992900848389,1.391141653060913,1.1755247116088867,21.601791381835938,21.353271484375,-0.0,-0.0,-0.0,-0.0,off
32.480000000000004,20.540891647338867,5.083208084106445,3.8668599128723145,1.3505420684814453,1.1930264234542847,21.510923385620117,21.35125160217285,-0.0,-0.0,-0.0,-0.0,off
32.5,20.643259048461914,4.968793869018555,3.6341357231140137,1.316070795059204,1.2053308486938477,21.541587829589844,21.352760314941406,-0.0,-0.0,-0.0,-0.0,off
32.52,20.63950538635254,4.609579086303711,3.3708109855651855,1.3279879093170166,1.2175965309143066,21.41494369506836,21.33999252319336,-0.0,-0.0,-0.0,-0.0,off
32.54,20.73258399963379,4.160478591918945,3.0586018562316895,1.319643259048462,1.2278012037277222,21.365968704223633,21.320491790771484,-0.0,-0.0,-0.0,-0.0,off
32.56,20.984630584716797,3.933924913406372,2.6483407020568848,1.262378454208374,1.2312588691711426,21.513813018798828,21.315141677856445,-0.0,-0.0,-0.0,-0.0,off
32.58,21.26738166809082,3.507319927215576,2.33182954788208,1.2159135341644287,1.2297242879867554,21.680410385131836,21.323516845703125,-0.0,-0.0,-0.0,-0.0,off
32.6,21.191757202148438,3.1166679859161377,1.9504915475845337,1.1708142757415771,1.2238332033157349,21.508338928222656,21.311695098876953,-0.0,-0.0,-0.0,-0.0,off
32.62,21.352455139160156,2.766885995864868,1.6919490098953247,1.12727689743042,1.2141774892807007,21.597352981567383,21.30878448486328,-0.0,-0.0,-0.0,-0.0,off
32.64,21.565353393554688,2.260976791381836,1.4013019800186157,1.081857681274414,1.200945496559143,21.728784561157227,21.315872192382812,-0.0,-0.0,-0.0,-0.0,off
32.660000000000004,21.770357131958008,1.9149694442749023,1.1828709840774536,1.0083394050598145,1.1816848516464233,21.88640594482422,21.337696075439453,-0.0,-0.0,-0.0,-0.0,off
32.68,21.655296325683594,1.5185866355895996,0.9836636781692505,0.9554151892662048,1.159057855606079,21.73075294494629,21.34204864501953,-0.0,-0.0,-0.0,-0.0,off
32.7,21.85279083251953,1.16563081741333,0.706734299659729,0.9234115481376648,1.135493278503418,21.895265579223633,21.361440658569336,-0.0,0.0,-0.0,-0.0,off
32.72,22.042400360107422,0.8683087825775146,0.546695351600647,0.8873541951179504,1.1106793880462646,22.066268920898438,21.397220611572266,-0.0,0.0,-0.0,-0.0,off
32.74,22.048667907714844,0.5275039672851562,0.35340556502342224,0.8371642827987671,1.0833278894424438,22.057809829711914,21.429195404052734,-0.0,-0.0,-0.0,-0.0,off
32.76,21.770963668823242,0.0794060006737709,0.20461997389793396,0.7975422143936157,1.0547492504119873,21.772069931030273,21.429353713989258,-0.0,-0.0,-0.0,-0.0,off
32.78,21.582462310791016,-0.2107713520526886,0.11366090178489685,0.7533212900161743,1.024606466293335,21.583789825439453,21.412904739379883,-0.0,-0.0,-0.0,-0.0,off
32.8,21.76388931274414,-0.5443885326385498,0.03620252013206482,0.7190511226654053,0.994050920009613,21.770727157592773,21.417766571044922,-0.0,-0.0,-0.0,-0.0,off
32.82,21.97964859008789,-1.0262010097503662,-0.07025900483131409,0.68563312292099,0.9632091522216797,22.003704071044922,21.44407081604004,-0.0,-0.0,-0.0,-0.0,off
32.84,22.042577743530273,-1.3893868923187256,-0.11946001648902893,0.6448236703872681,0.9313706159591675,22.086645126342773,21.47704315185547,-0.0,-0.0,-0.0,-0.0,off
32.86,22.129150390625,-1.8155357837677002,-0.12804070115089417,0.6152126789093018,0.8997548222541809,22.20387077331543,21.518688201904297,-0.0,-0.0,-0.0,-0.0,off
32.88,22.316829681396484,-2.225216865539551,-0.15292540192604065,0.5965604186058044,0.8694353699684143,22.428014755249023,21.57890510559082,-0.0,-0.0,-0.0,-0.0,off
32.9,22.54630470275879,-2.6895205974578857,-0.14087381958961487,0.572820246219635,0.8397738337516785,22.70659065246582,21.660736083984375,-0.0,0.0,-0.0,-0.0,off
32.92,22.611425399780273,-3.2098371982574463,-0.1786278784275055,0.5506905317306519,0.8108654618263245,22.838815689086914,21.74623680114746,-0.0,0.0,-0.0,-0.0,off
32.94,22.804656982421875,-3.654073476791382,-0.22201862931251526,0.5050713419914246,0.7802860140800476,23.096620559692383,21.84900665283203,-0.0,-0.0,-0.0,-0.0,off
32.96,22.914915084838867,-4.1634697914123535,-0.1843489706516266,0.4711037278175354,0.7493677735328674,23.290809631347656,21.960296630859375,-0.0,-0.0,-0.0,-0.0,off
32.980000000000004,23.182188034057617,-4.583110809326172,-0.2470792829990387,0.44596022367477417,0.7190269827842712,23.632177352905273,22.095327377319336,-0.0,-0.0,-0.0,-0.0,off
33.0,23.197826385498047,-4.854708194732666,-0.23742809891700745,0.41617876291275024,0.6887421607971191,23.701555252075195,22.226530075073242,-0.0,-0.0,-0.0,-0.0,off
33.02,23.441856384277344,-5.052270889282227,-0.12329044938087463,0.38498401641845703,0.658366322517395,23.98043441772461,22.376583099365234,-0.0,-0.0,-0.0,-0.0,off
33.04,23.593341827392578,-5.2764105796813965,0.04959210753440857,0.36736971139907837,0.629266619682312,24.17620086669922,22.534191131591797,-0.0,-0.0,-0.0,-0.0,off
33.06,23.708984375,-5.495560169219971,0.2906366288661957,0.3725734353065491,0.6035972833633423,24.33930206298828,22.69479751586914,-0.0,-0.0,-0.0,-0.0,off
33.08,23.921667098999023,-5.532237529754639,0.7184664011001587,0.3820611238479614,0.5814436674118042,24.563549041748047,22.865692138671875,-0.0,-0.0,-0.0,-0.0,off
33.1,24.043380737304688,-5.601455211639404,1.0227605104446411,0.37676113843917847,0.5609753727912903,24.708431243896484,23.03633689880371,-0.0,-0.0,-0.0,-0.0,off
33.12,24.21480369567871,-5.771782398223877,1.2817851305007935,0.3781314492225647,0.5426909327507019,24.9261531829834,23.212678909301758,0.0,-0.0,-0.0,0.0,off
33.14,24.25611114501953,-5.9591803550720215,1.5593849420547485,0.411507785320282,0.529572606086731,25.02603530883789,23.381654739379883,-0.0,0.0,-0.0,-0.0,off
33.160000000000004,24.349180221557617,-6.193150520324707,1.712274193763733,0.419353723526001,0.5185506939888,25.182723999023438,23.549694061279297,-0.0,-0.0,-0.0,-0.0,off
33.18,24.429481506347656,-6.4041361808776855,1.8836570978164673,0.41032975912094116,0.5077285766601562,25.32509994506836,23.715524673461914,0.0,-0.0,-0.0,0.0,off
33.2,24.488801956176758,-6.687983512878418,2.0122132301330566,0.40408629179000854,0.497364342212677,25.465261459350586,23.878643035888672,0.0,-0.0,-0.0,0.0,off
33.22,24.513500213623047,-6.746316432952881,2.246091365814209,0.39367949962615967,0.4869958460330963,25.52389907836914,24.032447814941406,-0.0,-0.0,-0.0,-0.0,off
33.24,24.587604522705078,-6.874680519104004,2.505323886871338,0.42004984617233276,0.48030123114585876,25.653230667114258,24.184165954589844,-0.0,-0.0,-0.0,-0.0,off
33.26,24.578941345214844,-7.017240524291992,2.6620516777038574,0.45449715852737427,0.47772079706192017,25.699270248413086,24.325780868530273,-0.0,0.0,-0.0,-0.0,off
33.28,24.62912368774414,-7.035937309265137,2.9189748764038086,0.4937441349029541,0.4793231189250946,25.780197143554688,24.462120056152344,-0.0,-0.0,-0.0,-0.0,off
33.3,24.745319366455078,-7.171570301055908,3.0587100982666016,0.5422016382217407,0.4856109619140625,25.944517135620117,24.601896286010742,-0.0,-0.0,-0.0,-0.0,off
33.32,24.827526092529297,-7.257704257965088,3.3059029579162598,0.607123076915741,0.49776217341423035,26.076988220214844,24.741167068481445,-0.0,-0.0,-0.0,-0.0,off
33.34,24.841861724853516,-7.410224914550781,3.57008695602417,0.6601923108100891,0.514005184173584,26.1682071685791,24.875232696533203,-0.0,-0.0,-0.0,-0.0,off
33.36,24.887022018432617,-7.4454731941223145,3.763744831085205,0.6715614199638367,0.5297607779502869,26.248138427734375,25.004518508911133,-0.0,-0.0,-0.0,-0.0,off
33.38,24.904630661010742,-7.578312397003174,3.997457981109619,0.6728842854499817,0.5440731048583984,26.337255477905273,25.129606246948242,-0.0,0.0,-0.0,-0.0,off
33.4,24.977556228637695,-7.562589645385742,4.2141499519348145,0.6463753581047058,0.5543032884597778,26.435396194458008,25.252634048461914,-0.0,0.0,-0.0,-0.0,off
33.42,25.079620361328125,-7.6278486251831055,4.470150470733643,0.6324937343597412,0.5621222853660583,26.592361450195312,25.379085540771484,-0.0,-0.0,-0.0,-0.0,off
33.44,25.12192726135254,-7.665126800537109,4.685880184173584,0.6140394806861877,0.5673139691352844,26.680009841918945,25.50188446044922,-0.0,-0.0,-0.0,-0.0,off
33.46,25.306182861328125,-7.703512191772461,4.907725811004639,0.5949065685272217,0.5700732469558716,26.90414047241211,25.635208129882812,-0.0,-0.0,-0.0,-0.0,off
33.480000000000004,25.412925720214844,-7.797189712524414,5.1461873054504395,0.5656293034553528,0.5696288347244263,27.075748443603516,25.772319793701172,-0.0,-0.0,-0.0,-0.0,off
33.5,25.532485961914062,-7.795956611633301,5.2905402183532715,0.5232603549957275,0.5649919509887695,27.2153377532959,25.91044807434082,-0.0,-0.0,-0.0,-0.0,off
33.52,25.64930534362793,-7.828040599822998,5.47443151473999,0.48116427659988403,0.5566092133522034,27.37032127380371,26.05060577392578,-0.0,-0.0,-0.0,-0.0,off
33.54,25.84107208251953,-7.78347635269165,5.6986517906188965,0.43560129404067993,0.5445083975791931,27.582931518554688,26.19830894470215,-0.0,-0.0,-0.0,-0.0,off
33.56,25.919265747070312,-7.733119010925293,5.939855575561523,0.3799024224281311,0.5280478000640869,27.69280242919922,26.342187881469727,-0.0,-0.0,-0.0,-0.0,off
33.58,25.96111297607422,-7.6892571449279785,6.088156700134277,0.3444419503211975,0.5096871852874756,27.751930236816406,26.477983474731445,-0.0,-0.0,-0.0,-0.0,off
33.6,26.17208480834961,-7.6248016357421875,6.296665191650391,0.3301846981048584,0.49173691868782043,27.97791290283203,26.623004913330078,-0.0,-0.0,-0.0,-0.0,off
33.62,26.25082778930664,-7.650649070739746,6.439195156097412,0.3083474040031433,0.4733979403972626,28.090951919555664,26.765169143676758,-0.0,-0.0,-0.0,-0.0,off
33.64,26.356712341308594,-7.59909725189209,6.58683967590332,0.2639005184173584,0.45244818925857544,28.210086822509766,26.90533447265625,-0.0,-0.0,-0.0,-0.0,off
33.660000000000004,26.39069938659668,-7.58735466003418,6.768307685852051,0.21890375018119812,0.42909371852874756,28.281564712524414,27.03864097595215,-0.0,-0.0,-0.0,-0.0,off
33.68,26.468250274658203,-7.506450653076172,6.997994899749756,0.17732486128807068,0.4039168357849121,28.38814926147461,27.169052124023438,-0.0,-0.0,-0.0,-0.0,off
33.7,26.5322265625,-7.45458984375,7.180801868438721,0.15577268600463867,0.3791024088859558,28.47970962524414,27.29560661315918,-0.0,-0.0,-0.0,-0.0,off
33.72,26.56097412109375,-7.388323783874512,7.350513935089111,0.1153622567653656,0.35272836685180664,28.532485961914062,27.414819717407227,0.0,-0.0,-0.0,0.0,off
33.74,26.606969833374023,-7.327151775360107,7.5453314781188965,0.07808490097522736,0.32526400685310364,28.610313415527344,27.52981185913086,-0.0,-0.0,-0.0,-0.0,off
33.76,26.622756958007812,-7.26921272277832,7.678127765655518,0.03856196999549866,0.2965937852859497,28.64552879333496,27.63703727722168,-0.0,-0.0,-0.0,-0.0,off
33.78,26.677902221679688,-7.2091498374938965,7.840860366821289,0.022723883390426636,0.26920679211616516,28.725622177124023,27.74161720275879,-0.0,0.0,-0.0,-0.0,off
33.8,26.683963775634766,-7.1170654296875,8.011425971984863,0.00450076162815094,0.24273617565631866,28.755338668823242,27.83863639831543,-0.0,0.0,-0.0,-0.0,off
33.82,26.70126724243164,-7.107128620147705,8.169270515441895,-0.024591058492660522,0.2160034477710724,28.81329345703125,27.93187141418457,-0.0,-0.0,-0.0,-0.0,off
33.84,26.70595932006836,-7.051514148712158,8.357632637023926,-0.04811248928308487,0.18959185481071472,28.85796356201172,28.020137786865234,0.0,-0.0,-0.0,0.0,off
33.86,26.730335235595703,-7.002631187438965,8.46633243560791,-0.06247558444738388,0.1643850952386856,28.900283813476562,28.104116439819336,-0.0,-0.0,-0.0,-0.0,off
33.88,26.76044273376465,-6.914891242980957,8.649816513061523,-0.0886884555220604,0.13907773792743683,28.96129035949707,28.185659408569336,0.0,0.0,-0.0,0.0,off
33.9,26.774822235107422,-6.816592693328857,8.885138511657715,-0.11876936256885529,0.11329302936792374,29.022451400756836,28.264753341674805,0.0,0.0,-0.0,0.0,off
33.92,26.806995391845703,-6.793490886688232,8.97422981262207,-0.1550910770893097,0.0864546149969101,29.074100494384766,28.341581344604492,-0.0,-0.0,-0.0,-0.0,off
33.94,26.881547927856445,-6.634862899780273,9.214133262634277,-0.1920626163482666,0.058602891862392426,29.18114471435547,28.420930862426758,-0.0,0.0,-0.0,-0.0,off
33.96,26.93946075439453,-6.535035610198975,9.385217666625977,-0.2081564962863922,0.0319269523024559,29.26642417907715,28.500837326049805,-0.0,-0.0,-0.0,-0.0,off
33.980000000000004,26.98838233947754,-6.3495564460754395,9.655915260314941,-0.22355180978775024,0.0063790734857320786,29.358583450317383,28.58122444152832,-0.0,-0.0,-0.0,-0.0,off
34.0,27.014949798583984,-6.198288917541504,9.947866439819336,-0.2448752522468567,-0.018746359273791313,29.448028564453125,28.661766052246094,-0.0,-0.0,-0.0,-0.0,off
34.02,27.08743667602539,-6.0456976890563965,10.147273063659668,-0.24494799971580505,-0.04136652499437332,29.550750732421875,28.744356155395508,-0.0,-0.0,-0.0,-0.0,off
34.04,27.12556266784668,-5.889810562133789,10.497607231140137,-0.23408439755439758,-0.060638315975666046,29.67635154724121,28.830230712890625,-0.0,-0.0,-0.0,-0.0,off
34.06,27.180814743041992,-5.7139716148376465,10.733329772949219,-0.21843506395816803,-0.07641799002885818,29.77667808532715,28.91719627380371,-0.0,-0.0,-0.0,-0.0,off
34.08,27.208393096923828,-5.475866794586182,11.077262878417969,-0.19976747035980225,-0.08875294029712677,29.882896423339844,29.004854202270508,-0.0,-0.0,-0.0,-0.0,off
34.1,27.219493865966797,-5.193633079528809,11.392939567565918,-0.1883080154657364,-0.09870845079421997,29.96120262145996,29.090354919433594,-0.0,-0.0,-0.0,-0.0,off
34.12,27.265439987182617,-4.964712142944336,11.676673889160156,-0.1658746898174286,-0.10542507469654083,30.073200225830078,29.177852630615234,-0.0,-0.0,-0.0,-0.0,off
34.14,27.2774600982666,-4.773662567138672,11.920101165771484,-0.13627657294273376,-0.10851021856069565,30.14857292175293,29.263931274414062,-0.0,-0.0,-0.0,-0.0,off
34.160000000000004,27.26300621032715,-4.570476055145264,12.146678924560547,-0.13534796237945557,-0.11119399219751358,30.194412231445312,29.345808029174805,-0.0,-0.0,-0.0,-0.0,off
34.18,27.264381408691406,-4.258767604827881,12.441226959228516,-0.1537136733531952,-0.11544595658779144,30.269914627075195,29.425907135009766,-0.0,-0.0,-0.0,-0.0,off
34.2,27.265979766845703,-4.045384883880615,12.722959518432617,-0.17698702216148376,-0.12160006165504456,30.359060287475586,29.506484985351562,-0.0,-0.0,-0.0,-0.0,off
34.22,27.278406143188477,-3.8321025371551514,12.995918273925781,-0.19939015805721283,-0.1293790638446808,30.458009719848633,29.58859634399414,-0.0,-0.0,-0.0,-0.0,off
34.24,27.29098129272461,-3.6231229305267334,13.2334566116333,-0.21940454840660095,-0.13838160037994385,30.545852661132812,29.67127227783203,-0.0,-0.0,-0.0,-0.0,off
34.26,27.265785217285156,-3.39225697517395,13.479582786560059,-0.25608572363853455,-0.15015201270580292,30.60440444946289,29.75128173828125,-0.0,-0.0,-0.0,-0.0,off
34.28,27.257455825805664,-3.1875998973846436,13.692136764526367,-0.29247981309890747,-0.16438479721546173,30.66927146911621,29.829952239990234,-0.0,-0.0,-0.0,-0.0,off
34.300000000000004,27.289630889892578,-3.0136630535125732,13.912546157836914,-0.31774187088012695,-0.17972050607204437,30.779294967651367,29.912128448486328,-0.0,-0.0,-0.0,-0.0,off
34.32,27.316402435302734,-2.839721441268921,14.105454444885254,-0.34332042932510376,-0.1960805058479309,30.874160766601562,29.99606704711914,-0.0,-0.0,-0.0,-0.0,off
34.34,27.295656204223633,-2.650261163711548,14.348962783813477,-0.37487757205963135,-0.2139602154493332,30.951082229614258,30.079273223876953,-0.0,-0.0,-0.0,-0.0,off
34.36,27.247116088867188,-2.50827956199646,14.550084114074707,-0.43360066413879395,-0.23592425882816315,30.99034881591797,30.15851593017578,-0.0,-0.0,-0.0,-0.0,off
34.38,27.249326705932617,-2.373974084854126,14.794931411743164,-0.48196476697921753,-0.2605282962322235,31.09745216369629,30.240829467773438,-0.0,-0.0,-0.0,-0.0,off
34.4,27.2618408203125,-2.1608998775482178,15.008381843566895,-0.5069379806518555,-0.2851692736148834,31.19501495361328,30.324705123901367,-0.0,-0.0,-0.0,-0.0,off
34.42,27.257526397705078,-1.9201467037200928,15.17527961730957,-0.5189083218574524,-0.3085431456565857,31.256179809570312,30.406402587890625,-0.0,-0.0,-0.0,-0.0,off
34.44,27.241159439086914,-1.827200174331665,15.355448722839355,-0.5344876050949097,-0.33113759756088257,31.32425880432129,30.48754119873047,-0.0,-0.0,-0.0,-0.0,off
34.46,27.219314575195312,-1.7508752346038818,15.479077339172363,-0.5556145906448364,-0.35358527302742004,31.361736297607422,30.565364837646484,-0.0,-0.0,-0.0,-0.0,off
34.480000000000004,27.1812686920166,-1.5866901874542236,15.678181648254395,-0.5679360032081604,-0.3750203251838684,31.418851852416992,30.641183853149414,-0.0,-0.0,-0.0,-0.0,off
34.5,27.14373207092285,-1.3720276355743408,15.824092864990234,-0.572428822517395,-0.3947611451148987,31.44942855834961,30.712543487548828,-0.0,-0.0,-0.0,-0.0,off
34.52,27.093952178955078,-1.2976362705230713,15.996405601501465,-0.595068097114563,-0.4147918224334717,31.49049186706543,30.781478881835938,-0.0,0.0,-0.0,-0.0,off
34.54,27.04897117614746,-1.2092220783233643,16.16737174987793,-0.6464605331420898,-0.437958687543869,31.53558349609375,30.848493576049805,-0.0,-0.0,-0.0,-0.0,off
34.56,27.01795768737793,-1.1614129543304443,16.299884796142578,-0.6866806745529175,-0.46283087134361267,31.575389862060547,30.913572311401367,-0.0,-0.0,-0.0,-0.0,off
34.58,26.95563507080078,-0.9641716480255127,16.39822006225586,-0.7206968665122986,-0.488617479801178,31.56639862060547,30.97136688232422,-0.0,-0.0,-0.0,-0.0,off
34.6,26.907751083374023,-0.8206779956817627,16.49355697631836,-0.739352285861969,-0.5136909484863281,31.571157455444336,31.024229049682617,-0.0,-0.0,-0.0,-0.0,off
34.62,26.832687377929688,-0.7450635433197021,16.561325073242188,-0.7682923078536987,-0.5391510725021362,31.54085922241211,31.069435119628906,0.0,-0.0,-0.0,0.0,off
34.64,26.75259017944336,-0.6214883327484131,16.6126651763916,-0.795484185218811,-0.5647844076156616,31.49711036682129,31.106164932250977,-0.0,-0.0,-0.0,-0.0,off
34.660000000000004,26.735807418823242,-0.4599669277667999,16.617483139038086,-0.8091781735420227,-0.5892238020896912,31.48262596130371,31.13825798034668,-0.0,-0.0,-0.0,-0.0,off
34.68,26.6850643157959,-0.37198951840400696,16.643110275268555,-0.8112484216690063,-0.6114262342453003,31.451934814453125,31.16463851928711,-0.0,-0.0,-0.0,-0.0,off
34.7,26.643077850341797,-0.31477001309394836,16.673809051513672,-0.8300231695175171,-0.6332859396934509,31.43196678161621,31.186975479125977,-0.0,-0.0,-0.0,-0.0,off
34.72,26.604366302490234,-0.26760414242744446,16.697460174560547,-0.8520200252532959,-0.6551592946052551,31.41128921508789,31.20556640625,-0.0,0.0,-0.0,-0.0,off
34.74,26.590492248535156,-0.14198043942451477,16.688594818115234,-0.8798284530639648,-0.6776261925697327,31.394006729125977,31.22089195251465,-0.0,-0.0,-0.0,-0.0,off
34.76,26.573373794555664,-0.04476287215948105,16.707294464111328,-0.9017077088356018,-0.7000343799591064,31.38916778564453,31.23448944091797,-0.0,-0.0,-0.0,-0.0,off
34.78,26.554927825927734,-0.00968625396490097,16.698455810546875,-0.9269603490829468,-0.7227269411087036,31.368818283081055,31.245195388793945,-0.0,-0.0,-0.0,-0.0,off
34.800000000000004,26.546611785888672,0.0006806626915931702,16.71946144104004,-0.9585415720939636,-0.7463083863258362,31.372966766357422,31.255687713623047,-0.0,-0.0,-0.0,-0.0,off
34.82,26.53036880493164,0.0014817491173744202,16.725257873535156,-0.9935831427574158,-0.7710358500480652,31.362314224243164,31.26447296142578,-0.0,-0.0,-0.0,-0.0,off
34.84,26.554859161376953,0.022786833345890045,16.70944595336914,-1.0202393531799316,-0.7959561944007874,31.374618530273438,31.27396011352539,-0.0,-0.0,-0.0,-0.0,off
34.86,26.57402229309082,0.07544396072626114,16.693586349487305,-1.0385593175888062,-0.8202164769172668,31.382482528686523,31.28349494934082,0.0,-0.0,-0.0,0.0,off
34.88,26.57876205444336,0.10990450531244278,16.680400848388672,-1.0560474395751953,-0.8437995910644531,31.379587173461914,31.29198455810547,0.0,0.0,-0.0,0.0,off
34.9,26.57987403869629,0.13002702593803406,16.675277709960938,-1.080169439315796,-0.8674365878105164,31.37788200378418,31.299633026123047,0.0,0.0,-0.0,0.0,off
34.92,26.58296775817871,0.1414301097393036,16.65568733215332,-1.1130506992340088,-0.8919979929924011,31.370147705078125,31.305919647216797,-0.0,-0.0,-0.0,-0.0,off
34.94,26.593231201171875,0.24831172823905945,16.62114906311035,-1.141948938369751,-0.9169930219650269,31.361190795898438,31.3106632232666,-0.0,-0.0,-0.0,-0.0,off
34.96,26.591949462890625,0.30437204241752625,16.600549697875977,-1.173708200454712,-0.9426645636558533,31.34968376159668,31.3138370513916,-0.0,-0.0,-0.0,-0.0,off
34.980000000000004,26.595645904541016,0.39255449175834656,16.573060989379883,-1.2050621509552002,-0.9689043164253235,31.339252471923828,31.315641403198242,-0.0,-0.0,-0.0,-0.0,off
35.0,26.569965362548828,0.4891373813152313,16.549297332763672,-1.238487720489502,-0.9958626627922058,31.30625343322754,31.313919067382812,-0.0,-0.0,-0.0,-0.0,off
35.02,26.57346534729004,0.5756099224090576,16.511703491210938,-1.272188425064087,-1.0234951972961426,31.29084014892578,31.31081771850586,-0.0,0.0,-0.0,-0.0,off
35.04,26.584026336669922,0.6550772190093994,16.471139907836914,-1.2964577674865723,-1.0507915019989014,31.27999496459961,31.30694007873535,-0.0,-0.0,-0.0,-0.0,off
35.06,26.5943546295166,0.7798388004302979,16.431692123413086,-1.3199613094329834,-1.0777084827423096,31.27088737487793,31.302433013916016,-0.0,-0.0,-0.0,-0.0,off
35.08,26.590076446533203,0.8622434139251709,16.405670166015625,-1.360611915588379,-1.1059987545013428,31.25574493408203,31.29685401916504,-0.0,-0.0,-0.0,-0.0,off
35.1,26.585351943969727,0.9618666172027588,16.37521743774414,-1.395949125289917,-1.1349937915802002,31.23866081237793,31.29007339477539,-0.0,-0.0,-0.0,-0.0,off
35.12,26.59292221069336,1.0449230670928955,16.335163116455078,-1.4251747131347656,-1.164011836051941,31.22679901123047,31.282777786254883,-0.0,0.0,-0.0,-0.0,off
35.14,26.600383758544922,1.1874501705169678,16.292123794555664,-1.4538648128509521,-1.1929970979690552,31.215761184692383,31.274948120117188,-0.0,-0.0,-0.0,-0.0,off
35.160000000000004,26.596908569335938,1.265688180923462,16.242536544799805,-1.4925615787506104,-1.22295343875885,31.19002342224121,31.26534080505371,-0.0,0.0,-0.0,-0.0,off
35.18,26.583160400390625,1.4086077213287354,16.209272384643555,-1.533238410949707,-1.2539819478988647,31.167116165161133,31.25425148010254,-0.0,-0.0,-0.0,-0.0,off
35.2,26.593721389770508,1.5634081363677979,16.17796516418457,-1.5665619373321533,-1.285239815711975,31.167240142822266,31.24410057067871,-0.0,-0.0,-0.0,-0.0,off
35.22,26.591022491455078,1.7151296138763428,16.140090942382812,-1.5938498973846436,-1.3161007165908813,31.153276443481445,31.23340606689453,-0.0,-0.0,-0.0,-0.0,off
35.24,26.596267700195312,1.860565423965454,16.124107360839844,-1.6223537921905518,-1.3467259407043457,31.15782356262207,31.224105834960938,-0.0,-0.0,-0.0,-0.0,off
35.26,26.602874755859375,1.9554722309112549,16.108768463134766,-1.6537578105926514,-1.3774291276931763,31.16134262084961,31.21613121032715,-0.0,-0.0,-0.0,-0.0,off
35.28,26.598360061645508,2.1272552013397217,16.078487396240234,-1.6879806518554688,-1.4084842205047607,31.153100967407227,31.207916259765625,-0.0,-0.0,-0.0,-0.0,off
35.300000000000004,26.62602424621582,2.2932822704315186,16.046260833740234,-1.7088041305541992,-1.4385162591934204,31.171892166137695,31.202213287353516,-0.0,-0.0,-0.0,-0.0,off
35.32,26.64591407775879,2.4686009883880615,16.024417877197266,-1.7336397171020508,-1.4680285453796387,31.191036224365234,31.198793411254883,-0.0,-0.0,-0.0,-0.0,off
35.34,26.654298782348633,2.598592519760132,16.016979217529297,-1.7674336433410645,-1.4979690313339233,31.20493507385254,31.197093963623047,-0.0,-0.0,-0.0,-0.0,off
